{"test_metrics": {"unseen_ner_prec_micro": 32.44338059289265, "unseen_ner_rec_micro": 69.53433307024467, "unseen_ner_f1_micro": 44.2435655994978, "unseen_ner_prec_macro": 37.99593368982965, "unseen_ner_rec_macro": 69.32366900757776, "unseen_ner_f1_macro": 47.93263666995619, "unseen_loc_prec_micro": 35.857834015630814, "unseen_loc_rec_micro": 76.0457774269929, "unseen_loc_f1_micro": 48.73545776428932, "unseen_loc_prec_macro": 35.857834015630814, "unseen_loc_rec_macro": 76.0457774269929, "unseen_loc_f1_macro": 48.73545776428932, "unseen_cls_prec_micro": 89.80632008154944, "unseen_cls_rec_micro": 69.53433307024467, "unseen_cls_f1_micro": 78.38078291814946, "unseen_cls_prec_macro": 87.15784035608894, "unseen_cls_rec_macro": 69.32366900757776, "unseen_cls_f1_macro": 76.8998153083434, "unseen_epoch": 0.0, "unseen_iteration": 0.0, "unseen_global_iteration": 0.0, "seen_ner_prec_micro": 47.038263428991904, "seen_ner_rec_micro": 86.03633916554509, "seen_ner_f1_micro": 60.82302568981922, "seen_ner_prec_macro": 41.09373263615935, "seen_ner_rec_macro": 81.72316989427462, "seen_ner_f1_macro": 53.672940200020605, "seen_loc_prec_micro": 47.99851051945634, "seen_loc_rec_micro": 86.74293405114402, "seen_loc_f1_micro": 61.80031163849934, "seen_loc_prec_macro": 47.99851051945634, "seen_loc_rec_macro": 86.74293405114402, "seen_loc_f1_macro": 61.80031163849934, "seen_cls_prec_micro": 98.57363145720896, "seen_cls_rec_micro": 86.03633916554509, "seen_cls_f1_micro": 91.8792669780812, "seen_cls_prec_macro": 95.8483517780857, "seen_cls_rec_macro": 81.72316989427462, "seen_cls_f1_macro": 88.13030847191791, "seen_epoch": 0.0, "seen_iteration": 0.0, "seen_global_iteration": 0.0, "ner_prec_micro": 79.47117150201983, "ner_rec_micro": 78.60515800944424, "ner_f1_micro": 79.03579254930607, "ner_prec_macro": 79.65584236155881, "ner_rec_macro": 76.30827875471063, "ner_f1_macro": 77.85586038312466, "loc_prec_micro": 83.80137623209968, "loc_rec_micro": 81.83799491463859, "loc_f1_micro": 82.80804925112561, "loc_prec_macro": 83.80137623209968, "loc_rec_macro": 81.83799491463859, "loc_f1_macro": 82.80804925112561, "cls_prec_micro": 94.89147116860336, "cls_rec_micro": 78.60515800944424, "cls_f1_micro": 85.98390781762193, "cls_prec_macro": 93.69592736815672, "cls_rec_macro": 76.30827875471063, "cls_f1_macro": 84.00672778988415, "epoch": 0.0, "iteration": 0.0, "global_iteration": 0.0}}