{"test_metrics": {"unseen_ner_prec_micro": 64.6236559139785, "unseen_ner_rec_micro": 55.6997219647822, "unseen_ner_f1_micro": 59.83076157292185, "unseen_ner_prec_macro": 58.78863460130006, "unseen_ner_rec_macro": 50.79541639428506, "unseen_ner_f1_macro": 54.35635593164002, "unseen_loc_prec_micro": 80.02270147559591, "unseen_loc_rec_micro": 65.33827618164968, "unseen_loc_f1_micro": 71.93877551020408, "unseen_loc_prec_macro": 80.02270147559591, "unseen_loc_rec_macro": 65.33827618164968, "unseen_loc_f1_macro": 71.93877551020408, "unseen_cls_prec_micro": 80.3475935828877, "unseen_cls_rec_micro": 55.6997219647822, "unseen_cls_f1_micro": 65.79091406677614, "unseen_cls_prec_macro": 73.47096401535123, "unseen_cls_rec_macro": 50.79541639428506, "unseen_cls_f1_macro": 59.87584519536997, "unseen_epoch": 0.0, "unseen_iteration": 0.0, "unseen_global_iteration": 0.0, "seen_ner_prec_micro": 0.0, "seen_ner_rec_micro": 0.0, "seen_ner_f1_micro": 0.0, "seen_ner_prec_macro": 0.0, "seen_ner_rec_macro": 0.0, "seen_ner_f1_macro": 0.0, "seen_loc_prec_micro": 0.0, "seen_loc_rec_micro": 0.0, "seen_loc_f1_micro": 0.0, "seen_loc_prec_macro": 0.0, "seen_loc_rec_macro": 0.0, "seen_loc_f1_macro": 0.0, "seen_cls_prec_micro": 0.0, "seen_cls_rec_micro": 0.0, "seen_cls_f1_micro": 0.0, "seen_cls_prec_macro": NaN, "seen_cls_rec_macro": NaN, "seen_cls_f1_macro": NaN, "seen_epoch": 0.0, "seen_iteration": 0.0, "seen_global_iteration": 0.0, "ner_prec_micro": 64.41586280814576, "ner_rec_micro": 55.6997219647822, "ner_f1_micro": 59.741550695825055, "ner_prec_macro": 58.60145391879138, "ner_rec_macro": 50.791709927445694, "ner_f1_macro": 54.24184337597132, "loc_prec_micro": 79.81755986316989, "loc_rec_micro": 64.87488415199259, "loc_f1_micro": 71.57464212678937, "loc_prec_macro": 79.81755986316989, "loc_rec_macro": 64.87488415199259, "loc_f1_macro": 71.57464212678937, "cls_prec_micro": 80.56300268096514, "cls_rec_micro": 55.6997219647822, "cls_f1_micro": 65.86301369863014, "cls_prec_macro": 73.58073663117001, "cls_rec_macro": 50.791709927445694, "cls_f1_macro": 59.85446739099063, "epoch": 0.0, "iteration": 0.0, "global_iteration": 0.0}}