{"test_metrics": {"f1": 0.0, "pr": 0.0, "rec": 0.0, "ner_f1": 0.6369996666908264, "ner_pr": 0.5989473462104797, "ner_rec": 0.6802151799201965, "macro_f1": 0.0, "macro_pr": 0.0, "macro_rec": 0.0, "macro_ner_f1": 0.6219191551208496, "macro_ner_pr": 0.5862755179405212, "macro_ner_rec": 0.6652595400810242, "samples_per_s": 131.0696307120157, "samples_total_num": 529, "samples_total_s": 4.036022663116455, "task_pr": 0.5364238619804382, "task_rec": 0.6183205842971802, "task_f1": 0.5744680762290955, "method_pr": 0.7268408536911011, "method_rec": 0.7200000286102295, "method_f1": 0.7234042882919312, "material_pr": 0.5775400996208191, "material_rec": 0.6835442781448364, "material_f1": 0.626086950302124, "otherscientificterm_pr": 0.5462046265602112, "otherscientificterm_rec": 0.6402320861816406, "otherscientificterm_f1": 0.5894924998283386, "metric_pr": 0.5068492889404297, "metric_rec": 0.5211267471313477, "metric_f1": 0.5138888359069824, "generic_pr": 0.6237941980361938, "generic_rec": 0.8083333373069763, "generic_f1": 0.704174280166626}, "test_metrics_bounds": {"f1": 0.0, "pr": 0.0, "rec": 0.0, "ner_f1": 0.7829739451408386, "ner_pr": 0.7365648150444031, "ner_rec": 0.835624635219574, "macro_f1": 0.0, "macro_pr": 0.0, "macro_rec": 0.0, "macro_ner_f1": 0.7829739451408386, "macro_ner_pr": 0.7365648150444031, "macro_ner_rec": 0.835624635219574, "samples_per_s": 131.0696307120157, "samples_total_num": 529, "samples_total_s": 4.036022663116455}, "metrics": {"f1": [0.0, 0.0, 0.0, 0.0, 0.0, 0.0, 0.0, 0.0, 0.0, 0.0, 0.0, 0.0, 0.0, 0.0, 0.0, 0.0, 0.0, 0.0, 0.0, 0.0, 0.0, 0.0, 0.0, 0.0, 0.0], "pr": [0.0, 0.0, 0.0, 0.0, 0.0, 0.0, 0.0, 0.0, 0.0, 0.0, 0.0, 0.0, 0.0, 0.0, 0.0, 0.0, 0.0, 0.0, 0.0, 0.0, 0.0, 0.0, 0.0, 0.0, 0.0], "rec": [0.0, 0.0, 0.0, 0.0, 0.0, 0.0, 0.0, 0.0, 0.0, 0.0, 0.0, 0.0, 0.0, 0.0, 0.0, 0.0, 0.0, 0.0, 0.0, 0.0, 0.0, 0.0, 0.0, 0.0, 0.0], "ner_f1": [0.33992671966552734, 0.5489964485168457, 0.6272784471511841, 0.5980066657066345, 0.6403659582138062, 0.6477146148681641, 0.6520450711250305, 0.6394398808479309, 0.6549848914146423, 0.6487119197845459, 0.6503781080245972, 0.6511890888214111, 0.6579881906509399, 0.6620689630508423, 0.6650775074958801, 0.6577102541923523, 0.6526561379432678, 0.6585365533828735, 0.6666666269302368, 0.671711266040802, 0.6686286330223083, 0.6732673048973083, 0.6755814552307129, 0.6717379093170166, 0.6740914583206177], "ner_pr": [0.40917107462882996, 0.5189732313156128, 0.629256010055542, 0.5357142686843872, 0.5888538360595703, 0.5833333134651184, 0.6186726689338684, 0.5982532501220703, 0.6324387192726135, 0.6087912321090698, 0.606948971748352, 0.5940082669258118, 0.6233183741569519, 0.6114649772644043, 0.6340909004211426, 0.6159737706184387, 0.6109289526939392, 0.6136363744735718, 0.6328828930854797, 0.627173900604248, 0.6304106712341309, 0.6289445161819458, 0.6301518678665161, 0.6300768256187439, 0.6332598924636841], "ner_rec": [0.29072681069374084, 0.5827067494392395, 0.6253132820129395, 0.6766917109489441, 0.7017543911933899, 0.7280701994895935, 0.689223051071167, 0.6867167949676514, 0.6791979670524597, 0.6942355632781982, 0.7005012631416321, 0.7205513715744019, 0.6967418789863586, 0.7218044996261597, 0.6992481350898743, 0.7055137753486633, 0.7005012631416321, 0.7105262875556946, 0.7042606472969055, 0.7230576276779175, 0.7117794752120972, 0.7243107557296753, 0.7280701994895935, 0.719298243522644, 0.7205513715744019], "macro_f1": [0.0, 0.0, 0.0, 0.0, 0.0, 0.0, 0.0, 0.0, 0.0, 0.0, 0.0, 0.0, 0.0, 0.0, 0.0, 0.0, 0.0, 0.0, 0.0, 0.0, 0.0, 0.0, 0.0, 0.0, 0.0], "macro_pr": [0.0, 0.0, 0.0, 0.0, 0.0, 0.0, 0.0, 0.0, 0.0, 0.0, 0.0, 0.0, 0.0, 0.0, 0.0, 0.0, 0.0, 0.0, 0.0, 0.0, 0.0, 0.0, 0.0, 0.0, 0.0], "macro_rec": [0.0, 0.0, 0.0, 0.0, 0.0, 0.0, 0.0, 0.0, 0.0, 0.0, 0.0, 0.0, 0.0, 0.0, 0.0, 0.0, 0.0, 0.0, 0.0, 0.0, 0.0, 0.0, 0.0, 0.0, 0.0], "macro_ner_f1": [0.19874942302703857, 0.49118995666503906, 0.5829308032989502, 0.5645670294761658, 0.6123073697090149, 0.6342246532440186, 0.6174080967903137, 0.6111630201339722, 0.6233636736869812, 0.6179949045181274, 0.6156765818595886, 0.623557448387146, 0.6184954047203064, 0.6363725066184998, 0.643171489238739, 0.6384792923927307, 0.6285821795463562, 0.628741443157196, 0.6393613815307617, 0.6481990218162537, 0.6430310010910034, 0.6445066332817078, 0.6551834940910339, 0.6523606181144714, 0.6509883403778076], "macro_ner_pr": [0.2725215554237366, 0.46380624175071716, 0.6133736968040466, 0.5862078070640564, 0.5548487305641174, 0.5829851627349854, 0.6024253368377686, 0.5873239040374756, 0.607230007648468, 0.5994455218315125, 0.5976324081420898, 0.5712838172912598, 0.6113091111183167, 0.6034427285194397, 0.6107903718948364, 0.6057046055793762, 0.5985276699066162, 0.5945561528205872, 0.6163330674171448, 0.6123425364494324, 0.6254196166992188, 0.6165586113929749, 0.6203581094741821, 0.6194035410881042, 0.6203050017356873], "macro_ner_rec": [0.2256656289100647, 0.5277235507965088, 0.5726318359375, 0.5949081778526306, 0.6892431378364563, 0.705132782459259, 0.6472947001457214, 0.6433268189430237, 0.6459808945655823, 0.6456124782562256, 0.6448054909706116, 0.6889700293540955, 0.6390900015830994, 0.6780847907066345, 0.6812872290611267, 0.6761232018470764, 0.6678158640861511, 0.6729984283447266, 0.6662359833717346, 0.6904840469360352, 0.6682714819908142, 0.6808323264122009, 0.696539580821991, 0.6909458637237549, 0.6871042251586914], "samples_per_s": [132.37039125722487, 142.82999898887817, 136.52514579016008, 117.23346327512219, 155.69844058705496, 150.26074917420036, 136.33729044211643, 148.35596975087515, 152.2486531011134, 153.82644391914442, 128.2722122894514, 144.1626057058312, 120.51437577129788, 137.73574472562143, 131.1064784825625, 130.92724042251842, 133.62197954351217, 147.01646582631247, 144.67340400029238, 156.2691404860122, 146.74012380855626, 131.10742421750493, 119.47997263567451, 150.157651076889, 132.9927380281491], "samples_total_num": [260, 260, 260, 260, 260, 260, 260, 260, 260, 260, 260, 260, 260, 260, 260, 260, 260, 260, 260, 260, 260, 260, 260, 260, 260], "samples_total_s": [1.9641854763031006, 1.8203458786010742, 1.9044110774993896, 2.217796802520752, 1.6698946952819824, 1.73032546043396, 1.9070351123809814, 1.7525415420532227, 1.7077326774597168, 1.6902165412902832, 2.0269393920898438, 1.8035190105438232, 2.157418966293335, 1.8876726627349854, 1.9831209182739258, 1.9858357906341553, 1.9457876682281494, 1.7685093879699707, 1.7971513271331787, 1.6637961864471436, 1.7718398571014404, 1.9831066131591797, 2.1760969161987305, 1.731513500213623, 1.9549939632415771], "task_pr": [0.5, 0.5086206793785095, 0.7777777910232544, 0.6585366129875183, 0.5167785286903381, 0.591304361820221, 0.5648854970932007, 0.5652173757553101, 0.6078431606292725, 0.4900662302970886, 0.5306122303009033, 0.5530303120613098, 0.5528455376625061, 0.5891472697257996, 0.5214285850524902, 0.5319148898124695, 0.5365853905677795, 0.5461538434028625, 0.5563910007476807, 0.5813953280448914, 0.6106194853782654, 0.5746268630027771, 0.5571428537368774, 0.5639097690582275, 0.5671641826629639], "task_rec": [0.007936508394777775, 0.4682539701461792, 0.4444444477558136, 0.4285714328289032, 0.6111111044883728, 0.5396825671195984, 0.5873016119003296, 0.5158730149269104, 0.4920634925365448, 0.5873016119003296, 0.6190476417541504, 0.579365074634552, 0.5396825671195984, 0.60317462682724, 0.579365074634552, 0.5952380895614624, 0.523809552192688, 0.5634920597076416, 0.5873016119003296, 0.5952380895614624, 0.5476190447807312, 0.6111111044883728, 0.6190476417541504, 0.5952380895614624, 0.60317462682724],