{"test_metrics": {"unseen__f1": 0.0, "unseen__pr": 0.0, "unseen__rec": 0.0, "unseen__ner_f1": 0.4434470534324646, "unseen__ner_pr": 0.3211367130279541, "unseen__ner_rec": 0.7162386178970337, "unseen__macro_f1": 0.0, "unseen__macro_pr": 0.0, "unseen__macro_rec": 0.0, "unseen__macro_ner_f1": 0.4781547486782074, "unseen__macro_ner_pr": 0.3738400638103485, "unseen__macro_ner_rec": 0.7017252445220947, "unseen__samples_per_s": 479.8838598357732, "unseen__samples_total_num": 1854, "unseen__samples_total_s": 3.8634347915649414, "unseen__dna_pr": 0.4553990662097931, "unseen__dna_rec": 0.7597911357879639, "unseen__dna_f1": 0.5694716572761536, "unseen__rna_pr": 0.5333333611488342, "unseen__rna_rec": 0.8484848737716675, "unseen__rna_f1": 0.6549707651138306, "unseen__cell_type_pr": 0.1672932356595993, "unseen__cell_type_rec": 0.5597484111785889, "unseen__cell_type_f1": 0.2575976848602295, "unseen__protein_pr": 0.26990291476249695, "unseen__protein_rec": 0.7252174019813538, "unseen__protein_f1": 0.3933962285518646, "unseen__cell_line_pr": 0.4432717561721802, "unseen__cell_line_rec": 0.6153846383094788, "unseen__cell_line_f1": 0.5153374075889587, "seen__f1": 0.0, "seen__pr": 0.0, "seen__rec": 0.0, "seen__ner_f1": 0.5975832939147949, "seen__ner_pr": 0.45468053221702576, "seen__ner_rec": 0.8714845180511475, "seen__macro_f1": 0.0, "seen__macro_pr": 0.0, "seen__macro_rec": 0.0, "seen__macro_ner_f1": 0.5556538701057434, "seen__macro_ner_pr": 0.42499175667762756, "seen__macro_ner_rec": 0.8544353246688843, "seen__samples_per_s": 535.0333247512302, "seen__samples_total_num": 1854, "seen__samples_total_s": 3.4652047157287598, "seen__dna_pr": 0.2981220781803131, "seen__dna_rec": 0.8123667240142822, "seen__dna_f1": 0.4361763298511505, "seen__rna_pr": 0.34285715222358704, "seen__rna_rec": 0.9473684430122375, "seen__rna_f1": 0.503496527671814, "seen__cell_type_pr": 0.6071428656578064, "seen__cell_type_rec": 0.7494199275970459, "seen__cell_type_f1": 0.6708202958106995, "seen__protein_pr": 0.507443368434906, "seen__protein_rec": 0.9196481108665466, "seen__protein_f1": 0.6540145874023438, "seen__cell_line_pr": 0.36939314007759094, "seen__cell_line_rec": 0.8433734774589539, "seen__cell_line_f1": 0.5137614607810974}, "test_metrics_bounds": {"unseen__f1": 0.0, "unseen__pr": 0.0, "unseen__rec": 0.0, "unseen__ner_f1": 0.48602208495140076, "unseen__ner_pr": 0.35196879506111145, "unseen__ner_rec": 0.7850041389465332, "unseen__macro_f1": 0.0, "unseen__macro_pr": 0.0, "unseen__macro_rec": 0.0, "unseen__macro_ner_f1": 0.48602208495140076, "unseen__macro_ner_pr": 0.35196879506111145, "unseen__macro_ner_rec": 0.7850041389465332, "unseen__samples_per_s": 479.8838598357732, "unseen__samples_total_num": 1854, "unseen__samples_total_s": 3.8634347915649414, "seen__f1": 0.0, "seen__pr": 0.0, "seen__rec": 0.0, "seen__ner_f1": 0.6044184565544128, "seen__ner_pr": 0.45988112688064575, "seen__ner_rec": 0.8814525008201599, "seen__macro_f1": 0.0, "seen__macro_pr": 0.0, "seen__macro_rec": 0.0, "seen__macro_ner_f1": 0.6044184565544128, "seen__macro_ner_pr": 0.45988112688064575, "seen__macro_ner_rec": 0.8814525008201599, "seen__samples_per_s": 535.0333247512302, "seen__samples_total_num": 1854, "seen__samples_total_s": 3.4652047157287598}}