{"test_metrics": {"Eval_Ent_Precision": 64.07932009736055, "Eval_Ent_Recall": 67.20142600451405, "Eval_Ent_F1": 65.60324824175957, "Eval_Time": 25.03365397453308, "Eval_Examples": 551, "Eval_Examples_Per_Second": 22.010370542012616, "seen_Eval_Ent_Precision": 14.957507121861182, "seen_Eval_Ent_Recall": 81.98757744107095, "seen_Eval_Ent_F1": 25.299472974989033, "seen_Eval_Time": 21.64773392677307, "seen_Eval_Examples": 551, "seen_Eval_Examples_Per_Second": 25.453010548995373, "unseen_Eval_Ent_Precision": 49.12181303215659, "unseen_Eval_Ent_Recall": 63.703159421450174, "unseen_Eval_Ent_F1": 55.47024951315388, "unseen_Eval_Time": 25.946348428726196, "unseen_Eval_Examples": 551, "unseen_Eval_Examples_Per_Second": 21.236128910917067}}