{"test_metrics": {"unseen_ner_prec_micro": 38.03980473150583, "unseen_ner_rec_micro": 72.073995019566, "unseen_ner_f1_micro": 49.797222563598375, "unseen_ner_prec_macro": 41.67514146059642, "unseen_ner_rec_macro": 70.61420432406202, "unseen_ner_f1_macro": 51.24083743313916, "unseen_loc_prec_micro": 41.6300820767322, "unseen_loc_rec_micro": 77.5880469583778, "unseen_loc_f1_micro": 54.1863354037267, "unseen_loc_prec_macro": 41.6300820767322, "unseen_loc_rec_macro": 77.5880469583778, "unseen_loc_f1_macro": 54.1863354037267, "unseen_cls_prec_micro": 90.93357271095152, "unseen_cls_rec_micro": 72.073995019566, "unseen_cls_f1_micro": 80.41278031355428, "unseen_cls_prec_macro": 88.04399054092998, "unseen_cls_rec_macro": 70.61420432406202, "unseen_cls_f1_macro": 78.0603742933326, "unseen_epoch": 0.0, "unseen_iteration": 0.0, "unseen_global_iteration": 0.0, "seen_ner_prec_micro": 41.735537190082646, "seen_ner_rec_micro": 82.44897959183673, "seen_ner_f1_micro": 55.418381344307264, "seen_ner_prec_macro": 36.2801376558952, "seen_ner_rec_macro": 79.53078440552858, "seen_ner_f1_macro": 48.62784096067693, "seen_loc_prec_micro": 42.93083683607184, "seen_loc_rec_micro": 83.37662337662337, "seen_loc_f1_micro": 56.67801740446462, "seen_loc_prec_macro": 42.93083683607184, "seen_loc_rec_macro": 83.37662337662337, "seen_loc_f1_macro": 56.67801740446462, "seen_cls_prec_micro": 97.88546255506608, "seen_cls_rec_micro": 82.44897959183673, "seen_cls_f1_micro": 89.50654582074522, "seen_cls_prec_macro": 92.26851810709904, "seen_cls_rec_macro": 79.53078440552858, "seen_cls_f1_macro": 85.06404243315143, "seen_epoch": 0.0, "seen_iteration": 0.0, "seen_global_iteration": 0.0, "ner_prec_micro": 80.10165662650603, "ner_rec_micro": 77.27933163821285, "ner_f1_micro": 78.66518765021262, "ner_prec_macro": 78.73982447121992, "ner_rec_macro": 74.79459439873196, "ner_f1_macro": 76.57235603889681, "loc_prec_micro": 84.6932925664055, "loc_rec_micro": 80.49400653832183, "loc_f1_micro": 82.5402737685073, "loc_prec_macro": 84.6932925664055, "loc_rec_macro": 80.49400653832183, "loc_f1_macro": 82.5402737685073, "cls_prec_micro": 94.7239536954586, "cls_rec_micro": 77.27933163821285, "cls_f1_micro": 85.11702340468094, "cls_prec_macro": 92.30373759449452, "cls_rec_macro": 74.79459439873196, "cls_f1_macro": 82.48696130806039, "epoch": 0.0, "iteration": 0.0, "global_iteration": 0.0}}