{"test_metrics": {"unseen_ner_prec_micro": 61.32075471698113, "unseen_ner_rec_micro": 68.02325581395348, "unseen_ner_f1_micro": 64.49834619625138, "unseen_ner_prec_macro": 58.4126984126984, "unseen_ner_rec_macro": 61.90776173043974, "unseen_ner_f1_macro": 59.1649416956065, "unseen_loc_prec_micro": 68.03900325027085, "unseen_loc_rec_micro": 73.0232558139535, "unseen_loc_f1_micro": 70.44307347167695, "unseen_loc_prec_macro": 68.03900325027085, "unseen_loc_rec_macro": 73.0232558139535, "unseen_loc_f1_macro": 70.44307347167695, "unseen_cls_prec_micro": 90.69767441860463, "unseen_cls_rec_micro": 68.02325581395348, "unseen_cls_f1_micro": 77.74086378737542, "unseen_cls_prec_macro": 88.39283939574636, "unseen_cls_rec_macro": 61.90776173043974, "unseen_cls_f1_macro": 71.24447418816283, "unseen_epoch": 0.0, "unseen_iteration": 0.0, "unseen_global_iteration": 0.0, "seen_ner_prec_micro": 17.531120331950206, "seen_ner_rec_micro": 77.1689497716895, "seen_ner_f1_micro": 28.57142857142857, "seen_ner_prec_macro": 15.171153129932218, "seen_ner_rec_macro": 72.35026525148432, "seen_ner_f1_macro": 24.7623082778868, "seen_loc_prec_micro": 19.18542336548768, "seen_loc_rec_micro": 81.7351598173516, "seen_loc_f1_micro": 31.07638888888889, "seen_loc_prec_macro": 19.18542336548768, "seen_loc_rec_macro": 81.7351598173516, "seen_loc_f1_macro": 31.07638888888889, "seen_cls_prec_micro": 91.35135135135135, "seen_cls_rec_micro": 77.1689497716895, "seen_cls_f1_micro": 83.66336633663366, "seen_cls_prec_macro": 86.01967835289213, "seen_cls_rec_macro": 72.35026525148432, "seen_cls_f1_macro": 77.51104674909955, "seen_epoch": 0.0, "seen_iteration": 0.0, "seen_global_iteration": 0.0, "ner_prec_micro": 78.07652533609101, "ner_rec_micro": 69.97219647822057, "ner_f1_micro": 73.80254154447702, "ner_prec_macro": 72.90246830556308, "ner_rec_macro": 63.35422853832215, "ner_f1_macro": 67.14221567482437, "loc_prec_micro": 87.05882352941177, "loc_rec_micro": 75.44022242817422, "loc_f1_micro": 80.83416087388282, "loc_prec_macro": 87.05882352941177, "loc_rec_macro": 75.44022242817422, "loc_f1_macro": 80.83416087388282, "cls_prec_micro": 90.09546539379475, "cls_rec_micro": 69.97219647822057, "cls_f1_micro": 78.76890975482524, "cls_prec_macro": 87.0661094642073, "cls_rec_macro": 63.35422853832215, "cls_f1_macro": 72.08500573563164, "epoch": 0.0, "iteration": 0.0, "global_iteration": 0.0}}