{"test_metrics": {"f1": 0.0, "pr": 0.0, "rec": 0.0, "ner_f1": 0.7881048321723938, "ner_pr": 0.7872015237808228, "ner_rec": 0.7890101671218872, "macro_f1": 0.0, "macro_pr": 0.0, "macro_rec": 0.0, "macro_ner_f1": 0.7840838432312012, "macro_ner_pr": 0.7997564673423767, "macro_ner_rec": 0.7702468037605286, "samples_per_s": 386.094991733671, "samples_total_num": 1854, "samples_total_s": 4.801927089691162, "dna_pr": 0.7683615684509277, "dna_rec": 0.7708501815795898, "dna_f1": 0.7696038484573364, "rna_pr": 0.8936170339584351, "rna_rec": 0.807692289352417, "rna_f1": 0.8484848737716675, "cell_type_pr": 0.7347972989082336, "cell_type_rec": 0.7372881174087524, "cell_type_f1": 0.7360405921936035, "protein_pr": 0.8004799485206604, "protein_rec": 0.817863404750824, "protein_f1": 0.8090782761573792, "cell_line_pr": 0.8015267252922058, "cell_line_rec": 0.7175398468971252, "cell_line_f1": 0.7572115063667297}, "test_metrics_bounds": {"f1": 0.0, "pr": 0.0, "rec": 0.0, "ner_f1": 0.8242946267127991, "ner_pr": 0.8235856294631958, "ner_rec": 0.8250048160552979, "macro_f1": 0.0, "macro_pr": 0.0, "macro_rec": 0.0, "macro_ner_f1": 0.8242946267127991, "macro_ner_pr": 0.8235856294631958, "macro_ner_rec": 0.8250048160552979, "samples_per_s": 386.094991733671, "samples_total_num": 1854, "samples_total_s": 4.801927089691162}, "metrics": {"f1": [0.0, 0.0, 0.0, 0.0, 0.0, 0.0, 0.0, 0.0, 0.0, 0.0, 0.0, 0.0, 0.0, 0.0, 0.0, 0.0, 0.0, 0.0, 0.0, 0.0], "pr": [0.0, 0.0, 0.0, 0.0, 0.0, 0.0, 0.0, 0.0, 0.0, 0.0, 0.0, 0.0, 0.0, 0.0, 0.0, 0.0, 0.0, 0.0, 0.0, 0.0], "rec": [0.0, 0.0, 0.0, 0.0, 0.0, 0.0, 0.0, 0.0, 0.0, 0.0, 0.0, 0.0, 0.0, 0.0, 0.0, 0.0, 0.0, 0.0, 0.0, 0.0], "ner_f1": [0.7236605286598206, 0.7681256532669067, 0.7834320068359375, 0.7834076285362244, 0.7802026271820068, 0.7824200391769409, 0.7826002836227417, 0.7766163945198059, 0.7827163338661194, 0.7834672331809998, 0.7763975262641907, 0.7818077802658081, 0.7854503393173218, 0.7830557227134705, 0.7822828888893127, 0.7816676497459412, 0.7844770550727844, 0.784121036529541, 0.7851176261901855, 0.7881048321723938], "ner_pr": [0.682087779045105, 0.76849365234375, 0.7467893362045288, 0.7462738156318665, 0.794286847114563, 0.7710037231445312, 0.7939322590827942, 0.7852808833122253, 0.7781983613967896, 0.7922866344451904, 0.7634647488594055, 0.7836122512817383, 0.7981814742088318, 0.778682291507721, 0.7851494550704956, 0.7686470746994019, 0.7757394313812256, 0.7743139863014221, 0.7784678936004639, 0.7872015237808228], "ner_rec": [0.7706298828125, 0.7677580118179321, 0.823855996131897, 0.8244304060935974, 0.766609251499176, 0.7941796183586121, 0.7715871930122375, 0.7681409120559692, 0.7872869968414307, 0.7748420238494873, 0.7897759675979614, 0.7800114750862122, 0.7731189131736755, 0.7874784469604492, 0.7794371247291565, 0.7951368689537048, 0.7934137582778931, 0.7941796183586121, 0.7918820381164551, 0.7890101671218872], "macro_f1": [0.0, 0.0, 0.0, 0.0, 0.0, 0.0, 0.0, 0.0, 0.0, 0.0, 0.0, 0.0, 0.0, 0.0, 0.0, 0.0, 0.0, 0.0, 0.0, 0.0], "macro_pr": [0.0, 0.0, 0.0, 0.0, 0.0, 0.0, 0.0, 0.0, 0.0, 0.0, 0.0, 0.0, 0.0, 0.0, 0.0, 0.0, 0.0, 0.0, 0.0, 0.0], "macro_rec": [0.0, 0.0, 0.0, 0.0, 0.0, 0.0, 0.0, 0.0, 0.0, 0.0, 0.0, 0.0, 0.0, 0.0, 0.0, 0.0, 0.0, 0.0, 0.0, 0.0], "macro_ner_f1": [0.7064017057418823, 0.7612143754959106, 0.784103274345398, 0.7776808738708496, 0.7837793231010437, 0.7805600166320801, 0.7757746577262878, 0.768642246723175, 0.7753234505653381, 0.782678484916687, 0.765134334564209, 0.7753401398658752, 0.7826607823371887, 0.7764301300048828, 0.7765988111495972, 0.775072455406189, 0.7780188322067261, 0.7785810828208923, 0.7790252566337585, 0.7840838432312012], "macro_ner_pr": [0.6768224239349365, 0.7763270139694214, 0.7537664175033569, 0.7483205795288086, 0.8209579586982727, 0.7863876223564148, 0.8062424659729004, 0.7925435304641724, 0.7792841196060181, 0.8008000254631042, 0.7570394277572632, 0.7923168540000916, 0.8012367486953735, 0.7788457274436951, 0.791059136390686, 0.7770315408706665, 0.7848066687583923, 0.7806639075279236, 0.7872774004936218, 0.7997564673423767], "macro_ner_rec": [0.7402905225753784, 0.7501705288887024, 0.8177542686462402, 0.8103049993515015, 0.7517528533935547, 0.7768093347549438, 0.7494978904724121, 0.7481417059898376, 0.7728457450866699, 0.7659527063369751, 0.7763242125511169, 0.7616245746612549, 0.7652838826179504, 0.7746269106864929, 0.7641770839691162, 0.7751648426055908, 0.773983359336853, 0.7775183320045471, 0.7720791697502136, 0.7702468037605286], "samples_per_s": [368.6377631203694, 386.8957442132733, 378.70153964022415, 378.9750948029914, 390.26007985229995, 384.91306167868504, 389.59463746720786, 388.8019691492944, 383.6127808775711, 386.01761856012416, 381.98979584217705, 384.82265898226154, 386.7200573219228, 385.4453278561072, 386.89938239307804, 383.2715982120458, 384.53240431268284, 383.4800549420825, 384.9064314665171, 386.362673269078], "samples_total_num": [1854, 1854, 1854, 1854, 1854, 1854, 1854, 1854, 1854, 1854, 1854, 1854, 1854, 1854, 1854, 1854, 1854, 1854, 1854, 1854], "samples_total_s": [5.029327392578125, 4.7919886112213135, 4.895675897598267, 4.892142057418823, 4.750678062438965, 4.816672086715698, 4.758792400360107, 4.768494367599487, 4.832998514175415, 4.802889585494995, 4.853532791137695, 4.817803621292114, 4.79416561126709, 4.810020685195923, 4.791943550109863, 4.837300777435303, 4.82144021987915, 4.834671258926392, 4.816755056381226, 4.798600196838379], "dna_pr": [0.6131191253662109, 0.7578253746032715, 0.7199124693870544, 0.717375636100769, 0.7820069193840027, 0.7391987442970276, 0.7775919437408447, 0.7344110608100891, 0.7440246939659119, 0.7484177350997925, 0.7505956888198853, 0.7765598893165588, 0.7665589451789856, 0.7725040912628174, 0.7794361710548401, 0.7280118465423584, 0.761867105960846, 0.7706645131111145, 0.7692307829856873, 0.7683615684509277], "dna_rec": [0.7417004108428955, 0.7449392676353455, 0.7991902828216553, 0.8056679964065552, 0.7319837808609009, 0.7619433403015137, 0.7530364394187927, 0.7724696397781372, 0.7813765406608582, 0.7659919261932373, 0.7651821970939636, 0.7457489967346191, 0.7684210538864136, 0.7643724679946899, 0.76113361120224, 0.7975708246231079, 0.7797570824623108, 0.7700405120849609, 0.7692307829856873, 0.7708501815795898], "dna_f1": [0.671308159828186, 0.7513270378112793, 0.7574827075004578, 0.7589625716209412, 0.7561689615249634, 0.7503987550735474, 0.7651172280311584, 0.7529597282409668, 0.7622433304786682, 0.7571028470993042, 0.7578187584877014, 0.7608426213264465, 0.7674888372421265, 0.7684167623519897, 0.770176112651825, 0.7612056136131287, 0.7707082629203796, 0.7703524231910706, 0.7692307829856873, 0.7696038484573364], "rna_pr": [0.6990291476249695, 0.8207547068595886, 0.7948718070983887, 0.791304349899292, 0.9247311949729919, 0.8380952477455139, 0.898876428604126, 0.8876404762268066, 0.8484848737716675, 0.8947368264198303, 0.780701756477356, 0.8736842274665833, 0.8673469424247742, 0.8285714387893677, 0.8585858345031738, 0.8556700944900513, 0.868686854839325, 0.8514851331710815, 0.8585858345031738, 0.8936170339584351], "rna_rec": [0.692307710647583, 0.8365384340286255, 0.8942307829856873, 0.875, 0.8269230723381042, 0.8461538553237915, 0.7692307829856873, 0.7596153616905212, 0.807692289352417, 0.817307710647583, 0.8557692170143127, 0.7980769276618958, 0.817307710647583, 0.8365384340286255, 0.817307710647583, 0.7980769276618958, 0.8269230723381042, 0.8269230723381042, 0.817307710647583, 0.807692289352417], "rna_f1": [0.695652186870575, 0.8285714387893677, 0.8416289687156677, 0.8310502171516418, 0.8730964660644531, 0.8421052694320679, 0.8290155529975891, 0.8186528086662292, 0.8275862336158752, 0.854271411895752, 0.81651371717453, 0.8341708779335022, 0.8415841460227966, 0.8325358629226685, 0.8374384045600891, 0.8258705735206604, 0.847290575504303, 0.8390244245529175, 0.8374384045600891, 0.8484848737716675],