{"test_metrics": {"unseen__f1": 0.0, "unseen__pr": 0.0, "unseen__rec": 0.0, "unseen__ner_f1": 0.5714967846870422, "unseen__ner_pr": 0.47181710600852966, "unseen__ner_rec": 0.7245762944221497, "unseen__macro_f1": 0.0, "unseen__macro_pr": 0.0, "unseen__macro_rec": 0.0, "unseen__macro_ner_f1": 0.6063322424888611, "unseen__macro_ner_pr": 0.5345222353935242, "unseen__macro_ner_rec": 0.7252385020256042, "unseen__samples_per_s": 493.0050480741189, "unseen__samples_total_num": 1854, "unseen__samples_total_s": 3.760610580444336, "unseen__dna_pr": 0.6270178556442261, "unseen__dna_rec": 0.7343283295631409, "unseen__dna_f1": 0.6764435768127441, "unseen__rna_pr": 0.7553191781044006, "unseen__rna_rec": 0.8554216623306274, "unseen__rna_f1": 0.8022598624229431, "unseen__cell_type_pr": 0.29798904061317444, "unseen__cell_type_rec": 0.6442687511444092, "unseen__cell_type_f1": 0.4075000286102295, "unseen__protein_pr": 0.41895174980163574, "unseen__protein_rec": 0.7386780977249146, "unseen__protein_f1": 0.5346622467041016, "unseen__cell_line_pr": 0.5733333230018616, "unseen__cell_line_rec": 0.6534954309463501, "unseen__cell_line_f1": 0.6107954382896423, "seen__f1": 0.0, "seen__pr": 0.0, "seen__rec": 0.0, "seen__ner_f1": 0.441012442111969, "seen__ner_pr": 0.3039022386074066, "seen__ner_rec": 0.8035435080528259, "seen__macro_f1": 0.0, "seen__macro_pr": 0.0, "seen__macro_rec": 0.0, "seen__macro_ner_f1": 0.3694687485694885, "seen__macro_ner_pr": 0.26039618253707886, "seen__macro_ner_rec": 0.7162808775901794, "seen__samples_per_s": 554.5407160186516, "seen__samples_total_num": 1854, "seen__samples_total_s": 3.3433072566986084, "seen__dna_pr": 0.11894647777080536, "seen__dna_rec": 0.6086956262588501, "seen__dna_f1": 0.19900497794151306, "seen__rna_pr": 0.12765957415103912, "seen__rna_rec": 0.5714285969734192, "seen__rna_f1": 0.208695650100708, "seen__cell_type_pr": 0.45521023869514465, "seen__cell_type_rec": 0.7388724088668823, "seen__cell_type_f1": 0.5633484125137329, "seen__protein_pr": 0.3654980957508087, "seen__protein_rec": 0.8624078631401062, "seen__protein_f1": 0.5134080648422241, "seen__cell_line_pr": 0.23466666042804718, "seen__cell_line_rec": 0.800000011920929, "seen__cell_line_f1": 0.36288660764694214}, "test_metrics_bounds": {"unseen__f1": 0.0, "unseen__pr": 0.0, "unseen__rec": 0.0, "unseen__ner_f1": 0.6203272938728333, "unseen__ner_pr": 0.5123298764228821, "unseen__ner_rec": 0.7860169410705566, "unseen__macro_f1": 0.0, "unseen__macro_pr": 0.0, "unseen__macro_rec": 0.0, "unseen__macro_ner_f1": 0.6203272938728333, "unseen__macro_ner_pr": 0.5123298764228821, "unseen__macro_ner_rec": 0.7860169410705566, "unseen__samples_per_s": 493.0050480741189, "unseen__samples_total_num": 1854, "unseen__samples_total_s": 3.760610580444336, "seen__f1": 0.0, "seen__pr": 0.0, "seen__rec": 0.0, "seen__ner_f1": 0.44848310947418213, "seen__ner_pr": 0.30913394689559937, "seen__ner_rec": 0.8165711164474487, "seen__macro_f1": 0.0, "seen__macro_pr": 0.0, "seen__macro_rec": 0.0, "seen__macro_ner_f1": 0.44848310947418213, "seen__macro_ner_pr": 0.30913394689559937, "seen__macro_ner_rec": 0.8165711164474487, "seen__samples_per_s": 554.5407160186516, "seen__samples_total_num": 1854, "seen__samples_total_s": 3.3433072566986084}}