{"test_metrics": {"f1": 0.0, "pr": 0.0, "rec": 0.0, "ner_f1": 0.7644944190979004, "ner_pr": 0.7757193446159363, "ner_rec": 0.7535898685455322, "macro_f1": 0.0, "macro_pr": 0.0, "macro_rec": 0.0, "macro_ner_f1": 0.7647203803062439, "macro_ner_pr": 0.794918417930603, "macro_ner_rec": 0.7378223538398743, "samples_per_s": 387.90714858521017, "samples_total_num": 1854, "samples_total_s": 4.779494285583496, "dna_pr": 0.7459642887115479, "dna_rec": 0.7109311819076538, "dna_f1": 0.7280265688896179, "rna_pr": 0.8829787373542786, "rna_rec": 0.7980769276618958, "rna_f1": 0.8383838534355164, "cell_type_pr": 0.7531992793083191, "cell_type_rec": 0.698305070400238, "cell_type_f1": 0.7247141599655151, "protein_pr": 0.7844498157501221, "protein_rec": 0.7915936708450317, "protein_f1": 0.788005530834198, "cell_line_pr": 0.8080000281333923, "cell_line_rec": 0.6902050375938416, "cell_line_f1": 0.7444717288017273}, "test_metrics_bounds": {"f1": 0.0, "pr": 0.0, "rec": 0.0, "ner_f1": 0.8091721534729004, "ner_pr": 0.8214638233184814, "ner_rec": 0.7972429394721985, "macro_f1": 0.0, "macro_pr": 0.0, "macro_rec": 0.0, "macro_ner_f1": 0.8091721534729004, "macro_ner_pr": 0.8214638233184814, "macro_ner_rec": 0.7972429394721985, "samples_per_s": 387.90714858521017, "samples_total_num": 1854, "samples_total_s": 4.779494285583496}, "metrics": {"f1": [0.0, 0.0, 0.0, 0.0, 0.0, 0.0, 0.0, 0.0, 0.0, 0.0, 0.0, 0.0, 0.0, 0.0, 0.0, 0.0, 0.0, 0.0, 0.0, 0.0], "pr": [0.0, 0.0, 0.0, 0.0, 0.0, 0.0, 0.0, 0.0, 0.0, 0.0, 0.0, 0.0, 0.0, 0.0, 0.0, 0.0, 0.0, 0.0, 0.0, 0.0], "rec": [0.0, 0.0, 0.0, 0.0, 0.0, 0.0, 0.0, 0.0, 0.0, 0.0, 0.0, 0.0, 0.0, 0.0, 0.0, 0.0, 0.0, 0.0, 0.0, 0.0], "ner_f1": [0.6810004115104675, 0.7394403219223022, 0.7328861355781555, 0.7570747137069702, 0.7515371441841125, 0.757596492767334, 0.7564014792442322, 0.7527999877929688, 0.7642660737037659, 0.7546383142471313, 0.7546101808547974, 0.7555856108665466, 0.7644944190979004, 0.7571429014205933, 0.7570307850837708, 0.7601748108863831, 0.759375274181366, 0.7627869844436646, 0.7625431418418884, 0.7622537016868591], "ner_pr": [0.6286454796791077, 0.8026905655860901, 0.7045936584472656, 0.7390590906143188, 0.7935291528701782, 0.7735434770584106, 0.7756538987159729, 0.7879422307014465, 0.7860757112503052, 0.7831548452377319, 0.769399106502533, 0.7634871006011963, 0.7757193446159363, 0.7856701612472534, 0.7869834899902344, 0.7714905142784119, 0.790269136428833, 0.7859463691711426, 0.7858594059944153, 0.7893765568733215], "ner_rec": [0.7428680658340454, 0.6854298114776611, 0.7635458707809448, 0.7759907841682434, 0.7137660384178162, 0.7422937154769897, 0.7380815744400024, 0.7206586003303528, 0.7436339259147644, 0.7281255722045898, 0.7403790950775146, 0.7478460669517517, 0.7535898685455322, 0.7306146025657654, 0.7292743921279907, 0.7491862773895264, 0.7308060526847839, 0.7409534454345703, 0.7405705451965332, 0.7369328141212463], "macro_f1": [0.0, 0.0, 0.0, 0.0, 0.0, 0.0, 0.0, 0.0, 0.0, 0.0, 0.0, 0.0, 0.0, 0.0, 0.0, 0.0, 0.0, 0.0, 0.0, 0.0], "macro_pr": [0.0, 0.0, 0.0, 0.0, 0.0, 0.0, 0.0, 0.0, 0.0, 0.0, 0.0, 0.0, 0.0, 0.0, 0.0, 0.0, 0.0, 0.0, 0.0, 0.0], "macro_rec": [0.0, 0.0, 0.0, 0.0, 0.0, 0.0, 0.0, 0.0, 0.0, 0.0, 0.0, 0.0, 0.0, 0.0, 0.0, 0.0, 0.0, 0.0, 0.0, 0.0], "macro_ner_f1": [0.6725320219993591, 0.7360473871231079, 0.7243693470954895, 0.7519794702529907, 0.7455995082855225, 0.7553179264068604, 0.7588605880737305, 0.7518407702445984, 0.7658596038818359, 0.7543749213218689, 0.7523309588432312, 0.7512425780296326, 0.7647203803062439, 0.7602373361587524, 0.7550775408744812, 0.7556513547897339, 0.7558464407920837, 0.7637532949447632, 0.7618231773376465, 0.7621442079544067], "macro_ner_pr": [0.6683441400527954, 0.8203977346420288, 0.7109402418136597, 0.7600848078727722, 0.8105800747871399, 0.7833698391914368, 0.8006477355957031, 0.7912188768386841, 0.7994280457496643, 0.7906886339187622, 0.7783999443054199, 0.7759749889373779, 0.794918417930603, 0.8139846920967102, 0.8060808181762695, 0.7884580492973328, 0.8047558069229126, 0.8046828508377075, 0.8030964732170105, 0.808418869972229], "macro_ner_rec": [0.6875945925712585, 0.6713722348213196, 0.7448943257331848, 0.746876060962677, 0.6924465894699097, 0.7297552824020386, 0.724023163318634, 0.7168179750442505, 0.7353716492652893, 0.7215419411659241, 0.7306882739067078, 0.7293764352798462, 0.7378223538398743, 0.7153128385543823, 0.713326632976532, 0.7270947694778442, 0.7140895128250122, 0.7280089259147644, 0.7262728214263916, 0.7224809527397156], "samples_per_s": [364.4522476815393, 397.1346725626955, 390.2496017955746, 392.39773088471105, 404.74928755962594, 399.8372737121109, 387.5162427391531, 391.74201520270867, 389.4123768025542, 390.853938573989, 399.41568846823924, 397.7167189361283, 397.1910030428919, 402.43119826251956, 401.7482129962472, 398.8706407888163, 402.7833051671683, 389.7564581371809, 389.77857319473696, 390.2801562056221], "samples_total_num": [1854, 1854, 1854, 1854, 1854, 1854, 1854, 1854, 1854, 1854, 1854, 1854, 1854, 1854, 1854, 1854, 1854, 1854, 1854, 1854], "samples_total_s": [5.087086200714111, 4.668441534042358, 4.750805616378784, 4.724797964096069, 4.580613374710083, 4.636886358261108, 4.784315586090088, 4.732706546783447, 4.761019706726074, 4.743459939956665, 4.641780614852905, 4.661609411239624, 4.667779445648193, 4.606998682022095, 4.614830732345581, 4.648123502731323, 4.602971315383911, 4.756816625595093, 4.75654673576355, 4.750433683395386], "dna_pr": [0.5728155374526978, 0.8333333134651184, 0.655906081199646, 0.6771137118339539, 0.7670350074768066, 0.7408666014671326, 0.7625772356987, 0.7795801758766174, 0.7734165787696838, 0.7555753588676453, 0.715624988079071, 0.714628279209137, 0.7459642887115479, 0.7747408151626587, 0.7489063739776611, 0.740897536277771, 0.7669376730918884, 0.75789475440979, 0.7532244324684143, 0.7674418687820435], "dna_rec": [0.6688259243965149, 0.6072874665260315, 0.7238866686820984, 0.752226710319519, 0.6744939088821411, 0.7060728669166565, 0.6995951533317566, 0.6615384817123413, 0.7020242810249329, 0.6858299374580383, 0.7417004108428955, 0.7238866686820984, 0.7109311819076538, 0.6655870676040649, 0.6931173801422119, 0.7085019946098328, 0.6874493956565857, 0.6995951533317566, 0.7093117237091064, 0.6947368383407593], "dna_f1": [0.6171087026596069, 0.7025761008262634, 0.6882217526435852, 0.7126966118812561, 0.7177940607070923, 0.7230513691902161, 0.7297297716140747, 0.7157248854637146, 0.7359932065010071, 0.7190153002738953, 0.7284294366836548, 0.7192277312278748, 0.7280265688896179, 0.7160279154777527, 0.7199327349662781, 0.7243377566337585, 0.7250213623046875, 0.7275789380073547, 0.7306088805198669, 0.7292817831039429], "rna_pr": [0.6886792182922363, 0.9367088675498962, 0.6967213153839111, 0.8421052694320679, 0.8777777552604675, 0.8659793734550476, 0.9111111164093018, 0.8367347121238708, 0.9032257795333862, 0.8645833134651184, 0.8736842274665833, 0.8453608155250549, 0.8829787373542786, 0.930232584476471, 0.8901098966598511, 0.8695651888847351, 0.8888888955116272, 0.8999999761581421, 0.8901098966598511, 0.8901098966598511], "rna_rec": [0.7019230723381042, 0.7115384340286255, 0.817307710647583, 0.7692307829856873, 0.7596153616905212, 0.807692289352417, 0.7884615659713745, 0.7884615659713745, 0.807692289352417, 0.7980769276618958, 0.7980769276618958, 0.7884615659713745, 0.7980769276618958, 0.7692307829856873, 0.7788461446762085, 0.7692307829856873, 0.7692307829856873, 0.7788461446762085, 0.7788461446762085, 0.7788461446762085], "rna_f1": [0.6952380537986755, 0.8087432384490967, 0.752212405204773, 0.8040201663970947, 0.8144329190254211, 0.8358209133148193, 0.8453608751296997, 0.8118812441825867, 0.8527918457984924, 0.8299999833106995, 0.8341708779335022, 0.815920352935791, 0.8383838534355164, 0.8421052694320679, 0.8307691812515259, 0.8163265585899353, 0.8247422575950623, 0.8350515365600586, 0.8307691812515259, 0.8307691812515259],