{"test_metrics": {"Eval_Ent_Precision": 86.29032257421298, "Eval_Ent_Recall": 89.91596637918256, "Eval_Ent_F1": 88.06584361451347, "Eval_Time": 137.85010027885437, "Eval_Examples": 5000, "Eval_Examples_Per_Second": 36.27128300875802, "seen_Eval_Ent_Precision": 67.45834810041504, "seen_Eval_Ent_Recall": 94.88905508728769, "seen_Eval_Ent_F1": 78.85631409326504, "seen_Eval_Time": 137.37876439094543, "seen_Eval_Examples": 5000, "seen_Eval_Examples_Per_Second": 36.39572696818889, "unseen_Eval_Ent_Precision": 18.840836588294778, "unseen_Eval_Ent_Recall": 75.68529724052311, "unseen_Eval_Ent_F1": 30.171006888477674, "unseen_Eval_Time": 138.25028657913208, "unseen_Eval_Examples": 5000, "unseen_Eval_Examples_Per_Second": 36.16629031100117}}