{"test_metrics": {"unseen_ner_prec_micro": 40.82062072593372, "unseen_ner_rec_micro": 56.89149560117303, "unseen_ner_f1_micro": 47.5344563552833, "unseen_ner_prec_macro": 38.9025555569806, "unseen_ner_rec_macro": 52.370782309670695, "unseen_ner_f1_macro": 42.42990068905595, "unseen_loc_prec_micro": 60.37628278221209, "unseen_loc_rec_micro": 77.63929618768329, "unseen_loc_f1_micro": 67.92815907633099, "unseen_loc_prec_macro": 60.37628278221209, "unseen_loc_rec_macro": 77.63929618768329, "unseen_loc_f1_macro": 67.92815907633099, "unseen_cls_prec_micro": 66.43835616438356, "unseen_cls_rec_micro": 56.89149560117303, "unseen_cls_f1_micro": 61.29541864139021, "unseen_cls_prec_macro": 64.6477207966494, "unseen_cls_rec_macro": 52.370782309670695, "unseen_cls_f1_macro": 56.17989499355084, "unseen_epoch": 0.0, "unseen_iteration": 0.0, "unseen_global_iteration": 0.0, "seen_ner_prec_micro": 13.027426160337551, "seen_ner_rec_micro": 76.94704049844236, "seen_ner_f1_micro": 22.28236355435273, "seen_ner_prec_macro": 14.911491477479904, "seen_ner_rec_macro": 69.32074891106548, "seen_ner_f1_macro": 21.35592069415599, "seen_loc_prec_micro": 15.09433962264151, "seen_loc_rec_micro": 82.2429906542056, "seen_loc_f1_micro": 25.507246376811597, "seen_loc_prec_macro": 15.09433962264151, "seen_loc_rec_macro": 82.2429906542056, "seen_loc_f1_macro": 25.507246376811597, "seen_cls_prec_micro": 90.80882352941175, "seen_cls_rec_micro": 76.94704049844236, "seen_cls_f1_micro": 83.30522765598651, "seen_cls_prec_macro": 88.66788168258756, "seen_cls_rec_macro": 69.32074891106548, "seen_cls_f1_macro": 75.81575574231321, "seen_epoch": 0.0, "seen_iteration": 0.0, "seen_global_iteration": 0.0, "ner_prec_micro": 53.84615384615385, "ner_rec_micro": 60.65281899109792, "ner_f1_micro": 57.04716717834217, "ner_prec_macro": 53.87840185610639, "ner_rec_macro": 58.25081224009422, "ner_f1_macro": 54.83288426488488, "loc_prec_micro": 75.72815533980582, "loc_rec_micro": 78.69436201780415, "loc_f1_micro": 77.18277066356228, "loc_prec_macro": 75.72815533980582, "loc_rec_macro": 78.69436201780415, "loc_f1_macro": 77.18277066356228, "cls_prec_micro": 71.31891137473832, "cls_rec_micro": 60.65281899109792, "cls_f1_micro": 65.55484284797947, "cls_prec_macro": 70.61403587081762, "cls_rec_macro": 58.25081224009422, "cls_f1_macro": 62.5468144837168, "epoch": 0.0, "iteration": 0.0, "global_iteration": 0.0}}