{"test_metrics": {"seen__f1": 0.0, "seen__pr": 0.0, "seen__rec": 0.0, "seen__ner_f1": 0.7293294072151184, "seen__ner_pr": 0.6103845238685608, "seen__ner_rec": 0.9058516621589661, "seen__macro_f1": 0.0, "seen__macro_pr": 0.0, "seen__macro_rec": 0.0, "seen__macro_ner_f1": 0.644891083240509, "seen__macro_ner_pr": 0.5182516574859619, "seen__macro_ner_rec": 0.8743630647659302, "seen__samples_per_s": 480.9710439241287, "seen__samples_total_num": 2050, "seen__samples_total_s": 4.262210845947266, "seen__per_pr": 0.6491612195968628, "seen__per_rec": 0.9256370067596436, "seen__per_f1": 0.763129711151123, "seen__org_pr": 0.4954128563404083, "seen__org_rec": 0.7957894802093506, "seen__org_f1": 0.6106624007225037, "seen__wea_pr": 0.6129032373428345, "seen__wea_rec": 0.9344262480735779, "seen__wea_f1": 0.7402598261833191, "seen__gpe_pr": 0.6896217465400696, "seen__gpe_rec": 0.9530830979347229, "seen__gpe_f1": 0.8002251386642456, "seen__veh_pr": 0.38679245114326477, "seen__veh_rec": 0.9111111164093018, "seen__veh_f1": 0.5430464148521423, "seen__fac_pr": 0.4423076808452606, "seen__fac_rec": 0.7823129296302795, "seen__fac_f1": 0.5651105642318726, "seen__loc_pr": 0.3515625, "seen__loc_rec": 0.8181818127632141, "seen__loc_f1": 0.49180328845977783, "unseen__f1": 0.0, "unseen__pr": 0.0, "unseen__rec": 0.0, "unseen__ner_f1": 0.38803794980049133, "unseen__ner_pr": 0.2596135139465332, "unseen__ner_rec": 0.7678983807563782, "unseen__macro_f1": 0.0, "unseen__macro_pr": 0.0, "unseen__macro_rec": 0.0, "unseen__macro_ner_f1": 0.3837869465351105, "unseen__macro_ner_pr": 0.28059104084968567, "unseen__macro_ner_rec": 0.6512123346328735, "unseen__samples_per_s": 532.1241774447984, "unseen__samples_total_num": 2050, "unseen__samples_total_s": 3.8524842262268066, "unseen__per_pr": 0.27097010612487793, "unseen__per_rec": 0.8751472234725952, "unseen__per_f1": 0.4138123095035553, "unseen__org_pr": 0.2844036817550659, "unseen__org_rec": 0.6477611660957336, "unseen__org_f1": 0.3952641189098358, "unseen__wea_pr": 0.1827957034111023, "unseen__wea_rec": 0.3863636255264282, "unseen__wea_f1": 0.24817518889904022, "unseen__gpe_pr": 0.17943744361400604, "unseen__gpe_rec": 0.7939913868904114, "unseen__gpe_f1": 0.29272153973579407, "unseen__veh_pr": 0.3679245412349701, "unseen__veh_rec": 0.6290322542190552, "unseen__veh_f1": 0.4642857015132904, "unseen__fac_pr": 0.3192307651042938, "unseen__fac_rec": 0.6287878751754761, "unseen__fac_f1": 0.4234693646430969, "unseen__loc_pr": 0.359375, "unseen__loc_rec": 0.5974025726318359, "unseen__loc_f1": 0.44878047704696655}, "test_metrics_bounds": {"seen__f1": 0.0, "seen__pr": 0.0, "seen__rec": 0.0, "seen__ner_f1": 0.7808923125267029, "seen__ner_pr": 0.653567910194397, "seen__ner_rec": 0.9698288440704346, "seen__macro_f1": 0.0, "seen__macro_pr": 0.0, "seen__macro_rec": 0.0, "seen__macro_ner_f1": 0.7808923125267029, "seen__macro_ner_pr": 0.653567910194397, "seen__macro_ner_rec": 0.9698288440704346, "seen__samples_per_s": 480.9710439241287, "seen__samples_total_num": 2050, "seen__samples_total_s": 4.262210845947266, "unseen__f1": 0.0, "unseen__pr": 0.0, "unseen__rec": 0.0, "unseen__ner_f1": 0.43230611085891724, "unseen__ner_pr": 0.28934505581855774, "unseen__ner_rec": 0.8545034527778625, "unseen__macro_f1": 0.0, "unseen__macro_pr": 0.0, "unseen__macro_rec": 0.0, "unseen__macro_ner_f1": 0.43230611085891724, "unseen__macro_ner_pr": 0.28934505581855774, "unseen__macro_ner_rec": 0.8545034527778625, "unseen__samples_per_s": 532.1241774447984, "unseen__samples_total_num": 2050, "unseen__samples_total_s": 3.8524842262268066}}