{"test_metrics": {"unseen__f1": 0.0, "unseen__pr": 0.0, "unseen__rec": 0.0, "unseen__ner_f1": 0.8326097130775452, "unseen__ner_pr": 0.85108482837677, "unseen__ner_rec": 0.8149197101593018, "unseen__macro_f1": 0.0, "unseen__macro_pr": 0.0, "unseen__macro_rec": 0.0, "unseen__macro_ner_f1": 0.7876557111740112, "unseen__macro_ner_pr": 0.8130286335945129, "unseen__macro_ner_rec": 0.7671633362770081, "unseen__samples_per_s": 399.1316454918256, "unseen__samples_total_num": 288, "unseen__samples_total_s": 0.7215664386749268, "unseen__loc_pr": 0.8849104642868042, "unseen__loc_rec": 0.8357487916946411, "unseen__loc_f1": 0.859627366065979, "unseen__org_pr": 0.7447916865348816, "unseen__org_rec": 0.7333333492279053, "unseen__org_f1": 0.7390180826187134, "unseen__peop_pr": 0.9204893112182617, "unseen__peop_rec": 0.946540892124176, "unseen__peop_f1": 0.9333333969116211, "unseen__other_pr": 0.7019230723381042, "unseen__other_rec": 0.5530303120613098, "unseen__other_f1": 0.6186440587043762, "seen__f1": 0.0, "seen__pr": 0.0, "seen__rec": 0.0, "seen__ner_f1": 0.0, "seen__ner_pr": 0.0, "seen__ner_rec": 0.0, "seen__macro_f1": 0.0, "seen__macro_pr": 0.0, "seen__macro_rec": 0.0, "seen__macro_ner_f1": 0.0, "seen__macro_ner_pr": 0.0, "seen__macro_ner_rec": 0.0, "seen__samples_per_s": 0.0, "seen__samples_total_num": 0, "seen__samples_total_s": 0.0, "seen__loc_pr": 0.0, "seen__loc_rec": 0.0, "seen__loc_f1": 0.0, "seen__org_pr": 0.0, "seen__org_rec": 0.0, "seen__org_f1": 0.0, "seen__peop_pr": 0.0, "seen__peop_rec": 0.0, "seen__peop_f1": 0.0, "seen__other_pr": 0.0, "seen__other_rec": 0.0, "seen__other_f1": 0.0}, "test_metrics_bounds": {"unseen__f1": 0.0, "unseen__pr": 0.0, "unseen__rec": 0.0, "unseen__ner_f1": 0.868598997592926, "unseen__ner_pr": 0.8892185688018799, "unseen__ner_rec": 0.8489140868186951, "unseen__macro_f1": 0.0, "unseen__macro_pr": 0.0, "unseen__macro_rec": 0.0, "unseen__macro_ner_f1": 0.868598997592926, "unseen__macro_ner_pr": 0.8892185688018799, "unseen__macro_ner_rec": 0.8489140868186951, "unseen__samples_per_s": 399.1316454918256, "unseen__samples_total_num": 288, "unseen__samples_total_s": 0.7215664386749268, "seen__f1": 0.0, "seen__pr": 0.0, "seen__rec": 0.0, "seen__ner_f1": 0.0, "seen__ner_pr": 0.0, "seen__ner_rec": 0.0, "seen__macro_f1": 0.0, "seen__macro_pr": 0.0, "seen__macro_rec": 0.0, "seen__macro_ner_f1": 0.0, "seen__macro_ner_pr": 0.0, "seen__macro_ner_rec": 0.0, "seen__samples_per_s": 0.0, "seen__samples_total_num": 0, "seen__samples_total_s": 0.0}}