{"test_metrics": {"unseen__f1": 0.0, "unseen__pr": 0.0, "unseen__rec": 0.0, "unseen__ner_f1": 0.4593008756637573, "unseen__ner_pr": 0.33707866072654724, "unseen__ner_rec": 0.7205764651298523, "unseen__macro_f1": 0.0, "unseen__macro_pr": 0.0, "unseen__macro_rec": 0.0, "unseen__macro_ner_f1": 0.4919305741786957, "unseen__macro_ner_pr": 0.38934028148651123, "unseen__macro_ner_rec": 0.7119149565696716, "unseen__samples_per_s": 484.2129774045888, "unseen__samples_total_num": 1854, "unseen__samples_total_s": 3.8288936614990234, "unseen__dna_pr": 0.47747036814689636, "unseen__dna_rec": 0.760705292224884, "unseen__dna_f1": 0.5866925716400146, "unseen__rna_pr": 0.553398072719574, "unseen__rna_rec": 0.8382353186607361, "unseen__rna_f1": 0.6666666865348816, "unseen__cell_type_pr": 0.1862068921327591, "unseen__cell_type_rec": 0.6428571343421936, "unseen__cell_type_f1": 0.28877004981040955, "unseen__protein_pr": 0.2873183488845825, "unseen__protein_rec": 0.7280334830284119, "unseen__protein_f1": 0.41202935576438904, "unseen__cell_line_pr": 0.4423076808452606, "unseen__cell_line_rec": 0.5897436141967773, "unseen__cell_line_f1": 0.5054944753646851, "seen__f1": 0.0, "seen__pr": 0.0, "seen__rec": 0.0, "seen__ner_f1": 0.5879727005958557, "seen__ner_pr": 0.4440074861049652, "seen__ner_rec": 0.8700917363166809, "seen__macro_f1": 0.0, "seen__macro_pr": 0.0, "seen__macro_rec": 0.0, "seen__macro_ner_f1": 0.5439724326133728, "seen__macro_ner_pr": 0.4102252125740051, "seen__macro_ner_rec": 0.8507179021835327, "seen__samples_per_s": 538.2972661973093, "seen__samples_total_num": 1854, "seen__samples_total_s": 3.4441936016082764, "seen__dna_pr": 0.27826085686683655, "seen__dna_rec": 0.7981859445571899, "seen__dna_f1": 0.41266119480133057, "seen__rna_pr": 0.3203883469104767, "seen__rna_rec": 0.9166666865348816, "seen__rna_f1": 0.4748201072216034, "seen__cell_type_pr": 0.5637931227684021, "seen__cell_type_rec": 0.7748815417289734, "seen__cell_type_f1": 0.652694582939148, "seen__protein_pr": 0.501321017742157, "seen__protein_rec": 0.9144578576087952, "seen__protein_f1": 0.6476109027862549, "seen__cell_line_pr": 0.38736262917518616, "seen__cell_line_rec": 0.849397599697113, "seen__cell_line_f1": 0.5320754647254944}, "test_metrics_bounds": {"unseen__f1": 0.0, "unseen__pr": 0.0, "unseen__rec": 0.0, "unseen__ner_f1": 0.4999999403953552, "unseen__ner_pr": 0.3669913709163666, "unseen__ner_rec": 0.7842273712158203, "unseen__macro_f1": 0.0, "unseen__macro_pr": 0.0, "unseen__macro_rec": 0.0, "unseen__macro_ner_f1": 0.4999999403953552, "unseen__macro_ner_pr": 0.3669913709163666, "unseen__macro_ner_rec": 0.7842273712158203, "unseen__samples_per_s": 484.2129774045888, "unseen__samples_total_num": 1854, "unseen__samples_total_s": 3.8288936614990234, "seen__f1": 0.0, "seen__pr": 0.0, "seen__rec": 0.0, "seen__ner_f1": 0.597048282623291, "seen__ner_pr": 0.45091795921325684, "seen__ner_rec": 0.8833027482032776, "seen__macro_f1": 0.0, "seen__macro_pr": 0.0, "seen__macro_rec": 0.0, "seen__macro_ner_f1": 0.597048282623291, "seen__macro_ner_pr": 0.45091795921325684, "seen__macro_ner_rec": 0.8833027482032776, "seen__samples_per_s": 538.2972661973093, "seen__samples_total_num": 1854, "seen__samples_total_s": 3.4441936016082764}}