{"test_metrics": {"f1": 0.0, "pr": 0.0, "rec": 0.0, "ner_f1": 0.6381654143333435, "ner_pr": 0.606239914894104, "ner_rec": 0.6736401915550232, "macro_f1": 0.0, "macro_pr": 0.0, "macro_rec": 0.0, "macro_ner_f1": 0.6302297711372375, "macro_ner_pr": 0.5999892354011536, "macro_ner_rec": 0.6667997241020203, "samples_per_s": 123.86958511872385, "samples_total_num": 529, "samples_total_s": 4.270620584487915, "task_pr": 0.5734265446662903, "task_rec": 0.6259542107582092, "task_f1": 0.5985401272773743, "method_pr": 0.7400990128517151, "method_rec": 0.703529417514801, "method_f1": 0.7213510274887085, "material_pr": 0.5677083134651184, "material_rec": 0.6898733973503113, "material_f1": 0.6228570938110352, "otherscientificterm_pr": 0.5353037714958191, "otherscientificterm_rec": 0.6305609345436096, "otherscientificterm_f1": 0.5790408253669739, "metric_pr": 0.5405405163764954, "metric_rec": 0.5633803009986877, "metric_f1": 0.5517241358757019, "generic_pr": 0.6428571343421936, "generic_rec": 0.7875000238418579, "generic_f1": 0.7078651785850525}, "test_metrics_bounds": {"f1": 0.0, "pr": 0.0, "rec": 0.0, "ner_f1": 0.7785957455635071, "ner_pr": 0.7396449446678162, "ner_rec": 0.8218768835067749, "macro_f1": 0.0, "macro_pr": 0.0, "macro_rec": 0.0, "macro_ner_f1": 0.7785957455635071, "macro_ner_pr": 0.7396449446678162, "macro_ner_rec": 0.8218768835067749, "samples_per_s": 123.86958511872385, "samples_total_num": 529, "samples_total_s": 4.270620584487915}, "metrics": {"f1": [0.0, 0.0, 0.0, 0.0, 0.0, 0.0, 0.0, 0.0, 0.0, 0.0, 0.0, 0.0, 0.0, 0.0, 0.0, 0.0, 0.0, 0.0, 0.0, 0.0, 0.0, 0.0, 0.0, 0.0, 0.0], "pr": [0.0, 0.0, 0.0, 0.0, 0.0, 0.0, 0.0, 0.0, 0.0, 0.0, 0.0, 0.0, 0.0, 0.0, 0.0, 0.0, 0.0, 0.0, 0.0, 0.0, 0.0, 0.0, 0.0, 0.0, 0.0], "rec": [0.0, 0.0, 0.0, 0.0, 0.0, 0.0, 0.0, 0.0, 0.0, 0.0, 0.0, 0.0, 0.0, 0.0, 0.0, 0.0, 0.0, 0.0, 0.0, 0.0, 0.0, 0.0, 0.0, 0.0, 0.0], "ner_f1": [0.37819647789001465, 0.5729047656059265, 0.621009886264801, 0.6363636255264282, 0.6254002451896667, 0.6465721130371094, 0.6561771631240845, 0.6536179780960083, 0.6599763631820679, 0.6413993835449219, 0.6568222045898438, 0.663840115070343, 0.6620370149612427, 0.6639392375946045, 0.6439306735992432, 0.6647058129310608, 0.6658809185028076, 0.6646988987922668, 0.6666666269302368, 0.671336829662323, 0.6777645945549011, 0.672897219657898, 0.6670567393302917, 0.6694312691688538, 0.6705951690673828], "ner_pr": [0.40843021869659424, 0.5286017060279846, 0.5783783793449402, 0.5821205973625183, 0.5446096658706665, 0.6118568181991577, 0.6132897734642029, 0.6204954981803894, 0.6238839030265808, 0.59978187084198, 0.6212290525436401, 0.6424384713172913, 0.6150537729263306, 0.6221248507499695, 0.5976395010948181, 0.6263858079910278, 0.628476083278656, 0.6283482313156128, 0.635949969291687, 0.6284152865409851, 0.6447963714599609, 0.6301969289779663, 0.6256860494613647, 0.6348314881324768, 0.6329254508018494], "ner_rec": [0.35213032364845276, 0.6253132820129395, 0.670426070690155, 0.7017543911933899, 0.7343358397483826, 0.6854636669158936, 0.7055137753486633, 0.6904761791229248, 0.7005012631416321, 0.689223051071167, 0.6967418789863586, 0.6867167949676514, 0.7167919874191284, 0.7117794752120972, 0.6979950070381165, 0.708020031452179, 0.708020031452179, 0.7055137753486633, 0.7005012631416321, 0.7205513715744019, 0.7142857313156128, 0.7218044996261597, 0.7142857313156128, 0.708020031452179, 0.713032603263855], "macro_f1": [0.0, 0.0, 0.0, 0.0, 0.0, 0.0, 0.0, 0.0, 0.0, 0.0, 0.0, 0.0, 0.0, 0.0, 0.0, 0.0, 0.0, 0.0, 0.0, 0.0, 0.0, 0.0, 0.0, 0.0, 0.0], "macro_pr": [0.0, 0.0, 0.0, 0.0, 0.0, 0.0, 0.0, 0.0, 0.0, 0.0, 0.0, 0.0, 0.0, 0.0, 0.0, 0.0, 0.0, 0.0, 0.0, 0.0, 0.0, 0.0, 0.0, 0.0, 0.0], "macro_rec": [0.0, 0.0, 0.0, 0.0, 0.0, 0.0, 0.0, 0.0, 0.0, 0.0, 0.0, 0.0, 0.0, 0.0, 0.0, 0.0, 0.0, 0.0, 0.0, 0.0, 0.0, 0.0, 0.0, 0.0, 0.0], "macro_ner_f1": [0.2662898004055023, 0.5309724807739258, 0.5799917578697205, 0.614866316318512, 0.6017218828201294, 0.6243863701820374, 0.627231776714325, 0.6249066591262817, 0.639910876750946, 0.6181978583335876, 0.6331126093864441, 0.6303743720054626, 0.6379666924476624, 0.6365371942520142, 0.6160961985588074, 0.6328710317611694, 0.6369175910949707, 0.6447234749794006, 0.6304207444190979, 0.6488106846809387, 0.6512472033500671, 0.6453538537025452, 0.6419150829315186, 0.644517719745636, 0.6480955481529236], "macro_ner_pr": [0.2889993190765381, 0.5204698443412781, 0.564947783946991, 0.5782964825630188, 0.5479173064231873, 0.5921937823295593, 0.5923612713813782, 0.6240069270133972, 0.6187266111373901, 0.5785940289497375, 0.6151037812232971, 0.6213443279266357, 0.6147237420082092, 0.5997125506401062, 0.6009579300880432, 0.6064537167549133, 0.6144618391990662, 0.6341854333877563, 0.6055179238319397, 0.6243723034858704, 0.6304089426994324, 0.6194019913673401, 0.614776074886322, 0.6258309483528137, 0.6266800165176392], "macro_ner_rec": [0.27190425992012024, 0.564037561416626, 0.6255397200584412, 0.6714317202568054, 0.6805095076560974, 0.6632704138755798, 0.670300304889679, 0.6366690993309021, 0.6774590611457825, 0.6771478652954102, 0.6575189828872681, 0.645868718624115, 0.6740350723266602, 0.681086540222168, 0.6499132513999939, 0.6679325699806213, 0.6661582589149475, 0.6653622984886169, 0.6621789336204529, 0.6814845204353333, 0.677757978439331, 0.6805606484413147, 0.6774360537528992, 0.6695801615715027, 0.6760900616645813], "samples_per_s": [132.0324727621946, 143.57520912177085, 139.4580910496452, 167.17252501220622, 147.1228560304208, 176.49289096457952, 170.8378049863716, 157.27708435731114, 171.37051906524633, 165.10995252698604, 124.55032350539366, 160.96792211089397, 153.8016032038691, 146.40977938492318, 166.13524223786433, 142.37672942927185, 143.22615047138376, 109.74656684415343, 122.38667926462433, 151.11379383643856, 126.01233223781746, 129.59417469797836, 140.7133869966068, 106.822559903831, 140.1329061271128], "samples_total_num": [260, 260, 260, 260, 260, 260, 260, 260, 260, 260, 260, 260, 260, 260, 260, 260, 260, 260, 260, 260, 260, 260, 260, 260, 260], "samples_total_s": [1.969212532043457, 1.8108975887298584, 1.8643593788146973, 1.5552794933319092, 1.76723051071167, 1.4731471538543701, 1.521911382675171, 1.6531333923339844, 1.5171804428100586, 1.5747082233428955, 2.0875096321105957, 1.6152286529541016, 1.6904895305633545, 1.7758376598358154, 1.5649900436401367, 1.826141119003296, 1.8153109550476074, 2.3690946102142334, 2.1244142055511475, 1.720557689666748, 2.0632901191711426, 2.006263017654419, 1.8477275371551514, 2.4339427947998047, 1.8553814888000488], "task_pr": [0.43478259444236755, 0.5188679099082947, 0.5400000214576721, 0.5661764740943909, 0.5263158082962036, 0.5703703761100769, 0.48427674174308777, 0.6198347210884094, 0.6868686676025391, 0.6542056202888489, 0.6283186078071594, 0.6068376302719116, 0.6261682510375977, 0.5347222089767456, 0.6185566782951355, 0.6086956262588501, 0.5735294222831726, 0.6504854559898376, 0.6173912882804871, 0.6147540807723999, 0.6016260385513306, 0.5826771855354309, 0.5746268630027771, 0.6000000238418579, 0.60317462682724], "task_rec": [0.1587301641702652, 0.4365079402923584, 0.6428571343421936, 0.6111111044883728, 0.6349206566810608, 0.6111111044883728, 0.6111111044883728, 0.5952380895614624, 0.5396825671195984, 0.5555555820465088, 0.5634920597076416, 0.5634920597076416, 0.5317460298538208, 0.6111111044883728, 0.4761904776096344, 0.5555555820465088, 0.6190476417541504, 0.5317460298538208, 0.5634920597076416, 0.5952380895614624, 0.5873016119003296, 0.5873016119003296, 0.6111111044883728, 0.5952380895614624, 0.60317462682724],