{"test_metrics": {"f1": 0.0, "pr": 0.0, "rec": 0.0, "ner_f1": 0.8758623600006104, "ner_pr": 0.8789145946502686, "ner_rec": 0.8728312849998474, "macro_f1": 0.0, "macro_pr": 0.0, "macro_rec": 0.0, "macro_ner_f1": 0.8035575747489929, "macro_ner_pr": 0.8003466725349426, "macro_ner_rec": 0.8069858551025391, "samples_per_s": 181.37000465309637, "samples_total_num": 5000, "samples_total_s": 27.567954301834106, "organization_pr": 0.6941624283790588, "organization_rec": 0.7216358780860901, "organization_f1": 0.7076326012611389, "location_pr": 0.9184762239456177, "location_rec": 0.9051112532615662, "location_f1": 0.9117447733879089, "person_pr": 0.7884012460708618, "person_rec": 0.7942105531692505, "person_f1": 0.7912952303886414}, "test_metrics_bounds": {"f1": 0.0, "pr": 0.0, "rec": 0.0, "ner_f1": 0.8923461437225342, "ner_pr": 0.8954558372497559, "ner_rec": 0.8892580270767212, "macro_f1": 0.0, "macro_pr": 0.0, "macro_rec": 0.0, "macro_ner_f1": 0.8923461437225342, "macro_ner_pr": 0.8954558372497559, "macro_ner_rec": 0.8892580270767212, "samples_per_s": 181.37000465309637, "samples_total_num": 5000, "samples_total_s": 27.567954301834106}, "metrics": {"f1": [0.0, 0.0, 0.0, 0.0, 0.0, 0.0, 0.0], "pr": [0.0, 0.0, 0.0, 0.0, 0.0, 0.0, 0.0], "rec": [0.0, 0.0, 0.0, 0.0, 0.0, 0.0, 0.0], "ner_f1": [0.8065385222434998, 0.8518723249435425, 0.8522460460662842, 0.8717690110206604, 0.8724552989006042, 0.8647515177726746, 0.8643441796302795], "ner_pr": [0.812652051448822, 0.8523440361022949, 0.9060423374176025, 0.8668428659439087, 0.8737863898277283, 0.8556217551231384, 0.8770997524261475], "ner_rec": [0.8005162477493286, 0.851401150226593, 0.8044800758361816, 0.8767514824867249, 0.8711283206939697, 0.8740781545639038, 0.8519542813301086], "macro_f1": [0.0, 0.0, 0.0, 0.0, 0.0, 0.0, 0.0], "macro_pr": [0.0, 0.0, 0.0, 0.0, 0.0, 0.0, 0.0], "macro_rec": [0.0, 0.0, 0.0, 0.0, 0.0, 0.0, 0.0], "macro_ner_f1": [0.6877210140228271, 0.7591789364814758, 0.740172803401947, 0.7939388155937195, 0.8023802638053894, 0.7805365920066833, 0.7781527042388916], "macro_ner_pr": [0.7161660194396973, 0.7915246486663818, 0.8734123110771179, 0.8070971369743347, 0.7971415519714355, 0.806001603603363, 0.7829044461250305], "macro_ner_rec": [0.6709869503974915, 0.7329999804496765, 0.6549246907234192, 0.7901151180267334, 0.8079628944396973, 0.7605941295623779, 0.7759597897529602], "samples_per_s": [199.82662747134367, 187.71577637820363, 187.4970809079687, 187.7157595757928, 181.39704123859266, 182.7995860434255, 184.26392582418214], "samples_total_num": [5000, 5000, 5000, 5000, 5000, 5000, 5000], "samples_total_s": [25.021690368652344, 26.636013746261597, 26.667081832885742, 26.636016130447388, 27.56384539604187, 27.352359533309937, 27.13499116897583], "organization_pr": [0.6291512846946716, 0.7435897588729858, 0.807692289352417, 0.796721339225769, 0.6975308656692505, 0.7448818683624268, 0.6183294653892517], "organization_rec": [0.44343301653862, 0.6033810377120972, 0.518855631351471, 0.631989598274231, 0.7347204089164734, 0.6150845289230347, 0.6931079030036926], "organization_f1": [0.5202136039733887, 0.66618812084198, 0.6318289637565613, 0.7048586010932922, 0.7156428098678589, 0.6737892031669617, 0.653586745262146], "location_pr": [0.8666749596595764, 0.8814159035682678, 0.91313636302948, 0.9152834415435791, 0.9137483239173889, 0.8755038380622864, 0.9199898838996887], "location_rec": [0.8540467619895935, 0.9146565198898315, 0.8894330859184265, 0.9114729762077332, 0.9041263461112976, 0.9308191537857056, 0.8926166296005249], "location_f1": [0.8603145480155945, 0.8977286219596863, 0.901128888130188, 0.9133741855621338, 0.9089118838310242, 0.9023144841194153, 0.9060965776443481], "person_pr": [0.652671754360199, 0.7495682239532471, 0.8994082808494568, 0.7092866897583008, 0.780145525932312, 0.7976190447807312, 0.8103940486907959], "person_rec": [0.715481162071228, 0.680962324142456, 0.5564853549003601, 0.8268828392028809, 0.785041868686676, 0.7358786463737488, 0.7421548366546631], "person_f1": [0.6826347708702087, 0.713620126247406, 0.6875605583190918, 0.7635837197303772, 0.7825860381126404, 0.7655059695243835, 0.7747747898101807]}}