{"test_metrics": {"unseen__f1": 0.0, "unseen__pr": 0.0, "unseen__rec": 0.0, "unseen__ner_f1": 0.5382007360458374, "unseen__ner_pr": 0.4233846068382263, "unseen__ner_rec": 0.7384615540504456, "unseen__macro_f1": 0.0, "unseen__macro_pr": 0.0, "unseen__macro_rec": 0.0, "unseen__macro_ner_f1": 0.5742982029914856, "unseen__macro_ner_pr": 0.5197234749794006, "unseen__macro_ner_rec": 0.7062379717826843, "unseen__samples_per_s": 516.8204422127097, "unseen__samples_total_num": 2259, "unseen__samples_total_s": 4.370957136154175, "unseen__organization_pr": 0.5227765440940857, "unseen__organization_rec": 0.5995025038719177, "unseen__organization_f1": 0.558516800403595, "unseen__location_pr": 0.3061780631542206, "unseen__location_rec": 0.8087999820709229, "unseen__location_f1": 0.4442003071308136, "unseen__person_pr": 0.730215847492218, "unseen__person_rec": 0.7104111909866333, "unseen__person_f1": 0.720177412033081, "seen__f1": 0.0, "seen__pr": 0.0, "seen__rec": 0.0, "seen__ner_f1": 0.8178299069404602, "seen__ner_pr": 0.7363808155059814, "seen__ner_rec": 0.919537365436554, "seen__macro_f1": 0.0, "seen__macro_pr": 0.0, "seen__macro_rec": 0.0, "seen__macro_ner_f1": 0.6978986859321594, "seen__macro_ner_pr": 0.5868929028511047, "seen__macro_ner_rec": 0.9009262919425964, "seen__samples_per_s": 572.0674783634657, "seen__samples_total_num": 4661, "seen__samples_total_s": 8.147640228271484, "seen__organization_pr": 0.5204081535339355, "seen__organization_rec": 0.8595505356788635, "seen__organization_f1": 0.6483050584793091, "seen__location_pr": 0.8198845386505127, "seen__location_rec": 0.9224884510040283, "seen__location_f1": 0.8681654334068298, "seen__person_pr": 0.42038601636886597, "seen__person_rec": 0.9207397699356079, "seen__person_f1": 0.5772256851196289}, "test_metrics_bounds": {"unseen__f1": 0.0, "unseen__pr": 0.0, "unseen__rec": 0.0, "unseen__ner_f1": 0.5747066736221313, "unseen__ner_pr": 0.45210257172584534, "unseen__ner_rec": 0.7885509729385376, "unseen__macro_f1": 0.0, "unseen__macro_pr": 0.0, "unseen__macro_rec": 0.0, "unseen__macro_ner_f1": 0.5747066736221313, "unseen__macro_ner_pr": 0.45210257172584534, "unseen__macro_ner_rec": 0.7885509729385376, "unseen__samples_per_s": 516.8204422127097, "unseen__samples_total_num": 2259, "unseen__samples_total_s": 4.370957136154175, "seen__f1": 0.0, "seen__pr": 0.0, "seen__rec": 0.0, "seen__ner_f1": 0.8220329880714417, "seen__ner_pr": 0.7401652932167053, "seen__ner_rec": 0.9242631793022156, "seen__macro_f1": 0.0, "seen__macro_pr": 0.0, "seen__macro_rec": 0.0, "seen__macro_ner_f1": 0.8220329880714417, "seen__macro_ner_pr": 0.7401652932167053, "seen__macro_ner_rec": 0.9242631793022156, "seen__samples_per_s": 572.0674783634657, "seen__samples_total_num": 4661, "seen__samples_total_s": 8.147640228271484}}