{"test_metrics": {"f1": 0.0, "pr": 0.0, "rec": 0.0, "ner_f1": 0.8568657040596008, "ner_pr": 0.8576976656913757, "ner_rec": 0.8560354113578796, "macro_f1": 0.0, "macro_pr": 0.0, "macro_rec": 0.0, "macro_ner_f1": 0.7839033603668213, "macro_ner_pr": 0.7838897705078125, "macro_ner_rec": 0.7842409014701843, "samples_per_s": 219.93619124575403, "samples_total_num": 5000, "samples_total_s": 22.733866453170776, "organization_pr": 0.7006802558898926, "organization_rec": 0.6794195175170898, "organization_f1": 0.6898860931396484, "location_pr": 0.8973219990730286, "location_rec": 0.8890926837921143, "location_f1": 0.8931884169578552, "person_pr": 0.7536671757698059, "person_rec": 0.7842105031013489, "person_f1": 0.7686355113983154}, "test_metrics_bounds": {"f1": 0.0, "pr": 0.0, "rec": 0.0, "ner_f1": 0.87940514087677, "ner_pr": 0.8802589178085327, "ner_rec": 0.8785529732704163, "macro_f1": 0.0, "macro_pr": 0.0, "macro_rec": 0.0, "macro_ner_f1": 0.87940514087677, "macro_ner_pr": 0.8802589178085327, "macro_ner_rec": 0.8785529732704163, "samples_per_s": 219.93619124575403, "samples_total_num": 5000, "samples_total_s": 22.733866453170776}, "metrics": {"f1": [0.0, 0.0, 0.0, 0.0, 0.0, 0.0, 0.0], "pr": [0.0, 0.0, 0.0, 0.0, 0.0, 0.0, 0.0], "rec": [0.0, 0.0, 0.0, 0.0, 0.0, 0.0, 0.0], "ner_f1": [0.7988862991333008, 0.8183213472366333, 0.8372770547866821, 0.8498095870018005, 0.8499100208282471, 0.8467961549758911, 0.8359604477882385], "ner_pr": [0.7912296652793884, 0.8256545066833496, 0.8267433643341064, 0.836308479309082, 0.8502629399299622, 0.833929181098938, 0.8085271120071411], "ner_rec": [0.8066924810409546, 0.8111172318458557, 0.8480826020240784, 0.8637536764144897, 0.8495575189590454, 0.8600663542747498, 0.8653208017349243], "macro_f1": [0.0, 0.0, 0.0, 0.0, 0.0, 0.0, 0.0], "macro_pr": [0.0, 0.0, 0.0, 0.0, 0.0, 0.0, 0.0], "macro_rec": [0.0, 0.0, 0.0, 0.0, 0.0, 0.0, 0.0], "macro_ner_f1": [0.7048349380493164, 0.7345261573791504, 0.759662389755249, 0.7614235877990723, 0.7751150727272034, 0.7670871615409851, 0.7637016773223877], "macro_ner_pr": [0.6828625798225403, 0.7341873645782471, 0.7387208938598633, 0.7284328937530518, 0.7698795795440674, 0.7392299175262451, 0.733658492565155], "macro_ner_rec": [0.7322126030921936, 0.7352297306060791, 0.7828226685523987, 0.8057184219360352, 0.780727207660675, 0.8024676442146301, 0.8035719394683838], "samples_per_s": [205.76026143885758, 206.79745133169632, 203.0913492425779, 218.33781216153, 219.07734090807546, 219.94159101954952, 229.9611195402146], "samples_total_num": [5000, 5000, 5000, 5000, 5000, 5000, 5000], "samples_total_s": [24.300124645233154, 24.178247690200806, 24.619463205337524, 22.900293588638306, 22.82299017906189, 22.7333083152771, 21.74280595779419], "organization_pr": [0.561274528503418, 0.6101484894752502, 0.6031926870346069, 0.5356472730636597, 0.6726804375648499, 0.5730000138282776, 0.6962864995002747], "organization_rec": [0.595578670501709, 0.6410923004150391, 0.6879063844680786, 0.7425227761268616, 0.6788036227226257, 0.745123565196991, 0.6827048063278198], "organization_f1": [0.5779179930686951, 0.6252378225326538, 0.6427703499794006, 0.6223433017730713, 0.6757281422615051, 0.6478236317634583, 0.6894287467002869], "location_pr": [0.865450382232666, 0.8729400038719177, 0.8714025616645813, 0.8954784870147705, 0.8942857384681702, 0.882267415523529, 0.8725501894950867], "location_rec": [0.8364148139953613, 0.849638819694519, 0.8786579966545105, 0.8948206305503845, 0.8814741969108582, 0.8918819427490234, 0.8885759711265564], "location_f1": [0.8506849408149719, 0.8611318469047546, 0.8750151991844177, 0.8951493501663208, 0.8878337144851685, 0.8870485424995422, 0.8804901838302612], "person_pr": [0.6218630075454712, 0.719473659992218, 0.7415674328804016, 0.7541729807853699, 0.7426726222038269, 0.7624223828315735, 0.6321386098861694], "person_rec": [0.7646443247795105, 0.714958131313324, 0.7819037437438965, 0.7798117399215698, 0.7819037437438965, 0.7703974843025208, 0.8394351601600647], "person_f1": [0.685901939868927, 0.7172088027000427, 0.7612016201019287, 0.7667781114578247, 0.7617833614349365, 0.7663891911506653, 0.7211861610412598]}}