{"test_metrics": {"unseen__f1": 0.0, "unseen__pr": 0.0, "unseen__rec": 0.0, "unseen__ner_f1": 0.5872400999069214, "unseen__ner_pr": 0.4729929268360138, "unseen__ner_rec": 0.7742542624473572, "unseen__macro_f1": 0.0, "unseen__macro_pr": 0.0, "unseen__macro_rec": 0.0, "unseen__macro_ner_f1": 0.6245970129966736, "unseen__macro_ner_pr": 0.5725876688957214, "unseen__macro_ner_rec": 0.737826406955719, "unseen__samples_per_s": 459.8102250639176, "unseen__samples_total_num": 2828, "unseen__samples_total_s": 6.150363445281982, "unseen__organization_pr": 0.6110091805458069, "unseen__organization_rec": 0.6330798268318176, "unseen__organization_f1": 0.6218487024307251, "unseen__location_pr": 0.3684839904308319, "unseen__location_rec": 0.838867723941803, "unseen__location_f1": 0.5120452046394348, "unseen__person_pr": 0.7382698059082031, "unseen__person_rec": 0.7415316700935364, "unseen__person_f1": 0.7398971319198608, "seen__f1": 0.0, "seen__pr": 0.0, "seen__rec": 0.0, "seen__ner_f1": 0.7654098868370056, "seen__ner_pr": 0.6664929389953613, "seen__ner_rec": 0.8988053202629089, "seen__macro_f1": 0.0, "seen__macro_pr": 0.0, "seen__macro_rec": 0.0, "seen__macro_ner_f1": 0.599541962146759, "seen__macro_ner_pr": 0.48343363404273987, "seen__macro_ner_rec": 0.8597565293312073, "seen__samples_per_s": 522.3545091265178, "seen__samples_total_num": 4391, "seen__samples_total_s": 8.406168460845947, "seen__organization_pr": 0.38235294818878174, "seen__organization_rec": 0.7844827771186829, "seen__organization_f1": 0.5141242742538452, "seen__location_pr": 0.7577360272407532, "seen__location_rec": 0.9036429524421692, "seen__location_f1": 0.8242825269699097, "seen__person_pr": 0.3102119565010071, "seen__person_rec": 0.8911439180374146, "seen__person_f1": 0.4602191746234894}, "test_metrics_bounds": {"unseen__f1": 0.0, "unseen__pr": 0.0, "unseen__rec": 0.0, "unseen__ner_f1": 0.6251528859138489, "unseen__ner_pr": 0.5035297870635986, "unseen__ner_rec": 0.8242408037185669, "unseen__macro_f1": 0.0, "unseen__macro_pr": 0.0, "unseen__macro_rec": 0.0, "unseen__macro_ner_f1": 0.6251528859138489, "unseen__macro_ner_pr": 0.5035297870635986, "unseen__macro_ner_rec": 0.8242408037185669, "unseen__samples_per_s": 459.8102250639176, "unseen__samples_total_num": 2828, "unseen__samples_total_s": 6.150363445281982, "seen__f1": 0.0, "seen__pr": 0.0, "seen__rec": 0.0, "seen__ner_f1": 0.772351861000061, "seen__ner_pr": 0.6725378036499023, "seen__ner_rec": 0.9069571495056152, "seen__macro_f1": 0.0, "seen__macro_pr": 0.0, "seen__macro_rec": 0.0, "seen__macro_ner_f1": 0.772351861000061, "seen__macro_ner_pr": 0.6725378036499023, "seen__macro_ner_rec": 0.9069571495056152, "seen__samples_per_s": 522.3545091265178, "seen__samples_total_num": 4391, "seen__samples_total_s": 8.406168460845947}}