{"test_metrics": {"unseen_ner_prec_micro": 16.379789006107718, "unseen_ner_rec_micro": 73.26158940397352, "unseen_ner_f1_micro": 26.77355921948268, "unseen_ner_prec_macro": 15.33224216049851, "unseen_ner_rec_macro": 60.42757139493384, "unseen_ner_f1_macro": 24.13997546536408, "unseen_loc_prec_micro": 18.52891633913532, "unseen_loc_rec_micro": 81.95364238410596, "unseen_loc_f1_micro": 30.22439322240879, "unseen_loc_prec_macro": 18.52891633913532, "unseen_loc_rec_macro": 81.95364238410596, "unseen_loc_f1_macro": 30.22439322240879, "unseen_cls_prec_micro": 87.88480635551143, "unseen_cls_rec_micro": 73.26158940397352, "unseen_cls_f1_micro": 79.90970654627539, "unseen_cls_prec_macro": 79.8767403043324, "unseen_cls_rec_macro": 60.42757139493384, "unseen_cls_f1_macro": 68.2227146469168, "unseen_epoch": 0.0, "unseen_iteration": 0.0, "unseen_global_iteration": 0.0, "seen_ner_prec_micro": 70.56429232192414, "seen_ner_rec_micro": 89.36269915651359, "seen_ner_f1_micro": 78.85867879665047, "seen_ner_prec_macro": 64.8088551295114, "seen_ner_rec_macro": 88.51751096675649, "seen_ner_f1_macro": 74.58938952913797, "seen_loc_prec_micro": 75.64485981308411, "seen_loc_rec_micro": 94.82193064667293, "seen_loc_f1_micro": 84.15470991890206, "seen_loc_prec_macro": 75.64485981308411, "seen_loc_rec_macro": 94.82193064667293, "seen_loc_f1_macro": 84.15470991890206, "seen_cls_prec_micro": 93.66404715127702, "seen_cls_rec_micro": 89.36269915651359, "seen_cls_f1_micro": 91.46282973621102, "seen_cls_prec_macro": 91.4176153917669, "seen_cls_rec_macro": 88.51751096675649, "seen_cls_f1_macro": 89.87418715092656, "seen_epoch": 0.0, "seen_iteration": 0.0, "seen_global_iteration": 0.0, "ner_prec_micro": 86.97743248242693, "ner_rec_micro": 85.86559532505478, "ner_f1_micro": 86.41793787906636, "ner_prec_macro": 80.39967165268334, "ner_rec_macro": 80.61854353353677, "ner_f1_macro": 80.3380705041216, "loc_prec_micro": 94.2429906542056, "loc_rec_micro": 92.0745069393718, "loc_f1_micro": 93.14612968778866, "loc_prec_macro": 94.2429906542056, "loc_rec_macro": 92.0745069393718, "loc_f1_macro": 93.14612968778866, "cls_prec_micro": 92.46804326450344, "cls_rec_micro": 85.86559532505478, "cls_f1_micro": 89.04459804942714, "cls_prec_macro": 89.21092344896697, "cls_rec_macro": 80.61854353353677, "cls_f1_macro": 84.53218050575246, "epoch": 0.0, "iteration": 0.0, "global_iteration": 0.0}}