{"test_metrics": {"f1": 0.0, "pr": 0.0, "rec": 0.0, "ner_f1": 0.5650060772895813, "ner_pr": 0.5744286775588989, "ner_rec": 0.5558876395225525, "macro_f1": 0.0, "macro_pr": 0.0, "macro_rec": 0.0, "macro_ner_f1": 0.5374600887298584, "macro_ner_pr": 0.574150800704956, "macro_ner_rec": 0.5177498459815979, "samples_per_s": 159.2167716792238, "samples_total_num": 529, "samples_total_s": 3.322514295578003, "task_pr": 0.5109034180641174, "task_rec": 0.6259542107582092, "task_f1": 0.5626071691513062, "method_pr": 0.7128463387489319, "method_rec": 0.6658823490142822, "method_f1": 0.6885644793510437, "material_pr": 0.5503355860710144, "material_rec": 0.5189873576164246, "material_f1": 0.534201979637146, "otherscientificterm_pr": 0.5393258333206177, "otherscientificterm_rec": 0.5570599436759949, "otherscientificterm_f1": 0.5480495095252991, "metric_pr": 0.6428571343421936, "metric_rec": 0.3802816867828369, "metric_f1": 0.47787612676620483, "generic_pr": 0.4886363744735718, "generic_rec": 0.3583333194255829, "generic_f1": 0.41346150636672974}, "test_metrics_bounds": {"f1": 0.0, "pr": 0.0, "rec": 0.0, "ner_f1": 0.7209726572036743, "ner_pr": 0.7334570288658142, "ner_rec": 0.7089061737060547, "macro_f1": 0.0, "macro_pr": 0.0, "macro_rec": 0.0, "macro_ner_f1": 0.7209726572036743, "macro_ner_pr": 0.7334570288658142, "macro_ner_rec": 0.7089061737060547, "samples_per_s": 159.2167716792238, "samples_total_num": 529, "samples_total_s": 3.322514295578003}, "metrics": {"f1": [0.0, 0.0, 0.0, 0.0, 0.0, 0.0, 0.0, 0.0, 0.0, 0.0, 0.0, 0.0, 0.0, 0.0, 0.0, 0.0, 0.0, 0.0, 0.0, 0.0, 0.0, 0.0, 0.0, 0.0, 0.0], "pr": [0.0, 0.0, 0.0, 0.0, 0.0, 0.0, 0.0, 0.0, 0.0, 0.0, 0.0, 0.0, 0.0, 0.0, 0.0, 0.0, 0.0, 0.0, 0.0, 0.0, 0.0, 0.0, 0.0, 0.0, 0.0], "rec": [0.0, 0.0, 0.0, 0.0, 0.0, 0.0, 0.0, 0.0, 0.0, 0.0, 0.0, 0.0, 0.0, 0.0, 0.0, 0.0, 0.0, 0.0, 0.0, 0.0, 0.0, 0.0, 0.0, 0.0, 0.0], "ner_f1": [0.23485320806503296, 0.4559515416622162, 0.5532467365264893, 0.5823095440864563, 0.5976145267486572, 0.6011487245559692, 0.56175297498703, 0.5922208428382874, 0.5992555618286133, 0.5736235976219177, 0.5909645557403564, 0.6037507653236389, 0.6099744439125061, 0.5896980166435242, 0.6206030249595642, 0.603481650352478, 0.6083601713180542, 0.6134506464004517, 0.5874213576316833, 0.6170346736907959, 0.619912326335907, 0.6090850830078125, 0.6010165810585022, 0.6071428656578064, 0.6160714626312256], "ner_pr": [0.23412203788757324, 0.4920174181461334, 0.5741239786148071, 0.5710843205451965, 0.5987421274185181, 0.6124837398529053, 0.5974576473236084, 0.5929648280143738, 0.5933660864830017, 0.5863874554634094, 0.5761904716491699, 0.5836257338523865, 0.622715413570404, 0.558922529220581, 0.6221662759780884, 0.6215139627456665, 0.6248348951339722, 0.6153846383094788, 0.5896464586257935, 0.6213468909263611, 0.6195244193077087, 0.6222222447395325, 0.6095361113548279, 0.6181818246841431, 0.6272727251052856], "ner_rec": [0.23558896780014038, 0.4248120188713074, 0.5338345766067505, 0.5939849615097046, 0.5964912176132202, 0.5902255773544312, 0.530075192451477, 0.591478705406189, 0.6052631735801697, 0.5614035129547119, 0.6065163016319275, 0.6253132820129395, 0.597744345664978, 0.6240601539611816, 0.6190476417541504, 0.5864661931991577, 0.5927318334579468, 0.6115288138389587, 0.5852130055427551, 0.6127819418907166, 0.6203007698059082, 0.5964912176132202, 0.5927318334579468, 0.5964912176132202, 0.6052631735801697], "macro_f1": [0.0, 0.0, 0.0, 0.0, 0.0, 0.0, 0.0, 0.0, 0.0, 0.0, 0.0, 0.0, 0.0, 0.0, 0.0, 0.0, 0.0, 0.0, 0.0, 0.0, 0.0, 0.0, 0.0, 0.0, 0.0], "macro_pr": [0.0, 0.0, 0.0, 0.0, 0.0, 0.0, 0.0, 0.0, 0.0, 0.0, 0.0, 0.0, 0.0, 0.0, 0.0, 0.0, 0.0, 0.0, 0.0, 0.0, 0.0, 0.0, 0.0, 0.0, 0.0], "macro_rec": [0.0, 0.0, 0.0, 0.0, 0.0, 0.0, 0.0, 0.0, 0.0, 0.0, 0.0, 0.0, 0.0, 0.0, 0.0, 0.0, 0.0, 0.0, 0.0, 0.0, 0.0, 0.0, 0.0, 0.0, 0.0], "macro_ner_f1": [0.13423068821430206, 0.30530068278312683, 0.47339701652526855, 0.5128059387207031, 0.549447774887085, 0.538779079914093, 0.4779723882675171, 0.5385830998420715, 0.5399538278579712, 0.5173066258430481, 0.5216211080551147, 0.5486913323402405, 0.5576515197753906, 0.5427605509757996, 0.5679628849029541, 0.5451696515083313, 0.5681488513946533, 0.5628259778022766, 0.5434000492095947, 0.5764492154121399, 0.5816500186920166, 0.5571198463439941, 0.5560031533241272, 0.5568833351135254, 0.5729976296424866], "macro_ner_pr": [0.1407460868358612, 0.39539262652397156, 0.647137463092804, 0.6051005721092224, 0.586440920829773, 0.5910798907279968, 0.5808653831481934, 0.5772097110748291, 0.5631541013717651, 0.5632472634315491, 0.5904760956764221, 0.5727344155311584, 0.6175130605697632, 0.5328845977783203, 0.6047354340553284, 0.5849050879478455, 0.6207219958305359, 0.6200515627861023, 0.5569263100624084, 0.5994105339050293, 0.5989173054695129, 0.5971015095710754, 0.5934061408042908, 0.597567081451416, 0.60788893699646], "macro_ner_rec": [0.15741588175296783, 0.31944191455841064, 0.4669438302516937, 0.5117302536964417, 0.5381989479064941, 0.5177381634712219, 0.4469083249568939, 0.532478392124176, 0.5372145175933838, 0.5028284192085266, 0.5303521752357483, 0.5520864129066467, 0.534689724445343, 0.5616627335548401, 0.5560976266860962, 0.5306911468505859, 0.5459770560264587, 0.548880398273468, 0.5451446771621704, 0.5671419501304626, 0.5799643397331238, 0.541123628616333, 0.5410781502723694, 0.5413373112678528, 0.5596691966056824], "samples_per_s": [153.82108458827096, 168.75295215794196, 191.1689783305288, 161.68041506885567, 160.30769131260675, 173.1670598652131, 167.61421583507848, 174.35918163736483, 175.75427000477373, 192.81295666301676, 180.53477423117616, 168.25975087191128, 165.12172764127314, 152.41492586376734, 170.82410343191458, 176.75859411862052, 166.78084034358852, 167.42188765381474, 202.71539831253764, 164.5867977582779, 171.53978056819338, 169.41012130516063, 142.16113216947917, 163.9097650787963, 149.42610552491496], "samples_total_num": [260, 260, 260, 260, 260, 260, 260, 260, 260, 260, 260, 260, 260, 260, 260, 260, 260, 260, 260, 260, 260, 260, 260, 260, 260], "samples_total_s": [1.6902754306793213, 1.5407137870788574, 1.360053300857544, 1.6081106662750244, 1.6218810081481934, 1.5014402866363525, 1.5511810779571533, 1.4911746978759766, 1.4793381690979004, 1.3484570980072021, 1.4401657581329346, 1.5452299118041992, 1.5745959281921387, 1.7058696746826172, 1.522033452987671, 1.4709327220916748, 1.5589320659637451, 1.5529630184173584, 1.2825863361358643, 1.5797135829925537, 1.5156834125518799, 1.5347371101379395, 1.8289105892181396, 1.5862386226654053, 1.739990472793579], "task_pr": [0.3396226465702057, 0.5075757503509521, 0.5259740352630615, 0.42152467370033264, 0.6698113083839417, 0.6634615659713745, 0.6299212574958801, 0.6240601539611816, 0.5657894611358643, 0.4971751272678375, 0.4771573543548584, 0.5782312750816345, 0.6030534505844116, 0.5389610528945923, 0.5649350881576538, 0.5600000023841858, 0.5850340127944946, 0.5443786978721619, 0.5297619104385376, 0.5799999833106995, 0.5590062141418457, 0.5855262875556946, 0.5899280309677124, 0.5723684430122375, 0.5723684430122375], "task_rec": [0.1428571492433548, 0.5317460298538208, 0.6428571343421936, 0.7460317611694336, 0.5634920597076416, 0.5476190447807312, 0.6349206566810608, 0.658730149269104, 0.682539701461792, 0.6984127163887024, 0.7460317611694336, 0.6746031641960144, 0.6269841194152832, 0.658730149269104, 0.6904761791229248, 0.6666666865348816, 0.682539701461792, 0.7301587462425232, 0.7063491940498352, 0.6904761791229248, 0.7142857313156128, 0.7063491940498352, 0.6507936716079712, 0.6904761791229248, 0.6904761791229248],