{"test_metrics": {"unseen__f1": 0.0, "unseen__pr": 0.0, "unseen__rec": 0.0, "unseen__ner_f1": 0.44079214334487915, "unseen__ner_pr": 0.3097311556339264, "unseen__ner_rec": 0.7641289234161377, "unseen__macro_f1": 0.0, "unseen__macro_pr": 0.0, "unseen__macro_rec": 0.0, "unseen__macro_ner_f1": 0.41136401891708374, "unseen__macro_ner_pr": 0.3182724118232727, "unseen__macro_ner_rec": 0.6325023770332336, "unseen__samples_per_s": 461.9927062916281, "unseen__samples_total_num": 2050, "unseen__samples_total_s": 4.437299489974976, "unseen__per_pr": 0.30759119987487793, "unseen__per_rec": 0.9069767594337463, "unseen__per_f1": 0.45938655734062195, "unseen__org_pr": 0.415357768535614, "unseen__org_rec": 0.5360360145568848, "unseen__org_f1": 0.4680432677268982, "unseen__wea_pr": 0.2926829159259796, "unseen__wea_rec": 0.4137931168079376, "unseen__wea_f1": 0.34285715222358704, "unseen__gpe_pr": 0.23076923191547394, "unseen__gpe_rec": 0.8464285731315613, "unseen__gpe_f1": 0.36266258358955383, "unseen__veh_pr": 0.3557046949863434, "unseen__veh_rec": 0.7260273694992065, "unseen__veh_f1": 0.47747746109962463, "unseen__fac_pr": 0.40705129504203796, "unseen__fac_rec": 0.6649214625358582, "unseen__fac_f1": 0.5049701929092407, "unseen__loc_pr": 0.21875, "unseen__loc_rec": 0.3333333432674408, "unseen__loc_f1": 0.2641509473323822, "seen__f1": 0.0, "seen__pr": 0.0, "seen__rec": 0.0, "seen__ner_f1": 0.6570570468902588, "seen__ner_pr": 0.5177962779998779, "seen__ner_rec": 0.8987841010093689, "seen__macro_f1": 0.0, "seen__macro_pr": 0.0, "seen__macro_rec": 0.0, "seen__macro_ner_f1": 0.5558046102523804, "seen__macro_ner_pr": 0.43695932626724243, "seen__macro_ner_rec": 0.8306218385696411, "seen__samples_per_s": 508.1803559918406, "seen__samples_total_num": 2050, "seen__samples_total_s": 4.034000873565674, "seen__per_pr": 0.5511009097099304, "seen__per_rec": 0.9637930989265442, "seen__per_f1": 0.7012335658073425, "seen__org_pr": 0.39790576696395874, "seen__org_rec": 0.6229507923126221, "seen__org_f1": 0.48562297224998474, "seen__wea_pr": 0.4878048896789551, "seen__wea_rec": 0.8510638475418091, "seen__wea_f1": 0.6201550960540771, "seen__gpe_pr": 0.6192794442176819, "seen__gpe_rec": 0.9098712205886841, "seen__gpe_f1": 0.7369639873504639, "seen__veh_pr": 0.20134228467941284, "seen__veh_rec": 0.8823529481887817, "seen__veh_f1": 0.32786884903907776, "seen__fac_pr": 0.21794871985912323, "seen__fac_rec": 0.7727272510528564, "seen__fac_f1": 0.3400000035762787, "seen__loc_pr": 0.5833333134651184, "seen__loc_rec": 0.8115941882133484, "seen__loc_f1": 0.6787878274917603}, "test_metrics_bounds": {"unseen__f1": 0.0, "unseen__pr": 0.0, "unseen__rec": 0.0, "unseen__ner_f1": 0.4980429410934448, "unseen__ner_pr": 0.35022780299186707, "unseen__ner_rec": 0.8617468476295471, "unseen__macro_f1": 0.0, "unseen__macro_pr": 0.0, "unseen__macro_rec": 0.0, "unseen__macro_ner_f1": 0.4980429410934448, "unseen__macro_ner_pr": 0.35022780299186707, "unseen__macro_ner_rec": 0.8617468476295471, "unseen__samples_per_s": 461.9927062916281, "unseen__samples_total_num": 2050, "unseen__samples_total_s": 4.437299489974976, "seen__f1": 0.0, "seen__pr": 0.0, "seen__rec": 0.0, "seen__ner_f1": 0.7114643454551697, "seen__ner_pr": 0.5607441067695618, "seen__ner_rec": 0.9729907512664795, "seen__macro_f1": 0.0, "seen__macro_pr": 0.0, "seen__macro_rec": 0.0, "seen__macro_ner_f1": 0.7114643454551697, "seen__macro_ner_pr": 0.5607441067695618, "seen__macro_ner_rec": 0.9729907512664795, "seen__samples_per_s": 508.1803559918406, "seen__samples_total_num": 2050, "seen__samples_total_s": 4.034000873565674}}