{
  "test_metrics": {
    "f1": 0.0,
    "pr": 0.0,
    "rec": 0.0,
    "ner_f1": 0.8352761268615723,
    "ner_pr": 0.8275274634361267,
    "ner_rec": 0.8431712985038757,
    "macro_f1": 0.0,
    "macro_pr": 0.0,
    "macro_rec": 0.0,
    "macro_ner_f1": 0.7301804423332214,
    "macro_ner_pr": 0.7552317976951599,
    "macro_ner_rec": 0.7253082990646362,
    "samples_per_s": 155.49352083143336,
    "samples_total_num": 2050,
    "samples_total_s": 13.183829069137573,
    "per_pr": 0.8586921095848083,
    "per_rec": 0.9426407217979431,
    "per_f1": 0.898710310459137,
    "org_pr": 0.8132635354995728,
    "org_rec": 0.575308620929718,
    "org_f1": 0.6738973259925842,
    "wea_pr": 0.7804877758026123,
    "wea_rec": 0.6095238327980042,
    "wea_f1": 0.6844919919967651,
    "gpe_pr": 0.8500486612319946,
    "gpe_rec": 0.8917262554168701,
    "gpe_f1": 0.8703888058662415,
    "veh_pr": 0.5570470094680786,
    "veh_rec": 0.7757009267807007,
    "veh_f1": 0.6484375,
    "fac_pr": 0.625,
    "fac_rec": 0.698924720287323,
    "fac_f1": 0.6598984599113464,
    "loc_pr": 0.8020833134651184,
    "loc_rec": 0.5833333134651184,
    "loc_f1": 0.6754385828971863
  },
  "test_metrics_bounds": {
    "f1": 0.0,
    "pr": 0.0,
    "rec": 0.0,
    "ner_f1": 0.9188050031661987,
    "ner_pr": 0.9107820987701416,
    "ner_rec": 0.9269706606864929,
    "macro_f1": 0.0,
    "macro_pr": 0.0,
    "macro_rec": 0.0,
    "macro_ner_f1": 0.9188050031661987,
    "macro_ner_pr": 0.9107820987701416,
    "macro_ner_rec": 0.9269706606864929,
    "samples_per_s": 155.49352083143336,
    "samples_total_num": 2050,
    "samples_total_s": 13.183829069137573
  },
  "metrics": {
    "f1": [
      0.0,
      0.0,
      0.0,
      0.0,
      0.0,
      0.0,
      0.0,
      0.0,
      0.0,
      0.0,
      0.0,
      0.0,
      0.0,
      0.0,
      0.0,
      0.0,
      0.0,
      0.0,
      0.0,
      0.0
    ],
    "pr": [
      0.0,
      0.0,
      0.0,
      0.0,
      0.0,
      0.0,
      0.0,
      0.0,
      0.0,
      0.0,
      0.0,
      0.0,
      0.0,
      0.0,
      0.0,
      0.0,
      0.0,
      0.0,
      0.0,
      0.0
    ],
    "rec": [
      0.0,
      0.0,
      0.0,
      0.0,
      0.0,
      0.0,
      0.0,
      0.0,
      0.0,
      0.0,
      0.0,
      0.0,
      0.0,
      0.0,
      0.0,
      0.0,
      0.0,
      0.0,
      0.0,
      0.0
    ],
    "ner_f1": [
      0.6574920415878296,
      0.7815727591514587,
      0.7967807054519653,
      0.8120462894439697,
      0.8263394832611084,
      0.8210335373878479,
      0.8340134620666504,
      0.8359273672103882,
      0.8231865167617798,
      0.8439024686813354,
      0.8397871851921082,
      0.8410324454307556,
      0.8295491337776184,
      0.8374785780906677,
      0.843307614326477,
      0.8420271277427673,
      0.8427022695541382,
      0.8377290368080139,
      0.8356792330741882,
      0.8393687605857849
    ],
    "ner_pr": [
      0.7417773008346558,
      0.801332414150238,
      0.822429895401001,
      0.8242881298065186,
      0.8314403295516968,
      0.8338363766670227,
      0.8548744916915894,
      0.8334949612617493,
      0.819735586643219,
      0.8439024686813354,
      0.8456718921661377,
      0.8647998571395874,
      0.8394938111305237,
      0.8400130867958069,
      0.8588770627975464,
      0.8536340594291687,
      0.8650684952735901,
      0.8467032313346863,
      0.8565818667411804,
      0.8578947186470032
    ],
    "ner_rec": [
      0.5904064774513245,
      0.7627642154693604,
      0.7726829051971436,
      0.8001626133918762,
      0.8213008046150208,
      0.808617889881134,
      0.8141463398933411,
      0.8383739590644836,
      0.8266666531562805,
      0.8439024686813354,
      0.8339837193489075,
      0.8185365796089172,
      0.8198373913764954,
      0.8349593281745911,
      0.8282926678657532,
      0.8307316899299622,
      0.821463406085968,
      0.8289430737495422,
      0.8157723546028137,
      0.8216260075569153
    ],
    "macro_f1": [
      0.0,
      0.0,
      0.0,
      0.0,
      0.0,
      0.0,
      0.0,
      0.0,
      0.0,
      0.0,
      0.0,
      0.0,
      0.0,
      0.0,
      0.0,
      0.0,
      0.0,
      0.0,
      0.0,
      0.0
    ],
    "macro_pr": [
      0.0,
      0.0,
      0.0,
      0.0,
      0.0,
      0.0,
      0.0,
      0.0,
      0.0,
      0.0,
      0.0,
      0.0,
      0.0,
      0.0,
      0.0,
      0.0,
      0.0,
      0.0,
      0.0,
      0.0
    ],
    "macro_rec": [
      0.0,
      0.0,
      0.0,
      0.0,
      0.0,
      0.0,
      0.0,
      0.0,
      0.0,
      0.0,
      0.0,
      0.0,
      0.0,
      0.0,
      0.0,
      0.0,
      0.0,
      0.0,
      0.0,
      0.0
    ],
    "macro_ner_f1": [
      0.4417284429073334,
      0.6007220149040222,
      0.6357032656669617,
      0.6594256162643433,
      0.7039915919303894,
      0.7086114287376404,
      0.7283700108528137,
      0.7300536036491394,
      0.7255531549453735,
      0.7310157418251038,
      0.7385279536247253,
      0.7480291128158569,
      0.7338438630104065,
      0.7409124970436096,
      0.7540777325630188,
      0.75492924451828,
      0.7502352595329285,
      0.7449945211410522,
      0.7333618998527527,
      0.7363243103027344
    ],
    "macro_ner_pr": [
      0.6066527366638184,
      0.6461334824562073,
      0.7561396360397339,
      0.7340317368507385,
      0.7035417556762695,
      0.7496933937072754,
      0.795252799987793,
      0.7324248552322388,
      0.7632012963294983,
      0.7767013311386108,
      0.7597070932388306,
      0.8237539529800415,
      0.7693304419517517,
      0.7975533604621887,
      0.8016559481620789,
      0.7963906526565552,
      0.7942922711372375,
      0.7557160258293152,
      0.8164482116699219,
      0.7975918054580688
    ],
    "macro_ner_rec": [
      0.384552001953125,
      0.5814610719680786,
      0.5781896710395813,
      0.620585024356842,
      0.7063026428222656,
      0.6911135315895081,
      0.6777685880661011,
      0.7302616834640503,
      0.7055874466896057,
      0.709838330745697,
      0.7211372256278992,
      0.6936742663383484,
      0.715061604976654,
      0.7030977606773376,
      0.7167547345161438,
      0.7264047265052795,
      0.7161336541175842,
      0.7413069605827332,
      0.6791648864746094,
      0.6937852501869202
    ],
    "samples_per_s": [
      187.97368927990865,
      174.14341113752639,
      187.42972444113477,
      147.12025937141937,
      153.36751769778218,
      150.59541386916902,
      146.91858253473924,
      146.79613511777913,
      132.8241206408917,
      139.71035589197461,
      148.2735530200132,
      147.372128103121,
      150.7291076818534,
      149.5098351298019,
      142.33600334576454,
      152.2215578938023,
      143.13714935351751,
      143.48184562077267,
      147.37742836178992,
      161.95734261890308
    ],
    "samples_total_num": [
      2420,
      2420,
      2420,
      2420,
      2420,
      2420,
      2420,
      2420,
      2420,
      2420,
      2420,
      2420,
      2420,
      2420,
      2420,
      2420,
      2420,
      2420,
      2420,
      2420
    ],
    "samples_total_s": [
      12.874142169952393,
      13.896592378616333,
      12.911505937576294,
      16.44912815093994,
      15.779090881347656,
      16.069546461105347,
      16.471708059310913,
      16.485447645187378,
      18.219582319259644,
      17.321550607681274,
      16.321184396743774,
      16.42101550102234,
      16.055293083190918,
      16.18622612953186,
      17.002022981643677,
      15.897879600524902,
      16.906861782073975,
      16.86624526977539,
      16.420424938201904,
      14.942206144332886
    ],