{"test_metrics": {"Eval_Ent_Precision": 86.12897617377752, "Eval_Ent_Recall": 90.48575601150995, "Eval_Ent_F1": 88.253628982722, "Eval_Time": 66.74532461166382, "Eval_Examples": 2050, "Eval_Examples_Per_Second": 30.713761779229706, "seen_Eval_Ent_Precision": 71.16287153792356, "seen_Eval_Ent_Recall": 93.1725079457567, "seen_Eval_Ent_F1": 80.69380111138511, "seen_Eval_Time": 56.939916133880615, "seen_Eval_Examples": 2050, "seen_Eval_Examples_Per_Second": 36.002863003519614, "unseen_Eval_Ent_Precision": 14.966104653236187, "unseen_Eval_Ent_Recall": 79.5748613131703, "unseen_Eval_Ent_F1": 25.193855171795835, "unseen_Eval_Time": 57.347922801971436, "unseen_Eval_Examples": 2050, "unseen_Eval_Examples_Per_Second": 35.74671757648261}}