{"test_metrics": {"Eval_Ent_Precision": 84.54627127664641, "Eval_Ent_Recall": 87.21037991249234, "Eval_Ent_F1": 85.85766416814295, "Eval_Time": 8.719034194946289, "Eval_Examples": 288, "Eval_Examples_Per_Second": 33.03118138554039, "seen_Eval_Ent_Precision": 31.356693654345563, "seen_Eval_Ent_Recall": 96.14325043447245, "seen_Eval_Ent_F1": 47.28997290707324, "seen_Eval_Time": 8.534203290939331, "seen_Eval_Examples": 288, "seen_Eval_Examples_Per_Second": 33.74655960044524, "unseen_Eval_Ent_Precision": 53.18957771214811, "unseen_Eval_Ent_Recall": 82.68156415452077, "unseen_Eval_Ent_F1": 64.73482774251539, "unseen_Eval_Time": 8.771552324295044, "unseen_Eval_Examples": 288, "unseen_Eval_Examples_Per_Second": 32.83341298692488}}