{"test_metrics": {"seen__f1": 0.0, "seen__pr": 0.0, "seen__rec": 0.0, "seen__ner_f1": 0.8239459991455078, "seen__ner_pr": 0.7366442680358887, "seen__ner_rec": 0.9347225427627563, "seen__macro_f1": 0.0, "seen__macro_pr": 0.0, "seen__macro_rec": 0.0, "seen__macro_ner_f1": 0.7007408142089844, "seen__macro_ner_pr": 0.5912224650382996, "seen__macro_ner_rec": 0.8897838592529297, "seen__samples_per_s": 558.4227033836349, "seen__samples_total_num": 4630, "seen__samples_total_s": 8.291210174560547, "seen__organization_pr": 0.5289421081542969, "seen__organization_rec": 0.8153846263885498, "seen__organization_f1": 0.6416464447975159, "seen__location_pr": 0.8083385229110718, "seen__location_rec": 0.9429442286491394, "seen__location_f1": 0.8704683780670166, "seen__person_pr": 0.43638676404953003, "seen__person_rec": 0.9110226035118103, "seen__person_f1": 0.5901075601577759, "unseen__f1": 0.0, "unseen__pr": 0.0, "unseen__rec": 0.0, "unseen__ner_f1": 0.5314844846725464, "unseen__ner_pr": 0.4185533821582794, "unseen__ner_rec": 0.7278745770454407, "unseen__macro_f1": 0.0, "unseen__macro_pr": 0.0, "unseen__macro_rec": 0.0, "unseen__macro_ner_f1": 0.569638192653656, "unseen__macro_ner_pr": 0.535334587097168, "unseen__macro_ner_rec": 0.684695303440094, "unseen__samples_per_s": 582.6105421094105, "unseen__samples_total_num": 2293, "unseen__samples_total_s": 3.9357337951660156, "unseen__organization_pr": 0.548235297203064, "unseen__organization_rec": 0.5381062626838684, "unseen__organization_f1": 0.5431234836578369, "unseen__location_pr": 0.30113959312438965, "unseen__location_rec": 0.8193798661231995, "unseen__location_f1": 0.44041669368743896, "unseen__person_pr": 0.7566288113594055, "unseen__person_rec": 0.6965998411178589, "unseen__person_f1": 0.7253744602203369}, "test_metrics_bounds": {"seen__f1": 0.0, "seen__pr": 0.0, "seen__rec": 0.0, "seen__ner_f1": 0.8291468620300293, "seen__ner_pr": 0.7412940263748169, "seen__ner_rec": 0.9406226277351379, "seen__macro_f1": 0.0, "seen__macro_pr": 0.0, "seen__macro_rec": 0.0, "seen__macro_ner_f1": 0.8291468620300293, "seen__macro_ner_pr": 0.7412940263748169, "seen__macro_ner_rec": 0.9406226277351379, "seen__samples_per_s": 558.4227033836349, "seen__samples_total_num": 4630, "seen__samples_total_s": 8.291210174560547, "unseen__f1": 0.0, "unseen__pr": 0.0, "unseen__rec": 0.0, "unseen__ner_f1": 0.5686299204826355, "unseen__ner_pr": 0.44780606031417847, "unseen__ner_rec": 0.7787456512451172, "unseen__macro_f1": 0.0, "unseen__macro_pr": 0.0, "unseen__macro_rec": 0.0, "unseen__macro_ner_f1": 0.5686299204826355, "unseen__macro_ner_pr": 0.44780606031417847, "unseen__macro_ner_rec": 0.7787456512451172, "unseen__samples_per_s": 582.6105421094105, "unseen__samples_total_num": 2293, "unseen__samples_total_s": 3.9357337951660156}}