{"test_metrics": {"f1": 0.0, "pr": 0.0, "rec": 0.0, "ner_f1": 0.8788018822669983, "ner_pr": 0.8776693940162659, "ner_rec": 0.8799372315406799, "macro_f1": 0.0, "macro_pr": 0.0, "macro_rec": 0.0, "macro_ner_f1": 0.8011638522148132, "macro_ner_pr": 0.8167896270751953, "macro_ner_rec": 0.7873414158821106, "samples_per_s": 236.15401391230316, "samples_total_num": 5000, "samples_total_s": 21.1726233959198, "organization_pr": 0.7388724088668823, "organization_rec": 0.6569920778274536, "organization_f1": 0.6955307126045227, "location_pr": 0.904431164264679, "location_rec": 0.923453152179718, "location_f1": 0.9138432145118713, "person_pr": 0.8070651888847351, "person_rec": 0.7815789580345154, "person_f1": 0.7941176295280457}, "test_metrics_bounds": {"f1": 0.0, "pr": 0.0, "rec": 0.0, "ner_f1": 0.8965898752212524, "ner_pr": 0.8954344391822815, "ner_rec": 0.8977482318878174, "macro_f1": 0.0, "macro_pr": 0.0, "macro_rec": 0.0, "macro_ner_f1": 0.8965898752212524, "macro_ner_pr": 0.8954344391822815, "macro_ner_rec": 0.8977482318878174, "samples_per_s": 236.15401391230316, "samples_total_num": 5000, "samples_total_s": 21.1726233959198}, "metrics": {"f1": [0.0, 0.0, 0.0, 0.0, 0.0, 0.0, 0.0, 0.0], "pr": [0.0, 0.0, 0.0, 0.0, 0.0, 0.0, 0.0, 0.0], "rec": [0.0, 0.0, 0.0, 0.0, 0.0, 0.0, 0.0, 0.0], "ner_f1": [0.7966768741607666, 0.850659191608429, 0.8638468980789185, 0.861122727394104, 0.8690125346183777, 0.8778892755508423, 0.8703227639198303, 0.8688247799873352], "ner_pr": [0.7577773928642273, 0.8008463978767395, 0.8354288935661316, 0.8675273656845093, 0.8562226295471191, 0.8770009279251099, 0.8658758997917175, 0.8820288777351379], "ner_rec": [0.8397861123085022, 0.9070796370506287, 0.8942662477493286, 0.85481196641922, 0.8821902871131897, 0.8787794709205627, 0.8748156428337097, 0.8560103178024292], "macro_f1": [0.0, 0.0, 0.0, 0.0, 0.0, 0.0, 0.0, 0.0], "macro_pr": [0.0, 0.0, 0.0, 0.0, 0.0, 0.0, 0.0, 0.0], "macro_rec": [0.0, 0.0, 0.0, 0.0, 0.0, 0.0, 0.0, 0.0], "macro_ner_f1": [0.6894790530204773, 0.7695276141166687, 0.7786280512809753, 0.7730982303619385, 0.7879738807678223, 0.8055320382118225, 0.7927119731903076, 0.7773355841636658], "macro_ner_pr": [0.6393763422966003, 0.7232871055603027, 0.795748770236969, 0.8042559623718262, 0.7779102921485901, 0.8249163627624512, 0.7804028391838074, 0.8489387631416321], "macro_ner_rec": [0.7548606395721436, 0.8303236365318298, 0.7709910869598389, 0.7555851936340332, 0.7996848225593567, 0.7886074185371399, 0.8060853481292725, 0.725649893283844], "samples_per_s": [228.08645797017655, 230.7558380654199, 231.61439168939884, 235.2113612334653, 235.534731616395, 229.55000787276475, 229.02812488683205, 241.72766620439745], "samples_total_num": [5000, 5000, 5000, 5000, 5000, 5000, 5000, 5000], "samples_total_s": [21.92151188850403, 21.667924165725708, 21.587604999542236, 21.257476568222046, 21.228291749954224, 21.78174614906311, 21.831379890441895, 20.684434175491333], "organization_pr": [0.5060505867004395, 0.6826424598693848, 0.6800535321235657, 0.7801801562309265, 0.6934604644775391, 0.7715133428573608, 0.6536642909049988, 0.7861163020133972], "organization_rec": [0.5981794595718384, 0.6853055953979492, 0.6605981588363647, 0.5630689263343811, 0.6618985533714294, 0.6762028336524963, 0.7191157341003418, 0.5448634624481201], "organization_f1": [0.5482717752456665, 0.6839714646339417, 0.6701846718788147, 0.6540785431861877, 0.6773119568824768, 0.720720648765564, 0.6848297119140625, 0.6436251401901245], "location_pr": [0.8455612063407898, 0.8651215434074402, 0.8431981205940247, 0.9138665795326233, 0.9000720381736755, 0.9020310640335083, 0.9083904027938843, 0.8902468085289001], "location_rec": [0.8735153675079346, 0.9369413256645203, 0.964613676071167, 0.8924942016601562, 0.9175952076911926, 0.9244520664215088, 0.909391462802887, 0.9186971783638], "location_f1": [0.8593109250068665, 0.8996003270149231, 0.8998287320137024, 0.9030539393424988, 0.9087491631507874, 0.9131039381027222, 0.9088906049728394, 0.9042482376098633], "person_pr": [0.566517174243927, 0.622097373008728, 0.8639947175979614, 0.7187210321426392, 0.7401983737945557, 0.8012048006057739, 0.7791537642478943, 0.8704531192779541], "person_rec": [0.7928870320320129, 0.8687238693237305, 0.6877614855766296, 0.8111924529075623, 0.8195606470108032, 0.7651673555374146, 0.7897489666938782, 0.7133890986442566], "person_f1": [0.6608543992042542, 0.7250109314918518, 0.7658707499504089, 0.7621622085571289, 0.7778605222702026, 0.7827715277671814, 0.784415602684021, 0.7841333150863647]}}