{"test_metrics": {"unseen__f1": 0.0, "unseen__pr": 0.0, "unseen__rec": 0.0, "unseen__ner_f1": 0.7709320783615112, "unseen__ner_pr": 0.6958174705505371, "unseen__ner_rec": 0.8642266988754272, "unseen__macro_f1": 0.0, "unseen__macro_pr": 0.0, "unseen__macro_rec": 0.0, "unseen__macro_ner_f1": 0.7369892001152039, "unseen__macro_ner_pr": 0.677184522151947, "unseen__macro_ner_rec": 0.8144938945770264, "unseen__samples_per_s": 317.50253740836297, "unseen__samples_total_num": 276, "unseen__samples_total_s": 0.8692843914031982, "unseen__loc_pr": 0.6767441630363464, "unseen__loc_rec": 0.9356912970542908, "unseen__loc_f1": 0.7854251265525818, "unseen__org_pr": 0.7099999785423279, "unseen__org_rec": 0.8160919547080994, "unseen__org_f1": 0.759358286857605, "unseen__peop_pr": 0.7654722929000854, "unseen__peop_rec": 0.9591836929321289, "unseen__peop_f1": 0.8514493107795715, "unseen__other_pr": 0.5565217137336731, "unseen__other_rec": 0.5470085740089417, "unseen__other_f1": 0.5517241358757019, "seen__f1": 0.0, "seen__pr": 0.0, "seen__rec": 0.0, "seen__ner_f1": 0.5240641236305237, "seen__ner_pr": 0.36567163467407227, "seen__ner_rec": 0.9245283007621765, "seen__macro_f1": 0.0, "seen__macro_pr": 0.0, "seen__macro_rec": 0.0, "seen__macro_ner_f1": 0.4526202976703644, "seen__macro_ner_pr": 0.31180620193481445, "seen__macro_ner_rec": 0.8707870244979858, "seen__samples_per_s": 528.3303183499123, "seen__samples_total_num": 134, "seen__samples_total_s": 0.253629207611084, "seen__loc_pr": 0.4714285731315613, "seen__loc_rec": 0.9611650705337524, "seen__loc_f1": 0.6325879096984863, "seen__org_pr": 0.23376622796058655, "seen__org_rec": 0.8571428656578064, "seen__org_f1": 0.3673469126224518, "seen__peop_pr": 0.3617021143436432, "seen__peop_rec": 0.931506872177124, "seen__peop_f1": 0.5210728049278259, "seen__other_pr": 0.1803278625011444, "seen__other_rec": 0.7333333492279053, "seen__other_f1": 0.28947365283966064}, "test_metrics_bounds": {"unseen__f1": 0.0, "unseen__pr": 0.0, "unseen__rec": 0.0, "unseen__ner_f1": 0.7966279983520508, "unseen__ner_pr": 0.7193149328231812, "unseen__ner_rec": 0.8925619721412659, "unseen__macro_f1": 0.0, "unseen__macro_pr": 0.0, "unseen__macro_rec": 0.0, "unseen__macro_ner_f1": 0.7966279983520508, "unseen__macro_ner_pr": 0.7193149328231812, "unseen__macro_ner_rec": 0.8925619721412659, "unseen__samples_per_s": 317.50253740836297, "unseen__samples_total_num": 276, "unseen__samples_total_s": 0.8692843914031982, "seen__f1": 0.0, "seen__pr": 0.0, "seen__rec": 0.0, "seen__ner_f1": 0.5301204919815063, "seen__ner_pr": 0.3700934648513794, "seen__ner_rec": 0.9339622855186462, "seen__macro_f1": 0.0, "seen__macro_pr": 0.0, "seen__macro_rec": 0.0, "seen__macro_ner_f1": 0.5301204919815063, "seen__macro_ner_pr": 0.3700934648513794, "seen__macro_ner_rec": 0.9339622855186462, "seen__samples_per_s": 528.3303183499123, "seen__samples_total_num": 134, "seen__samples_total_s": 0.253629207611084}}