{"test_metrics": {"f1": 0.0, "pr": 0.0, "rec": 0.0, "ner_f1": 0.8791958689689636, "ner_pr": 0.8646027445793152, "ner_rec": 0.8942901492118835, "macro_f1": 0.0, "macro_pr": 0.0, "macro_rec": 0.0, "macro_ner_f1": 0.808212399482727, "macro_ner_pr": 0.7904027700424194, "macro_ner_rec": 0.8293666839599609, "samples_per_s": 153.51392722302904, "samples_total_num": 2050, "samples_total_s": 13.353837251663208, "per_pr": 0.9138354063034058, "per_rec": 0.9411976933479309, "per_f1": 0.9273147583007812, "org_pr": 0.8074533939361572, "org_rec": 0.8024691343307495, "org_f1": 0.8049535751342773, "wea_pr": 0.7027027010917664, "wea_rec": 0.7428571581840515, "wea_f1": 0.7222222089767456, "gpe_pr": 0.8549618124961853, "gpe_rec": 0.9152196049690247, "gpe_f1": 0.8840650916099548, "veh_pr": 0.8425925970077515, "veh_rec": 0.8504672646522522, "veh_f1": 0.8465116024017334, "fac_pr": 0.7546468377113342, "fac_rec": 0.7275985479354858, "fac_f1": 0.7408758997917175, "loc_pr": 0.6566265225410461, "loc_rec": 0.8257575631141663, "loc_f1": 0.7315436601638794}, "test_metrics_bounds": {"f1": 0.0, "pr": 0.0, "rec": 0.0, "ner_f1": 0.939042866230011, "ner_pr": 0.9232636094093323, "ner_rec": 0.9553709626197815, "macro_f1": 0.0, "macro_pr": 0.0, "macro_rec": 0.0, "macro_ner_f1": 0.939042866230011, "macro_ner_pr": 0.9232636094093323, "macro_ner_rec": 0.9553709626197815, "samples_per_s": 153.51392722302904, "samples_total_num": 2050, "samples_total_s": 13.353837251663208}, "metrics": {"f1": [0.0, 0.0, 0.0, 0.0, 0.0, 0.0, 0.0, 0.0, 0.0, 0.0, 0.0, 0.0, 0.0, 0.0, 0.0, 0.0, 0.0, 0.0, 0.0, 0.0, 0.0, 0.0, 0.0, 0.0, 0.0], "pr": [0.0, 0.0, 0.0, 0.0, 0.0, 0.0, 0.0, 0.0, 0.0, 0.0, 0.0, 0.0, 0.0, 0.0, 0.0, 0.0, 0.0, 0.0, 0.0, 0.0, 0.0, 0.0, 0.0, 0.0, 0.0], "rec": [0.0, 0.0, 0.0, 0.0, 0.0, 0.0, 0.0, 0.0, 0.0, 0.0, 0.0, 0.0, 0.0, 0.0, 0.0, 0.0, 0.0, 0.0, 0.0, 0.0, 0.0, 0.0, 0.0, 0.0, 0.0], "ner_f1": [0.818791925907135, 0.8499720692634583, 0.8597351908683777, 0.8558615446090698, 0.8630192875862122, 0.8655415177345276, 0.8623661398887634, 0.8723610043525696, 0.8684942126274109, 0.8586636781692505, 0.8663691878318787, 0.8634332418441772, 0.8620495796203613, 0.8676662445068359, 0.8746247291564941, 0.8740729093551636, 0.874250590801239, 0.8737723231315613, 0.8716500401496887, 0.875333309173584, 0.8749092221260071, 0.8748694062232971, 0.8745882511138916, 0.8755634427070618, 0.8752516508102417], "ner_pr": [0.8143799304962158, 0.8333072662353516, 0.8643984198570251, 0.8291158676147461, 0.8629491329193115, 0.8440735340118408, 0.854316234588623, 0.8646965026855469, 0.8492618203163147, 0.8395215272903442, 0.8646153807640076, 0.8628023862838745, 0.8510537147521973, 0.8696504235267639, 0.8729953169822693, 0.8668052554130554, 0.8712855577468872, 0.8652742505073547, 0.8655017614364624, 0.8699213266372681, 0.8679788708686829, 0.8649292588233948, 0.8643798828125, 0.8669110536575317, 0.8670815229415894], "ner_rec": [0.8232520222663879, 0.8673170804977417, 0.8551219701766968, 0.8843902349472046, 0.8630894422531128, 0.8881300687789917, 0.870569109916687, 0.8801625967025757, 0.8886178731918335, 0.8786991834640503, 0.868130087852478, 0.8640650510787964, 0.8733333349227905, 0.865691065788269, 0.8762601613998413, 0.8814634084701538, 0.8772357702255249, 0.8824390172958374, 0.877886176109314, 0.8808130025863647, 0.8819512128829956, 0.8850406408309937, 0.8850406408309937, 0.8843902349472046, 0.8835772275924683], "macro_f1": [0.0, 0.0, 0.0, 0.0, 0.0, 0.0, 0.0, 0.0, 0.0, 0.0, 0.0, 0.0, 0.0, 0.0, 0.0, 0.0, 0.0, 0.0, 0.0, 0.0, 0.0, 0.0, 0.0, 0.0, 0.0], "macro_pr": [0.0, 0.0, 0.0, 0.0, 0.0, 0.0, 0.0, 0.0, 0.0, 0.0, 0.0, 0.0, 0.0, 0.0, 0.0, 0.0, 0.0, 0.0, 0.0, 0.0, 0.0, 0.0, 0.0, 0.0, 0.0], "macro_rec": [0.0, 0.0, 0.0, 0.0, 0.0, 0.0, 0.0, 0.0, 0.0, 0.0, 0.0, 0.0, 0.0, 0.0, 0.0, 0.0, 0.0, 0.0, 0.0, 0.0, 0.0, 0.0, 0.0, 0.0, 0.0], "macro_ner_f1": [0.5907302498817444, 0.7525345683097839, 0.7892075777053833, 0.7869046926498413, 0.7951062917709351, 0.7871857285499573, 0.796296238899231, 0.8054248690605164, 0.7964572906494141, 0.7808017134666443, 0.7979127764701843, 0.7850770354270935, 0.7861428260803223, 0.8018141388893127, 0.8054499626159668, 0.804810106754303, 0.8083353042602539, 0.8091168403625488, 0.7987586855888367, 0.81407630443573, 0.8169204592704773, 0.811557412147522, 0.8122305870056152, 0.8148918151855469, 0.8116516470909119], "macro_ner_pr": [0.6568920016288757, 0.7595397233963013, 0.8025299906730652, 0.7542245984077454, 0.8217656016349792, 0.7634549140930176, 0.8118258118629456, 0.8148421049118042, 0.7657638192176819, 0.7518467307090759, 0.8144343495368958, 0.8048988580703735, 0.7691695094108582, 0.8205642104148865, 0.8039251565933228, 0.8278956413269043, 0.8252485990524292, 0.8083515763282776, 0.782009482383728, 0.8204054236412048, 0.8182942271232605, 0.810026228427887, 0.8016665577888489, 0.8102802038192749, 0.806590735912323], "macro_ner_rec": [0.6276172995567322, 0.7647613286972046, 0.7795499563217163, 0.8292075395584106, 0.7721644043922424, 0.8171330690383911, 0.786738932132721, 0.7985205054283142, 0.8318806886672974, 0.822769820690155, 0.7848846316337585, 0.7758463025093079, 0.806368887424469, 0.7871168851852417, 0.8079174160957336, 0.7860919237136841, 0.794512152671814, 0.812853991985321, 0.8197792768478394, 0.8090824484825134, 0.8171896934509277, 0.8151634335517883, 0.8237091898918152, 0.8202643990516663, 0.8174611330032349], "samples_per_s": [166.9200785227989, 162.40651191793663, 170.9814248211071, 157.46687932983025, 170.59867264615474, 161.7768129248862, 158.7094093869758, 174.5996678961261, 197.16234214017757, 189.6365169321073, 199.48348984920844, 208.08363086781063, 202.17126286792745, 195.52409360423653, 213.2340015923935, 227.61369712898443, 227.83747259583095, 190.89355676093655, 131.09280319548643, 132.89950375332302, 132.1047782337183, 146.07937309534174, 155.35884214173487, 158.84650156152182, 158.66534609882248], "samples_total_num": [2420, 2420, 2420, 2420, 2420, 2420, 2420, 2420, 2420, 2420, 2420, 2420, 2420, 2420, 2420, 2420, 2420, 2420, 2420, 2420, 2420, 2420, 2420, 2420, 2420], "samples_total_s": [14.497956275939941, 14.900880336761475, 14.153584241867065, 15.368311166763306, 14.185338973999023, 14.958880424499512, 15.247993230819702, 13.860278367996216, 12.274149179458618, 12.761255264282227, 12.131329774856567, 11.629939317703247, 11.970049381256104, 12.376991271972656, 11.349034309387207, 10.632049083709717, 10.621606588363647, 12.67722201347351, 18.46020483970642, 18.209247827529907, 18.31879234313965, 16.566336154937744, 15.576841115951538, 15.234833478927612, 15.252227783203125], "per_pr": [0.8989280462265015, 0.8738636374473572, 0.9351316690444946, 0.9036544561386108, 0.897723913192749, 0.890474796295166, 0.9189189076423645, 0.9122965931892395, 0.9028723835945129, 0.9164354205131531, 0.9178166389465332, 0.9060624241828918, 0.9035820960998535, 0.9175638556480408, 0.9131491184234619, 0.8897206783294678, 0.9038976430892944, 0.907157838344574, 0.9155272245407104, 0.9142512083053589, 0.9169455170631409, 0.9064083695411682, 0.912243664264679, 0.9137409329414368, 0.9126888513565063], "per_rec": [0.8888552188873291, 0.9315566420555115, 0.8818897604942322, 0.9061174988746643, 0.9197456240653992, 0.9258025288581848, 0.8958207368850708, 0.9167171120643616, 0.9233797788619995, 0.9000605940818787, 0.9064203500747681, 0.9142943620681763, 0.9167171120643616, 0.9033918976783752, 0.9106602072715759, 0.9357964992523193, 0.9200484752655029, 0.9173228144645691, 0.9124773144721985, 0.9170199632644653, 0.9127801060676575, 0.9209569692611694, 0.9161114692687988, 0.9142943620681763, 0.9149000644683838],