{"test_metrics": {"unseen__f1": 0.0, "unseen__pr": 0.0, "unseen__rec": 0.0, "unseen__ner_f1": 0.27362266182899475, "unseen__ner_pr": 0.16579633951187134, "unseen__ner_rec": 0.7825704216957092, "unseen__macro_f1": 0.0, "unseen__macro_pr": 0.0, "unseen__macro_rec": 0.0, "unseen__macro_ner_f1": 0.24313250184059143, "unseen__macro_ner_pr": 0.15295962989330292, "unseen__macro_ner_rec": 0.6386661529541016, "unseen__samples_per_s": 469.90343896490907, "unseen__samples_total_num": 2050, "unseen__samples_total_s": 4.362598419189453, "unseen__per_pr": 0.17162872850894928, "unseen__per_rec": 0.8941605687141418, "unseen__per_f1": 0.28798121213912964, "unseen__org_pr": 0.2322981357574463, "unseen__org_rec": 0.7056604027748108, "unseen__org_f1": 0.34953269362449646, "unseen__wea_pr": 0.09009008854627609, "unseen__wea_rec": 0.3333333432674408, "unseen__wea_f1": 0.1418439745903015, "unseen__gpe_pr": 0.10591603070497513, "unseen__gpe_rec": 0.798561155796051, "unseen__gpe_f1": 0.18702611327171326, "unseen__veh_pr": 0.14814814925193787, "unseen__veh_rec": 0.5714285969734192, "unseen__veh_f1": 0.2352941334247589, "unseen__fac_pr": 0.20817844569683075, "unseen__fac_rec": 0.6086956262588501, "unseen__fac_f1": 0.31024932861328125, "unseen__loc_pr": 0.11445783078670502, "unseen__loc_rec": 0.5588235259056091, "unseen__loc_f1": 0.1899999976158142, "seen__f1": 0.0, "seen__pr": 0.0, "seen__rec": 0.0, "seen__ner_f1": 0.7961742877960205, "seen__ner_pr": 0.6986199021339417, "seen__ner_rec": 0.9253952503204346, "seen__macro_f1": 0.0, "seen__macro_pr": 0.0, "seen__macro_rec": 0.0, "seen__macro_ner_f1": 0.7439144253730774, "seen__macro_ner_pr": 0.6369120478630066, "seen__macro_ner_rec": 0.8988575339317322, "seen__samples_per_s": 510.27697657241356, "seen__samples_total_num": 2050, "seen__samples_total_s": 4.017426013946533, "seen__per_pr": 0.7422066330909729, "seen__per_rec": 0.9527877569198608, "seen__per_f1": 0.8344162106513977, "seen__org_pr": 0.5751552581787109, "seen__org_rec": 0.8495413064956665, "seen__org_f1": 0.6859259009361267, "seen__wea_pr": 0.6126126050949097, "seen__wea_rec": 0.9066666960716248, "seen__wea_f1": 0.7311828136444092, "seen__gpe_pr": 0.7490457892417908, "seen__gpe_rec": 0.9345238208770752, "seen__gpe_f1": 0.8315677642822266, "seen__veh_pr": 0.6944444179534912, "seen__veh_rec": 0.949367105960846, "seen__veh_f1": 0.8021390438079834, "seen__fac_pr": 0.5427509546279907, "seen__fac_rec": 0.7807486653327942, "seen__fac_f1": 0.6403508186340332, "seen__loc_pr": 0.5421686768531799, "seen__loc_rec": 0.918367326259613, "seen__loc_f1": 0.6818181872367859}, "test_metrics_bounds": {"unseen__f1": 0.0, "unseen__pr": 0.0, "unseen__rec": 0.0, "unseen__ner_f1": 0.3049907386302948, "unseen__ner_pr": 0.1848394274711609, "unseen__ner_rec": 0.8714788556098938, "unseen__macro_f1": 0.0, "unseen__macro_pr": 0.0, "unseen__macro_rec": 0.0, "unseen__macro_ner_f1": 0.3049907386302948, "unseen__macro_ner_pr": 0.1848394274711609, "unseen__macro_ner_rec": 0.8714788556098938, "unseen__samples_per_s": 469.90343896490907, "unseen__samples_total_num": 2050, "unseen__samples_total_s": 4.362598419189453, "seen__f1": 0.0, "seen__pr": 0.0, "seen__rec": 0.0, "seen__ner_f1": 0.8417580127716064, "seen__ner_pr": 0.7384241819381714, "seen__ner_rec": 0.9787181615829468, "seen__macro_f1": 0.0, "seen__macro_pr": 0.0, "seen__macro_rec": 0.0, "seen__macro_ner_f1": 0.8417580127716064, "seen__macro_ner_pr": 0.7384241819381714, "seen__macro_ner_rec": 0.9787181615829468, "seen__samples_per_s": 510.27697657241356, "seen__samples_total_num": 2050, "seen__samples_total_s": 4.017426013946533}}