{"test_metrics": {"Eval_Ent_Precision": 80.75506440008276, "Eval_Ent_Recall": 81.27896194387588, "Eval_Ent_F1": 81.0161662244505, "Eval_Time": 8.409705400466919, "Eval_Examples": 288, "Eval_Examples_Per_Second": 34.24614612350271, "seen_Eval_Ent_Precision": 9.208103113797232e-08, "seen_Eval_Ent_Recall": 50.0, "seen_Eval_Ent_F1": 1.84162061936788e-07, "seen_Eval_Time": 8.402878284454346, "seen_Eval_Examples": 288, "seen_Eval_Examples_Per_Second": 34.27397021004235, "unseen_Eval_Ent_Precision": 80.75506440008276, "unseen_Eval_Ent_Recall": 81.27896194387588, "unseen_Eval_Ent_F1": 81.0161662244505, "unseen_Eval_Time": 8.524787425994873, "unseen_Eval_Examples": 288, "unseen_Eval_Examples_Per_Second": 33.783833614641644}}