{"test_metrics": {"unseen_ner_prec_micro": 44.883485309017225, "unseen_ner_rec_micro": 53.437876960193, "unseen_ner_f1_micro": 48.78854625550661, "unseen_ner_prec_macro": 41.12252877871609, "unseen_ner_rec_macro": 48.14873923511068, "unseen_ner_f1_macro": 44.136853952281854, "unseen_loc_prec_micro": 55.89189189189189, "unseen_loc_rec_micro": 62.364294330518696, "unseen_loc_f1_micro": 58.95096921322691, "unseen_loc_prec_macro": 55.89189189189189, "unseen_loc_rec_macro": 62.364294330518696, "unseen_loc_f1_macro": 58.95096921322691, "unseen_cls_prec_micro": 79.10714285714285, "unseen_cls_rec_micro": 53.437876960193, "unseen_cls_f1_micro": 63.78689704823615, "unseen_cls_prec_macro": 71.7948310437533, "unseen_cls_rec_macro": 48.14873923511068, "unseen_cls_f1_macro": 57.50060333123525, "unseen_epoch": 0.0, "unseen_iteration": 0.0, "unseen_global_iteration": 0.0, "seen_ner_prec_micro": 17.15736040609137, "seen_ner_rec_micro": 67.60000000000001, "seen_ner_f1_micro": 27.368421052631582, "seen_ner_prec_macro": 14.153244641185347, "seen_ner_rec_macro": 61.61688229325216, "seen_ner_f1_macro": 22.67857728660542, "seen_loc_prec_micro": 21.0239651416122, "seen_loc_rec_micro": 77.2, "seen_loc_f1_micro": 33.04794520547945, "seen_loc_prec_macro": 21.0239651416122, "seen_loc_rec_macro": 77.2, "seen_loc_f1_macro": 33.04794520547945, "seen_cls_prec_micro": 81.25, "seen_cls_rec_micro": 67.60000000000001, "seen_cls_f1_micro": 73.7991266375546, "seen_cls_prec_macro": 67.33811776915226, "seen_cls_rec_macro": 61.61688229325216, "seen_cls_f1_macro": 63.45131316559888, "seen_epoch": 0.0, "seen_iteration": 0.0, "seen_global_iteration": 0.0, "ner_prec_micro": 62.89500509683996, "ner_rec_micro": 57.182576459684896, "ner_f1_micro": 59.90291262135923, "ner_prec_macro": 56.15091217454331, "ner_rec_macro": 50.741577719898544, "ner_f1_macro": 53.235643456711735, "loc_prec_micro": 77.19869706840392, "loc_rec_micro": 65.89434661723818, "loc_f1_micro": 71.1, "loc_prec_macro": 77.19869706840392, "loc_rec_macro": 65.89434661723818, "loc_f1_macro": 71.1, "cls_prec_micro": 80.65359477124183, "cls_rec_micro": 57.182576459684896, "cls_f1_micro": 66.91973969631236, "cls_prec_macro": 71.90016866961838, "cls_rec_macro": 50.741577719898544, "cls_f1_macro": 59.40241809634815, "epoch": 0.0, "iteration": 0.0, "global_iteration": 0.0}}