{"test_metrics": {"unseen__f1": 0.0, "unseen__pr": 0.0, "unseen__rec": 0.0, "unseen__ner_f1": 0.5635957717895508, "unseen__ner_pr": 0.5098039507865906, "unseen__ner_rec": 0.6300783753395081, "unseen__macro_f1": 0.0, "unseen__macro_pr": 0.0, "unseen__macro_rec": 0.0, "unseen__macro_ner_f1": 0.5152093768119812, "unseen__macro_ner_pr": 0.48496654629707336, "unseen__macro_ner_rec": 0.5849282145500183, "unseen__samples_per_s": 288.379923501572, "unseen__samples_total_num": 515, "unseen__samples_total_s": 1.7858386039733887, "unseen__task_pr": 0.5333333611488342, "unseen__task_rec": 0.6451612710952759, "unseen__task_f1": 0.5839415788650513, "unseen__method_pr": 0.7283950448036194, "unseen__method_rec": 0.7142857313156128, "unseen__method_f1": 0.7212713956832886, "unseen__material_pr": 0.5815602540969849, "unseen__material_rec": 0.5942028760910034, "unseen__material_f1": 0.5878136157989502, "unseen__otherscientificterm_pr": 0.5115044116973877, "unseen__otherscientificterm_rec": 0.5983436703681946, "unseen__otherscientificterm_f1": 0.5515267252922058, "unseen__metric_pr": 0.4333333373069763, "unseen__metric_rec": 0.4727272689342499, "unseen__metric_f1": 0.4521739184856415, "unseen__generic_pr": 0.12167300283908844, "unseen__generic_rec": 0.4848484992980957, "unseen__generic_f1": 0.19452889263629913, "seen__f1": 0.0, "seen__pr": 0.0, "seen__rec": 0.0, "seen__ner_f1": 0.3841298222541809, "seen__ner_pr": 0.25387364625930786, "seen__ner_rec": 0.7888888716697693, "seen__macro_f1": 0.0, "seen__macro_pr": 0.0, "seen__macro_rec": 0.0, "seen__macro_ner_f1": 0.29895198345184326, "seen__macro_ner_pr": 0.2332584261894226, "seen__macro_ner_rec": 0.6684988141059875, "seen__samples_per_s": 354.8625243098814, "seen__samples_total_num": 222, "seen__samples_total_s": 0.6255943775177002, "seen__task_pr": 0.08870967477560043, "seen__task_rec": 0.7857142686843872, "seen__task_f1": 0.15942029654979706, "seen__method_pr": 0.042944785207509995, "seen__method_rec": 0.5833333134651184, "seen__method_f1": 0.07999999821186066, "seen__material_pr": 0.13698630034923553, "seen__material_rec": 0.5, "seen__material_f1": 0.2150537520647049, "seen__otherscientificterm_pr": 0.09600000083446503, "seen__otherscientificterm_rec": 0.7058823704719543, "seen__otherscientificterm_f1": 0.1690140813589096, "seen__metric_pr": 0.2432432472705841, "seen__metric_rec": 0.5625, "seen__metric_f1": 0.3396226465702057, "seen__generic_pr": 0.7916666865348816, "seen__generic_rec": 0.8735632300376892, "seen__generic_f1": 0.8306010961532593}, "test_metrics_bounds": {"unseen__f1": 0.0, "unseen__pr": 0.0, "unseen__rec": 0.0, "unseen__ner_f1": 0.7166560888290405, "unseen__ner_pr": 0.6487579345703125, "unseen__ner_rec": 0.8004276752471924, "unseen__macro_f1": 0.0, "unseen__macro_pr": 0.0, "unseen__macro_rec": 0.0, "unseen__macro_ner_f1": 0.7166560888290405, "unseen__macro_ner_pr": 0.6487579345703125, "unseen__macro_ner_rec": 0.8004276752471924, "unseen__samples_per_s": 288.379923501572, "unseen__samples_total_num": 515, "unseen__samples_total_s": 1.7858386039733887, "seen__f1": 0.0, "seen__pr": 0.0, "seen__rec": 0.0, "seen__ner_f1": 0.41335737705230713, "seen__ner_pr": 0.2732696831226349, "seen__ner_rec": 0.8481481671333313, "seen__macro_f1": 0.0, "seen__macro_pr": 0.0, "seen__macro_rec": 0.0, "seen__macro_ner_f1": 0.41335737705230713, "seen__macro_ner_pr": 0.2732696831226349, "seen__macro_ner_rec": 0.8481481671333313, "seen__samples_per_s": 354.8625243098814, "seen__samples_total_num": 222, "seen__samples_total_s": 0.6255943775177002}}