{"test_metrics": {"unseen_ner_prec_micro": 19.090581017683142, "unseen_ner_rec_micro": 74.01189227002448, "unseen_ner_f1_micro": 30.35214803127017, "unseen_ner_prec_macro": 27.423294611928437, "unseen_ner_rec_macro": 69.45558790507637, "unseen_ner_f1_macro": 37.19860367258787, "unseen_loc_prec_micro": 20.577683745745563, "unseen_loc_rec_micro": 78.24414130814971, "unseen_loc_f1_micro": 32.58557902403496, "unseen_loc_prec_macro": 20.577683745745563, "unseen_loc_rec_macro": 78.24414130814971, "unseen_loc_f1_macro": 32.58557902403496, "unseen_cls_prec_micro": 92.2406277244987, "unseen_cls_rec_micro": 74.01189227002448, "unseen_cls_f1_micro": 82.12691635940229, "unseen_cls_prec_macro": 90.84445489029405, "unseen_cls_rec_macro": 69.45558790507637, "unseen_cls_f1_macro": 78.2975370621976, "unseen_epoch": 0.0, "unseen_iteration": 0.0, "unseen_global_iteration": 0.0, "seen_ner_prec_micro": 66.04642760364918, "seen_ner_rec_micro": 91.66353265638712, "seen_ner_f1_micro": 76.77446451070978, "seen_ner_prec_macro": 49.34304951596709, "seen_ner_rec_macro": 89.31588502692819, "seen_ner_f1_macro": 61.45056970837845, "seen_loc_prec_micro": 67.61536336004421, "seen_loc_rec_micro": 92.02707784881534, "seen_loc_f1_micro": 77.95476266326857, "seen_loc_prec_macro": 67.61536336004421, "seen_loc_rec_macro": 92.02707784881534, "seen_loc_f1_macro": 77.95476266326857, "seen_cls_prec_micro": 98.3721243105072, "seen_cls_rec_micro": 91.66353265638712, "seen_cls_f1_micro": 94.89941596365996, "seen_cls_prec_macro": 93.34678870951444, "seen_cls_rec_macro": 89.31588502692819, "seen_cls_f1_macro": 91.2243567511434, "seen_epoch": 0.0, "seen_iteration": 0.0, "seen_global_iteration": 0.0, "ner_prec_micro": 85.06722006676893, "ner_rec_micro": 87.0062753783684, "ner_f1_micro": 86.02582234590994, "ner_prec_macro": 76.65495050783755, "ner_rec_macro": 79.20777554977369, "ner_f1_macro": 77.8691647699216, "loc_prec_micro": 88.13138283190726, "loc_rec_micro": 88.39977851605758, "loc_f1_micro": 88.26537664132688, "loc_prec_macro": 88.13138283190726, "loc_rec_macro": 88.39977851605758, "loc_f1_macro": 88.26537664132688, "cls_prec_micro": 96.91611842105264, "cls_rec_micro": 87.0062753783684, "cls_f1_micro": 91.69422291383, "cls_prec_macro": 93.12661908535377, "cls_rec_macro": 79.20777554977369, "cls_f1_macro": 85.50047246689863, "epoch": 0.0, "iteration": 0.0, "global_iteration": 0.0}}