{"test_metrics": {"unseen__f1": 0.0, "unseen__pr": 0.0, "unseen__rec": 0.0, "unseen__ner_f1": 0.33253154158592224, "unseen__ner_pr": 0.21050627529621124, "unseen__ner_rec": 0.7911301851272583, "unseen__macro_f1": 0.0, "unseen__macro_pr": 0.0, "unseen__macro_rec": 0.0, "unseen__macro_ner_f1": 0.31803417205810547, "unseen__macro_ner_pr": 0.21087007224559784, "unseen__macro_ner_rec": 0.681238055229187, "unseen__samples_per_s": 458.5303571896143, "unseen__samples_total_num": 2050, "unseen__samples_total_s": 4.470805406570435, "unseen__per_pr": 0.21557317674160004, "unseen__per_rec": 0.8846153616905212, "unseen__per_f1": 0.3466666638851166, "unseen__org_pr": 0.2857142984867096, "unseen__org_rec": 0.7243589758872986, "unseen__org_f1": 0.4097914695739746, "unseen__wea_pr": 0.18095238506793976, "unseen__wea_rec": 0.46341463923454285, "unseen__wea_f1": 0.2602739930152893, "unseen__gpe_pr": 0.1351616084575653, "unseen__gpe_rec": 0.7885714173316956, "unseen__gpe_f1": 0.23076923191547394, "unseen__veh_pr": 0.2380952388048172, "unseen__veh_rec": 0.6578947305679321, "unseen__veh_f1": 0.3496503531932831, "unseen__fac_pr": 0.23588040471076965, "unseen__fac_rec": 0.6698113083839417, "unseen__fac_f1": 0.348894327878952, "unseen__loc_pr": 0.18471337854862213, "unseen__loc_rec": 0.5799999833106995, "unseen__loc_f1": 0.2801932394504547, "seen__f1": 0.0, "seen__pr": 0.0, "seen__rec": 0.0, "seen__ner_f1": 0.7789823412895203, "seen__ner_pr": 0.6701560616493225, "seen__ner_rec": 0.9300053119659424, "seen__macro_f1": 0.0, "seen__macro_pr": 0.0, "seen__macro_rec": 0.0, "seen__macro_ner_f1": 0.7193707227706909, "seen__macro_ner_pr": 0.5961297750473022, "seen__macro_ner_rec": 0.9168838858604431, "seen__samples_per_s": 511.2854498435221, "seen__samples_total_num": 2050, "seen__samples_total_s": 4.009501934051514, "seen__per_pr": 0.7123287916183472, "seen__per_rec": 0.9427480697631836, "seen__per_f1": 0.8114989399909973, "seen__org_pr": 0.5410872101783752, "seen__org_rec": 0.8594377636909485, "seen__org_f1": 0.6640806794166565, "seen__wea_pr": 0.5904762148857117, "seen__wea_rec": 0.96875, "seen__wea_f1": 0.733727753162384, "seen__gpe_pr": 0.7492654323577881, "seen__gpe_rec": 0.9514925479888916, "seen__gpe_f1": 0.8383561968803406, "seen__veh_pr": 0.6095238327980042, "seen__veh_rec": 0.9275362491607666, "seen__veh_f1": 0.7356321811676025, "seen__fac_pr": 0.5116279125213623, "seen__fac_rec": 0.8901734352111816, "seen__fac_f1": 0.649789035320282, "seen__loc_pr": 0.4585987329483032, "seen__loc_rec": 0.8780487775802612, "seen__loc_f1": 0.6025104522705078}, "test_metrics_bounds": {"unseen__f1": 0.0, "unseen__pr": 0.0, "unseen__rec": 0.0, "unseen__ner_f1": 0.3648139536380768, "unseen__ner_pr": 0.23106276988983154, "unseen__ner_rec": 0.866237461566925, "unseen__macro_f1": 0.0, "unseen__macro_pr": 0.0, "unseen__macro_rec": 0.0, "unseen__macro_ner_f1": 0.3648139536380768, "unseen__macro_ner_pr": 0.23106276988983154, "unseen__macro_ner_rec": 0.866237461566925, "unseen__samples_per_s": 458.5303571896143, "unseen__samples_total_num": 2050, "unseen__samples_total_s": 4.470805406570435, "seen__f1": 0.0, "seen__pr": 0.0, "seen__rec": 0.0, "seen__ner_f1": 0.8201773762702942, "seen__ner_pr": 0.7057813405990601, "seen__ner_rec": 0.9788303971290588, "seen__macro_f1": 0.0, "seen__macro_pr": 0.0, "seen__macro_rec": 0.0, "seen__macro_ner_f1": 0.8201773762702942, "seen__macro_ner_pr": 0.7057813405990601, "seen__macro_ner_rec": 0.9788303971290588, "seen__samples_per_s": 511.2854498435221, "seen__samples_total_num": 2050, "seen__samples_total_s": 4.009501934051514}}