{"test_metrics": {"unseen_ner_prec_micro": 15.869565217391305, "unseen_ner_rec_micro": 75.51724137931033, "unseen_ner_f1_micro": 26.22754491017964, "unseen_ner_prec_macro": 14.727374262699769, "unseen_ner_rec_macro": 61.368242320666354, "unseen_ner_f1_macro": 23.412583160445216, "unseen_loc_prec_micro": 17.727771679473108, "unseen_loc_rec_micro": 83.53448275862068, "unseen_loc_f1_micro": 29.24841533353456, "unseen_loc_prec_macro": 17.727771679473108, "unseen_loc_rec_macro": 83.53448275862068, "unseen_loc_f1_macro": 29.24841533353456, "unseen_cls_prec_micro": 88.84381338742394, "unseen_cls_rec_micro": 75.51724137931033, "unseen_cls_f1_micro": 81.64026095060578, "unseen_cls_prec_macro": 78.49285271179879, "unseen_cls_rec_macro": 61.368242320666354, "unseen_cls_f1_macro": 67.81787741800566, "unseen_epoch": 0.0, "unseen_iteration": 0.0, "unseen_global_iteration": 0.0, "seen_ner_prec_micro": 70.595690747782, "seen_ner_rec_micro": 90.33827618164968, "seen_ner_f1_micro": 79.25602195345056, "seen_ner_prec_macro": 63.67108801020045, "seen_ner_rec_macro": 88.8236230169967, "seen_ner_f1_macro": 73.83020373424063, "seen_loc_prec_micro": 75.26094121955686, "seen_loc_rec_micro": 95.22706209453196, "seen_loc_f1_micro": 84.07486959189936, "seen_loc_prec_macro": 75.26094121955686, "seen_loc_rec_macro": 95.22706209453196, "seen_loc_f1_macro": 84.07486959189936, "seen_cls_prec_micro": 94.29262394195888, "seen_cls_rec_micro": 90.33827618164968, "seen_cls_f1_micro": 92.2731037747012, "seen_cls_prec_macro": 92.07759981865516, "seen_cls_rec_macro": 88.82362301699669, "seen_cls_f1_macro": 90.35698694235946, "seen_epoch": 0.0, "seen_iteration": 0.0, "seen_global_iteration": 0.0, "ner_prec_micro": 86.40477914554671, "ner_rec_micro": 87.16216216216216, "ner_f1_micro": 86.78181818181818, "ner_prec_macro": 78.36637615678042, "ner_rec_macro": 81.28794771368568, "ner_f1_macro": 79.56346503977221, "loc_prec_micro": 92.98663248489288, "loc_rec_micro": 92.73192111029948, "loc_f1_micro": 92.85910213038308, "loc_prec_macro": 92.98663248489288, "loc_rec_macro": 92.73192111029948, "loc_f1_macro": 92.85910213038308, "cls_prec_micro": 93.14988290398126, "cls_rec_micro": 87.16216216216216, "cls_f1_micro": 90.05660377358491, "cls_prec_macro": 88.80579792363133, "cls_rec_macro": 81.28794771368567, "cls_f1_macro": 84.68555475707531, "epoch": 0.0, "iteration": 0.0, "global_iteration": 0.0}}