{"test_metrics": {"unseen__f1": 0.0, "unseen__pr": 0.0, "unseen__rec": 0.0, "unseen__ner_f1": 0.7100938558578491, "unseen__ner_pr": 0.6068204641342163, "unseen__ner_rec": 0.8557284474372864, "unseen__macro_f1": 0.0, "unseen__macro_pr": 0.0, "unseen__macro_rec": 0.0, "unseen__macro_ner_f1": 0.6982998847961426, "unseen__macro_ner_pr": 0.6066757440567017, "unseen__macro_ner_rec": 0.8286886811256409, "unseen__samples_per_s": 297.8909090909091, "unseen__samples_total_num": 259, "unseen__samples_total_s": 0.86944580078125, "unseen__loc_pr": 0.5505050420761108, "unseen__loc_rec": 0.871999979019165, "unseen__loc_f1": 0.6749225854873657, "unseen__org_pr": 0.5942028760910034, "unseen__org_rec": 0.8482758402824402, "unseen__org_f1": 0.6988636255264282, "unseen__peop_pr": 0.7153284549713135, "unseen__peop_rec": 0.9468598961830139, "unseen__peop_f1": 0.8149688243865967, "unseen__other_pr": 0.5666666626930237, "unseen__other_rec": 0.6476190686225891, "unseen__other_f1": 0.6044444441795349, "seen__f1": 0.0, "seen__pr": 0.0, "seen__rec": 0.0, "seen__ner_f1": 0.6053357720375061, "seen__ner_pr": 0.4476190507411957, "seen__ner_rec": 0.9346590638160706, "seen__macro_f1": 0.0, "seen__macro_pr": 0.0, "seen__macro_rec": 0.0, "seen__macro_ner_f1": 0.5295388698577881, "seen__macro_ner_pr": 0.3885805010795593, "seen__macro_ner_rec": 0.8573824167251587, "seen__samples_per_s": 503.78726238876635, "seen__samples_total_num": 185, "seen__samples_total_s": 0.3672184944152832, "seen__loc_pr": 0.5857142806053162, "seen__loc_rec": 1.0, "seen__loc_f1": 0.7387387156486511, "seen__org_pr": 0.3488371968269348, "seen__org_rec": 0.8999999761581421, "seen__org_f1": 0.5027932524681091, "seen__peop_pr": 0.4315352737903595, "seen__peop_rec": 0.9369369149208069, "seen__peop_f1": 0.5909091234207153, "seen__other_pr": 0.1882352977991104, "seen__other_rec": 0.5925925970077515, "seen__other_f1": 0.2857142984867096}, "test_metrics_bounds": {"unseen__f1": 0.0, "unseen__pr": 0.0, "unseen__rec": 0.0, "unseen__ner_f1": 0.7344301342964172, "unseen__ner_pr": 0.6281406879425049, "unseen__ner_rec": 0.8840169906616211, "unseen__macro_f1": 0.0, "unseen__macro_pr": 0.0, "unseen__macro_rec": 0.0, "unseen__macro_ner_f1": 0.7344301342964172, "unseen__macro_ner_pr": 0.6281406879425049, "unseen__macro_ner_rec": 0.8840169906616211, "unseen__samples_per_s": 297.8909090909091, "unseen__samples_total_num": 259, "unseen__samples_total_s": 0.86944580078125, "seen__f1": 0.0, "seen__pr": 0.0, "seen__rec": 0.0, "seen__ner_f1": 0.6119815707206726, "seen__ner_pr": 0.4529331624507904, "seen__ner_rec": 0.9431818127632141, "seen__macro_f1": 0.0, "seen__macro_pr": 0.0, "seen__macro_rec": 0.0, "seen__macro_ner_f1": 0.6119815707206726, "seen__macro_ner_pr": 0.4529331624507904, "seen__macro_ner_rec": 0.9431818127632141, "seen__samples_per_s": 503.78726238876635, "seen__samples_total_num": 185, "seen__samples_total_s": 0.3672184944152832}}