{"test_metrics": {"Eval_Ent_Precision": 82.45931278036291, "Eval_Ent_Recall": 84.522706145463, "Eval_Ent_F1": 83.47826080827778, "Eval_Time": 8.145215272903442, "Eval_Examples": 288, "Eval_Examples_Per_Second": 35.35818150295978, "seen_Eval_Ent_Precision": 11.84448469829207, "seen_Eval_Ent_Recall": 90.34482702972653, "seen_Eval_Ent_F1": 20.943245496584346, "seen_Eval_Time": 8.143064260482788, "seen_Eval_Examples": 288, "seen_Eval_Examples_Per_Second": 35.36752146211419, "unseen_Eval_Ent_Precision": 70.61482817248674, "unseen_Eval_Ent_Recall": 83.61884361109455, "unseen_Eval_Ent_F1": 76.56862739888504, "unseen_Eval_Time": 8.284161567687988, "unseen_Eval_Examples": 288, "unseen_Eval_Examples_Per_Second": 34.76513557187627}}