{"test_metrics": {"f1": 0.0, "pr": 0.0, "rec": 0.0, "ner_f1": 0.8722891211509705, "ner_pr": 0.8717010021209717, "ner_rec": 0.8728780746459961, "macro_f1": 0.0, "macro_pr": 0.0, "macro_rec": 0.0, "macro_ner_f1": 0.7971197962760925, "macro_ner_pr": 0.8057783246040344, "macro_ner_rec": 0.793634295463562, "samples_per_s": 157.7054503067859, "samples_total_num": 2050, "samples_total_s": 12.998916625976562, "per_pr": 0.911795973777771, "per_rec": 0.9285714030265808, "per_f1": 0.9201072454452515, "org_pr": 0.8136054277420044, "org_rec": 0.7382715940475464, "org_f1": 0.7741100192070007, "wea_pr": 0.8352941274642944, "wea_rec": 0.6761904954910278, "wea_f1": 0.7473684549331665, "gpe_pr": 0.8830525279045105, "gpe_rec": 0.9101123809814453, "gpe_f1": 0.896378219127655, "veh_pr": 0.817307710647583, "veh_rec": 0.7943925261497498, "veh_f1": 0.8056871891021729, "fac_pr": 0.7435897588729858, "fac_rec": 0.7275985479354858, "fac_f1": 0.7355072498321533, "loc_pr": 0.6358024477958679, "loc_rec": 0.7803030014038086, "loc_f1": 0.7006801962852478}, "test_metrics_bounds": {"f1": 0.0, "pr": 0.0, "rec": 0.0, "ner_f1": 0.9369509220123291, "ner_pr": 0.936498761177063, "ner_rec": 0.9374033808708191, "macro_f1": 0.0, "macro_pr": 0.0, "macro_rec": 0.0, "macro_ner_f1": 0.9369509220123291, "macro_ner_pr": 0.936498761177063, "macro_ner_rec": 0.9374033808708191, "samples_per_s": 157.7054503067859, "samples_total_num": 2050, "samples_total_s": 12.998916625976562}, "metrics": {"f1": [0.0, 0.0, 0.0, 0.0, 0.0, 0.0, 0.0, 0.0, 0.0, 0.0, 0.0, 0.0, 0.0, 0.0, 0.0, 0.0, 0.0, 0.0, 0.0, 0.0, 0.0, 0.0, 0.0, 0.0, 0.0], "pr": [0.0, 0.0, 0.0, 0.0, 0.0, 0.0, 0.0, 0.0, 0.0, 0.0, 0.0, 0.0, 0.0, 0.0, 0.0, 0.0, 0.0, 0.0, 0.0, 0.0, 0.0, 0.0, 0.0, 0.0, 0.0], "rec": [0.0, 0.0, 0.0, 0.0, 0.0, 0.0, 0.0, 0.0, 0.0, 0.0, 0.0, 0.0, 0.0, 0.0, 0.0, 0.0, 0.0, 0.0, 0.0, 0.0, 0.0, 0.0, 0.0, 0.0, 0.0], "ner_f1": [0.7781664729118347, 0.6599789261817932, 0.8290506601333618, 0.8414265513420105, 0.8363251090049744, 0.8538162708282471, 0.8554523587226868, 0.8546497225761414, 0.8512409925460815, 0.8562525510787964, 0.8583828806877136, 0.8566089868545532, 0.8548321723937988, 0.8606148958206177, 0.8560065627098083, 0.8640713691711426, 0.8578245639801025, 0.8625553846359253, 0.8625257611274719, 0.8546910285949707, 0.8603242635726929, 0.8604708313941956, 0.8673101663589478, 0.8677490949630737, 0.8676230907440186], "ner_pr": [0.7786098122596741, 0.6567380428314209, 0.8427683711051941, 0.8242357969284058, 0.8393383622169495, 0.849147617816925, 0.8647615909576416, 0.8493656516075134, 0.8548704385757446, 0.8636890053749084, 0.848696768283844, 0.8559831380844116, 0.8589722514152527, 0.8633611798286438, 0.8546191453933716, 0.8619741201400757, 0.8682544827461243, 0.8701191544532776, 0.8729392290115356, 0.8591850399971008, 0.8664247989654541, 0.8682337403297424, 0.8727362751960754, 0.8708040118217468, 0.8698921203613281], "ner_rec": [0.7777235507965088, 0.663252055644989, 0.8157723546028137, 0.8593496084213257, 0.8333333134651184, 0.8585366010665894, 0.8463414907455444, 0.8600000143051147, 0.8476423025131226, 0.8489431142807007, 0.8682926893234253, 0.8572357892990112, 0.8507317304611206, 0.8578861951828003, 0.8573983907699585, 0.8661788702011108, 0.8476423025131226, 0.8551219701766968, 0.8523577451705933, 0.8502439260482788, 0.8543089628219604, 0.8528455495834351, 0.8619512319564819, 0.8647154569625854, 0.8653658628463745], "macro_f1": [0.0, 0.0, 0.0, 0.0, 0.0, 0.0, 0.0, 0.0, 0.0, 0.0, 0.0, 0.0, 0.0, 0.0, 0.0, 0.0, 0.0, 0.0, 0.0, 0.0, 0.0, 0.0, 0.0, 0.0, 0.0], "macro_pr": [0.0, 0.0, 0.0, 0.0, 0.0, 0.0, 0.0, 0.0, 0.0, 0.0, 0.0, 0.0, 0.0, 0.0, 0.0, 0.0, 0.0, 0.0, 0.0, 0.0, 0.0, 0.0, 0.0, 0.0, 0.0], "macro_rec": [0.0, 0.0, 0.0, 0.0, 0.0, 0.0, 0.0, 0.0, 0.0, 0.0, 0.0, 0.0, 0.0, 0.0, 0.0, 0.0, 0.0, 0.0, 0.0, 0.0, 0.0, 0.0, 0.0, 0.0, 0.0], "macro_ner_f1": [0.6291597485542297, 0.6231830716133118, 0.6854254603385925, 0.7388737797737122, 0.731636643409729, 0.7579545378684998, 0.7593672871589661, 0.7634372115135193, 0.7614203095436096, 0.7641187906265259, 0.7636511921882629, 0.7613099217414856, 0.7699041366577148, 0.769902765750885, 0.7743421792984009, 0.7803937196731567, 0.7780251502990723, 0.782231867313385, 0.7833701372146606, 0.7681129574775696, 0.7783351540565491, 0.7882591485977173, 0.7837358117103577, 0.7890147566795349, 0.791744589805603], "macro_ner_pr": [0.647368311882019, 0.6595667004585266, 0.8020283579826355, 0.7106060981750488, 0.7510324120521545, 0.7412995100021362, 0.7785744667053223, 0.760523796081543, 0.7546582221984863, 0.7853252291679382, 0.7659355998039246, 0.7555152773857117, 0.8103150129318237, 0.7839051485061646, 0.7864366769790649, 0.7706059813499451, 0.8123641014099121, 0.8131231069564819, 0.8126991987228394, 0.7810636758804321, 0.7935660481452942, 0.8223752975463867, 0.7999114990234375, 0.8067808151245117, 0.804643452167511], "macro_ner_rec": [0.6300776600837708, 0.6469411849975586, 0.6313489675521851, 0.7866941094398499, 0.7397852540016174, 0.7906135320663452, 0.7451546788215637, 0.7701376080513, 0.773815929889679, 0.7511758208274841, 0.7632210850715637, 0.774093747138977, 0.7381588816642761, 0.7587615251541138, 0.7641721963882446, 0.792180597782135, 0.7501529455184937, 0.7579051852226257, 0.7597923278808594, 0.7647460699081421, 0.7665976285934448, 0.7608259320259094, 0.7715713381767273, 0.7747722268104553, 0.7814418077468872], "samples_per_s": [144.5336873455329, 148.76156111080815, 145.94133590652396, 151.17009316809546, 149.83641871702008, 151.96864883023832, 158.1039985692126, 146.31752673452715, 130.82392445750403, 119.98910923964127, 131.19474942626135, 159.71118537357336, 151.5439406054734, 150.09968152038311, 150.43063789934763, 146.19233069149, 150.40312931436657, 156.01312578935776, 147.7747485487736, 156.20764581242977, 146.87734517619032, 140.31368940108396, 139.84706181848654, 145.43631931680827, 154.66124741107907], "samples_total_num": [2420, 2420, 2420, 2420, 2420, 2420, 2420, 2420, 2420, 2420, 2420, 2420, 2420, 2420, 2420, 2420, 2420, 2420, 2420, 2420, 2420, 2420, 2420, 2420, 2420], "samples_total_s": [16.74350142478943, 16.267643213272095, 16.582005262374878, 16.00845742225647, 16.150946617126465, 15.924337148666382, 15.30638074874878, 16.539371967315674, 18.498145580291748, 20.16849708557129, 18.445860147476196, 15.152351379394531, 15.968965768814087, 16.122619152069092, 16.087148427963257, 16.55353593826294, 16.09009075164795, 15.511515378952026, 16.376275539398193, 15.492199420928955, 16.476332664489746, 17.247069835662842, 17.30461812019348, 16.63958501815796, 15.64709997177124], "per_pr": [0.8601924180984497, 0.8705882430076599, 0.8694517016410828, 0.8970109224319458, 0.9388429522514343, 0.8889862895011902, 0.901995837688446, 0.9099727272987366, 0.9298412799835205, 0.9088447690010071, 0.9013835787773132, 0.919853150844574, 0.9033214449882507, 0.913385808467865, 0.9161823391914368, 0.9133715629577637, 0.9082706570625305, 0.9145377278327942, 0.9190021753311157, 0.8956496119499207, 0.9114190936088562, 0.9101022481918335, 0.9157134294509888, 0.9211491346359253, 0.9175007343292236], "per_rec": [0.8664445877075195, 0.5826771855354309, 0.9076317548751831, 0.9179285168647766, 0.8600847721099854, 0.921562671661377, 0.9170199632644653, 0.9091459512710571, 0.8870381712913513, 0.9149000644683838, 0.9273167848587036, 0.9106602072715759, 0.9224712252616882, 0.913385808467865, 0.9070260524749756, 0.9164143204689026, 0.91459721326828, 0.9106602072715759, 0.903694748878479, 0.922774076461792, 0.9161114692687988, 0.9167171120643616, 0.9212598204612732, 0.9127801060676575, 0.9161114692687988],