{"test_metrics": {"seen__f1": 0.0, "seen__pr": 0.0, "seen__rec": 0.0, "seen__ner_f1": 0.7471877932548523, "seen__ner_pr": 0.6334039568901062, "seen__ner_rec": 0.9108033180236816, "seen__macro_f1": 0.0, "seen__macro_pr": 0.0, "seen__macro_rec": 0.0, "seen__macro_ner_f1": 0.6636611819267273, "seen__macro_ner_pr": 0.5439196228981018, "seen__macro_ner_rec": 0.8687149286270142, "seen__samples_per_s": 456.397240699889, "seen__samples_total_num": 2050, "seen__samples_total_s": 4.491701126098633, "seen__per_pr": 0.6904003024101257, "seen__per_rec": 0.952125072479248, "seen__per_f1": 0.8004106879234314, "seen__org_pr": 0.480272114276886, "seen__org_rec": 0.7607758641242981, "seen__org_f1": 0.5888240337371826, "seen__wea_pr": 0.6705882549285889, "seen__wea_rec": 0.9193548560142517, "seen__wea_f1": 0.7755101919174194, "seen__gpe_pr": 0.7006937265396118, "seen__gpe_rec": 0.9241830110549927, "seen__gpe_f1": 0.7970687747001648, "seen__veh_pr": 0.4711538553237915, "seen__veh_rec": 0.8909090757369995, "seen__veh_f1": 0.6163522005081177, "seen__fac_pr": 0.39926740527153015, "seen__fac_rec": 0.7569444179534912, "seen__fac_f1": 0.5227817893028259, "seen__loc_pr": 0.395061731338501, "seen__loc_rec": 0.8767123222351074, "seen__loc_f1": 0.5446808934211731, "unseen__f1": 0.0, "unseen__pr": 0.0, "unseen__rec": 0.0, "unseen__ner_f1": 0.3654102087020874, "unseen__ner_pr": 0.2381044179201126, "unseen__ner_rec": 0.7852604985237122, "unseen__macro_f1": 0.0, "unseen__macro_pr": 0.0, "unseen__macro_rec": 0.0, "unseen__macro_ner_f1": 0.3708009719848633, "unseen__macro_ner_pr": 0.2613353729248047, "unseen__macro_ner_rec": 0.6853956580162048, "unseen__samples_per_s": 526.1368899453929, "unseen__samples_total_num": 2050, "unseen__samples_total_s": 3.896324396133423, "unseen__per_pr": 0.22139567136764526, "unseen__per_rec": 0.8620689511299133, "unseen__per_f1": 0.3523111641407013, "unseen__org_pr": 0.3333333432674408, "unseen__org_rec": 0.7080925107002258, "unseen__org_f1": 0.45328402519226074, "unseen__wea_pr": 0.16470588743686676, "unseen__wea_rec": 0.3255814015865326, "unseen__wea_f1": 0.21875, "unseen__gpe_pr": 0.1823587715625763, "unseen__gpe_rec": 0.8598130941390991, "unseen__gpe_f1": 0.3008994460105896, "unseen__veh_pr": 0.3461538553237915, "unseen__veh_rec": 0.692307710647583, "unseen__veh_f1": 0.46153849363327026, "unseen__fac_pr": 0.34065935015678406, "unseen__fac_rec": 0.6888889074325562, "unseen__fac_f1": 0.45588237047195435, "unseen__loc_pr": 0.24074074625968933, "unseen__loc_rec": 0.6610169410705566, "unseen__loc_f1": 0.3529411852359772}, "test_metrics_bounds": {"seen__f1": 0.0, "seen__pr": 0.0, "seen__rec": 0.0, "seen__ner_f1": 0.7959020733833313, "seen__ner_pr": 0.6747732162475586, "seen__ner_rec": 0.9700332880020142, "seen__macro_f1": 0.0, "seen__macro_pr": 0.0, "seen__macro_rec": 0.0, "seen__macro_ner_f1": 0.7959020733833313, "seen__macro_ner_pr": 0.6747732162475586, "seen__macro_ner_rec": 0.9700332880020142, "seen__samples_per_s": 456.397240699889, "seen__samples_total_num": 2050, "seen__samples_total_s": 4.491701126098633, "unseen__f1": 0.0, "unseen__pr": 0.0, "unseen__rec": 0.0, "unseen__ner_f1": 0.4017764627933502, "unseen__ner_pr": 0.2619185447692871, "unseen__ner_rec": 0.8621346950531006, "unseen__macro_f1": 0.0, "unseen__macro_pr": 0.0, "unseen__macro_rec": 0.0, "unseen__macro_ner_f1": 0.4017764627933502, "unseen__macro_ner_pr": 0.2619185447692871, "unseen__macro_ner_rec": 0.8621346950531006, "unseen__samples_per_s": 526.1368899453929, "unseen__samples_total_num": 2050, "unseen__samples_total_s": 3.896324396133423}}