{"test_metrics": {"unseen__f1": 0.0, "unseen__pr": 0.0, "unseen__rec": 0.0, "unseen__ner_f1": 0.46299415826797485, "unseen__ner_pr": 0.3462582528591156, "unseen__ner_rec": 0.6984747648239136, "unseen__macro_f1": 0.0, "unseen__macro_pr": 0.0, "unseen__macro_rec": 0.0, "unseen__macro_ner_f1": 0.5030226111412048, "unseen__macro_ner_pr": 0.40579986572265625, "unseen__macro_ner_rec": 0.7116994261741638, "unseen__samples_per_s": 479.8673948051512, "unseen__samples_total_num": 1854, "unseen__samples_total_s": 3.863567352294922, "unseen__dna_pr": 0.48278623819351196, "unseen__dna_rec": 0.7362637519836426, "unseen__dna_f1": 0.5831722021102905, "unseen__rna_pr": 0.6019417643547058, "unseen__rna_rec": 0.8732394576072693, "unseen__rna_f1": 0.7126436829566956, "unseen__cell_type_pr": 0.18390804529190063, "unseen__cell_type_rec": 0.678787887096405, "unseen__cell_type_f1": 0.2894056737422943, "unseen__protein_pr": 0.2975061535835266, "unseen__protein_rec": 0.6936936974525452, "unseen__protein_f1": 0.4164208471775055, "unseen__cell_line_pr": 0.4628571569919586, "unseen__cell_line_rec": 0.5765124559402466, "unseen__cell_line_f1": 0.5134706497192383, "seen__f1": 0.0, "seen__pr": 0.0, "seen__rec": 0.0, "seen__ner_f1": 0.5838446021080017, "seen__ner_pr": 0.44280728697776794, "seen__ner_rec": 0.8567141890525818, "seen__macro_f1": 0.0, "seen__macro_pr": 0.0, "seen__macro_rec": 0.0, "seen__macro_ner_f1": 0.5212592482566833, "seen__macro_ner_pr": 0.3912121653556824, "seen__macro_ner_rec": 0.8287474513053894, "seen__samples_per_s": 560.4191263943293, "seen__samples_total_num": 1854, "seen__samples_total_s": 3.3082382678985596, "seen__dna_pr": 0.2770216166973114, "seen__dna_rec": 0.8317307829856873, "seen__dna_f1": 0.41561561822891235, "seen__rna_pr": 0.27184465527534485, "seen__rna_rec": 0.8484848737716675, "seen__rna_f1": 0.4117647111415863, "seen__cell_type_pr": 0.5254515409469604, "seen__cell_type_rec": 0.7529411911964417, "seen__cell_type_f1": 0.6189554929733276, "seen__protein_pr": 0.5131717324256897, "seen__protein_rec": 0.8941248655319214, "seen__protein_f1": 0.6520865559577942, "seen__cell_line_pr": 0.3685714304447174, "seen__cell_line_rec": 0.8164557218551636, "seen__cell_line_f1": 0.5078740119934082}, "test_metrics_bounds": {"unseen__f1": 0.0, "unseen__pr": 0.0, "unseen__rec": 0.0, "unseen__ner_f1": 0.5060303807258606, "unseen__ner_pr": 0.37854093313217163, "unseen__ner_rec": 0.7630035281181335, "unseen__macro_f1": 0.0, "unseen__macro_pr": 0.0, "unseen__macro_rec": 0.0, "unseen__macro_ner_f1": 0.5060303807258606, "unseen__macro_ner_pr": 0.37854093313217163, "unseen__macro_ner_rec": 0.7630035281181335, "unseen__samples_per_s": 479.8673948051512, "unseen__samples_total_num": 1854, "unseen__samples_total_s": 3.863567352294922, "seen__f1": 0.0, "seen__pr": 0.0, "seen__rec": 0.0, "seen__ner_f1": 0.5907928347587585, "seen__ner_pr": 0.44819557666778564, "seen__ner_rec": 0.8664666414260864, "seen__macro_f1": 0.0, "seen__macro_pr": 0.0, "seen__macro_rec": 0.0, "seen__macro_ner_f1": 0.5907928347587585, "seen__macro_ner_pr": 0.44819557666778564, "seen__macro_ner_rec": 0.8664666414260864, "seen__samples_per_s": 560.4191263943293, "seen__samples_total_num": 1854, "seen__samples_total_s": 3.3082382678985596}}