{"test_metrics": {"f1": 0.0, "pr": 0.0, "rec": 0.0, "ner_f1": 0.7841247916221619, "ner_pr": 0.7890655398368835, "ner_rec": 0.7792456150054932, "macro_f1": 0.0, "macro_pr": 0.0, "macro_rec": 0.0, "macro_ner_f1": 0.7802878022193909, "macro_ner_pr": 0.7970120310783386, "macro_ner_rec": 0.767457127571106, "samples_per_s": 383.2728449896407, "samples_total_num": 1854, "samples_total_s": 4.837285041809082, "dna_pr": 0.759807825088501, "dna_rec": 0.7684210538864136, "dna_f1": 0.7640901803970337, "rna_pr": 0.8737863898277283, "rna_rec": 0.8653846383094788, "rna_f1": 0.8695652484893799, "cell_type_pr": 0.7093595862388611, "cell_type_rec": 0.7322033643722534, "cell_type_f1": 0.7206004858016968, "protein_pr": 0.8106778860092163, "protein_rec": 0.8084062933921814, "protein_f1": 0.8095405697822571, "cell_line_pr": 0.831428587436676, "cell_line_rec": 0.6628701686859131, "cell_line_f1": 0.7376426458358765}, "test_metrics_bounds": {"f1": 0.0, "pr": 0.0, "rec": 0.0, "ner_f1": 0.8212392330169678, "ner_pr": 0.8267365097999573, "ner_rec": 0.8158146739006042, "macro_f1": 0.0, "macro_pr": 0.0, "macro_rec": 0.0, "macro_ner_f1": 0.8212392330169678, "macro_ner_pr": 0.8267365097999573, "macro_ner_rec": 0.8158146739006042, "samples_per_s": 383.2728449896407, "samples_total_num": 1854, "samples_total_s": 4.837285041809082}, "metrics": {"f1": [0.0, 0.0, 0.0, 0.0, 0.0, 0.0, 0.0, 0.0, 0.0, 0.0, 0.0, 0.0, 0.0, 0.0, 0.0, 0.0, 0.0, 0.0], "pr": [0.0, 0.0, 0.0, 0.0, 0.0, 0.0, 0.0, 0.0, 0.0, 0.0, 0.0, 0.0, 0.0, 0.0, 0.0, 0.0, 0.0, 0.0], "rec": [0.0, 0.0, 0.0, 0.0, 0.0, 0.0, 0.0, 0.0, 0.0, 0.0, 0.0, 0.0, 0.0, 0.0, 0.0, 0.0, 0.0, 0.0], "ner_f1": [0.7189005613327026, 0.7555093169212341, 0.7730061411857605, 0.7805566191673279, 0.7836529016494751, 0.7770984172821045, 0.7833459377288818, 0.7841247916221619, 0.7780307531356812, 0.7807435989379883, 0.7758587598800659, 0.7793707251548767, 0.7830007672309875, 0.7808651328086853, 0.7745897769927979, 0.7813997864723206, 0.7789234519004822, 0.7776504158973694], "ner_pr": [0.6732408404350281, 0.6907821893692017, 0.7512195110321045, 0.7668575644493103, 0.7626381516456604, 0.7528271675109863, 0.7709994316101074, 0.7890655398368835, 0.7710095643997192, 0.7774824500083923, 0.7776495218276978, 0.7833655476570129, 0.784656822681427, 0.7788571715354919, 0.7764524817466736, 0.7826003432273865, 0.769820511341095, 0.7758719325065613], "ner_rec": [0.7712042927742004, 0.833620548248291, 0.7960941791534424, 0.7947539687156677, 0.8058587312698364, 0.8029868006706238, 0.7960941791534424, 0.7792456150054932, 0.785180926322937, 0.7840321660041809, 0.7740762233734131, 0.7754164338111877, 0.7813516855239868, 0.7828834056854248, 0.7727359533309937, 0.7802029252052307, 0.7882443070411682, 0.7794371247291565], "macro_f1": [0.0, 0.0, 0.0, 0.0, 0.0, 0.0, 0.0, 0.0, 0.0, 0.0, 0.0, 0.0, 0.0, 0.0, 0.0, 0.0, 0.0, 0.0], "macro_pr": [0.0, 0.0, 0.0, 0.0, 0.0, 0.0, 0.0, 0.0, 0.0, 0.0, 0.0, 0.0, 0.0, 0.0, 0.0, 0.0, 0.0, 0.0], "macro_rec": [0.0, 0.0, 0.0, 0.0, 0.0, 0.0, 0.0, 0.0, 0.0, 0.0, 0.0, 0.0, 0.0, 0.0, 0.0, 0.0, 0.0, 0.0], "macro_ner_f1": [0.7002326846122742, 0.755225658416748, 0.7702186107635498, 0.7758815288543701, 0.7803462743759155, 0.7791122198104858, 0.7829834222793579, 0.7802878022193909, 0.7699637413024902, 0.7727766633033752, 0.7782129049301147, 0.7750446796417236, 0.7795373201370239, 0.7803037166595459, 0.7742656469345093, 0.7870417833328247, 0.780178964138031, 0.7744545936584473], "macro_ner_pr": [0.687606155872345, 0.7031642198562622, 0.7661459445953369, 0.7700767517089844, 0.7660719156265259, 0.7654319405555725, 0.7783651351928711, 0.7970120310783386, 0.7737473249435425, 0.7823797464370728, 0.7821303606033325, 0.7980209589004517, 0.796133816242218, 0.7919756770133972, 0.7894596457481384, 0.7993962168693542, 0.777726948261261, 0.7808653116226196], "macro_ner_rec": [0.7212293148040771, 0.817354679107666, 0.776942253112793, 0.7825292348861694, 0.7965615391731262, 0.7960721254348755, 0.7888733148574829, 0.767457127571106, 0.7699891328811646, 0.7656916379928589, 0.7750892639160156, 0.7550122141838074, 0.7660098075866699, 0.7710360288619995, 0.761579692363739, 0.7758566737174988, 0.7835401296615601, 0.7699234485626221], "samples_per_s": [367.2868416175313, 357.34010837144507, 384.8196881858998, 386.55592445808526, 385.88605765077165, 385.1508332666753, 388.02314913895793, 391.3754311678346, 388.9969488491778, 389.6605640934545, 390.6069957184745, 390.8575533483261, 390.62387009021995, 390.0970384641085, 388.9334252620381, 389.22592256865175, 380.719259923365, 382.13888059756505], "samples_total_num": [1854, 1854, 1854, 1854, 1854, 1854, 1854, 1854, 1854, 1854, 1854, 1854, 1854, 1854, 1854, 1854, 1854, 1854], "samples_total_s": [5.047825813293457, 5.1883344650268555, 4.817840814590454, 4.796201229095459, 4.804527044296265, 4.8136985301971436, 4.77806544303894, 4.737139463424683, 4.766104221343994, 4.7579872608184814, 4.7464587688446045, 4.74341607093811, 4.746253728866577, 4.752663612365723, 4.766882658004761, 4.76330041885376, 4.869729995727539, 4.851639270782471], "dna_pr": [0.656322717666626, 0.6249220967292786, 0.7542087435722351, 0.7455716729164124, 0.7315589189529419, 0.7107011079788208, 0.7472952008247375, 0.759807825088501, 0.743405282497406, 0.7352484464645386, 0.7502008080482483, 0.7432646751403809, 0.7779646515846252, 0.7402496337890625, 0.7471451759338379, 0.744113028049469, 0.7428115010261536, 0.7510138154029846], "dna_rec": [0.6850202679634094, 0.8121457695960999, 0.725506067276001, 0.7497975826263428, 0.7789473533630371, 0.7797570824623108, 0.7829959392547607, 0.7684210538864136, 0.7530364394187927, 0.7668015956878662, 0.7562752962112427, 0.7595141530036926, 0.7489878535270691, 0.7684210538864136, 0.7417004108428955, 0.7676113247871399, 0.7530364394187927, 0.7497975826263428], "dna_f1": [0.6703645586967468, 0.7063379883766174, 0.7395790219306946, 0.7476786971092224, 0.7545097470283508, 0.7436293363571167, 0.7647291421890259, 0.7640901803970337, 0.7481899261474609, 0.7506935596466064, 0.7532257437705994, 0.751301646232605, 0.7632012963294983, 0.7540723085403442, 0.744412899017334, 0.7556795477867126, 0.7478890419006348, 0.7504051923751831], "rna_pr": [0.7281553149223328, 0.7894737124443054, 0.8073394298553467, 0.8130841255187988, 0.8256880640983582, 0.8363636136054993, 0.8584905862808228, 0.8737863898277283, 0.8333333134651184, 0.843137264251709, 0.8910890817642212, 0.8936170339584351, 0.8888888955116272, 0.875, 0.8725489974021912, 0.8999999761581421, 0.8598130941390991, 0.849056601524353], "rna_rec": [0.7211538553237915, 0.8653846383094788, 0.8461538553237915, 0.8365384340286255, 0.8653846383094788, 0.8846153616905212, 0.875, 0.8653846383094788, 0.8653846383094788, 0.8269230723381042, 0.8653846383094788, 0.807692289352417, 0.8461538553237915, 0.875, 0.8557692170143127, 0.8653846383094788, 0.8846153616905212, 0.8653846383094788], "rna_f1": [0.7246377468109131, 0.8256881237030029, 0.8262910842895508, 0.8246445655822754, 0.8450704216957092, 0.8598130941390991, 0.8666666746139526, 0.8695652484893799, 0.849056601524353, 0.8349514007568359, 0.8780487179756165, 0.8484848737716675, 0.8669950366020203, 0.875, 0.8640776872634888, 0.882352888584137, 0.8720378875732422, 0.8571428060531616], "cell_type_pr": [0.6306818127632141, 0.6911314725875854, 0.7288960814476013, 0.7124394178390503, 0.7035330533981323, 0.698315441608429, 0.7163461446762085, 0.7093595862388611, 0.698437511920929, 0.7284768223762512, 0.6988906264305115, 0.7553191781044006, 0.7085345983505249, 0.7403509020805359, 0.7275803685188293, 0.7535461187362671, 0.7096247673034668, 0.7086743116378784], "cell_type_rec": [0.7525423765182495, 0.7661017179489136, 0.7610169649124146, 0.7474576234817505, 0.7762711644172668, 0.7728813290596008, 0.7576271295547485, 0.7322033643722534, 0.7576271295547485, 0.7457627058029175, 0.7474576234817505, 0.7220339179039001, 0.7457627058029175, 0.7152542471885681, 0.7288135886192322, 0.7203390002250671, 0.7372881174087524, 0.7338982820510864],