{"test_metrics": {"unseen_ner_prec_micro": 39.20659453889748, "unseen_ner_rec_micro": 54.31834403997144, "unseen_ner_f1_micro": 45.54159186116098, "unseen_ner_prec_macro": 34.4086701394382, "unseen_ner_rec_macro": 45.09987703851784, "unseen_ner_f1_macro": 37.27263727856848, "unseen_loc_prec_micro": 61.3425925925926, "unseen_loc_rec_micro": 75.66024268379728, "unseen_loc_f1_micro": 67.75327580696708, "unseen_loc_prec_macro": 61.3425925925926, "unseen_loc_rec_macro": 75.66024268379728, "unseen_loc_f1_macro": 67.75327580696708, "unseen_cls_prec_micro": 63.31114808652247, "unseen_cls_rec_micro": 54.31834403997144, "unseen_cls_f1_micro": 58.47099500576258, "unseen_cls_prec_macro": 54.74863614128415, "unseen_cls_rec_macro": 45.09987703851784, "unseen_cls_f1_macro": 48.26891845084263, "unseen_epoch": 0.0, "unseen_iteration": 0.0, "unseen_global_iteration": 0.0, "seen_ner_prec_micro": 10.690192008303065, "seen_ner_rec_micro": 72.53521126760563, "seen_ner_f1_micro": 18.63410221619177, "seen_ner_prec_macro": 12.40359465597544, "seen_ner_rec_macro": 57.98071496048375, "seen_ner_f1_macro": 16.955798443425728, "seen_loc_prec_micro": 13.895348837209305, "seen_loc_rec_micro": 84.15492957746478, "seen_loc_f1_micro": 23.85229540918164, "seen_loc_prec_macro": 13.895348837209305, "seen_loc_rec_macro": 84.15492957746478, "seen_loc_f1_macro": 23.85229540918164, "seen_cls_prec_micro": 81.10236220472441, "seen_cls_rec_micro": 72.53521126760563, "seen_cls_f1_micro": 76.57992565055763, "seen_cls_prec_macro": 65.10363247863248, "seen_cls_rec_macro": 57.98071496048375, "seen_cls_f1_macro": 60.9779899657016, "seen_epoch": 0.0, "seen_iteration": 0.0, "seen_global_iteration": 0.0, "ner_prec_micro": 49.74173553719009, "ner_rec_micro": 57.1513353115727, "ner_f1_micro": 53.189726594863295, "ner_prec_macro": 46.50313293821557, "ner_rec_macro": 51.15296496190189, "ner_f1_macro": 47.77761974753659, "loc_prec_micro": 75.04363001745202, "loc_rec_micro": 76.55786350148368, "loc_f1_micro": 75.79318448883666, "loc_prec_macro": 75.04363001745202, "loc_rec_macro": 76.55786350148368, "loc_f1_macro": 75.79318448883666, "cls_prec_micro": 66.50552486187846, "cls_rec_micro": 57.1513353115727, "cls_f1_micro": 61.47462496010214, "cls_prec_macro": 60.30903513467653, "cls_rec_macro": 51.15296496190189, "cls_f1_macro": 54.62160479121566, "epoch": 0.0, "iteration": 0.0, "global_iteration": 0.0}}