{"test_metrics": {"f1": 0.0, "pr": 0.0, "rec": 0.0, "ner_f1": 0.7854579091072083, "ner_pr": 0.7749208211898804, "ner_rec": 0.7962856888771057, "macro_f1": 0.0, "macro_pr": 0.0, "macro_rec": 0.0, "macro_ner_f1": 0.7816156148910522, "macro_ner_pr": 0.786382794380188, "macro_ner_rec": 0.7795690894126892, "samples_per_s": 374.6705468156803, "samples_total_num": 1854, "samples_total_s": 4.948347330093384, "dna_pr": 0.7528089880943298, "dna_rec": 0.7595141530036926, "dna_f1": 0.7561466693878174, "rna_pr": 0.8396226167678833, "rna_rec": 0.8557692170143127, "rna_f1": 0.8476189970970154, "cell_type_pr": 0.7250409126281738, "cell_type_rec": 0.7508474588394165, "cell_type_f1": 0.7377185821533203, "protein_pr": 0.7851729989051819, "protein_rec": 0.8346760272979736, "protein_f1": 0.8091681003570557, "cell_line_pr": 0.8292682766914368, "cell_line_rec": 0.6970387101173401, "cell_line_f1": 0.7574257254600525}, "test_metrics_bounds": {"f1": 0.0, "pr": 0.0, "rec": 0.0, "ner_f1": 0.8241519331932068, "ner_pr": 0.8136193752288818, "ner_rec": 0.8349607586860657, "macro_f1": 0.0, "macro_pr": 0.0, "macro_rec": 0.0, "macro_ner_f1": 0.8241519331932068, "macro_ner_pr": 0.8136193752288818, "macro_ner_rec": 0.8349607586860657, "samples_per_s": 374.6705468156803, "samples_total_num": 1854, "samples_total_s": 4.948347330093384}, "metrics": {"f1": [0.0, 0.0, 0.0, 0.0, 0.0, 0.0, 0.0, 0.0, 0.0, 0.0, 0.0, 0.0, 0.0, 0.0, 0.0, 0.0], "pr": [0.0, 0.0, 0.0, 0.0, 0.0, 0.0, 0.0, 0.0, 0.0, 0.0, 0.0, 0.0, 0.0, 0.0, 0.0, 0.0], "rec": [0.0, 0.0, 0.0, 0.0, 0.0, 0.0, 0.0, 0.0, 0.0, 0.0, 0.0, 0.0, 0.0, 0.0, 0.0, 0.0], "ner_f1": [0.691389262676239, 0.7547340989112854, 0.7689098119735718, 0.781460702419281, 0.7736443281173706, 0.7854579091072083, 0.7744848728179932, 0.7771472930908203, 0.7720829248428345, 0.7786908745765686, 0.7751150727272034, 0.7796164155006409, 0.7799652814865112, 0.7788810133934021, 0.7796153426170349, 0.7780649065971375], "ner_pr": [0.6552374362945557, 0.7194931507110596, 0.7304842472076416, 0.7753486633300781, 0.7487013936042786, 0.7749208211898804, 0.7613762617111206, 0.7808272242546082, 0.8005756735801697, 0.7865234613418579, 0.7761566638946533, 0.7659338712692261, 0.7863397598266602, 0.7768044471740723, 0.7830790281295776, 0.7778415679931641], "ner_rec": [0.7317633628845215, 0.7936052083969116, 0.8116025328636169, 0.7876698970794678, 0.8003063201904297, 0.7962856888771057, 0.7880528569221497, 0.7735018134117126, 0.7455485463142395, 0.7710128426551819, 0.7740762233734131, 0.7937966585159302, 0.7736932635307312, 0.7809687852859497, 0.7761822938919067, 0.7782883644104004], "macro_f1": [0.0, 0.0, 0.0, 0.0, 0.0, 0.0, 0.0, 0.0, 0.0, 0.0, 0.0, 0.0, 0.0, 0.0, 0.0, 0.0], "macro_pr": [0.0, 0.0, 0.0, 0.0, 0.0, 0.0, 0.0, 0.0, 0.0, 0.0, 0.0, 0.0, 0.0, 0.0, 0.0, 0.0], "macro_rec": [0.0, 0.0, 0.0, 0.0, 0.0, 0.0, 0.0, 0.0, 0.0, 0.0, 0.0, 0.0, 0.0, 0.0, 0.0, 0.0], "macro_ner_f1": [0.6576157808303833, 0.741177499294281, 0.7727164626121521, 0.778180718421936, 0.7716449499130249, 0.7816156148910522, 0.7708465456962585, 0.7772592306137085, 0.7698073387145996, 0.7837427854537964, 0.7733893990516663, 0.7810659408569336, 0.7788342833518982, 0.7819886803627014, 0.7818939089775085, 0.7809946537017822], "macro_ner_pr": [0.6923081874847412, 0.7116867303848267, 0.7612661123275757, 0.7777405381202698, 0.7524890899658203, 0.786382794380188, 0.7742329835891724, 0.8109048008918762, 0.8064801096916199, 0.8121446371078491, 0.8024417161941528, 0.7859855890274048, 0.793535590171814, 0.7969051599502563, 0.7986716032028198, 0.7944361567497253], "macro_ner_rec": [0.6636720895767212, 0.7762880325317383, 0.7881967425346375, 0.778894305229187, 0.7949057817459106, 0.7795690894126892, 0.7697255611419678, 0.7490295171737671, 0.7372501492500305, 0.7583181262016296, 0.7483515739440918, 0.7781684398651123, 0.7650207877159119, 0.7686855792999268, 0.767041027545929, 0.7692753076553345], "samples_per_s": [361.8988145153998, 372.6361617587885, 373.2184833638044, 379.8085804202792, 380.1268055344679, 388.6362977615969, 387.73197277642987, 392.49206489890514, 397.38965640294026, 393.1326461779215, 386.6886156084019, 383.3305456623019, 388.5492632156767, 387.79713508733323, 389.02310363834454, 384.0386112848955], "samples_total_num": [1854, 1854, 1854, 1854, 1854, 1854, 1854, 1854, 1854, 1854, 1854, 1854, 1854, 1854, 1854, 1854], "samples_total_s": [5.122978925704956, 4.975362539291382, 4.967599630355835, 4.881406307220459, 4.877319812774658, 4.770527124404907, 4.781653642654419, 4.723662376403809, 4.665446043014526, 4.715965509414673, 4.794555425643921, 4.836556911468506, 4.77159571647644, 4.780850172042847, 4.765783786773682, 4.827639579772949], "dna_pr": [0.7591564655303955, 0.6527026891708374, 0.7335526347160339, 0.7397260069847107, 0.6779077649116516, 0.7528089880943298, 0.7708154320716858, 0.7512356042861938, 0.7633187770843506, 0.7618243098258972, 0.7456932067871094, 0.7299158573150635, 0.7548859715461731, 0.7687713503837585, 0.7662116289138794, 0.7639594078063965], "dna_rec": [0.5538461804389954, 0.7821862101554871, 0.722267210483551, 0.7433198094367981, 0.7975708246231079, 0.7595141530036926, 0.7271255254745483, 0.7384615540504456, 0.7076923251152039, 0.7303643822669983, 0.7360323667526245, 0.7724696397781372, 0.7506073117256165, 0.7295546531677246, 0.7271255254745483, 0.731174111366272], "dna_f1": [0.6404494643211365, 0.7116022706031799, 0.7278662323951721, 0.741518497467041, 0.7328868508338928, 0.7561466693878174, 0.7483333349227905, 0.7447937726974487, 0.7344537973403931, 0.7457627058029175, 0.7408313155174255, 0.7505900859832764, 0.7527405619621277, 0.7486497163772583, 0.7461570501327515, 0.7472072839736938], "rna_pr": [0.6851851940155029, 0.7083333134651184, 0.8181818127632141, 0.8500000238418579, 0.7627118825912476, 0.8396226167678833, 0.8640776872634888, 0.932584285736084, 0.8673469424247742, 0.9247311949729919, 0.9101123809814453, 0.8627451062202454, 0.868686854839325, 0.8888888955116272, 0.8811880946159363, 0.8725489974021912], "rna_rec": [0.7115384340286255, 0.817307710647583, 0.8653846383094788, 0.817307710647583, 0.8653846383094788, 0.8557692170143127, 0.8557692170143127, 0.7980769276618958, 0.817307710647583, 0.8269230723381042, 0.7788461446762085, 0.8461538553237915, 0.8269230723381042, 0.8461538553237915, 0.8557692170143127, 0.8557692170143127], "rna_f1": [0.698113203048706, 0.7589285969734192, 0.84112149477005, 0.8333333730697632, 0.8108108043670654, 0.8476189970970154, 0.8599033951759338, 0.8601036667823792, 0.8415841460227966, 0.8730964660644531, 0.8393782377243042, 0.8543689250946045, 0.847290575504303, 0.8669950366020203, 0.8682926893234253, 0.8640776872634888], "cell_type_pr": [0.5870394110679626, 0.7472527623176575, 0.7371048331260681, 0.7474226951599121, 0.7777777910232544, 0.7250409126281738, 0.6936507821083069, 0.7589285969734192, 0.7623400092124939, 0.760948896408081, 0.7685185074806213, 0.7469879388809204, 0.7438596487045288, 0.7465277910232544, 0.7478559017181396, 0.7406143546104431], "cell_type_rec": [0.7830508351325989, 0.691525399684906, 0.7508474588394165, 0.7372881174087524, 0.7118644118309021, 0.7508474588394165, 0.7406779527664185, 0.7203390002250671, 0.7067796587944031, 0.7067796587944031, 0.7033898234367371, 0.7355931997299194, 0.7186440825462341, 0.7288135886192322, 0.7389830350875854, 0.7355931997299194], "cell_type_f1": [0.671023964881897, 0.7183098196983337, 0.7439126968383789, 0.7423207759857178, 0.7433628439903259, 0.7377185821533203, 0.7163934111595154, 0.739130437374115, 0.7335092425346375, 0.7328646183013916, 0.7345132827758789, 0.74124675989151, 0.731034517288208, 0.7375643849372864, 0.7433930039405823, 0.738095223903656], "protein_pr": [0.6352879405021667, 0.7495213747024536, 0.7174913883209229, 0.7965870499610901, 0.7737780809402466, 0.7851729989051819, 0.7662712335586548, 0.7872628569602966, 0.8189527988433838, 0.792439877986908, 0.782184898853302, 0.7756578922271729, 0.8042253255844116, 0.7788110375404358, 0.7902073860168457, 0.7830474376678467],