{"test_metrics": {"unseen_ner_prec_micro": 48.15393631568666, "unseen_ner_rec_micro": 71.26337091644984, "unseen_ner_f1_micro": 57.47260433667522, "unseen_ner_prec_macro": 51.729190439492825, "unseen_ner_rec_macro": 70.02109108526138, "unseen_ner_f1_macro": 58.51962294112691, "unseen_loc_prec_micro": 52.96831127156037, "unseen_loc_rec_micro": 76.35154668979473, "unseen_loc_f1_micro": 62.54588513913559, "unseen_loc_prec_macro": 52.96831127156037, "unseen_loc_rec_macro": 76.35154668979473, "unseen_loc_f1_macro": 62.54588513913559, "unseen_cls_prec_micro": 91.02658788774004, "unseen_cls_rec_micro": 71.26337091644984, "unseen_cls_f1_micro": 79.94162477703908, "unseen_cls_prec_macro": 88.3930475651252, "unseen_cls_rec_macro": 70.02109108526138, "unseen_cls_f1_macro": 77.91145846029374, "unseen_epoch": 0.0, "unseen_iteration": 0.0, "unseen_global_iteration": 0.0, "seen_ner_prec_micro": 29.87164527421237, "seen_ner_rec_micro": 75.03663898387885, "seen_ner_f1_micro": 42.73195159271109, "seen_ner_prec_macro": 24.83606322173543, "seen_ner_rec_macro": 69.4848366002336, "seen_ner_f1_macro": 35.01812263332463, "seen_loc_prec_micro": 31.293881644934807, "seen_loc_rec_micro": 76.20908646800196, "seen_loc_f1_micro": 44.36860068259386, "seen_loc_prec_macro": 31.293881644934807, "seen_loc_rec_macro": 76.20908646800196, "seen_loc_f1_macro": 44.36860068259386, "seen_cls_prec_micro": 96.12015018773468, "seen_cls_rec_micro": 75.03663898387885, "seen_cls_f1_micro": 84.2798353909465, "seen_cls_prec_macro": 90.14536135286056, "seen_cls_rec_macro": 69.4848366002336, "seen_cls_f1_macro": 78.45149840434684, "seen_epoch": 0.0, "seen_iteration": 0.0, "seen_global_iteration": 0.0, "ner_prec_micro": 78.2336850332161, "ner_rec_micro": 72.72066836178715, "ner_f1_micro": 75.37650602409639, "ner_prec_macro": 77.15328013899823, "ner_rec_macro": 71.22359172001718, "ner_f1_macro": 73.98264101359587, "loc_prec_micro": 84.44846292947558, "loc_rec_micro": 76.33490737377406, "loc_f1_micro": 80.18696937899456, "loc_prec_macro": 84.44846292947558, "loc_rec_macro": 76.33490737377406, "loc_f1_macro": 80.18696937899456, "cls_prec_micro": 92.7710843373494, "cls_rec_micro": 72.72066836178715, "cls_f1_micro": 81.53125636326614, "cls_prec_macro": 90.90260293998185, "cls_rec_macro": 71.22359172001718, "cls_f1_macro": 79.75872810607157, "epoch": 0.0, "iteration": 0.0, "global_iteration": 0.0}}