{"test_metrics": {"unseen_ner_prec_micro": 12.379642365887207, "unseen_ner_rec_micro": 67.98866855524079, "unseen_ner_f1_micro": 20.945454545454545, "unseen_ner_prec_macro": 10.78647220742016, "unseen_ner_rec_macro": 52.39039823666703, "unseen_ner_f1_macro": 17.650913618762104, "unseen_loc_prec_micro": 14.59112773917691, "unseen_loc_rec_micro": 77.33711048158641, "unseen_loc_f1_micro": 24.55035971223021, "unseen_loc_prec_macro": 14.59112773917691, "unseen_loc_rec_macro": 77.33711048158641, "unseen_loc_f1_macro": 24.55035971223021, "unseen_cls_prec_micro": 84.30913348946136, "unseen_cls_rec_micro": 67.98866855524079, "unseen_cls_f1_micro": 75.27443805541036, "unseen_cls_prec_macro": 69.14486925813196, "unseen_cls_rec_macro": 52.39039823666703, "unseen_cls_f1_macro": 58.90509365810836, "unseen_epoch": 0.0, "unseen_iteration": 0.0, "unseen_global_iteration": 0.0, "seen_ner_prec_micro": 62.794699707451386, "seen_ner_rec_micro": 82.61263300882952, "seen_ner_f1_micro": 71.35314822057099, "seen_ner_prec_macro": 53.42210674443212, "seen_ner_rec_macro": 75.92515205957243, "seen_ner_f1_macro": 62.28602657515076, "seen_loc_prec_micro": 70.47075606276746, "seen_loc_rec_micro": 89.47249264206475, "seen_loc_f1_micro": 78.84289276807979, "seen_loc_prec_macro": 70.47075606276746, "seen_loc_rec_macro": 89.47249264206475, "seen_loc_f1_macro": 78.84289276807979, "seen_cls_prec_micro": 89.83259478089612, "seen_cls_rec_micro": 82.61263300882952, "seen_cls_f1_micro": 86.07147069229862, "seen_cls_prec_macro": 81.13643717779694, "seen_cls_rec_macro": 75.92515205957243, "seen_cls_f1_macro": 78.3094827948295, "seen_epoch": 0.0, "seen_iteration": 0.0, "seen_global_iteration": 0.0, "ner_prec_micro": 75.37878787878788, "ner_rec_micro": 79.94886778670562, "ner_f1_micro": 77.59659695143566, "ner_prec_macro": 64.33683302534035, "ner_rec_macro": 70.26684075282402, "ner_f1_macro": 66.8888952540025, "loc_prec_micro": 85.32666904676901, "loc_rec_micro": 87.2899926953981, "loc_f1_micro": 86.29716555334898, "loc_prec_macro": 85.32666904676901, "loc_rec_macro": 87.2899926953981, "loc_f1_macro": 86.29716555334898, "cls_prec_micro": 88.85731682565455, "cls_rec_micro": 79.94886778670562, "cls_f1_micro": 84.16802845333076, "cls_prec_macro": 79.0897169150357, "cls_rec_macro": 70.26684075282402, "cls_f1_macro": 74.24608246587316, "epoch": 0.0, "iteration": 0.0, "global_iteration": 0.0}}