{"test_metrics": {"unseen_ner_prec_micro": 37.37623762376238, "unseen_ner_rec_micro": 57.11043872919819, "unseen_ner_f1_micro": 45.18252543387193, "unseen_ner_prec_macro": 32.14334351838491, "unseen_ner_rec_macro": 47.15797588030108, "unseen_ner_f1_macro": 36.785381747638674, "unseen_loc_prec_micro": 57.056229327453146, "unseen_loc_rec_micro": 78.29046898638427, "unseen_loc_f1_micro": 66.00765306122449, "unseen_loc_prec_macro": 57.056229327453146, "unseen_loc_rec_macro": 78.29046898638427, "unseen_loc_f1_macro": 66.00765306122449, "unseen_cls_prec_micro": 64.6404109589041, "unseen_cls_rec_micro": 57.11043872919819, "unseen_cls_f1_micro": 60.6425702811245, "unseen_cls_prec_macro": 53.889189400359406, "unseen_cls_rec_macro": 47.15797588030108, "unseen_cls_f1_macro": 50.12294383098271, "unseen_epoch": 0.0, "unseen_iteration": 0.0, "unseen_global_iteration": 0.0, "seen_ner_prec_micro": 13.134328358208954, "seen_ner_rec_micro": 72.72727272727273, "seen_ner_f1_micro": 22.25031605562579, "seen_ner_prec_macro": 13.722084318309626, "seen_ner_rec_macro": 62.68143488361457, "seen_ner_f1_macro": 19.638182455575084, "seen_loc_prec_micro": 16.555924695459577, "seen_loc_rec_micro": 82.36914600550963, "seen_loc_f1_micro": 27.57030889810973, "seen_loc_prec_macro": 16.555924695459577, "seen_loc_rec_macro": 82.36914600550963, "seen_loc_f1_macro": 27.57030889810973, "seen_cls_prec_micro": 81.73374613003097, "seen_cls_rec_micro": 72.72727272727273, "seen_cls_f1_micro": 76.96793002915452, "seen_cls_prec_macro": 70.10554255804577, "seen_cls_rec_macro": 62.68143488361457, "seen_cls_f1_macro": 65.53371463911162, "seen_epoch": 0.0, "seen_iteration": 0.0, "seen_global_iteration": 0.0, "ner_prec_micro": 50.37147102526003, "ner_rec_micro": 60.35608308605342, "ner_f1_micro": 54.91360691144709, "ner_prec_macro": 46.03603175089685, "ner_rec_macro": 55.116765569541705, "ner_f1_macro": 49.697456077320105, "loc_prec_micro": 73.69589345172031, "loc_rec_micro": 78.81305637982196, "loc_f1_micro": 76.16862632635504, "loc_prec_macro": 73.69589345172031, "loc_rec_macro": 78.81305637982196, "loc_f1_macro": 76.16862632635504, "cls_prec_micro": 67.48506967485069, "cls_rec_micro": 60.35608308605342, "cls_f1_micro": 63.721804511278194, "cls_prec_macro": 61.07710881909302, "cls_rec_macro": 55.116765569541705, "cls_f1_macro": 57.84108362825211, "epoch": 0.0, "iteration": 0.0, "global_iteration": 0.0}}