{"test_metrics": {"unseen_ner_prec_micro": 28.184800437397485, "unseen_ner_rec_micro": 76.01376259523225, "unseen_ner_f1_micro": 41.12211659908263, "unseen_ner_prec_macro": 36.71800421076289, "unseen_ner_rec_macro": 72.8148185676409, "unseen_ner_f1_macro": 47.17738082624677, "unseen_loc_prec_micro": 30.22433212324304, "unseen_loc_rec_micro": 79.79847628409928, "unseen_loc_f1_micro": 43.84283013772617, "unseen_loc_prec_macro": 30.22433212324304, "unseen_loc_rec_macro": 79.79847628409928, "unseen_loc_f1_macro": 43.84283013772617, "unseen_cls_prec_micro": 93.33132166566084, "unseen_cls_rec_micro": 76.01376259523225, "unseen_cls_f1_micro": 83.78707842340512, "unseen_cls_prec_macro": 90.72612974786888, "unseen_cls_rec_macro": 72.8148185676409, "unseen_cls_f1_macro": 80.73802124357327, "unseen_epoch": 0.0, "unseen_iteration": 0.0, "unseen_global_iteration": 0.0, "seen_ner_prec_micro": 53.77049180327869, "seen_ner_rec_micro": 87.24693364858874, "seen_ner_f1_micro": 66.53518904603595, "seen_ner_prec_macro": 35.18082098764839, "seen_ner_rec_macro": 87.25080883588402, "seen_ner_f1_macro": 46.44427510478728, "seen_loc_prec_micro": 55.215408951335256, "seen_loc_rec_micro": 87.69026156346979, "seen_loc_f1_micro": 67.76293251113395, "seen_loc_prec_macro": 55.215408951335256, "seen_loc_rec_macro": 87.69026156346979, "seen_loc_f1_macro": 67.76293251113395, "seen_cls_prec_micro": 97.84554192906862, "seen_cls_rec_micro": 87.24693364858874, "seen_cls_f1_micro": 92.24279353175532, "seen_cls_prec_macro": 86.52388812613708, "seen_cls_rec_macro": 87.25080883588402, "seen_cls_f1_macro": 86.42215239488586, "seen_epoch": 0.0, "seen_iteration": 0.0, "seen_global_iteration": 0.0, "ner_prec_micro": 81.99562203575339, "ner_rec_micro": 82.9641934293097, "ner_f1_micro": 82.47706422018348, "ner_prec_macro": 71.86962248520481, "ner_rec_macro": 77.42991482607842, "ner_f1_macro": 74.38648490925667, "loc_prec_micro": 85.48266865449125, "loc_rec_micro": 84.66223698781839, "loc_f1_micro": 85.07047477744807, "loc_prec_macro": 85.48266865449125, "loc_rec_macro": 84.66223698781839, "loc_f1_macro": 85.07047477744807, "cls_prec_micro": 96.27329192546584, "cls_rec_micro": 82.9641934293097, "cls_f1_micro": 89.1246158421731, "cls_prec_macro": 89.88002395002265, "cls_rec_macro": 77.42991482607842, "cls_f1_macro": 83.14852081052537, "epoch": 0.0, "iteration": 0.0, "global_iteration": 0.0}}