{"test_metrics": {"unseen__f1": 0.0, "unseen__pr": 0.0, "unseen__rec": 0.0, "unseen__ner_f1": 0.5339652299880981, "unseen__ner_pr": 0.45601725578308105, "unseen__ner_rec": 0.6440548896789551, "unseen__macro_f1": 0.0, "unseen__macro_pr": 0.0, "unseen__macro_rec": 0.0, "unseen__macro_ner_f1": 0.48784610629081726, "unseen__macro_ner_pr": 0.43434929847717285, "unseen__macro_ner_rec": 0.5981143116950989, "unseen__samples_per_s": 284.0590054911865, "unseen__samples_total_num": 508, "unseen__samples_total_s": 1.788360834121704, "unseen__task_pr": 0.5378788113594055, "unseen__task_rec": 0.5966386795043945, "unseen__task_f1": 0.5657371282577515, "unseen__method_pr": 0.6329670548439026, "unseen__method_rec": 0.7384615540504456, "unseen__method_f1": 0.6816568374633789, "unseen__material_pr": 0.46524062752723694, "unseen__material_rec": 0.6641221642494202, "unseen__material_f1": 0.5471698045730591, "unseen__otherscientificterm_pr": 0.47018739581108093, "unseen__otherscientificterm_rec": 0.6188340783119202, "unseen__otherscientificterm_f1": 0.5343658924102783, "unseen__metric_pr": 0.41791045665740967, "unseen__metric_rec": 0.5090909004211426, "unseen__metric_f1": 0.4590164124965668, "unseen__generic_pr": 0.08191126585006714, "unseen__generic_rec": 0.4615384638309479, "unseen__generic_f1": 0.13913042843341827, "seen__f1": 0.0, "seen__pr": 0.0, "seen__rec": 0.0, "seen__ner_f1": 0.40833333134651184, "seen__ner_pr": 0.2724745273590088, "seen__ner_rec": 0.8144044280052185, "seen__macro_f1": 0.0, "seen__macro_pr": 0.0, "seen__macro_rec": 0.0, "seen__macro_ner_f1": 0.36687472462654114, "seen__macro_ner_pr": 0.2643831670284271, "seen__macro_ner_rec": 0.7893369793891907, "seen__samples_per_s": 325.7251345288154, "seen__samples_total_num": 267, "seen__samples_total_s": 0.8197095394134521, "seen__task_pr": 0.14788731932640076, "seen__task_rec": 0.875, "seen__task_f1": 0.2530120313167572, "seen__method_pr": 0.12608695030212402, "seen__method_rec": 0.8285714387893677, "seen__method_f1": 0.2188679277896881, "seen__material_pr": 0.21153846383094788, "seen__material_rec": 0.8148148059844971, "seen__material_f1": 0.3358778655529022, "seen__otherscientificterm_pr": 0.1257861703634262, "seen__otherscientificterm_rec": 0.5633803009986877, "seen__otherscientificterm_f1": 0.2056555449962616, "seen__metric_pr": 0.2666666805744171, "seen__metric_rec": 0.75, "seen__metric_f1": 0.39344266057014465, "seen__generic_pr": 0.7083333134651184, "seen__generic_rec": 0.9042553305625916, "seen__generic_f1": 0.7943925261497498}, "test_metrics_bounds": {"unseen__f1": 0.0, "unseen__pr": 0.0, "unseen__rec": 0.0, "unseen__ner_f1": 0.6755217909812927, "unseen__ner_pr": 0.5772972702980042, "unseen__ner_rec": 0.8140243887901306, "unseen__macro_f1": 0.0, "unseen__macro_pr": 0.0, "unseen__macro_rec": 0.0, "unseen__macro_ner_f1": 0.6755217909812927, "unseen__macro_ner_pr": 0.5772972702980042, "unseen__macro_ner_rec": 0.8140243887901306, "unseen__samples_per_s": 284.0590054911865, "unseen__samples_total_num": 508, "unseen__samples_total_s": 1.788360834121704, "seen__f1": 0.0, "seen__pr": 0.0, "seen__rec": 0.0, "seen__ner_f1": 0.4433634579181671, "seen__ner_pr": 0.29591837525367737, "seen__ner_rec": 0.8836565017700195, "seen__macro_f1": 0.0, "seen__macro_pr": 0.0, "seen__macro_rec": 0.0, "seen__macro_ner_f1": 0.4433634579181671, "seen__macro_ner_pr": 0.29591837525367737, "seen__macro_ner_rec": 0.8836565017700195, "seen__samples_per_s": 325.7251345288154, "seen__samples_total_num": 267, "seen__samples_total_s": 0.8197095394134521}}