{"test_metrics": {"Eval_Ent_Precision": 85.80317237125524, "Eval_Ent_Recall": 90.41462738195315, "Eval_Ent_F1": 88.04856114423586, "Eval_Time": 119.2667760848999, "Eval_Examples": 5000, "Eval_Examples_Per_Second": 41.92282347299097, "seen_Eval_Ent_Precision": 68.10095521547612, "seen_Eval_Ent_Recall": 95.12792262330079, "seen_Eval_Ent_F1": 79.37691521361043, "seen_Eval_Time": 118.41232752799988, "seen_Eval_Examples": 5000, "seen_Eval_Examples_Per_Second": 42.22533332788088, "unseen_Eval_Ent_Precision": 17.719744112221584, "unseen_Eval_Ent_Recall": 75.92940290955359, "unseen_Eval_Ent_F1": 28.733835447283262, "unseen_Eval_Time": 117.93830394744873, "unseen_Eval_Examples": 5000, "unseen_Eval_Examples_Per_Second": 42.3950475176234}}