{"test_metrics": {"seen__f1": 0.0, "seen__pr": 0.0, "seen__rec": 0.0, "seen__ner_f1": 0.5874143838882446, "seen__ner_pr": 0.4480583369731903, "seen__ner_rec": 0.8525881767272949, "seen__macro_f1": 0.0, "seen__macro_pr": 0.0, "seen__macro_rec": 0.0, "seen__macro_ner_f1": 0.5185312032699585, "seen__macro_ner_pr": 0.3913272023200989, "seen__macro_ner_rec": 0.812081515789032, "seen__samples_per_s": 486.8156355906605, "seen__samples_total_num": 1854, "seen__samples_total_s": 3.8084232807159424, "seen__dna_pr": 0.2945990264415741, "seen__dna_rec": 0.8089887499809265, "seen__dna_f1": 0.4319136440753937, "seen__rna_pr": 0.24752475321292877, "seen__rna_rec": 0.7575757503509521, "seen__rna_f1": 0.3731343150138855, "seen__cell_type_pr": 0.5449826717376709, "seen__cell_type_rec": 0.7664233446121216, "seen__cell_type_f1": 0.6370070576667786, "seen__protein_pr": 0.5150322318077087, "seen__protein_rec": 0.8899195790290833, "seen__protein_f1": 0.6524598002433777, "seen__cell_line_pr": 0.35449734330177307, "seen__cell_line_rec": 0.8374999761581421, "seen__cell_line_f1": 0.49814125895500183, "unseen__f1": 0.0, "unseen__pr": 0.0, "unseen__rec": 0.0, "unseen__ner_f1": 0.4723459780216217, "unseen__ner_pr": 0.35521388053894043, "unseen__ner_rec": 0.7047321200370789, "unseen__macro_f1": 0.0, "unseen__macro_pr": 0.0, "unseen__macro_rec": 0.0, "unseen__macro_ner_f1": 0.5108193755149841, "unseen__macro_ner_pr": 0.40966716408729553, "unseen__macro_ner_rec": 0.7169123888015747, "unseen__samples_per_s": 543.5958031167296, "unseen__samples_total_num": 1854, "unseen__samples_total_s": 3.4106223583221436, "unseen__dna_pr": 0.4762684106826782, "unseen__dna_rec": 0.7367088794708252, "unseen__dna_f1": 0.5785288214683533, "unseen__rna_pr": 0.5742574334144592, "unseen__rna_rec": 0.8169013857841492, "unseen__rna_f1": 0.674418568611145, "unseen__cell_type_pr": 0.21453286707401276, "unseen__cell_type_rec": 0.6927374005317688, "unseen__cell_type_f1": 0.32760897278785706, "unseen__protein_pr": 0.30708661675453186, "unseen__protein_rec": 0.6930533051490784, "unseen__protein_f1": 0.425595223903656, "unseen__cell_line_pr": 0.4761904776096344, "unseen__cell_line_rec": 0.6451612710952759, "unseen__cell_line_f1": 0.5479452013969421}, "test_metrics_bounds": {"seen__f1": 0.0, "seen__pr": 0.0, "seen__rec": 0.0, "seen__ner_f1": 0.5964322090148926, "seen__ner_pr": 0.45502957701683044, "seen__ner_rec": 0.865341305732727, "seen__macro_f1": 0.0, "seen__macro_pr": 0.0, "seen__macro_rec": 0.0, "seen__macro_ner_f1": 0.5964322090148926, "seen__macro_ner_pr": 0.45502957701683044, "seen__macro_ner_rec": 0.865341305732727, "seen__samples_per_s": 486.8156355906605, "seen__samples_total_num": 1854, "seen__samples_total_s": 3.8084232807159424, "unseen__f1": 0.0, "unseen__pr": 0.0, "unseen__rec": 0.0, "unseen__ner_f1": 0.5110790729522705, "unseen__ner_pr": 0.38441815972328186, "unseen__ner_rec": 0.7622213363647461, "unseen__macro_f1": 0.0, "unseen__macro_pr": 0.0, "unseen__macro_rec": 0.0, "unseen__macro_ner_f1": 0.5110790729522705, "unseen__macro_ner_pr": 0.38441815972328186, "unseen__macro_ner_rec": 0.7622213363647461, "unseen__samples_per_s": 543.5958031167296, "unseen__samples_total_num": 1854, "unseen__samples_total_s": 3.4106223583221436}}