{"test_metrics": {"f1": 0.0, "pr": 0.0, "rec": 0.0, "ner_f1": 0.7915695905685425, "ner_pr": 0.8032722473144531, "ner_rec": 0.7802029252052307, "macro_f1": 0.0, "macro_pr": 0.0, "macro_rec": 0.0, "macro_ner_f1": 0.78203284740448, "macro_ner_pr": 0.8009943962097168, "macro_ner_rec": 0.7649426460266113, "samples_per_s": 398.965288318958, "samples_total_num": 1854, "samples_total_s": 4.6470208168029785, "dna_pr": 0.7708674073219299, "dna_rec": 0.7627530097961426, "dna_f1": 0.7667887806892395, "rna_pr": 0.8217821717262268, "rna_rec": 0.7980769276618958, "rna_f1": 0.8097561001777649, "cell_type_pr": 0.7595155835151672, "cell_type_rec": 0.7440677881240845, "cell_type_f1": 0.7517122626304626, "protein_pr": 0.8221188187599182, "protein_rec": 0.8045533895492554, "protein_f1": 0.8132412433624268, "cell_line_pr": 0.8306878209114075, "cell_line_rec": 0.7152619361877441, "cell_line_f1": 0.7686658501625061}, "test_metrics_bounds": {"f1": 0.0, "pr": 0.0, "rec": 0.0, "ner_f1": 0.8269698023796082, "ner_pr": 0.8394477367401123, "ner_rec": 0.8148573637008667, "macro_f1": 0.0, "macro_pr": 0.0, "macro_rec": 0.0, "macro_ner_f1": 0.8269698023796082, "macro_ner_pr": 0.8394477367401123, "macro_ner_rec": 0.8148573637008667, "samples_per_s": 398.965288318958, "samples_total_num": 1854, "samples_total_s": 4.6470208168029785}, "metrics": {"f1": [0.0, 0.0, 0.0, 0.0, 0.0, 0.0, 0.0, 0.0, 0.0, 0.0, 0.0, 0.0, 0.0, 0.0, 0.0, 0.0, 0.0, 0.0, 0.0, 0.0], "pr": [0.0, 0.0, 0.0, 0.0, 0.0, 0.0, 0.0, 0.0, 0.0, 0.0, 0.0, 0.0, 0.0, 0.0, 0.0, 0.0, 0.0, 0.0, 0.0, 0.0], "rec": [0.0, 0.0, 0.0, 0.0, 0.0, 0.0, 0.0, 0.0, 0.0, 0.0, 0.0, 0.0, 0.0, 0.0, 0.0, 0.0, 0.0, 0.0, 0.0, 0.0], "ner_f1": [0.6931147575378418, 0.7598044276237488, 0.7640551924705505, 0.7822108268737793, 0.7878613471984863, 0.7861440181732178, 0.7887243032455444, 0.7858189344406128, 0.7838799357414246, 0.7892836928367615, 0.7856529355049133, 0.7850592732429504, 0.7856115102767944, 0.7897534966468811, 0.7915695905685425, 0.7872299551963806, 0.7884817719459534, 0.789666473865509, 0.7901163101196289, 0.7893169522285461], "ner_pr": [0.724916398525238, 0.7610449194908142, 0.7311056852340698, 0.7491673827171326, 0.7878614068031311, 0.7969703078269958, 0.7926899790763855, 0.8020334839820862, 0.787591814994812, 0.7833302021026611, 0.782889723777771, 0.783412754535675, 0.7871972322463989, 0.797540009021759, 0.8032722473144531, 0.7931972742080688, 0.7879540920257568, 0.795185387134552, 0.7874120473861694, 0.7921326756477356], "ner_rec": [0.6639862060546875, 0.7585678696632385, 0.8001148700714111, 0.818303644657135, 0.7878614068031311, 0.7756078839302063, 0.7847980260848999, 0.7702469825744629, 0.7802029252052307, 0.7953283786773682, 0.7884357571601868, 0.786712646484375, 0.7840321660041809, 0.7821175456047058, 0.7802029252052307, 0.7813516855239868, 0.7890101671218872, 0.7842236161231995, 0.7928393483161926, 0.7865211367607117], "macro_f1": [0.0, 0.0, 0.0, 0.0, 0.0, 0.0, 0.0, 0.0, 0.0, 0.0, 0.0, 0.0, 0.0, 0.0, 0.0, 0.0, 0.0, 0.0, 0.0, 0.0], "macro_pr": [0.0, 0.0, 0.0, 0.0, 0.0, 0.0, 0.0, 0.0, 0.0, 0.0, 0.0, 0.0, 0.0, 0.0, 0.0, 0.0, 0.0, 0.0, 0.0, 0.0], "macro_rec": [0.0, 0.0, 0.0, 0.0, 0.0, 0.0, 0.0, 0.0, 0.0, 0.0, 0.0, 0.0, 0.0, 0.0, 0.0, 0.0, 0.0, 0.0, 0.0, 0.0], "macro_ner_f1": [0.6718018651008606, 0.7480597496032715, 0.7550989985466003, 0.7864402532577515, 0.7852903604507446, 0.7748587131500244, 0.7905227541923523, 0.7846082448959351, 0.7809262275695801, 0.7876459360122681, 0.7891917824745178, 0.7794118523597717, 0.7802823185920715, 0.7852646708488464, 0.78203284740448, 0.7858666181564331, 0.7818601727485657, 0.784011960029602, 0.7883890867233276, 0.7846799492835999], "macro_ner_pr": [0.7235450148582458, 0.7855191230773926, 0.7612481713294983, 0.7832611799240112, 0.7979422807693481, 0.8085474967956543, 0.8104342222213745, 0.8080660700798035, 0.8053696751594543, 0.8001748323440552, 0.7969213128089905, 0.7927049398422241, 0.7999253869056702, 0.8145014643669128, 0.8009943962097168, 0.8122566938400269, 0.7963289618492126, 0.8083095550537109, 0.8025339245796204, 0.8054928779602051], "macro_ner_rec": [0.6418193578720093, 0.7193492650985718, 0.757503092288971, 0.7928824424743652, 0.7756884694099426, 0.7452723383903503, 0.7744356393814087, 0.7635824084281921, 0.7613089084625244, 0.7777189016342163, 0.782681941986084, 0.7700924277305603, 0.7640217542648315, 0.7603777050971985, 0.7649426460266113, 0.7630358338356018, 0.7692689895629883, 0.7627878189086914, 0.7761292457580566, 0.7666535377502441], "samples_per_s": [380.7572515226638, 383.56494657853693, 376.9143952288063, 377.2130016309012, 384.4959560192901, 385.83154784238195, 385.19633539778863, 395.00348263879596, 391.5639706988658, 382.4531051249842, 382.83789121703103, 394.71075541991064, 396.4335546396922, 397.71704439671237, 396.97477460276946, 384.91168989190976, 384.0494981878223, 398.12106654453083, 394.15025329303757, 390.32098122948224], "samples_total_num": [1854, 1854, 1854, 1854, 1854, 1854, 1854, 1854, 1854, 1854, 1854, 1854, 1854, 1854, 1854, 1854, 1854, 1854, 1854, 1854], "samples_total_s": [4.86924409866333, 4.833601236343384, 4.918888807296753, 4.914994955062866, 4.821897268295288, 4.805205821990967, 4.813129901885986, 4.693629503250122, 4.734858512878418, 4.847653150558472, 4.842780828475952, 4.697110414505005, 4.6766979694366455, 4.661605596542358, 4.670321941375732, 4.8166892528533936, 4.827502727508545, 4.656874895095825, 4.703789949417114, 4.749936819076538], "dna_pr": [0.6206896305084229, 0.7542908787727356, 0.7649572491645813, 0.7315789461135864, 0.7231104373931885, 0.7998236417770386, 0.7666666507720947, 0.7675401568412781, 0.784799337387085, 0.7494127154350281, 0.7563897967338562, 0.7892031073570251, 0.7686567306518555, 0.7732127904891968, 0.7708674073219299, 0.772990882396698, 0.7740585803985596, 0.7600321173667908, 0.7533703446388245, 0.7638436555862427], "dna_rec": [0.6850202679634094, 0.6761133670806885, 0.7246963381767273, 0.7878542542457581, 0.8056679964065552, 0.7344129681587219, 0.7635627388954163, 0.7352226972579956, 0.7441295385360718, 0.7748987674713135, 0.7668015956878662, 0.7457489967346191, 0.7506073117256165, 0.7619433403015137, 0.7627530097961426, 0.755465567111969, 0.7489878535270691, 0.7668015956878662, 0.7692307829856873, 0.7595141530036926], "dna_f1": [0.6512702107429504, 0.7130658030509949, 0.7442827224731445, 0.7586744427680969, 0.762160062789917, 0.7657238841056824, 0.7651115655899048, 0.7510339617729187, 0.7639235258102417, 0.7619426846504211, 0.7615600228309631, 0.7668609023094177, 0.7595248222351074, 0.7675366997718811, 0.7667887806892395, 0.7641277313232422, 0.7613168954849243, 0.7634018063545227, 0.7612179517745972, 0.7616727352142334], "rna_pr": [0.8055555820465088, 0.8636363744735718, 0.7943925261497498, 0.8700000047683716, 0.8484848737716675, 0.8539325594902039, 0.8811880946159363, 0.8514851331710815, 0.8799999952316284, 0.8600000143051147, 0.8888888955116272, 0.843137264251709, 0.8529411554336548, 0.9090909361839294, 0.8217821717262268, 0.9130434989929199, 0.8415841460227966, 0.8817204236984253, 0.8865979313850403, 0.8829787373542786], "rna_rec": [0.557692289352417, 0.7307692170143127, 0.817307710647583, 0.8365384340286255, 0.807692289352417, 0.7307692170143127, 0.8557692170143127, 0.8269230723381042, 0.8461538553237915, 0.8269230723381042, 0.8461538553237915, 0.8269230723381042, 0.8365384340286255, 0.7692307829856873, 0.7980769276618958, 0.807692289352417, 0.817307710647583, 0.7884615659713745, 0.8269230723381042, 0.7980769276618958], "rna_f1": [0.6590908765792847, 0.7916666269302368, 0.8056871891021729, 0.8529411554336548, 0.8275862336158752, 0.787564754486084, 0.8682926893234253, 0.8390244245529175, 0.8627451062202454, 0.8431373238563538, 0.8669950366020203, 0.8349514007568359, 0.844660222530365, 0.8333333134651184, 0.8097561001777649, 0.8571428060531616, 0.829268217086792, 0.8324872851371765, 0.8557213544845581, 0.8383838534355164],