{"test_metrics": {"unseen_ner_prec_micro": 31.27510509107893, "unseen_ner_rec_micro": 74.79892761394102, "unseen_ner_f1_micro": 44.10776628680588, "unseen_ner_prec_macro": 38.26084033910777, "unseen_ner_rec_macro": 71.98513222166505, "unseen_ner_f1_macro": 48.84256027776976, "unseen_loc_prec_micro": 33.15569090216977, "unseen_loc_rec_micro": 77.83735478105451, "unseen_loc_f1_micro": 46.50293646556327, "unseen_loc_prec_macro": 33.15569090216977, "unseen_loc_rec_macro": 77.83735478105451, "unseen_loc_f1_macro": 46.50293646556327, "unseen_cls_prec_micro": 94.60299519638316, "unseen_cls_rec_micro": 74.79892761394102, "unseen_cls_f1_micro": 83.54335620711166, "unseen_cls_prec_macro": 93.5310598423133, "unseen_cls_rec_macro": 71.98513222166505, "unseen_cls_f1_macro": 81.27826849870289, "unseen_epoch": 0.0, "unseen_iteration": 0.0, "unseen_global_iteration": 0.0, "seen_ner_prec_micro": 49.42517992335732, "seen_ner_rec_micro": 83.14465408805032, "seen_ner_f1_micro": 61.99660003517205, "seen_ner_prec_macro": 32.2951605161801, "seen_ner_rec_macro": 83.66949990538669, "seen_ner_f1_macro": 43.00910816185963, "seen_loc_prec_micro": 50.84213531258921, "seen_loc_rec_micro": 84.00943396226414, "seen_loc_f1_micro": 63.346967810777166, "seen_loc_prec_macro": 50.84213531258921, "seen_loc_rec_macro": 84.00943396226414, "seen_loc_f1_macro": 63.346967810777166, "seen_cls_prec_micro": 97.79914925097096, "seen_cls_rec_micro": 83.14465408805032, "seen_cls_f1_micro": 89.87847369762896, "seen_cls_prec_macro": 85.50830324672957, "seen_cls_rec_macro": 83.66949990538669, "seen_cls_f1_macro": 84.0791262544976, "seen_epoch": 0.0, "seen_iteration": 0.0, "seen_global_iteration": 0.0, "ner_prec_micro": 80.70553008327876, "ner_rec_micro": 79.59579180509412, "ner_f1_micro": 80.1468196812712, "ner_prec_macro": 70.60368303619363, "ner_rec_macro": 75.2588512276839, "ner_f1_macro": 72.6345445814855, "loc_prec_micro": 84.01943967981704, "loc_rec_micro": 81.36766334440753, "loc_f1_micro": 82.67229254571026, "loc_prec_macro": 84.01943967981704, "loc_rec_macro": 81.36766334440753, "loc_f1_macro": 82.67229254571026, "cls_prec_micro": 96.49809800850302, "cls_rec_micro": 79.59579180509412, "cls_f1_micro": 87.23576413472236, "cls_prec_macro": 91.48281069202694, "cls_rec_macro": 75.2588512276839, "cls_f1_macro": 82.56216557184547, "epoch": 0.0, "iteration": 0.0, "global_iteration": 0.0}}