{"test_metrics": {"seen__f1": 0.0, "seen__pr": 0.0, "seen__rec": 0.0, "seen__ner_f1": 0.5781644582748413, "seen__ner_pr": 0.4344448745250702, "seen__ner_rec": 0.863978922367096, "seen__macro_f1": 0.0, "seen__macro_pr": 0.0, "seen__macro_rec": 0.0, "seen__macro_ner_f1": 0.5221658945083618, "seen__macro_ner_pr": 0.3868567943572998, "seen__macro_ner_rec": 0.8471220135688782, "seen__samples_per_s": 476.5060009350897, "seen__samples_total_num": 1854, "seen__samples_total_s": 3.890821933746338, "seen__dna_pr": 0.2690794765949249, "seen__dna_rec": 0.8181818127632141, "seen__dna_f1": 0.4049733579158783, "seen__rna_pr": 0.2970297038555145, "seen__rna_rec": 0.8823529481887817, "seen__rna_f1": 0.4444444179534912, "seen__cell_type_pr": 0.5181674361228943, "seen__cell_type_rec": 0.7828162312507629, "seen__cell_type_f1": 0.6235741376876831, "seen__protein_pr": 0.5051795840263367, "seen__protein_rec": 0.8969957232475281, "seen__protein_f1": 0.6463441848754883, "seen__cell_line_pr": 0.3448275923728943, "seen__cell_line_rec": 0.8552631735801697, "seen__cell_line_f1": 0.4914933741092682, "unseen__f1": 0.0, "unseen__pr": 0.0, "unseen__rec": 0.0, "unseen__ner_f1": 0.47406649589538574, "unseen__ner_pr": 0.35240620374679565, "unseen__ner_rec": 0.7240171432495117, "unseen__macro_f1": 0.0, "unseen__macro_pr": 0.0, "unseen__macro_rec": 0.0, "unseen__macro_ner_f1": 0.5020765066146851, "unseen__macro_ner_pr": 0.4009295403957367, "unseen__macro_ner_rec": 0.7225403785705566, "unseen__samples_per_s": 531.1244003775948, "unseen__samples_total_num": 1854, "unseen__samples_total_s": 3.4907076358795166, "unseen__dna_pr": 0.49016523361206055, "unseen__dna_rec": 0.7625458836555481, "unseen__dna_f1": 0.5967433452606201, "unseen__rna_pr": 0.5544554591178894, "unseen__rna_rec": 0.800000011920929, "unseen__rna_f1": 0.6549707651138306, "unseen__cell_type_pr": 0.1958925724029541, "unseen__cell_type_rec": 0.7251461744308472, "unseen__cell_type_f1": 0.30845770239830017, "unseen__protein_pr": 0.3052486181259155, "unseen__protein_rec": 0.7222222089767456, "unseen__protein_f1": 0.42912620306015015, "unseen__cell_line_pr": 0.45888593792915344, "unseen__cell_line_rec": 0.602787435054779, "unseen__cell_line_f1": 0.5210843086242676}, "test_metrics_bounds": {"seen__f1": 0.0, "seen__pr": 0.0, "seen__rec": 0.0, "seen__ner_f1": 0.5869593024253845, "seen__ner_pr": 0.441137433052063, "seen__ner_rec": 0.8767897486686707, "seen__macro_f1": 0.0, "seen__macro_pr": 0.0, "seen__macro_rec": 0.0, "seen__macro_ner_f1": 0.5869593024253845, "seen__macro_ner_pr": 0.441137433052063, "seen__macro_ner_rec": 0.8767897486686707, "seen__samples_per_s": 476.5060009350897, "seen__samples_total_num": 1854, "seen__samples_total_s": 3.890821933746338, "unseen__f1": 0.0, "unseen__pr": 0.0, "unseen__rec": 0.0, "unseen__ner_f1": 0.5181030035018921, "unseen__ner_pr": 0.3852132558822632, "unseen__ner_rec": 0.7909692525863647, "unseen__macro_f1": 0.0, "unseen__macro_pr": 0.0, "unseen__macro_rec": 0.0, "unseen__macro_ner_f1": 0.5181030035018921, "unseen__macro_ner_pr": 0.3852132558822632, "unseen__macro_ner_rec": 0.7909692525863647, "unseen__samples_per_s": 531.1244003775948, "unseen__samples_total_num": 1854, "unseen__samples_total_s": 3.4907076358795166}}