{"test_metrics": {"unseen_ner_prec_micro": 48.63945578231292, "unseen_ner_rec_micro": 55.4980595084088, "unseen_ner_f1_micro": 51.8429003021148, "unseen_ner_prec_macro": 48.62808330029013, "unseen_ner_rec_macro": 51.810197392740086, "unseen_ner_f1_macro": 49.21544149860463, "unseen_loc_prec_micro": 55.64705882352941, "unseen_loc_rec_micro": 61.19016817593791, "unseen_loc_f1_micro": 58.28712261244608, "unseen_loc_prec_macro": 55.64705882352941, "unseen_loc_rec_macro": 61.19016817593791, "unseen_loc_f1_macro": 58.28712261244608, "unseen_cls_prec_micro": 87.1951219512195, "unseen_cls_rec_micro": 55.4980595084088, "unseen_cls_f1_micro": 67.82608695652173, "unseen_cls_prec_macro": 85.07638239803914, "unseen_cls_rec_macro": 51.810197392740086, "unseen_cls_f1_macro": 63.54442027448837, "unseen_epoch": 0.0, "unseen_iteration": 0.0, "unseen_global_iteration": 0.0, "seen_ner_prec_micro": 22.70147559591373, "seen_ner_rec_micro": 65.359477124183, "seen_ner_f1_micro": 33.69839932603201, "seen_ner_prec_macro": 17.35087913507131, "seen_ner_rec_macro": 50.86914120592779, "seen_ner_f1_macro": 25.6745397321757, "seen_loc_prec_micro": 25.0, "seen_loc_rec_micro": 69.6078431372549, "seen_loc_f1_micro": 36.787564766839374, "seen_loc_prec_macro": 25.0, "seen_loc_rec_macro": 69.6078431372549, "seen_loc_f1_macro": 36.787564766839374, "seen_cls_prec_micro": 90.9090909090909, "seen_cls_rec_micro": 65.359477124183, "seen_cls_f1_micro": 76.04562737642586, "seen_cls_prec_macro": 71.54047314966854, "seen_cls_rec_macro": 50.86914120592779, "seen_cls_f1_macro": 58.9938231265802, "seen_epoch": 0.0, "seen_iteration": 0.0, "seen_global_iteration": 0.0, "ner_prec_micro": 71.4121699196326, "ner_rec_micro": 57.64596848934198, "ner_f1_micro": 63.7948717948718, "ner_prec_macro": 65.4463655361475, "ner_rec_macro": 51.90958966399848, "ner_f1_macro": 57.54356407868531, "loc_prec_micro": 81.24253285543608, "loc_rec_micro": 63.02131603336423, "loc_f1_micro": 70.9812108559499, "loc_prec_macro": 81.24253285543608, "loc_rec_macro": 63.02131603336423, "loc_f1_macro": 70.9812108559499, "cls_prec_micro": 88.22695035460994, "cls_rec_micro": 57.64596848934198, "cls_f1_micro": 69.73094170403587, "cls_prec_macro": 83.45991512580724, "cls_rec_macro": 51.90958966399848, "cls_f1_macro": 63.1113652687313, "epoch": 0.0, "iteration": 0.0, "global_iteration": 0.0}}