{"test_metrics": {"unseen_ner_prec_micro": 33.05531588534177, "unseen_ner_rec_micro": 73.20594479830149, "unseen_ner_f1_micro": 45.54520837461198, "unseen_ner_prec_macro": 40.92567030628217, "unseen_ner_rec_macro": 71.10673615934118, "unseen_ner_f1_macro": 50.752830107306416, "unseen_loc_prec_micro": 34.922330097087375, "unseen_loc_rec_micro": 76.36942675159236, "unseen_loc_f1_micro": 47.92804796802132, "unseen_loc_prec_macro": 34.922330097087375, "unseen_loc_rec_macro": 76.36942675159236, "unseen_loc_f1_macro": 47.92804796802132, "unseen_cls_prec_micro": 94.7773501924134, "unseen_cls_rec_micro": 73.20594479830149, "unseen_cls_f1_micro": 82.60661236224244, "unseen_cls_prec_macro": 92.50579314172258, "unseen_cls_rec_macro": 71.10673615934118, "unseen_cls_f1_macro": 80.36920804040317, "unseen_epoch": 0.0, "unseen_iteration": 0.0, "unseen_global_iteration": 0.0, "seen_ner_prec_micro": 49.14652857690832, "seen_ner_rec_micro": 83.6598106431603, "seen_ner_f1_micro": 61.91856953002296, "seen_ner_prec_macro": 30.247744228033675, "seen_ner_rec_macro": 80.74277922476502, "seen_ner_f1_macro": 39.7973369297135, "seen_loc_prec_micro": 50.36893203883495, "seen_loc_rec_micro": 84.68821416911526, "seen_loc_f1_micro": 63.1681480579569, "seen_loc_prec_macro": 50.36893203883495, "seen_loc_rec_macro": 84.68821416911526, "seen_loc_f1_macro": 63.1681480579569, "seen_cls_prec_micro": 98.19888867599155, "seen_cls_rec_micro": 83.6598106431603, "seen_cls_f1_micro": 90.34817100044071, "seen_cls_prec_macro": 85.08595725688458, "seen_cls_rec_macro": 80.74277922476502, "seen_cls_f1_macro": 82.3180041920923, "seen_epoch": 0.0, "seen_iteration": 0.0, "seen_global_iteration": 0.0, "ner_prec_micro": 82.17878700776086, "ner_rec_micro": 79.15282392026577, "ner_f1_micro": 80.63742772528558, "ner_prec_macro": 71.15782618596614, "ner_rec_macro": 74.29856053003516, "ner_f1_macro": 72.43248180146495, "loc_prec_micro": 85.31638198757764, "loc_rec_micro": 81.12772240679217, "loc_f1_micro": 83.16934720908232, "loc_prec_macro": 85.31638198757764, "loc_rec_macro": 81.12772240679217, "loc_f1_macro": 83.16934720908232, "cls_prec_micro": 96.76218411552348, "cls_rec_micro": 79.15282392026577, "cls_f1_micro": 87.0761421319797, "cls_prec_macro": 91.02471291619732, "cls_rec_macro": 74.29856053003516, "cls_f1_macro": 81.74600223895031, "epoch": 0.0, "iteration": 0.0, "global_iteration": 0.0}}