{"test_metrics": {"f1": 0.0, "pr": 0.0, "rec": 0.0, "ner_f1": 0.5961893200874329, "ner_pr": 0.6135357618331909, "ner_rec": 0.5797967910766602, "macro_f1": 0.0, "macro_pr": 0.0, "macro_rec": 0.0, "macro_ner_f1": 0.567184567451477, "macro_ner_pr": 0.5947636961936951, "macro_ner_rec": 0.5456063151359558, "samples_per_s": 133.30635403693609, "samples_total_num": 529, "samples_total_s": 3.9683029651641846, "task_pr": 0.5719424486160278, "task_rec": 0.6068702340126038, "task_f1": 0.5888888239860535, "method_pr": 0.7281323671340942, "method_rec": 0.7247058749198914, "method_f1": 0.7264151573181152, "material_pr": 0.614814817905426, "material_rec": 0.5253164768218994, "material_f1": 0.5665529370307922, "otherscientificterm_pr": 0.5671936869621277, "otherscientificterm_rec": 0.5551257133483887, "otherscientificterm_f1": 0.5610947608947754, "metric_pr": 0.5166666507720947, "metric_rec": 0.43661972880363464, "metric_f1": 0.47328242659568787, "generic_pr": 0.5698323845863342, "generic_rec": 0.42500001192092896, "generic_f1": 0.4868735074996948}, "test_metrics_bounds": {"f1": 0.0, "pr": 0.0, "rec": 0.0, "ner_f1": 0.7426990866661072, "ner_pr": 0.7645569443702698, "ner_rec": 0.7220562100410461, "macro_f1": 0.0, "macro_pr": 0.0, "macro_rec": 0.0, "macro_ner_f1": 0.7426990866661072, "macro_ner_pr": 0.7645569443702698, "macro_ner_rec": 0.7220562100410461, "samples_per_s": 133.30635403693609, "samples_total_num": 529, "samples_total_s": 3.9683029651641846}, "metrics": {"f1": [0.0, 0.0, 0.0, 0.0, 0.0, 0.0, 0.0, 0.0, 0.0, 0.0, 0.0, 0.0, 0.0, 0.0, 0.0, 0.0, 0.0, 0.0, 0.0, 0.0, 0.0, 0.0, 0.0, 0.0, 0.0], "pr": [0.0, 0.0, 0.0, 0.0, 0.0, 0.0, 0.0, 0.0, 0.0, 0.0, 0.0, 0.0, 0.0, 0.0, 0.0, 0.0, 0.0, 0.0, 0.0, 0.0, 0.0, 0.0, 0.0, 0.0, 0.0], "rec": [0.0, 0.0, 0.0, 0.0, 0.0, 0.0, 0.0, 0.0, 0.0, 0.0, 0.0, 0.0, 0.0, 0.0, 0.0, 0.0, 0.0, 0.0, 0.0, 0.0, 0.0, 0.0, 0.0, 0.0, 0.0], "ner_f1": [0.2535421550273895, 0.4414353370666504, 0.5526675581932068, 0.5888137221336365, 0.5616161227226257, 0.5880893468856812, 0.5824324488639832, 0.5865679979324341, 0.5840708017349243, 0.585273802280426, 0.5895721912384033, 0.5812931060791016, 0.6126245856285095, 0.60317462682724, 0.5979128479957581, 0.597671389579773, 0.6169279217720032, 0.6115384697914124, 0.6124523878097534, 0.609993577003479, 0.6193218231201172, 0.6197916269302368, 0.6125892400741577, 0.6210458874702454, 0.6227390170097351], "ner_pr": [0.3130755126476288, 0.4801178276538849, 0.608433723449707, 0.5778045654296875, 0.6069868803024292, 0.5823096036911011, 0.6319648027420044, 0.5769696831703186, 0.5892857313156128, 0.5878634452819824, 0.6318051815032959, 0.5823899507522583, 0.6520509123802185, 0.6113256216049194, 0.5860409140586853, 0.6176470518112183, 0.6173149347305298, 0.625984251499176, 0.6211340427398682, 0.6325706839561462, 0.6326797604560852, 0.6449864506721497, 0.6352624297142029, 0.6404793858528137, 0.6426666378974915], "ner_rec": [0.2130325883626938, 0.40852129459381104, 0.5062656402587891, 0.6002506017684937, 0.5225563645362854, 0.5939849615097046, 0.5401002764701843, 0.5964912176132202, 0.5789473652839661, 0.5827067494392395, 0.5526315569877625, 0.5802004933357239, 0.5776942372322083, 0.5952380895614624, 0.6102756857872009, 0.5789473652839661, 0.61654132604599, 0.597744345664978, 0.6040100455284119, 0.5889724493026733, 0.6065163016319275, 0.5964912176132202, 0.591478705406189, 0.602756917476654, 0.6040100455284119], "macro_f1": [0.0, 0.0, 0.0, 0.0, 0.0, 0.0, 0.0, 0.0, 0.0, 0.0, 0.0, 0.0, 0.0, 0.0, 0.0, 0.0, 0.0, 0.0, 0.0, 0.0, 0.0, 0.0, 0.0, 0.0, 0.0], "macro_pr": [0.0, 0.0, 0.0, 0.0, 0.0, 0.0, 0.0, 0.0, 0.0, 0.0, 0.0, 0.0, 0.0, 0.0, 0.0, 0.0, 0.0, 0.0, 0.0, 0.0, 0.0, 0.0, 0.0, 0.0, 0.0], "macro_rec": [0.0, 0.0, 0.0, 0.0, 0.0, 0.0, 0.0, 0.0, 0.0, 0.0, 0.0, 0.0, 0.0, 0.0, 0.0, 0.0, 0.0, 0.0, 0.0, 0.0, 0.0, 0.0, 0.0, 0.0, 0.0], "macro_ner_f1": [0.11388757824897766, 0.295250803232193, 0.47609230875968933, 0.5092794299125671, 0.4665021002292633, 0.546203076839447, 0.5227720141410828, 0.5232925415039062, 0.5229486227035522, 0.54200679063797, 0.5225349068641663, 0.5328167080879211, 0.5501317381858826, 0.5409700870513916, 0.5496751666069031, 0.5379053950309753, 0.5736507773399353, 0.5673775672912598, 0.5628843903541565, 0.5660420656204224, 0.5758957862854004, 0.5720617175102234, 0.5625984072685242, 0.5677829384803772, 0.571914792060852], "macro_ner_pr": [0.10077180713415146, 0.4421962797641754, 0.5573627352714539, 0.5623978972434998, 0.5539416670799255, 0.5411462187767029, 0.6266980171203613, 0.5471722483634949, 0.5491300821304321, 0.555749773979187, 0.5894060730934143, 0.5693485140800476, 0.6295090317726135, 0.5835422873497009, 0.5442131757736206, 0.5917831659317017, 0.6017533540725708, 0.5926398634910583, 0.59543377161026, 0.6034091114997864, 0.6110376715660095, 0.6275692582130432, 0.6101613640785217, 0.6156858801841736, 0.6198186278343201], "macro_ner_rec": [0.13262702524662018, 0.2887973487377167, 0.43305400013923645, 0.5106082558631897, 0.4429389536380768, 0.5552046298980713, 0.4851600229740143, 0.5279473662376404, 0.5084763765335083, 0.5450614094734192, 0.4934026300907135, 0.5160524845123291, 0.5085569024085999, 0.5279979705810547, 0.5616256594657898, 0.5181200504302979, 0.5604140162467957, 0.5493627786636353, 0.5432530045509338, 0.5411552786827087, 0.5561586022377014, 0.5402944087982178, 0.5353908538818359, 0.5405809879302979, 0.5445119142532349], "samples_per_s": [137.16801360662814, 102.55193664140701, 125.68144430294404, 130.8073980157926, 118.13346107340223, 95.95362911758606, 120.43219217218775, 123.26217106501291, 116.21597997773765, 133.4750481903217, 117.04540273433895, 177.38218076238036, 154.59702129843353, 159.26377461553548, 151.6351897624604, 156.38654580059622, 165.43587457919264, 165.51715428995368, 154.40323871598216, 139.93487271410015, 130.1506833358476, 170.22223408527947, 125.08280382919894, 115.11835342987061, 127.57791388190762], "samples_total_num": [260, 260, 260, 260, 260, 260, 260, 260, 260, 260, 260, 260, 260, 260, 260, 260, 260, 260, 260, 260, 260, 260, 260, 260, 260], "samples_total_s": [1.8954856395721436, 2.5353007316589355, 2.0687222480773926, 1.9876551628112793, 2.2009005546569824, 2.709642171859741, 2.158891201019287, 2.1093251705169678, 2.2372138500213623, 1.9479296207427979, 2.221360206604004, 1.465761661529541, 1.6817917823791504, 1.632511854171753, 1.7146415710449219, 1.6625471115112305, 1.571605920791626, 1.5708341598510742, 1.6839025020599365, 1.8580071926116943, 1.9976844787597656, 1.5274150371551514, 2.078623056411743, 2.258545160293579, 2.0379703044891357], "task_pr": [0.0, 0.7586206793785095, 0.5759999752044678, 0.6476190686225891, 0.698113203048706, 0.6260162591934204, 0.6915887594223022, 0.5182926654815674, 0.7099999785423279, 0.5810810923576355, 0.6397058963775635, 0.6460176706314087, 0.6507936716079712, 0.6124030947685242, 0.6279069781303406, 0.5857142806053162, 0.6142857074737549, 0.6456692814826965, 0.6902654767036438, 0.658730149269104, 0.6328125, 0.6363636255264282, 0.6086956262588501, 0.6363636255264282, 0.6315789222717285], "task_rec": [0.0, 0.3492063581943512, 0.5714285969734192, 0.5396825671195984, 0.5873016119003296, 0.6111111044883728, 0.5873016119003296, 0.6746031641960144, 0.5634920597076416, 0.682539701461792, 0.6904761791229248, 0.579365074634552, 0.6507936716079712, 0.6269841194152832, 0.6428571343421936, 0.6507936716079712, 0.682539701461792, 0.6507936716079712, 0.6190476417541504, 0.658730149269104, 0.6428571343421936, 0.6666666865348816, 0.6666666865348816, 0.6666666865348816, 0.6666666865348816],