{"test_metrics": {"unseen_ner_prec_micro": 54.12621359223301, "unseen_ner_rec_micro": 48.42562432138979, "unseen_ner_f1_micro": 51.11747851002866, "unseen_ner_prec_macro": 50.38480439142023, "unseen_ner_rec_macro": 44.78252534574737, "unseen_ner_f1_macro": 46.92932095625595, "unseen_loc_prec_micro": 66.70854271356784, "unseen_loc_rec_micro": 57.65472312703584, "unseen_loc_f1_micro": 61.85206755969715, "unseen_loc_prec_macro": 66.70854271356784, "unseen_loc_rec_macro": 57.65472312703584, "unseen_loc_f1_macro": 61.85206755969715, "unseen_cls_prec_micro": 81.53564899451554, "unseen_cls_rec_micro": 48.42562432138979, "unseen_cls_f1_micro": 60.76294277929155, "unseen_cls_prec_macro": 76.9750257997936, "unseen_cls_rec_macro": 44.78252534574737, "unseen_cls_f1_macro": 55.89578660180624, "unseen_epoch": 0.0, "unseen_iteration": 0.0, "unseen_global_iteration": 0.0, "seen_ner_prec_micro": 9.7708082026538, "seen_ner_rec_micro": 51.26582278481012, "seen_ner_f1_micro": 16.41337386018237, "seen_ner_prec_macro": 7.995789606277078, "seen_ner_rec_macro": 44.97481684981685, "seen_ner_f1_macro": 13.30447161556712, "seen_loc_prec_micro": 12.531328320802004, "seen_loc_rec_micro": 63.29113924050633, "seen_loc_f1_micro": 20.920502092050206, "seen_loc_prec_macro": 12.531328320802004, "seen_loc_rec_macro": 63.29113924050633, "seen_loc_f1_macro": 20.920502092050206, "seen_cls_prec_micro": 73.63636363636363, "seen_cls_rec_micro": 51.26582278481012, "seen_cls_f1_micro": 60.44776119402984, "seen_cls_prec_macro": 59.4464029246638, "seen_cls_rec_macro": 44.97481684981685, "seen_cls_f1_macro": 49.809346663566615, "seen_epoch": 0.0, "seen_iteration": 0.0, "seen_global_iteration": 0.0, "ner_prec_micro": 63.45919610231425, "ner_rec_micro": 48.28544949026877, "ner_f1_micro": 54.84210526315789, "ner_prec_macro": 58.23111510791367, "ner_rec_macro": 44.31327700027353, "ner_f1_macro": 49.85196551428107, "loc_prec_micro": 78.9873417721519, "loc_rec_micro": 57.831325301204814, "loc_f1_micro": 66.77367576243981, "loc_prec_macro": 78.9873417721519, "loc_rec_macro": 57.831325301204814, "loc_f1_macro": 66.77367576243981, "cls_prec_micro": 80.2773497688752, "cls_rec_micro": 48.28544949026877, "cls_f1_micro": 60.30092592592593, "cls_prec_macro": 74.55282585216796, "cls_rec_macro": 44.31327700027353, "cls_f1_macro": 54.93182176440558, "epoch": 0.0, "iteration": 0.0, "global_iteration": 0.0}}