{"test_metrics": {"Eval_Ent_Precision": 81.50139017024998, "Eval_Ent_Recall": 81.20786775672585, "Eval_Ent_F1": 81.35436421086001, "Eval_Time": 132.33686470985413, "Eval_Examples": 5000, "Eval_Examples_Per_Second": 37.78236707483133, "seen_Eval_Ent_Precision": 48.08155699757524, "seen_Eval_Ent_Recall": 84.5364184342394, "seen_Eval_Ent_F1": 61.298517159260705, "seen_Eval_Time": 128.90717005729675, "seen_Eval_Examples": 5000, "seen_Eval_Examples_Per_Second": 38.78760194469863, "unseen_Eval_Ent_Precision": 33.46617238489969, "unseen_Eval_Ent_Recall": 76.84613746463242, "unseen_Eval_Ent_F1": 46.62663826028106, "unseen_Eval_Time": 130.22083187103271, "unseen_Eval_Examples": 5000, "unseen_Eval_Examples_Per_Second": 38.396314385027644}}