{"test_metrics": {"unseen_ner_prec_micro": 21.61350844277673, "unseen_ner_rec_micro": 74.75665152498378, "unseen_ner_f1_micro": 33.532236937854755, "unseen_ner_prec_macro": 20.66903419213369, "unseen_ner_rec_macro": 60.134095390789376, "unseen_ner_f1_macro": 30.326814573377643, "unseen_loc_prec_micro": 24.296042617960424, "unseen_loc_rec_micro": 82.86826735885788, "unseen_loc_f1_micro": 37.57540091216713, "unseen_loc_prec_macro": 24.296042617960424, "unseen_loc_rec_macro": 82.86826735885788, "unseen_loc_f1_macro": 37.57540091216713, "unseen_cls_prec_micro": 88.34355828220859, "unseen_cls_rec_micro": 74.75665152498378, "unseen_cls_f1_micro": 80.9841827768014, "unseen_cls_prec_macro": 79.32279596059672, "unseen_cls_rec_macro": 60.134095390789376, "unseen_cls_f1_macro": 67.62922900427162, "unseen_epoch": 0.0, "unseen_iteration": 0.0, "unseen_global_iteration": 0.0, "seen_ner_prec_micro": 64.952130655153, "seen_ner_rec_micro": 87.92884371029224, "seen_ner_f1_micro": 74.71388469013172, "seen_ner_prec_macro": 57.95864848345572, "seen_ner_rec_macro": 83.98765259825501, "seen_ner_f1_macro": 68.36775780366776, "seen_loc_prec_micro": 70.07048961706992, "seen_loc_rec_micro": 93.46886912325286, "seen_loc_f1_micro": 80.09581881533101, "seen_loc_prec_macro": 70.07048961706992, "seen_loc_rec_macro": 93.46886912325286, "seen_loc_f1_macro": 80.09581881533101, "seen_cls_prec_micro": 93.13593539703902, "seen_cls_rec_micro": 87.92884371029224, "seen_cls_f1_micro": 90.45751633986929, "seen_cls_prec_macro": 90.79213051014328, "seen_cls_rec_macro": 83.98765259825501, "seen_cls_f1_macro": 87.20144818907065, "seen_epoch": 0.0, "seen_iteration": 0.0, "seen_global_iteration": 0.0, "ner_prec_micro": 86.64165103189494, "ner_rec_micro": 84.33162892622352, "ner_f1_micro": 85.47103461040163, "ner_prec_macro": 79.27614802744264, "ner_rec_macro": 75.57903225992308, "ner_f1_macro": 77.34717540773002, "loc_prec_micro": 94.33460076045628, "loc_rec_micro": 90.61358655953252, "loc_f1_micro": 92.43666169895678, "loc_prec_macro": 94.33460076045628, "loc_rec_macro": 90.61358655953252, "loc_f1_macro": 92.43666169895678, "cls_prec_micro": 91.84566428003184, "cls_rec_micro": 84.33162892622352, "cls_f1_micro": 87.92840822543792, "cls_prec_macro": 87.77662600120173, "cls_rec_macro": 75.57903225992308, "cls_f1_macro": 81.09418868582793, "epoch": 0.0, "iteration": 0.0, "global_iteration": 0.0}}