{"test_metrics": {"unseen_ner_prec_micro": 14.739934335579749, "unseen_ner_rec_micro": 75.88967971530249, "unseen_ner_f1_micro": 24.68528432933005, "unseen_ner_prec_macro": 14.553171462022638, "unseen_ner_rec_macro": 66.17639363251443, "unseen_ner_f1_macro": 23.543089897708764, "unseen_loc_prec_micro": 16.95067264573991, "unseen_loc_rec_micro": 84.07473309608541, "unseen_loc_f1_micro": 28.213166144200624, "unseen_loc_prec_macro": 16.95067264573991, "unseen_loc_rec_macro": 84.07473309608541, "unseen_loc_f1_macro": 28.213166144200624, "unseen_cls_prec_micro": 86.16161616161617, "unseen_cls_rec_micro": 75.88967971530249, "unseen_cls_f1_micro": 80.70009460737938, "unseen_cls_prec_macro": 79.19843319450992, "unseen_cls_rec_macro": 66.17639363251443, "unseen_cls_f1_macro": 71.66534293033273, "unseen_epoch": 0.0, "unseen_iteration": 0.0, "unseen_global_iteration": 0.0, "seen_ner_prec_micro": 68.56302956942764, "seen_ner_rec_micro": 91.10753676470588, "seen_ner_f1_micro": 78.24370991613222, "seen_ner_prec_macro": 58.48461136021149, "seen_ner_rec_macro": 88.55609026784413, "seen_ner_f1_macro": 70.0148534953344, "seen_loc_prec_micro": 74.86103639949793, "seen_loc_rec_micro": 95.93290441176472, "seen_loc_f1_micro": 84.09708933427335, "seen_loc_prec_macro": 74.86103639949793, "seen_loc_rec_macro": 95.93290441176472, "seen_loc_f1_macro": 84.09708933427335, "seen_cls_prec_micro": 91.95269016697588, "seen_cls_rec_micro": 91.10753676470588, "seen_cls_f1_micro": 91.528162511542, "seen_cls_prec_macro": 86.54352447220958, "seen_cls_rec_macro": 88.55609026784413, "seen_cls_f1_macro": 87.45348409013603, "seen_epoch": 0.0, "seen_iteration": 0.0, "seen_global_iteration": 0.0, "ner_prec_micro": 83.34199134199135, "ner_rec_micro": 87.8926223520818, "ner_f1_micro": 85.55683939205404, "ner_prec_macro": 72.86556660426767, "ner_rec_macro": 81.92319601378587, "ner_f1_macro": 76.86302400267225, "loc_prec_micro": 91.79680488242684, "loc_rec_micro": 93.38933528122718, "loc_f1_micro": 92.5862225038472, "loc_prec_macro": 91.79680488242684, "loc_rec_macro": 93.38933528122718, "loc_f1_macro": 92.5862225038472, "cls_prec_micro": 91.12078758046196, "cls_rec_micro": 87.8926223520818, "cls_f1_micro": 89.47759806655512, "cls_prec_macro": 85.20237478133443, "cls_rec_macro": 81.92319601378587, "cls_f1_macro": 83.43349607262726, "epoch": 0.0, "iteration": 0.0, "global_iteration": 0.0}}