{"test_metrics": {"seen__f1": 0.0, "seen__pr": 0.0, "seen__rec": 0.0, "seen__ner_f1": 0.5763747096061707, "seen__ner_pr": 0.4211309552192688, "seen__ner_rec": 0.9129032492637634, "seen__macro_f1": 0.0, "seen__macro_pr": 0.0, "seen__macro_rec": 0.0, "seen__macro_ner_f1": 0.508495569229126, "seen__macro_ner_pr": 0.36906513571739197, "seen__macro_ner_rec": 0.8440386056900024, "seen__samples_per_s": 232.99202470546143, "seen__samples_total_num": 177, "seen__samples_total_s": 0.7596826553344727, "seen__loc_pr": 0.5263158082962036, "seen__loc_rec": 0.9523809552192688, "seen__loc_f1": 0.6779660582542419, "seen__org_pr": 0.37037035822868347, "seen__org_rec": 0.8163265585899353, "seen__org_f1": 0.5095541477203369, "seen__peop_pr": 0.39647576212882996, "seen__peop_rec": 0.957446813583374, "seen__peop_f1": 0.5607476234436035, "seen__other_pr": 0.18309858441352844, "seen__other_rec": 0.6499999761581421, "seen__other_f1": 0.2857142984867096, "unseen__f1": 0.0, "unseen__pr": 0.0, "unseen__rec": 0.0, "unseen__ner_f1": 0.7236238718032837, "unseen__ner_pr": 0.6341708302497864, "unseen__ner_rec": 0.842456579208374, "unseen__macro_f1": 0.0, "unseen__macro_pr": 0.0, "unseen__macro_rec": 0.0, "unseen__macro_ner_f1": 0.7087547779083252, "unseen__macro_ner_pr": 0.6398126482963562, "unseen__macro_ner_rec": 0.806303858757019, "unseen__samples_per_s": 501.67212279033265, "unseen__samples_total_num": 267, "unseen__samples_total_s": 0.5322201251983643, "unseen__loc_pr": 0.5682926774024963, "unseen__loc_rec": 0.8726591467857361, "unseen__loc_f1": 0.688330888748169, "unseen__org_pr": 0.6408839821815491, "unseen__org_rec": 0.7945205569267273, "unseen__org_f1": 0.7094801664352417, "unseen__peop_pr": 0.7239057421684265, "unseen__peop_rec": 0.9598214030265808, "unseen__peop_f1": 0.8253359198570251, "unseen__other_pr": 0.6261682510375977, "unseen__other_rec": 0.5982142686843872, "unseen__other_f1": 0.611872136592865}, "test_metrics_bounds": {"seen__f1": 0.0, "seen__pr": 0.0, "seen__rec": 0.0, "seen__ner_f1": 0.5845214128494263, "seen__ner_pr": 0.4270833432674408, "seen__ner_rec": 0.92580646276474, "seen__macro_f1": 0.0, "seen__macro_pr": 0.0, "seen__macro_rec": 0.0, "seen__macro_ner_f1": 0.5845214128494263, "seen__macro_ner_pr": 0.4270833432674408, "seen__macro_ner_rec": 0.92580646276474, "seen__samples_per_s": 232.99202470546143, "seen__samples_total_num": 177, "seen__samples_total_s": 0.7596826553344727, "unseen__f1": 0.0, "unseen__pr": 0.0, "unseen__rec": 0.0, "unseen__ner_f1": 0.7385320663452148, "unseen__ner_pr": 0.647236168384552, "unseen__ner_rec": 0.8598130941390991, "unseen__macro_f1": 0.0, "unseen__macro_pr": 0.0, "unseen__macro_rec": 0.0, "unseen__macro_ner_f1": 0.7385320663452148, "unseen__macro_ner_pr": 0.647236168384552, "unseen__macro_ner_rec": 0.8598130941390991, "unseen__samples_per_s": 501.67212279033265, "unseen__samples_total_num": 267, "unseen__samples_total_s": 0.5322201251983643}}