{"test_metrics": {"f1": 0.0, "pr": 0.0, "rec": 0.0, "ner_f1": 0.8625000715255737, "ner_pr": 0.8785504698753357, "ner_rec": 0.8470255136489868, "macro_f1": 0.0, "macro_pr": 0.0, "macro_rec": 0.0, "macro_ner_f1": 0.8169941306114197, "macro_ner_pr": 0.8454795479774475, "macro_ner_rec": 0.7939283847808838, "samples_per_s": 160.3898815558074, "samples_total_num": 288, "samples_total_s": 1.7956244945526123, "loc_pr": 0.9019138813018799, "loc_rec": 0.9106280207633972, "loc_f1": 0.90625, "org_pr": 0.8241758346557617, "org_rec": 0.7692307829856873, "org_f1": 0.795755922794342, "peop_pr": 0.9276729822158813, "peop_rec": 0.9276729822158813, "peop_f1": 0.9276729822158813, "other_pr": 0.7281553149223328, "other_rec": 0.5681818127632141, "other_f1": 0.6382978558540344}, "test_metrics_bounds": {"f1": 0.0, "pr": 0.0, "rec": 0.0, "ner_f1": 0.8840789198875427, "ner_pr": 0.9009804129600525, "ner_rec": 0.8677998185157776, "macro_f1": 0.0, "macro_pr": 0.0, "macro_rec": 0.0, "macro_ner_f1": 0.8840789198875427, "macro_ner_pr": 0.9009804129600525, "macro_ner_rec": 0.8677998185157776, "samples_per_s": 160.3898815558074, "samples_total_num": 288, "samples_total_s": 1.7956244945526123}, "metrics": {"f1": [0.0, 0.0, 0.0, 0.0, 0.0, 0.0, 0.0, 0.0, 0.0, 0.0, 0.0, 0.0, 0.0, 0.0, 0.0, 0.0, 0.0, 0.0, 0.0, 0.0, 0.0, 0.0, 0.0, 0.0, 0.0, 0.0, 0.0, 0.0, 0.0, 0.0, 0.0, 0.0, 0.0, 0.0, 0.0, 0.0], "pr": [0.0, 0.0, 0.0, 0.0, 0.0, 0.0, 0.0, 0.0, 0.0, 0.0, 0.0, 0.0, 0.0, 0.0, 0.0, 0.0, 0.0, 0.0, 0.0, 0.0, 0.0, 0.0, 0.0, 0.0, 0.0, 0.0, 0.0, 0.0, 0.0, 0.0, 0.0, 0.0, 0.0, 0.0, 0.0, 0.0], "rec": [0.0, 0.0, 0.0, 0.0, 0.0, 0.0, 0.0, 0.0, 0.0, 0.0, 0.0, 0.0, 0.0, 0.0, 0.0, 0.0, 0.0, 0.0, 0.0, 0.0, 0.0, 0.0, 0.0, 0.0, 0.0, 0.0, 0.0, 0.0, 0.0, 0.0, 0.0, 0.0, 0.0, 0.0, 0.0, 0.0], "ner_f1": [0.4666198194026947, 0.7452887892723083, 0.7554479837417603, 0.7708830237388611, 0.8119859099388123, 0.8002414107322693, 0.8107163310050964, 0.8052995204925537, 0.8292397856712341, 0.8192917704582214, 0.8355030417442322, 0.8175519108772278, 0.8194197416305542, 0.8347107172012329, 0.8416763544082642, 0.8444181084632874, 0.8308051228523254, 0.8455188274383545, 0.8377143740653992, 0.8401399850845337, 0.8448275923728943, 0.8381171226501465, 0.8483775854110718, 0.8436577916145325, 0.8476356863975525, 0.8541176319122314, 0.8467410206794739, 0.8445985317230225, 0.8510638475418091, 0.8446261882781982, 0.8373178243637085, 0.8425979614257812, 0.8345996141433716, 0.8260869383811951, 0.8462887406349182, 0.8424737453460693], "ner_pr": [0.6058394312858582, 0.7961038947105408, 0.8030887842178345, 0.8064919114112854, 0.8355501890182495, 0.8478260636329651, 0.826603353023529, 0.8118466734886169, 0.8491017818450928, 0.8794233202934265, 0.8662576675415039, 0.8261376619338989, 0.85012286901474, 0.8632478713989258, 0.8576512336730957, 0.8788627982139587, 0.8486292958259583, 0.8733252286911011, 0.8377143144607544, 0.8581644892692566, 0.849711000919342, 0.8419838547706604, 0.8768292665481567, 0.8719512224197388, 0.8663484454154968, 0.8799999952316284, 0.8707729578018188, 0.8539719581604004, 0.8564814925193787, 0.8637992739677429, 0.8547618985176086, 0.8633093237876892, 0.8540669679641724, 0.8500604629516602, 0.8660287261009216, 0.8605482578277588], "ner_rec": [0.37942856550216675, 0.7005714178085327, 0.7131428718566895, 0.7382857203483582, 0.7897142767906189, 0.7577142715454102, 0.7954285740852356, 0.7988571524620056, 0.8102856874465942, 0.7668571472167969, 0.806857168674469, 0.8091428279876709, 0.7908571362495422, 0.8080000281333923, 0.826285719871521, 0.8125714063644409, 0.8137142658233643, 0.819428563117981, 0.8377143144607544, 0.822857141494751, 0.8399999737739563, 0.8342857360839844, 0.8217142820358276, 0.8171428442001343, 0.829714298248291, 0.829714298248291, 0.8240000009536743, 0.8354285955429077, 0.845714271068573, 0.826285719871521, 0.8205714225769043, 0.822857141494751, 0.8159999847412109, 0.803428590297699, 0.8274285793304443, 0.8251428604125977], "macro_f1": [0.0, 0.0, 0.0, 0.0, 0.0, 0.0, 0.0, 0.0, 0.0, 0.0, 0.0, 0.0, 0.0, 0.0, 0.0, 0.0, 0.0, 0.0, 0.0, 0.0, 0.0, 0.0, 0.0, 0.0, 0.0, 0.0, 0.0, 0.0, 0.0, 0.0, 0.0, 0.0, 0.0, 0.0, 0.0, 0.0], "macro_pr": [0.0, 0.0, 0.0, 0.0, 0.0, 0.0, 0.0, 0.0, 0.0, 0.0, 0.0, 0.0, 0.0, 0.0, 0.0, 0.0, 0.0, 0.0, 0.0, 0.0, 0.0, 0.0, 0.0, 0.0, 0.0, 0.0, 0.0, 0.0, 0.0, 0.0, 0.0, 0.0, 0.0, 0.0, 0.0, 0.0], "macro_rec": [0.0, 0.0, 0.0, 0.0, 0.0, 0.0, 0.0, 0.0, 0.0, 0.0, 0.0, 0.0, 0.0, 0.0, 0.0, 0.0, 0.0, 0.0, 0.0, 0.0, 0.0, 0.0, 0.0, 0.0, 0.0, 0.0, 0.0, 0.0, 0.0, 0.0, 0.0, 0.0, 0.0, 0.0, 0.0, 0.0], "macro_ner_f1": [0.311055064201355, 0.6765068173408508, 0.6800512671470642, 0.7125002145767212, 0.7475355863571167, 0.7366247177124023, 0.743466317653656, 0.7501232624053955, 0.757109522819519, 0.7445402145385742, 0.7728676795959473, 0.7585364580154419, 0.7648473381996155, 0.7766332626342773, 0.7867984771728516, 0.7893518209457397, 0.7705356478691101, 0.7838283777236938, 0.7842579483985901, 0.7799594402313232, 0.7908878922462463, 0.7853122353553772, 0.7902629375457764, 0.7866200804710388, 0.7904292345046997, 0.7939448952674866, 0.7838762402534485, 0.7897409200668335, 0.7984915971755981, 0.7848964333534241, 0.7794432640075684, 0.7807712554931641, 0.7668582797050476, 0.7680331468582153, 0.7875372767448425, 0.7833847403526306], "macro_ner_pr": [0.5020282864570618, 0.7482695579528809, 0.7949248552322388, 0.771285891532898, 0.8014913201332092, 0.7973683476448059, 0.7839035391807556, 0.7713420391082764, 0.8138182163238525, 0.8577805161476135, 0.8365004062652588, 0.7661131024360657, 0.8164548873901367, 0.8143637776374817, 0.817007303237915, 0.8359013199806213, 0.8357643485069275, 0.8297902941703796, 0.8116434216499329, 0.8151665329933167, 0.8118483424186707, 0.8025790452957153, 0.8322440385818481, 0.8405507802963257, 0.8241820335388184, 0.8420128226280212, 0.8405489921569824, 0.8052764534950256, 0.8143473267555237, 0.824804961681366, 0.8052565455436707, 0.809775173664093, 0.8176901340484619, 0.791972279548645, 0.826841413974762, 0.8178852796554565], "macro_ner_rec": [0.28909292817115784, 0.6314196586608887, 0.644116997718811, 0.6782979965209961, 0.7171658277511597, 0.6962695717811584, 0.7212823629379272, 0.7400819063186646, 0.7320789098739624, 0.6901532411575317, 0.7420805096626282, 0.7511241436004639, 0.7329041957855225, 0.7468593716621399, 0.7638871073722839, 0.7530543804168701, 0.7449244260787964, 0.7552006840705872, 0.778008222579956, 0.7593554854393005, 0.781140923500061, 0.7753808498382568, 0.7585121393203735, 0.7513821721076965, 0.7672038674354553, 0.7621580362319946, 0.7535922527313232, 0.7773126363754272, 0.7875602841377258, 0.7596467733383179, 0.7614619731903076, 0.757443904876709, 0.7425193786621094, 0.7463851571083069, 0.7620958089828491, 0.7585530877113342], "samples_per_s": [148.6700761039305, 158.4318675462512, 161.43426474317553, 156.40537562842036, 166.25562084933313, 162.29172987141072, 144.21158322605478, 159.12188123260782, 174.54552372346308, 172.2335303560096, 185.80848507908064, 154.19427904287542, 159.04808997189485, 168.46656312878227, 165.95916745345394, 169.99630034022624, 193.82789906861467, 177.4991763347188, 156.24173629984065, 158.75836841782723, 169.37809901498974, 180.56602079422387, 161.10056037769544, 141.08414556206762, 168.338359879185, 178.43973541352503, 174.43965125184857, 170.07899068087474, 167.64625838569373, 157.4684089402036, 171.5295329838127, 170.54157804133618, 159.96588043424782, 163.06073534874005, 155.134438532762, 155.9963406517079], "samples_total_num": [231, 231, 231, 231, 231, 231, 231, 231, 231, 231, 231, 231, 231, 231, 231, 231, 231, 231, 231, 231, 231, 231, 231, 231, 231, 231, 231, 231, 231, 231, 231, 231, 231, 231, 231, 231],