{"test_metrics": {"unseen_ner_prec_micro": 47.58968609865471, "unseen_ner_rec_micro": 56.03960396039604, "unseen_ner_f1_micro": 51.47014246741437, "unseen_ner_prec_macro": 40.22088932652344, "unseen_ner_rec_macro": 46.29529084325969, "unseen_ner_f1_macro": 42.54357582861097, "unseen_loc_prec_micro": 68.37968561064088, "unseen_loc_rec_micro": 74.65346534653466, "unseen_loc_f1_micro": 71.37898390659514, "unseen_loc_prec_macro": 68.37968561064088, "unseen_loc_rec_macro": 74.65346534653466, "unseen_loc_f1_macro": 71.37898390659514, "unseen_cls_prec_micro": 69.02439024390243, "unseen_cls_rec_micro": 56.03960396039604, "unseen_cls_f1_micro": 61.85792349726776, "unseen_cls_prec_macro": 57.36642112013334, "unseen_cls_rec_macro": 46.29529084325969, "unseen_cls_f1_macro": 50.69329164539024, "unseen_epoch": 0.0, "unseen_iteration": 0.0, "unseen_global_iteration": 0.0, "seen_ner_prec_micro": 6.803097345132743, "seen_ner_rec_micro": 72.35294117647058, "seen_ner_f1_micro": 12.43680485338726, "seen_ner_prec_macro": 10.142581028979269, "seen_ner_rec_macro": 50.17984466513879, "seen_ner_f1_macro": 13.0745561310799, "seen_loc_prec_micro": 8.22328931572629, "seen_loc_rec_micro": 80.58823529411765, "seen_loc_f1_micro": 14.923747276688454, "seen_loc_prec_macro": 8.22328931572629, "seen_loc_rec_macro": 80.58823529411765, "seen_loc_f1_macro": 14.923747276688454, "seen_cls_prec_micro": 83.1081081081081, "seen_cls_rec_micro": 72.35294117647058, "seen_cls_f1_micro": 77.35849056603774, "seen_cls_prec_macro": 58.004385964912274, "seen_cls_rec_macro": 50.17984466513879, "seen_cls_f1_macro": 52.98877386703473, "seen_epoch": 0.0, "seen_iteration": 0.0, "seen_global_iteration": 0.0, "ner_prec_micro": 54.0420819490587, "ner_rec_micro": 57.92284866468843, "ner_f1_micro": 55.91521054139215, "ner_prec_macro": 50.04571297014986, "ner_rec_macro": 52.560390745833175, "ner_f1_macro": 50.866242727641264, "loc_prec_micro": 76.47058823529412, "loc_rec_micro": 75.60830860534125, "loc_f1_micro": 76.03700387943897, "loc_prec_macro": 76.47058823529412, "loc_rec_macro": 75.60830860534125, "loc_f1_macro": 76.03700387943897, "cls_prec_micro": 70.31700288184439, "cls_rec_micro": 57.92284866468843, "cls_f1_micro": 63.520989261308166, "cls_prec_macro": 63.4473512847955, "cls_rec_macro": 52.560390745833175, "cls_f1_macro": 57.22683094089748, "epoch": 0.0, "iteration": 0.0, "global_iteration": 0.0}}