{"test_metrics": {"Eval_Ent_Precision": 64.24640135176833, "Eval_Ent_Recall": 56.053190505854054, "Eval_Ent_F1": 59.87078956258405, "Eval_Time": 116.07474255561829, "Eval_Examples": 5000, "Eval_Examples_Per_Second": 43.07569321210602, "seen_Eval_Ent_Precision": 1.058425063281451e-08, "seen_Eval_Ent_Recall": 50.0, "seen_Eval_Ent_F1": 2.1168501261147963e-08, "seen_Eval_Time": 116.55494093894958, "seen_Eval_Examples": 5000, "seen_Eval_Examples_Per_Second": 42.89822430281145, "unseen_Eval_Ent_Precision": 64.24640135176833, "unseen_Eval_Ent_Recall": 56.053190505854054, "unseen_Eval_Ent_F1": 59.87078956258405, "unseen_Eval_Time": 116.56919455528259, "unseen_Eval_Examples": 5000, "unseen_Eval_Examples_Per_Second": 42.89297887898475}}