{"test_metrics": {"Eval_Ent_Precision": 64.25178145575798, "Eval_Ent_Recall": 64.28995839062394, "Eval_Ent_F1": 64.27086425391047, "Eval_Time": 21.169800519943237, "Eval_Examples": 551, "Eval_Examples_Per_Second": 26.027642512782517, "seen_Eval_Ent_Precision": 8.194774396443263, "seen_Eval_Ent_Recall": 74.99999972826087, "seen_Eval_Ent_F1": 14.775160674999658, "seen_Eval_Time": 24.689466953277588, "seen_Eval_Examples": 551, "seen_Eval_Examples_Per_Second": 22.317209239175305, "unseen_Eval_Ent_Precision": 56.05700711869714, "unseen_Eval_Ent_Recall": 62.97531686060665, "unseen_Eval_Ent_F1": 59.31511151829706, "unseen_Eval_Time": 21.97160291671753, "unseen_Eval_Examples": 551, "unseen_Eval_Examples_Per_Second": 25.077824412198925}}