{"test_metrics": {"f1": 0.0, "pr": 0.0, "rec": 0.0, "ner_f1": 0.8561670780181885, "ner_pr": 0.8663111925125122, "ner_rec": 0.8462576866149902, "macro_f1": 0.0, "macro_pr": 0.0, "macro_rec": 0.0, "macro_ner_f1": 0.7487697601318359, "macro_ner_pr": 0.7856122851371765, "macro_ner_rec": 0.720466136932373, "samples_per_s": 161.41911922015305, "samples_total_num": 2050, "samples_total_s": 12.699858665466309, "per_pr": 0.9095423817634583, "per_rec": 0.9249639511108398, "per_f1": 0.9171884059906006, "org_pr": 0.7906976938247681, "org_rec": 0.7135802507400513, "org_f1": 0.7501622438430786, "wea_pr": 0.695652186870575, "wea_rec": 0.6095238327980042, "wea_f1": 0.6497462391853333, "gpe_pr": 0.893503725528717, "gpe_rec": 0.8569969534873962, "gpe_f1": 0.8748696446418762, "veh_pr": 0.8421052694320679, "veh_rec": 0.7476635575294495, "veh_f1": 0.7920792102813721, "fac_pr": 0.6677852272987366, "fac_rec": 0.7132616639137268, "fac_f1": 0.6897746920585632, "loc_pr": 0.699999988079071, "loc_rec": 0.47727271914482117, "loc_f1": 0.5675675272941589}, "test_metrics_bounds": {"f1": 0.0, "pr": 0.0, "rec": 0.0, "ner_f1": 0.9314694404602051, "ner_pr": 0.9428062438964844, "ner_rec": 0.9204018712043762, "macro_f1": 0.0, "macro_pr": 0.0, "macro_rec": 0.0, "macro_ner_f1": 0.9314694404602051, "macro_ner_pr": 0.9428062438964844, "macro_ner_rec": 0.9204018712043762, "samples_per_s": 161.41911922015305, "samples_total_num": 2050, "samples_total_s": 12.699858665466309}, "metrics": {"f1": [0.0, 0.0, 0.0, 0.0, 0.0, 0.0, 0.0, 0.0, 0.0, 0.0, 0.0, 0.0, 0.0, 0.0, 0.0, 0.0, 0.0, 0.0, 0.0, 0.0, 0.0, 0.0, 0.0, 0.0, 0.0], "pr": [0.0, 0.0, 0.0, 0.0, 0.0, 0.0, 0.0, 0.0, 0.0, 0.0, 0.0, 0.0, 0.0, 0.0, 0.0, 0.0, 0.0, 0.0, 0.0, 0.0, 0.0, 0.0, 0.0, 0.0, 0.0], "rec": [0.0, 0.0, 0.0, 0.0, 0.0, 0.0, 0.0, 0.0, 0.0, 0.0, 0.0, 0.0, 0.0, 0.0, 0.0, 0.0, 0.0, 0.0, 0.0, 0.0, 0.0, 0.0, 0.0, 0.0, 0.0], "ner_f1": [0.676569402217865, 0.7627816796302795, 0.7732447385787964, 0.8124184608459473, 0.8236272931098938, 0.8052971363067627, 0.8196473121643066, 0.8351558446884155, 0.8349387049674988, 0.8217285871505737, 0.83066725730896, 0.8231430053710938, 0.8354843854904175, 0.8330280780792236, 0.8360819220542908, 0.8322483897209167, 0.8347694873809814, 0.8407366871833801, 0.8386773467063904, 0.8414100408554077, 0.8384171724319458, 0.8405459523200989, 0.8427290320396423, 0.8438067436218262, 0.8434072732925415], "ner_pr": [0.7414728403091431, 0.7578237652778625, 0.790654182434082, 0.814276397228241, 0.8432708978652954, 0.8309981226921082, 0.8473958373069763, 0.8446698784828186, 0.8455894589424133, 0.8412536382675171, 0.8471682071685791, 0.8537735939025879, 0.8394615650177002, 0.8533424139022827, 0.8570696711540222, 0.854938268661499, 0.8597277402877808, 0.8623696565628052, 0.8619979619979858, 0.8546034097671509, 0.8503344655036926, 0.8608933091163635, 0.8531911373138428, 0.8560910224914551, 0.8556131720542908], "ner_rec": [0.622113823890686, 0.7678048610687256, 0.7565853595733643, 0.8105691075325012, 0.8048780560493469, 0.7811381816864014, 0.7936585545539856, 0.8258536458015442, 0.8245528340339661, 0.803089439868927, 0.8147967457771301, 0.7946341633796692, 0.8315446972846985, 0.8136585354804993, 0.8160975575447083, 0.8107317090034485, 0.8112195134162903, 0.8201625943183899, 0.81658536195755, 0.8286178708076477, 0.8268292546272278, 0.8211382031440735, 0.8325203061103821, 0.831869900226593, 0.8315446972846985], "macro_f1": [0.0, 0.0, 0.0, 0.0, 0.0, 0.0, 0.0, 0.0, 0.0, 0.0, 0.0, 0.0, 0.0, 0.0, 0.0, 0.0, 0.0, 0.0, 0.0, 0.0, 0.0, 0.0, 0.0, 0.0, 0.0], "macro_pr": [0.0, 0.0, 0.0, 0.0, 0.0, 0.0, 0.0, 0.0, 0.0, 0.0, 0.0, 0.0, 0.0, 0.0, 0.0, 0.0, 0.0, 0.0, 0.0, 0.0, 0.0, 0.0, 0.0, 0.0, 0.0], "macro_rec": [0.0, 0.0, 0.0, 0.0, 0.0, 0.0, 0.0, 0.0, 0.0, 0.0, 0.0, 0.0, 0.0, 0.0, 0.0, 0.0, 0.0, 0.0, 0.0, 0.0, 0.0, 0.0, 0.0, 0.0, 0.0], "macro_ner_f1": [0.3390485942363739, 0.588586688041687, 0.5321229696273804, 0.6817945837974548, 0.6677464246749878, 0.6549071073532104, 0.6739254593849182, 0.7029303908348083, 0.7006438374519348, 0.6835438013076782, 0.6910395622253418, 0.6489086747169495, 0.70514976978302, 0.7027435898780823, 0.6971423029899597, 0.7141268849372864, 0.7263085246086121, 0.7196415662765503, 0.7061061263084412, 0.7283461689949036, 0.7273443937301636, 0.7201985716819763, 0.7300637364387512, 0.7323757410049438, 0.7321177124977112], "macro_ner_pr": [0.6009935140609741, 0.6006460785865784, 0.6502143740653992, 0.737363338470459, 0.7336718440055847, 0.7377708554267883, 0.7734091877937317, 0.75814288854599, 0.7424914240837097, 0.7375717759132385, 0.7269965410232544, 0.7144096493721008, 0.7655445337295532, 0.732024610042572, 0.78342205286026, 0.7669982314109802, 0.7871917486190796, 0.7835641503334045, 0.7668073773384094, 0.775871753692627, 0.7484269142150879, 0.7848020792007446, 0.7714298963546753, 0.7793126702308655, 0.7788151502609253], "macro_ner_rec": [0.2885415256023407, 0.6082651019096375, 0.5303564667701721, 0.6493960022926331, 0.6323501467704773, 0.6132922768592834, 0.6166738271713257, 0.6612871885299683, 0.6683412790298462, 0.6563795208930969, 0.6786051988601685, 0.6248319745063782, 0.6688032746315002, 0.6818022727966309, 0.6441887617111206, 0.6731691956520081, 0.6799077987670898, 0.6700668334960938, 0.6616359949111938, 0.6974939703941345, 0.7178298234939575, 0.6776636242866516, 0.7020164132118225, 0.7016825675964355, 0.7016697525978088], "samples_per_s": [211.22345768324712, 194.12245424090696, 210.58433463019406, 199.52125508822445, 207.72385356111036, 205.6215344011799, 208.5506214440178, 204.4206379012863, 187.23129062371524, 212.5511550025155, 217.6700836283558, 209.54303269047517, 181.27171640362198, 160.44229666038632, 166.9904762008174, 153.6737376027482, 167.87971123516965, 163.564839753372, 170.05832290135652, 165.26582320690554, 161.99324769036053, 164.26792069099685, 169.13616911951115, 167.45525715351184, 160.08944125319454], "samples_total_num": [2420, 2420, 2420, 2420, 2420, 2420, 2420, 2420, 2420, 2420, 2420, 2420, 2420, 2420, 2420, 2420, 2420, 2420, 2420, 2420, 2420, 2420, 2420, 2420, 2420], "samples_total_s": [11.457060813903809, 12.466357946395874, 11.491832971572876, 12.12903356552124, 11.650082349777222, 11.769195318222046, 11.603897333145142, 11.838335037231445, 12.925189971923828, 11.385494470596313, 11.117742776870728, 11.548940420150757, 13.350124597549438, 15.083304405212402, 14.491844415664673, 15.747648477554321, 14.415083169937134, 14.795355796813965, 14.230412006378174, 14.643075942993164, 14.938894271850586, 14.732030391693115, 14.307998180389404, 14.451621532440186, 15.116549730300903], "per_pr": [0.7341806292533875, 0.9102956056594849, 0.8922040462493896, 0.8799172043800354, 0.9020459055900574, 0.9356047511100769, 0.9096404910087585, 0.8749281167984009, 0.8839049935340881, 0.9209756255149841, 0.923397421836853, 0.9223424792289734, 0.8961748480796814, 0.9225329756736755, 0.9055094122886658, 0.9039461612701416, 0.9135034084320068, 0.9069482684135437, 0.9167188405990601, 0.8897428512573242, 0.9208201766014099, 0.9215748310089111, 0.9038984775543213, 0.9088127017021179, 0.9095646739006042], "per_rec": [0.8222289681434631, 0.8113264441490173, 0.8422168493270874, 0.9009690880775452, 0.8812840580940247, 0.8316171765327454, 0.865838885307312, 0.921562671661377, 0.9130829572677612, 0.8576620221138, 0.8725014925003052, 0.8776499032974243, 0.8940036296844482, 0.8691701889038086, 0.8909751772880554, 0.8949121832847595, 0.8891580700874329, 0.8973349332809448, 0.8867353200912476, 0.9115687608718872, 0.8840097188949585, 0.88612961769104, 0.9058146476745605, 0.8994548916816711, 0.8985463380813599],