{"test_metrics": {"unseen_ner_prec_micro": 23.828369089772963, "unseen_ner_rec_micro": 52.45300320953691, "unseen_ner_f1_micro": 32.769979948438845, "unseen_ner_prec_macro": 20.41048319372816, "unseen_ner_rec_macro": 35.62435204233198, "unseen_ner_f1_macro": 24.25371319454472, "unseen_loc_prec_micro": 32.21270050538344, "unseen_loc_rec_micro": 67.21687299403943, "unseen_loc_f1_micro": 43.55317884729649, "unseen_loc_prec_macro": 32.21270050538344, "unseen_loc_rec_macro": 67.21687299403943, "unseen_loc_f1_macro": 43.55317884729649, "unseen_cls_prec_micro": 73.71134020618557, "unseen_cls_rec_micro": 52.45300320953691, "unseen_cls_f1_micro": 61.291186713099385, "unseen_cls_prec_macro": 54.79695131283938, "unseen_cls_rec_macro": 35.62435204233198, "unseen_cls_f1_macro": 41.50941546592348, "unseen_epoch": 0.0, "unseen_iteration": 0.0, "unseen_global_iteration": 0.0, "seen_ner_prec_micro": 46.808951512639865, "seen_ner_rec_micro": 68.55842185128984, "seen_ner_f1_micro": 55.63354266715922, "seen_ner_prec_macro": 29.248913256094784, "seen_ner_rec_macro": 46.76780184457455, "seen_ner_f1_macro": 35.48575678656745, "seen_loc_prec_micro": 57.93163891323401, "seen_loc_rec_micro": 80.24279210925644, "seen_loc_f1_micro": 67.28591423845273, "seen_loc_prec_macro": 57.93163891323401, "seen_loc_rec_macro": 80.24279210925644, "seen_loc_f1_macro": 67.28591423845273, "seen_cls_prec_micro": 81.28823317740195, "seen_cls_rec_micro": 68.55842185128984, "seen_cls_f1_micro": 74.3826144221271, "seen_cls_prec_macro": 58.08514773465008, "seen_cls_rec_macro": 46.76780184457455, "seen_cls_f1_macro": 51.61482118536308, "seen_epoch": 0.0, "seen_iteration": 0.0, "seen_global_iteration": 0.0, "ner_prec_micro": 71.46733458568148, "ner_rec_micro": 62.52739225712198, "ner_f1_micro": 66.69913314502776, "ner_prec_macro": 50.65931450828831, "ner_rec_macro": 41.48302351397279, "ner_f1_macro": 44.93289352597066, "loc_prec_micro": 90.8030803080308, "loc_rec_micro": 75.36523009495983, "loc_f1_micro": 82.36702923859895, "loc_prec_macro": 90.8030803080308, "loc_rec_macro": 75.36523009495983, "loc_f1_macro": 82.36702923859895, "cls_prec_micro": 78.80322209436133, "cls_rec_micro": 62.52739225712198, "cls_f1_micro": 69.72813359128398, "cls_prec_macro": 57.625121249114684, "cls_rec_macro": 41.48302351397279, "cls_f1_macro": 47.4771504916196, "epoch": 0.0, "iteration": 0.0, "global_iteration": 0.0}}