{"test_metrics": {"unseen__f1": 0.0, "unseen__pr": 0.0, "unseen__rec": 0.0, "unseen__ner_f1": 0.5476959347724915, "unseen__ner_pr": 0.43655791878700256, "unseen__ner_rec": 0.7347462773323059, "unseen__macro_f1": 0.0, "unseen__macro_pr": 0.0, "unseen__macro_rec": 0.0, "unseen__macro_ner_f1": 0.5825808644294739, "unseen__macro_ner_pr": 0.5315758585929871, "unseen__macro_ner_rec": 0.7074408531188965, "unseen__samples_per_s": 552.0417889641506, "unseen__samples_total_num": 2465, "unseen__samples_total_s": 4.4652416706085205, "unseen__organization_pr": 0.5091911554336548, "unseen__organization_rec": 0.6412037014961243, "unseen__organization_f1": 0.5676229000091553, "unseen__location_pr": 0.3362541198730469, "unseen__location_rec": 0.8181212544441223, "unseen__location_f1": 0.47661563754081726, "unseen__person_pr": 0.7492823004722595, "unseen__person_rec": 0.6629974842071533, "unseen__person_f1": 0.7035040259361267, "seen__f1": 0.0, "seen__pr": 0.0, "seen__rec": 0.0, "seen__ner_f1": 0.805702269077301, "seen__ner_pr": 0.7175518274307251, "seen__ner_rec": 0.9185444116592407, "seen__macro_f1": 0.0, "seen__macro_pr": 0.0, "seen__macro_rec": 0.0, "seen__macro_ner_f1": 0.6607648134231567, "seen__macro_ner_pr": 0.5492684245109558, "seen__macro_ner_rec": 0.864963710308075, "seen__samples_per_s": 602.6821393345049, "seen__samples_total_num": 4577, "seen__samples_total_s": 7.594384670257568, "seen__organization_pr": 0.43824025988578796, "seen__organization_rec": 0.7944785356521606, "seen__organization_f1": 0.5648854970932007, "seen__location_pr": 0.7990732192993164, "seen__location_rec": 0.9297588467597961, "seen__location_f1": 0.859476625919342, "seen__person_pr": 0.41049179434776306, "seen__person_rec": 0.8706536889076233, "seen__person_f1": 0.5579322576522827}, "test_metrics_bounds": {"unseen__f1": 0.0, "unseen__pr": 0.0, "unseen__rec": 0.0, "unseen__ner_f1": 0.5840814113616943, "unseen__ner_pr": 0.46556001901626587, "unseen__ner_rec": 0.7835581302642822, "unseen__macro_f1": 0.0, "unseen__macro_pr": 0.0, "unseen__macro_rec": 0.0, "unseen__macro_ner_f1": 0.5840814113616943, "unseen__macro_ner_pr": 0.46556001901626587, "unseen__macro_ner_rec": 0.7835581302642822, "unseen__samples_per_s": 552.0417889641506, "unseen__samples_total_num": 2465, "unseen__samples_total_s": 4.4652416706085205, "seen__f1": 0.0, "seen__pr": 0.0, "seen__rec": 0.0, "seen__ner_f1": 0.8117226362228394, "seen__ner_pr": 0.7229135036468506, "seen__ner_rec": 0.9254079461097717, "seen__macro_f1": 0.0, "seen__macro_pr": 0.0, "seen__macro_rec": 0.0, "seen__macro_ner_f1": 0.8117226362228394, "seen__macro_ner_pr": 0.7229135036468506, "seen__macro_ner_rec": 0.9254079461097717, "seen__samples_per_s": 602.6821393345049, "seen__samples_total_num": 4577, "seen__samples_total_s": 7.594384670257568}}