{"test_metrics": {"unseen_ner_prec_micro": 37.85871964679912, "unseen_ner_rec_micro": 52.12765957446809, "unseen_ner_f1_micro": 43.8618925831202, "unseen_ner_prec_macro": 38.31502441760537, "unseen_ner_rec_macro": 47.6798527412216, "unseen_ner_f1_macro": 41.08834026510434, "unseen_loc_prec_micro": 45.51724137931035, "unseen_loc_rec_micro": 60.18237082066869, "unseen_loc_f1_micro": 51.832460732984295, "unseen_loc_prec_macro": 45.51724137931035, "unseen_loc_rec_macro": 60.18237082066869, "unseen_loc_f1_macro": 51.832460732984295, "unseen_cls_prec_micro": 82.25419664268586, "unseen_cls_rec_micro": 52.12765957446809, "unseen_cls_f1_micro": 63.813953488372086, "unseen_cls_prec_macro": 79.80715586717562, "unseen_cls_rec_macro": 47.6798527412216, "unseen_cls_f1_macro": 58.44484609260281, "unseen_epoch": 0.0, "unseen_iteration": 0.0, "unseen_global_iteration": 0.0, "seen_ner_prec_micro": 32.51942286348501, "seen_ner_rec_micro": 69.59619952494062, "seen_ner_f1_micro": 44.3267776096823, "seen_ner_prec_macro": 28.66271480622133, "seen_ner_rec_macro": 63.96519420525336, "seen_ner_f1_macro": 39.44853752195112, "seen_loc_prec_micro": 36.54292343387471, "seen_loc_rec_micro": 74.82185273159145, "seen_loc_f1_micro": 49.103663289166015, "seen_loc_prec_macro": 36.54292343387471, "seen_loc_rec_macro": 74.82185273159145, "seen_loc_f1_macro": 49.103663289166015, "seen_cls_prec_micro": 89.87730061349694, "seen_cls_rec_micro": 69.59619952494062, "seen_cls_f1_micro": 78.44712182061579, "seen_cls_prec_macro": 85.98145173180652, "seen_cls_rec_macro": 63.96519420525336, "seen_cls_f1_macro": 72.80094391377521, "seen_epoch": 0.0, "seen_iteration": 0.0, "seen_global_iteration": 0.0, "ner_prec_micro": 70.09966777408638, "ner_rec_micro": 58.66543095458759, "ner_f1_micro": 63.87487386478304, "ner_prec_macro": 67.14569267409964, "ner_rec_macro": 52.7582078132222, "ner_f1_macro": 58.31184839825683, "loc_prec_micro": 81.75519630484989, "loc_rec_micro": 65.61631139944393, "loc_f1_micro": 72.80205655526993, "loc_prec_macro": 81.75519630484989, "loc_rec_macro": 65.61631139944393, "loc_f1_macro": 72.80205655526993, "cls_prec_micro": 85.65629228687416, "cls_rec_micro": 58.66543095458759, "cls_f1_micro": 69.63696369636963, "cls_prec_macro": 82.26109054664101, "cls_rec_macro": 52.7582078132222, "cls_f1_macro": 63.35619882008739, "epoch": 0.0, "iteration": 0.0, "global_iteration": 0.0}}