{"test_metrics": {"Eval_Ent_Precision": 64.41860463439697, "Eval_Ent_Recall": 65.83481875717789, "Eval_Ent_F1": 65.1190126181381, "Eval_Time": 25.042099237442017, "Eval_Examples": 551, "Eval_Examples_Per_Second": 22.002947707202008, "seen_Eval_Ent_Precision": 12.38372097397242, "seen_Eval_Ent_Recall": 70.99999986, "seen_Eval_Ent_F1": 21.089108968140376, "seen_Eval_Time": 21.577393770217896, "seen_Eval_Examples": 551, "seen_Eval_Examples_Per_Second": 25.535984830592255, "unseen_Eval_Ent_Precision": 52.03488371856408, "unseen_Eval_Ent_Recall": 64.7143889881209, "unseen_Eval_Ent_F1": 57.686110206012096, "unseen_Eval_Time": 24.4661283493042, "unseen_Eval_Examples": 551, "unseen_Eval_Examples_Per_Second": 22.520931474459058}}