{"test_metrics": {"unseen_ner_prec_micro": 23.03808680248007, "unseen_ner_rec_micro": 75.69848661233993, "unseen_ner_f1_micro": 35.32527502376749, "unseen_ner_prec_macro": 31.73735034863507, "unseen_ner_rec_macro": 72.14956336098047, "unseen_ner_f1_macro": 42.2621089303232, "unseen_loc_prec_micro": 24.65975664713835, "unseen_loc_rec_micro": 79.62747380675204, "unseen_loc_f1_micro": 37.65742206317528, "unseen_loc_prec_macro": 24.65975664713835, "unseen_loc_rec_macro": 79.62747380675204, "unseen_loc_f1_macro": 37.65742206317528, "unseen_cls_prec_micro": 93.25923269989244, "unseen_cls_rec_micro": 75.69848661233993, "unseen_cls_f1_micro": 83.56626506024097, "unseen_cls_prec_macro": 91.02014964904352, "unseen_cls_rec_macro": 72.14956336098047, "unseen_cls_f1_macro": 80.38527053054055, "unseen_epoch": 0.0, "unseen_iteration": 0.0, "unseen_global_iteration": 0.0, "seen_ner_prec_micro": 59.702154064356, "seen_ner_rec_micro": 91.01351351351352, "seen_ner_f1_micro": 72.10534767946042, "seen_ner_prec_macro": 42.71250987947863, "seen_ner_rec_macro": 88.39395171565326, "seen_ner_f1_macro": 55.36959565121132, "seen_loc_prec_micro": 60.98792139895439, "seen_loc_rec_micro": 91.43243243243244, "seen_loc_f1_micro": 73.1696766518871, "seen_loc_prec_macro": 60.98792139895439, "seen_loc_rec_macro": 91.43243243243244, "seen_loc_f1_macro": 73.1696766518871, "seen_cls_prec_micro": 98.78263420357877, "seen_cls_rec_micro": 91.01351351351352, "seen_cls_f1_micro": 94.73906315937543, "seen_cls_prec_macro": 94.54808233177708, "seen_cls_rec_macro": 88.39395171565326, "seen_cls_f1_macro": 91.362228990705, "seen_epoch": 0.0, "seen_iteration": 0.0, "seen_global_iteration": 0.0, "ner_prec_micro": 82.6776537302853, "ner_rec_micro": 86.11111111111111, "ner_f1_micro": 84.35946116987614, "ner_prec_macro": 74.54002226366558, "ner_rec_macro": 79.48615734296027, "ner_f1_macro": 76.91403476870624, "loc_prec_micro": 85.56496666065958, "loc_rec_micro": 87.63381321520856, "loc_f1_micro": 86.587033828759, "loc_prec_macro": 85.56496666065958, "loc_rec_macro": 87.63381321520856, "loc_f1_macro": 86.587033828759, "cls_prec_micro": 97.1877929382356, "cls_rec_micro": 86.11111111111111, "cls_f1_micro": 91.31477222684346, "cls_prec_macro": 93.30072132140404, "cls_rec_macro": 79.48615734296027, "cls_f1_macro": 85.78644908672466, "epoch": 0.0, "iteration": 0.0, "global_iteration": 0.0}}