{"test_metrics": {"seen__f1": 0.0, "seen__pr": 0.0, "seen__rec": 0.0, "seen__ner_f1": 0.6368159055709839, "seen__ner_pr": 0.4776119291782379, "seen__ner_rec": 0.9552238583564758, "seen__macro_f1": 0.0, "seen__macro_pr": 0.0, "seen__macro_rec": 0.0, "seen__macro_ner_f1": 0.577871561050415, "seen__macro_ner_pr": 0.4294157922267914, "seen__macro_ner_rec": 0.9147683382034302, "seen__samples_per_s": 260.6312160816571, "seen__samples_total_num": 206, "seen__samples_total_s": 0.790388822555542, "seen__loc_pr": 0.5903225541114807, "seen__loc_rec": 0.9786096215248108, "seen__loc_f1": 0.7364184856414795, "seen__org_pr": 0.4285714328289032, "seen__org_rec": 0.9230769276618958, "seen__org_f1": 0.585365891456604, "seen__peop_pr": 0.46799999475479126, "seen__peop_rec": 0.9831932783126831, "seen__peop_f1": 0.6341463327407837, "seen__other_pr": 0.23076923191547394, "seen__other_rec": 0.774193525314331, "seen__other_f1": 0.35555553436279297, "unseen__f1": 0.0, "unseen__pr": 0.0, "unseen__rec": 0.0, "unseen__ner_f1": 0.6759708523750305, "unseen__ner_pr": 0.5620585083961487, "unseen__ner_rec": 0.8477929830551147, "unseen__macro_f1": 0.0, "unseen__macro_pr": 0.0, "unseen__macro_rec": 0.0, "unseen__macro_ner_f1": 0.6654170155525208, "unseen__macro_ner_pr": 0.5616410970687866, "unseen__macro_ner_rec": 0.8218826055526733, "unseen__samples_per_s": 471.3976932405016, "unseen__samples_total_num": 252, "unseen__samples_total_s": 0.5345804691314697, "unseen__loc_pr": 0.5, "unseen__loc_rec": 0.8590308427810669, "unseen__loc_f1": 0.6320907473564148, "unseen__org_pr": 0.5408163070678711, "unseen__org_rec": 0.8153846263885498, "unseen__org_f1": 0.650306761264801, "unseen__peop_pr": 0.6823104619979858, "unseen__peop_rec": 0.9497487545013428, "unseen__peop_f1": 0.7941176295280457, "unseen__other_pr": 0.5234375, "unseen__other_rec": 0.6633663177490234, "unseen__other_f1": 0.585152804851532}, "test_metrics_bounds": {"seen__f1": 0.0, "seen__pr": 0.0, "seen__rec": 0.0, "seen__ner_f1": 0.6401326060295105, "seen__ner_pr": 0.48009949922561646, "seen__ner_rec": 0.9601989984512329, "seen__macro_f1": 0.0, "seen__macro_pr": 0.0, "seen__macro_rec": 0.0, "seen__macro_ner_f1": 0.6401326060295105, "seen__macro_ner_pr": 0.48009949922561646, "seen__macro_ner_rec": 0.9601989984512329, "seen__samples_per_s": 260.6312160816571, "seen__samples_total_num": 206, "seen__samples_total_s": 0.790388822555542, "unseen__f1": 0.0, "unseen__pr": 0.0, "unseen__rec": 0.0, "unseen__ner_f1": 0.7014563083648682, "unseen__ner_pr": 0.5832492709159851, "unseen__ner_rec": 0.8797564506530762, "unseen__macro_f1": 0.0, "unseen__macro_pr": 0.0, "unseen__macro_rec": 0.0, "unseen__macro_ner_f1": 0.7014563083648682, "unseen__macro_ner_pr": 0.5832492709159851, "unseen__macro_ner_rec": 0.8797564506530762, "unseen__samples_per_s": 471.3976932405016, "unseen__samples_total_num": 252, "unseen__samples_total_s": 0.5345804691314697}}