{"test_metrics": {"f1": 0.0, "pr": 0.0, "rec": 0.0, "ner_f1": 0.634272575378418, "ner_pr": 0.6110803484916687, "ner_rec": 0.6592946648597717, "macro_f1": 0.0, "macro_pr": 0.0, "macro_rec": 0.0, "macro_ner_f1": 0.6395382285118103, "macro_ner_pr": 0.61350017786026, "macro_ner_rec": 0.670997679233551, "samples_per_s": 178.9703590479056, "samples_total_num": 529, "samples_total_s": 2.955796718597412, "task_pr": 0.5361445546150208, "task_rec": 0.6793892979621887, "task_f1": 0.5993265509605408, "method_pr": 0.7363184094429016, "method_rec": 0.6964705586433411, "method_f1": 0.7158403992652893, "material_pr": 0.5925925970077515, "material_rec": 0.607594907283783, "material_f1": 0.6000000238418579, "otherscientificterm_pr": 0.5431654453277588, "otherscientificterm_rec": 0.5841392874717712, "otherscientificterm_f1": 0.5629076957702637, "metric_pr": 0.6024096608161926, "metric_rec": 0.7042253613471985, "metric_f1": 0.649350643157959, "generic_pr": 0.6703703999519348, "generic_rec": 0.7541666626930237, "generic_f1": 0.7098039388656616}, "test_metrics_bounds": {"f1": 0.0, "pr": 0.0, "rec": 0.0, "ner_f1": 0.7836593389511108, "ner_pr": 0.7554076313972473, "ner_rec": 0.8141064047813416, "macro_f1": 0.0, "macro_pr": 0.0, "macro_rec": 0.0, "macro_ner_f1": 0.7836593389511108, "macro_ner_pr": 0.7554076313972473, "macro_ner_rec": 0.8141064047813416, "samples_per_s": 178.9703590479056, "samples_total_num": 529, "samples_total_s": 2.955796718597412}, "metrics": {"f1": [0.0, 0.0, 0.0, 0.0, 0.0, 0.0, 0.0, 0.0, 0.0, 0.0, 0.0, 0.0, 0.0, 0.0, 0.0, 0.0, 0.0, 0.0, 0.0, 0.0, 0.0, 0.0, 0.0, 0.0, 0.0], "pr": [0.0, 0.0, 0.0, 0.0, 0.0, 0.0, 0.0, 0.0, 0.0, 0.0, 0.0, 0.0, 0.0, 0.0, 0.0, 0.0, 0.0, 0.0, 0.0, 0.0, 0.0, 0.0, 0.0, 0.0, 0.0], "rec": [0.0, 0.0, 0.0, 0.0, 0.0, 0.0, 0.0, 0.0, 0.0, 0.0, 0.0, 0.0, 0.0, 0.0, 0.0, 0.0, 0.0, 0.0, 0.0, 0.0, 0.0, 0.0, 0.0, 0.0, 0.0], "ner_f1": [0.3410256505012512, 0.5303030014038086, 0.6038159728050232, 0.6454277634620667, 0.6461001038551331, 0.649459719657898, 0.6412037014961243, 0.6323786973953247, 0.6401468515396118, 0.6417556405067444, 0.6581818461418152, 0.6419903039932251, 0.6526442170143127, 0.659022331237793, 0.6690518856048584, 0.6646266579627991, 0.6723198890686035, 0.6516990065574646, 0.6501510739326477, 0.6475507616996765, 0.6523040533065796, 0.657384991645813, 0.6586248874664307, 0.6578153371810913, 0.6606060862541199], "ner_pr": [0.3490813672542572, 0.5343511700630188, 0.5467479825019836, 0.609810471534729, 0.60326087474823, 0.6232718825340271, 0.5956989526748657, 0.5925520062446594, 0.6255980730056763, 0.6092342138290405, 0.6373239159584045, 0.6223529577255249, 0.6270207762718201, 0.6356227993965149, 0.638225257396698, 0.64952152967453, 0.6506447792053223, 0.6317647099494934, 0.6277713179588318, 0.6187214851379395, 0.6242840886116028, 0.635831356048584, 0.6348837018013, 0.6344586610794067, 0.6396713852882385], "ner_rec": [0.3333333432674408, 0.5263158082962036, 0.6741854548454285, 0.6854636669158936, 0.6954887509346008, 0.6779448390007019, 0.6942355632781982, 0.6779448390007019, 0.6553884744644165, 0.6779448390007019, 0.6804511547088623, 0.6629072427749634, 0.6804511547088623, 0.6842105388641357, 0.7030075192451477, 0.6804511547088623, 0.6954887509346008, 0.6729323267936707, 0.6741854548454285, 0.6791979670524597, 0.6829574108123779, 0.6804511547088623, 0.6842105388641357, 0.6829574108123779, 0.6829574108123779], "macro_f1": [0.0, 0.0, 0.0, 0.0, 0.0, 0.0, 0.0, 0.0, 0.0, 0.0, 0.0, 0.0, 0.0, 0.0, 0.0, 0.0, 0.0, 0.0, 0.0, 0.0, 0.0, 0.0, 0.0, 0.0, 0.0], "macro_pr": [0.0, 0.0, 0.0, 0.0, 0.0, 0.0, 0.0, 0.0, 0.0, 0.0, 0.0, 0.0, 0.0, 0.0, 0.0, 0.0, 0.0, 0.0, 0.0, 0.0, 0.0, 0.0, 0.0, 0.0, 0.0], "macro_rec": [0.0, 0.0, 0.0, 0.0, 0.0, 0.0, 0.0, 0.0, 0.0, 0.0, 0.0, 0.0, 0.0, 0.0, 0.0, 0.0, 0.0, 0.0, 0.0, 0.0, 0.0, 0.0, 0.0, 0.0, 0.0], "macro_ner_f1": [0.20828282833099365, 0.4153474271297455, 0.5689273476600647, 0.6069436073303223, 0.6144726276397705, 0.6096600890159607, 0.6082572340965271, 0.5918428301811218, 0.6095622181892395, 0.6071509718894958, 0.6312436461448669, 0.5919365882873535, 0.6195458769798279, 0.6210833191871643, 0.6468832492828369, 0.6234593987464905, 0.6431191563606262, 0.6080885529518127, 0.6117293238639832, 0.6019616723060608, 0.6121964454650879, 0.6140868067741394, 0.6175574660301208, 0.6118622422218323, 0.6191794872283936], "macro_ner_pr": [0.1796659231185913, 0.4765787422657013, 0.5740526914596558, 0.6239685416221619, 0.5705974698066711, 0.5907604694366455, 0.6002354025840759, 0.5805186629295349, 0.5985506176948547, 0.6137221455574036, 0.6236770153045654, 0.6078535914421082, 0.6055107116699219, 0.6281598210334778, 0.6293255090713501, 0.6296973824501038, 0.6392576098442078, 0.6233037114143372, 0.6118577122688293, 0.6022557020187378, 0.6217079758644104, 0.6238946318626404, 0.6121488213539124, 0.6196817755699158, 0.621482789516449], "macro_ner_rec": [0.2508869171142578, 0.415759414434433, 0.5972561240196228, 0.616388738155365, 0.6669783592224121, 0.6315214037895203, 0.6339830160140991, 0.6210729479789734, 0.6235334277153015, 0.6289500594139099, 0.643990159034729, 0.6008260846138, 0.6382266879081726, 0.6244707703590393, 0.6688647270202637, 0.6233749389648438, 0.6520827412605286, 0.6100414991378784, 0.6179457306861877, 0.6160247921943665, 0.6199994683265686, 0.6191244125366211, 0.629983127117157, 0.6167807579040527, 0.6245012879371643], "samples_per_s": [171.06242736248302, 152.6672184336463, 163.89106822047614, 200.8784414683967, 153.95857069080944, 151.18005583790898, 142.59883639811957, 161.01284093744601, 151.72603473122908, 202.9799731784471, 227.59198113847432, 202.79426086455234, 201.42824818851656, 199.6742354789196, 198.20292608205003, 193.7541435212535, 207.59142000902688, 189.50345401159035, 206.70184485520414, 197.9004301469047, 202.90711984093699, 210.54198216843838, 197.36190111300758, 199.36716245242374, 220.77769076843467], "samples_total_num": [260, 260, 260, 260, 260, 260, 260, 260, 260, 260, 260, 260, 260, 260, 260, 260, 260, 260, 260, 260, 260, 260, 260, 260, 260], "samples_total_s": [1.5199129581451416, 1.7030506134033203, 1.5864195823669434, 1.2943150997161865, 1.6887660026550293, 1.7198035717010498, 1.8232967853546143, 1.6147780418395996, 1.7136149406433105, 1.280914545059204, 1.142395257949829, 1.2820875644683838, 1.2907822132110596, 1.3021209239959717, 1.3117868900299072, 1.3419067859649658, 1.252460241317749, 1.3720066547393799, 1.2578504085540771, 1.3137919902801514, 1.281374454498291, 1.234908103942871, 1.3173768520355225, 1.304126501083374, 1.1776552200317383], "task_pr": [0.0, 0.4838709533214569, 0.5555555820465088, 0.5341615080833435, 0.565517246723175, 0.560606062412262, 0.5057471394538879, 0.607692301273346, 0.5661764740943909, 0.5316455960273743, 0.5474452376365662, 0.5615384578704834, 0.5345911979675293, 0.6048387289047241, 0.5793103575706482, 0.6101694703102112, 0.563758373260498, 0.5652173757553101, 0.574999988079071, 0.5748031735420227, 0.5714285969734192, 0.5625, 0.5766423344612122, 0.5846154093742371, 0.5877862572669983], "task_rec": [0.0, 0.4761904776096344, 0.5555555820465088, 0.682539701461792, 0.6507936716079712, 0.5873016119003296, 0.6984127163887024, 0.6269841194152832, 0.6111111044883728, 0.6666666865348816, 0.5952380895614624, 0.579365074634552, 0.6746031641960144, 0.5952380895614624, 0.6666666865348816, 0.5714285969734192, 0.6666666865348816, 0.6190476417541504, 0.5476190447807312, 0.579365074634552, 0.60317462682724, 0.6428571343421936, 0.6269841194152832, 0.60317462682724, 0.6111111044883728], "task_f1": [0.0, 0.47999998927116394, 0.5555555820465088, 0.599303126335144, 0.6051660180091858, 0.5736433863639832, 0.5866666436195374, 0.6171875, 0.5877862572669983, 0.5915493369102478, 0.5703422427177429, 0.5703125, 0.5964912176132202, 0.6000000238418579, 0.6199262142181396, 0.5901639461517334, 0.6109090447425842, 0.5909091234207153, 0.5609756112098694, 0.5770751237869263, 0.5868725776672363, 0.6000000238418579, 0.6007605195045471, 0.5937500596046448, 0.5992217659950256],