{"test_metrics": {"unseen_ner_prec_micro": 24.694944799535158, "unseen_ner_rec_micro": 73.10779816513761, "unseen_ner_f1_micro": 36.91906761256696, "unseen_ner_prec_macro": 25.00921867687216, "unseen_ner_rec_macro": 60.164522921773646, "unseen_ner_f1_macro": 34.66110813307204, "unseen_loc_prec_micro": 27.822660098522167, "unseen_loc_rec_micro": 80.96330275229357, "unseen_loc_f1_micro": 41.41369702302391, "unseen_loc_prec_macro": 27.822660098522167, "unseen_loc_rec_macro": 80.96330275229357, "unseen_loc_f1_macro": 41.41369702302391, "unseen_cls_prec_micro": 88.35758835758836, "unseen_cls_rec_micro": 73.10779816513761, "unseen_cls_f1_micro": 80.01255098839034, "unseen_cls_prec_macro": 80.23194662905539, "unseen_cls_rec_macro": 60.164522921773646, "unseen_cls_f1_macro": 68.35848071570238, "unseen_epoch": 0.0, "unseen_iteration": 0.0, "unseen_global_iteration": 0.0, "seen_ner_prec_micro": 61.92315118748793, "seen_ner_rec_micro": 85.93247588424437, "seen_ner_f1_micro": 71.97845359667826, "seen_ner_prec_macro": 54.065280883952425, "seen_ner_rec_macro": 81.0328428175596, "seen_ner_f1_macro": 64.52826120738622, "seen_loc_prec_micro": 67.35577869659382, "seen_loc_rec_micro": 91.66666666666666, "seen_loc_f1_micro": 77.65293383270911, "seen_loc_prec_macro": 67.35577869659382, "seen_loc_rec_macro": 91.66666666666666, "seen_loc_f1_macro": 77.65293383270911, "seen_cls_prec_micro": 92.18166139695316, "seen_cls_rec_micro": 85.93247588424437, "seen_cls_f1_micro": 88.94744140895854, "seen_cls_prec_macro": 90.43264426386584, "seen_cls_rec_macro": 81.0328428175596, "seen_cls_f1_macro": 85.38574443501709, "seen_epoch": 0.0, "seen_iteration": 0.0, "seen_global_iteration": 0.0, "ner_prec_micro": 86.745128304071, "ner_rec_micro": 82.10372534696859, "ner_f1_micro": 84.36063420583545, "ner_prec_macro": 79.11519423993674, "ner_rec_macro": 73.06841957272292, "ner_f1_macro": 75.85388674926054, "loc_prec_micro": 95.2642955393987, "loc_rec_micro": 88.5317750182615, "loc_f1_micro": 91.77472787505916, "loc_prec_macro": 95.2642955393987, "loc_rec_macro": 88.5317750182615, "loc_f1_macro": 91.77472787505916, "cls_prec_micro": 91.19675456389452, "cls_rec_micro": 82.10372534696859, "cls_f1_micro": 86.4116855660196, "cls_prec_macro": 86.78885514481465, "cls_rec_macro": 73.06841957272292, "cls_f1_macro": 79.19069510769808, "epoch": 0.0, "iteration": 0.0, "global_iteration": 0.0}}