{"test_metrics": {"unseen_ner_prec_micro": 34.16651005450103, "unseen_ner_rec_micro": 70.90483619344774, "unseen_ner_f1_micro": 46.11287254280279, "unseen_ner_prec_macro": 40.06530465419823, "unseen_ner_rec_macro": 70.67115068197668, "unseen_ner_f1_macro": 49.97852449988206, "unseen_loc_prec_micro": 36.85206205069996, "unseen_loc_rec_micro": 75.97503900156006, "unseen_loc_f1_micro": 49.63057324840764, "unseen_loc_prec_macro": 36.85206205069996, "unseen_loc_rec_macro": 75.97503900156006, "unseen_loc_f1_macro": 49.63057324840764, "unseen_cls_prec_micro": 92.33113255459624, "unseen_cls_rec_micro": 70.90483619344774, "unseen_cls_f1_micro": 80.21178027796162, "unseen_cls_prec_macro": 89.92849586924582, "unseen_cls_rec_macro": 70.67115068197668, "unseen_cls_f1_macro": 78.78288088401875, "unseen_epoch": 0.0, "unseen_iteration": 0.0, "unseen_global_iteration": 0.0, "seen_ner_prec_micro": 46.68420063873756, "seen_ner_rec_micro": 84.46634942216178, "seen_ner_f1_micro": 60.13309134906231, "seen_ner_prec_macro": 41.5626355967857, "seen_ner_rec_macro": 80.75502333594625, "seen_ner_f1_macro": 54.0930660788977, "seen_loc_prec_micro": 47.75047258979206, "seen_loc_rec_micro": 85.8599592114208, "seen_loc_f1_micro": 61.37026239067055, "seen_loc_prec_macro": 47.75047258979206, "seen_loc_rec_macro": 85.8599592114208, "seen_loc_f1_macro": 61.37026239067055, "seen_cls_prec_micro": 98.10501381760758, "seen_cls_rec_micro": 84.46634942216178, "seen_cls_f1_micro": 90.77625570776256, "seen_cls_prec_macro": 98.25852300986324, "seen_cls_rec_macro": 80.75502333594625, "seen_cls_f1_macro": 88.59401631574278, "seen_epoch": 0.0, "seen_iteration": 0.0, "seen_global_iteration": 0.0, "ner_prec_micro": 80.7966929725667, "ner_rec_micro": 78.09662186705413, "ner_f1_micro": 79.42371629109715, "ner_prec_macro": 81.13889148959208, "ner_rec_macro": 75.96233869569373, "ner_f1_macro": 78.37022997212269, "loc_prec_micro": 84.67360454115422, "loc_rec_micro": 81.27497275699237, "loc_f1_micro": 82.93948660921137, "loc_prec_macro": 84.67360454115422, "loc_rec_macro": 81.27497275699237, "loc_f1_macro": 82.93948660921137, "cls_prec_micro": 95.44950055493896, "cls_rec_micro": 78.09662186705413, "cls_f1_micro": 85.90550394565977, "cls_prec_macro": 94.63145060847692, "cls_rec_macro": 75.96233869569373, "cls_f1_macro": 84.15713292042126, "epoch": 0.0, "iteration": 0.0, "global_iteration": 0.0}}