{"test_metrics": {"Eval_Ent_Precision": 88.1193693550603, "Eval_Ent_Recall": 85.73776477876633, "Eval_Ent_F1": 86.91225470680774, "Eval_Time": 57.84158396720886, "Eval_Examples": 2050, "Eval_Examples_Per_Second": 35.44162969607076, "seen_Eval_Ent_Precision": 56.79429429174389, "seen_Eval_Ent_Recall": 90.95281031502687, "seen_Eval_Ent_F1": 69.92489889316008, "seen_Eval_Time": 57.695064306259155, "seen_Eval_Examples": 2050, "seen_Eval_Examples_Per_Second": 35.53163558529221, "unseen_Eval_Ent_Precision": 31.32507508208518, "unseen_Eval_Ent_Recall": 77.66402975554767, "unseen_Eval_Ent_F1": 44.64357362865129, "unseen_Eval_Time": 58.13332009315491, "unseen_Eval_Examples": 2050, "unseen_Eval_Examples_Per_Second": 35.26376949940253}}