{"test_metrics": {"Eval_Ent_Precision": 83.10749768182927, "Eval_Ent_Recall": 85.26413339154007, "Eval_Ent_F1": 84.1720035971235, "Eval_Time": 8.62226676940918, "Eval_Examples": 288, "Eval_Examples_Per_Second": 33.401889282965726, "seen_Eval_Ent_Precision": 23.125564637532854, "seen_Eval_Ent_Recall": 95.16728590953691, "seen_Eval_Ent_F1": 37.20930236276366, "seen_Eval_Time": 8.455254793167114, "seen_Eval_Examples": 288, "seen_Eval_Examples_Per_Second": 34.06165834679984, "unseen_Eval_Ent_Precision": 59.98193313463065, "unseen_Eval_Ent_Recall": 81.97530856302393, "unseen_Eval_Ent_F1": 69.27490867130952, "unseen_Eval_Time": 8.580262422561646, "unseen_Eval_Examples": 288, "unseen_Eval_Examples_Per_Second": 33.5654069557021}}