{"test_metrics": {"unseen_ner_prec_micro": 41.535332994407725, "unseen_ner_rec_micro": 59.80966325036603, "unseen_ner_f1_micro": 49.02490249024902, "unseen_ner_prec_macro": 38.94311982419176, "unseen_ner_rec_macro": 56.93504140131617, "unseen_ner_f1_macro": 43.72141976173498, "unseen_loc_prec_micro": 59.60374243258117, "unseen_loc_rec_micro": 79.28257686676427, "unseen_loc_f1_micro": 68.04901036757775, "unseen_loc_prec_macro": 59.60374243258117, "unseen_loc_rec_macro": 79.28257686676427, "unseen_loc_f1_macro": 68.04901036757775, "unseen_cls_prec_micro": 68.42546063651591, "unseen_cls_rec_micro": 59.80966325036603, "unseen_cls_f1_micro": 63.828125, "unseen_cls_prec_macro": 61.38834870411584, "unseen_cls_rec_macro": 56.93504140131617, "unseen_cls_f1_macro": 57.90197554254368, "unseen_epoch": 0.0, "unseen_iteration": 0.0, "unseen_global_iteration": 0.0, "seen_ner_prec_micro": 13.346917982679573, "seen_ner_rec_micro": 82.13166144200626, "seen_ner_f1_micro": 22.96231375985977, "seen_ner_prec_macro": 14.256177848119586, "seen_ner_rec_macro": 77.18440709617181, "seen_ner_f1_macro": 21.078279002275803, "seen_loc_prec_micro": 15.553121577217963, "seen_loc_rec_micro": 89.0282131661442, "seen_loc_f1_micro": 26.48018648018648, "seen_loc_prec_macro": 15.553121577217963, "seen_loc_rec_macro": 89.0282131661442, "seen_loc_f1_macro": 26.48018648018648, "seen_cls_prec_micro": 90.3448275862069, "seen_cls_rec_micro": 82.13166144200626, "seen_cls_f1_micro": 86.04269293924466, "seen_cls_prec_macro": 83.70880298946336, "seen_cls_rec_macro": 77.18440709617181, "seen_cls_f1_macro": 80.23744653120083, "seen_epoch": 0.0, "seen_iteration": 0.0, "seen_global_iteration": 0.0, "ner_prec_micro": 55.10411376333164, "ner_rec_micro": 64.39169139465875, "ner_f1_micro": 59.38697318007663, "ner_prec_macro": 53.35686169103685, "ner_rec_macro": 63.50452724009313, "ner_f1_macro": 57.18238486047614, "loc_prec_micro": 74.87738419618528, "loc_rec_micro": 81.54302670623146, "loc_f1_micro": 78.06818181818181, "loc_prec_macro": 74.87738419618528, "loc_rec_macro": 81.54302670623146, "loc_f1_macro": 78.06818181818181, "cls_prec_micro": 73.01480484522207, "cls_rec_micro": 64.39169139465875, "cls_f1_micro": 68.43267108167771, "cls_prec_macro": 68.70588249153133, "cls_rec_macro": 63.50452724009313, "cls_f1_macro": 65.16338793471498, "epoch": 0.0, "iteration": 0.0, "global_iteration": 0.0}}