{"test_metrics": {"seen__f1": 0.0, "seen__pr": 0.0, "seen__rec": 0.0, "seen__ner_f1": 0.39822354912757874, "seen__ner_pr": 0.26528599858283997, "seen__ner_rec": 0.7982195615768433, "seen__macro_f1": 0.0, "seen__macro_pr": 0.0, "seen__macro_rec": 0.0, "seen__macro_ner_f1": 0.34152063727378845, "seen__macro_ner_pr": 0.2535789906978607, "seen__macro_ner_rec": 0.7334497570991516, "seen__samples_per_s": 222.8495571009498, "seen__samples_total_num": 259, "seen__samples_total_s": 1.1622190475463867, "seen__task_pr": 0.10559006035327911, "seen__task_rec": 0.6800000071525574, "seen__task_f1": 0.1827957034111023, "seen__method_pr": 0.1041666641831398, "seen__method_rec": 0.7407407164573669, "seen__method_f1": 0.1826484054327011, "seen__material_pr": 0.19130434095859528, "seen__material_rec": 0.8148148059844971, "seen__material_f1": 0.30985912680625916, "seen__otherscientificterm_pr": 0.1236749142408371, "seen__otherscientificterm_rec": 0.6363636255264282, "seen__otherscientificterm_f1": 0.20710060000419617, "seen__metric_pr": 0.24444444477558136, "seen__metric_rec": 0.6470588445663452, "seen__metric_f1": 0.3548387289047241, "seen__generic_pr": 0.752293586730957, "seen__generic_rec": 0.8817204236984253, "seen__generic_f1": 0.8118811845779419, "unseen__f1": 0.0, "unseen__pr": 0.0, "unseen__rec": 0.0, "unseen__ner_f1": 0.536337673664093, "unseen__ner_pr": 0.4655647277832031, "unseen__ner_rec": 0.632485032081604, "unseen__macro_f1": 0.0, "unseen__macro_pr": 0.0, "unseen__macro_rec": 0.0, "unseen__macro_ner_f1": 0.4847601354122162, "unseen__macro_ner_pr": 0.42911669611930847, "unseen__macro_ner_rec": 0.5927364230155945, "unseen__samples_per_s": 369.9500512302156, "unseen__samples_total_num": 511, "unseen__samples_total_s": 1.3812675476074219, "unseen__task_pr": 0.49013158679008484, "unseen__task_rec": 0.6286919713020325, "unseen__task_f1": 0.5508317947387695, "unseen__method_pr": 0.6864607930183411, "unseen__method_rec": 0.7261306643486023, "unseen__method_f1": 0.7057387232780457, "unseen__material_pr": 0.4166666567325592, "unseen__material_rec": 0.6106870174407959, "unseen__material_f1": 0.495356023311615, "unseen__otherscientificterm_pr": 0.49367088079452515, "unseen__otherscientificterm_rec": 0.5909090638160706, "unseen__otherscientificterm_f1": 0.5379310250282288, "unseen__metric_pr": 0.40506330132484436, "unseen__metric_rec": 0.5925925970077515, "unseen__metric_f1": 0.4812030494213104, "unseen__generic_pr": 0.0827067643404007, "unseen__generic_rec": 0.40740740299224854, "unseen__generic_f1": 0.13750000298023224}, "test_metrics_bounds": {"seen__f1": 0.0, "seen__pr": 0.0, "seen__rec": 0.0, "seen__ner_f1": 0.423703670501709, "seen__ner_pr": 0.2823297083377838, "seen__ner_rec": 0.8486647009849548, "seen__macro_f1": 0.0, "seen__macro_pr": 0.0, "seen__macro_rec": 0.0, "seen__macro_ner_f1": 0.423703670501709, "seen__macro_ner_pr": 0.2823297083377838, "seen__macro_ner_rec": 0.8486647009849548, "seen__samples_per_s": 222.8495571009498, "seen__samples_total_num": 259, "seen__samples_total_s": 1.1622190475463867, "unseen__f1": 0.0, "unseen__pr": 0.0, "unseen__rec": 0.0, "unseen__ner_f1": 0.6808511018753052, "unseen__ner_pr": 0.5912851691246033, "unseen__ner_rec": 0.802395224571228, "unseen__macro_f1": 0.0, "unseen__macro_pr": 0.0, "unseen__macro_rec": 0.0, "unseen__macro_ner_f1": 0.6808511018753052, "unseen__macro_ner_pr": 0.5912851691246033, "unseen__macro_ner_rec": 0.802395224571228, "unseen__samples_per_s": 369.9500512302156, "unseen__samples_total_num": 511, "unseen__samples_total_s": 1.3812675476074219}}