{"test_metrics": {"f1": 0.0, "pr": 0.0, "rec": 0.0, "ner_f1": 0.6325951218605042, "ner_pr": 0.6024878025054932, "ner_rec": 0.6658697128295898, "macro_f1": 0.0, "macro_pr": 0.0, "macro_rec": 0.0, "macro_ner_f1": 0.6234489679336548, "macro_ner_pr": 0.5891823768615723, "macro_ner_rec": 0.6637657880783081, "samples_per_s": 134.76805040408485, "samples_total_num": 529, "samples_total_s": 3.925262689590454, "task_pr": 0.5389610528945923, "task_rec": 0.6335877776145935, "task_f1": 0.5824561715126038, "method_pr": 0.7322275042533875, "method_rec": 0.7270588278770447, "method_f1": 0.7296340465545654, "material_pr": 0.5230769515037537, "material_rec": 0.6455696225166321, "material_f1": 0.5779037475585938, "otherscientificterm_pr": 0.5480427145957947, "otherscientificterm_rec": 0.5957446694374084, "otherscientificterm_f1": 0.5708990097045898, "metric_pr": 0.5308641791343689, "metric_rec": 0.6056337952613831, "metric_f1": 0.5657894611358643, "generic_pr": 0.6619216799736023, "generic_rec": 0.7749999761581421, "generic_f1": 0.7140114903450012}, "test_metrics_bounds": {"f1": 0.0, "pr": 0.0, "rec": 0.0, "ner_f1": 0.7715909481048584, "ner_pr": 0.7352463603019714, "ner_rec": 0.8117154836654663, "macro_f1": 0.0, "macro_pr": 0.0, "macro_rec": 0.0, "macro_ner_f1": 0.7715909481048584, "macro_ner_pr": 0.7352463603019714, "macro_ner_rec": 0.8117154836654663, "samples_per_s": 134.76805040408485, "samples_total_num": 529, "samples_total_s": 3.925262689590454}, "metrics": {"f1": [0.0, 0.0, 0.0, 0.0, 0.0, 0.0, 0.0, 0.0, 0.0, 0.0, 0.0, 0.0, 0.0, 0.0, 0.0, 0.0, 0.0, 0.0, 0.0, 0.0, 0.0, 0.0, 0.0, 0.0, 0.0], "pr": [0.0, 0.0, 0.0, 0.0, 0.0, 0.0, 0.0, 0.0, 0.0, 0.0, 0.0, 0.0, 0.0, 0.0, 0.0, 0.0, 0.0, 0.0, 0.0, 0.0, 0.0, 0.0, 0.0, 0.0, 0.0], "rec": [0.0, 0.0, 0.0, 0.0, 0.0, 0.0, 0.0, 0.0, 0.0, 0.0, 0.0, 0.0, 0.0, 0.0, 0.0, 0.0, 0.0, 0.0, 0.0, 0.0, 0.0, 0.0, 0.0, 0.0, 0.0], "ner_f1": [0.3596698045730591, 0.5220549702644348, 0.6031934022903442, 0.6194895505905151, 0.6298276782035828, 0.636911928653717, 0.6401404142379761, 0.6348837018013, 0.6362586617469788, 0.6345933079719543, 0.6408706307411194, 0.6552776098251343, 0.64481520652771, 0.6486486196517944, 0.6489747166633606, 0.6591582894325256, 0.6378186345100403, 0.6420621275901794, 0.649442195892334, 0.6530612707138062, 0.6501182317733765, 0.6500592827796936, 0.6458823680877686, 0.6534056663513184, 0.6504161953926086], "ner_pr": [0.339643657207489, 0.44552701711654663, 0.5711086392402649, 0.5766738653182983, 0.598870038986206, 0.6139534711837769, 0.6004390716552734, 0.5921908617019653, 0.5899357795715332, 0.5843881964683533, 0.6191588640213013, 0.6385255455970764, 0.6147727370262146, 0.6106194853782654, 0.6255813837051392, 0.6254218220710754, 0.6051743626594543, 0.6028602719306946, 0.6110497117042542, 0.6106870174407959, 0.6152125000953674, 0.6171171069145203, 0.6086474657058716, 0.6295005679130554, 0.6187782883644104], "ner_rec": [0.3822055160999298, 0.6303257942199707, 0.6390977501869202, 0.6691729426383972, 0.664160430431366, 0.6616541147232056, 0.6854636669158936, 0.6842105388641357, 0.6904761791229248, 0.6942355632781982, 0.664160430431366, 0.6729323267936707, 0.6779448390007019, 0.6917293071746826, 0.6741854548454285, 0.6967418789863586, 0.6741854548454285, 0.6867167949676514, 0.6929824352264404, 0.7017543911933899, 0.689223051071167, 0.6867167949676514, 0.6879699230194092, 0.6791979670524597, 0.6854636669158936], "macro_f1": [0.0, 0.0, 0.0, 0.0, 0.0, 0.0, 0.0, 0.0, 0.0, 0.0, 0.0, 0.0, 0.0, 0.0, 0.0, 0.0, 0.0, 0.0, 0.0, 0.0, 0.0, 0.0, 0.0, 0.0, 0.0], "macro_pr": [0.0, 0.0, 0.0, 0.0, 0.0, 0.0, 0.0, 0.0, 0.0, 0.0, 0.0, 0.0, 0.0, 0.0, 0.0, 0.0, 0.0, 0.0, 0.0, 0.0, 0.0, 0.0, 0.0, 0.0, 0.0], "macro_rec": [0.0, 0.0, 0.0, 0.0, 0.0, 0.0, 0.0, 0.0, 0.0, 0.0, 0.0, 0.0, 0.0, 0.0, 0.0, 0.0, 0.0, 0.0, 0.0, 0.0, 0.0, 0.0, 0.0, 0.0, 0.0], "macro_ner_f1": [0.22011195123195648, 0.5015051364898682, 0.5807012915611267, 0.5884475708007812, 0.6015117764472961, 0.6118627190589905, 0.6139276027679443, 0.5982978940010071, 0.6102016568183899, 0.6051196455955505, 0.6038367748260498, 0.6192872524261475, 0.6181772947311401, 0.6262864470481873, 0.6083436608314514, 0.6322144865989685, 0.6073434352874756, 0.6154875159263611, 0.6222844123840332, 0.6258522868156433, 0.6214752793312073, 0.6196501851081848, 0.6146488189697266, 0.6179320216178894, 0.6184215545654297], "macro_ner_pr": [0.2434459924697876, 0.4771147072315216, 0.5964483618736267, 0.5898591876029968, 0.5806849598884583, 0.6024332642555237, 0.5961738228797913, 0.566051721572876, 0.5811707377433777, 0.5801006555557251, 0.6042059063911438, 0.6134966015815735, 0.6212847232818604, 0.6173297166824341, 0.6105768084526062, 0.610636830329895, 0.5941779017448425, 0.597102701663971, 0.5950909852981567, 0.5987911820411682, 0.6061810851097107, 0.6025540232658386, 0.5966792106628418, 0.6119388937950134, 0.6070745587348938], "macro_ner_rec": [0.2860865294933319, 0.55903559923172, 0.5854071974754333, 0.604254424571991, 0.6280255317687988, 0.6273976564407349, 0.6463438868522644, 0.6405916213989258, 0.6528903245925903, 0.6421529650688171, 0.6131824851036072, 0.6294485926628113, 0.6300459504127502, 0.6466929316520691, 0.622708261013031, 0.6596301198005676, 0.6296932697296143, 0.6489319205284119, 0.6556681394577026, 0.661556601524353, 0.6459707617759705, 0.6437065601348877, 0.6435754299163818, 0.633572518825531, 0.6407086253166199], "samples_per_s": [188.91621499935644, 185.62718167707018, 211.14248257790305, 168.54852041557575, 210.7229419462151, 196.41336898790615, 221.76893889940266, 189.90030799707517, 185.9985594530902, 206.93035515687816, 209.6150684942039, 218.2333076447564, 214.37939477458121, 213.61745689380763, 201.1620971109901, 209.84603092928322, 208.50965332170824, 126.01083246698788, 130.20816584971075, 130.53081484877302, 140.49700155903213, 149.69599956951998, 131.71490170169542, 153.79852308044673, 133.3769198969695], "samples_total_num": [260, 260, 260, 260, 260, 260, 260, 260, 260, 260, 260, 260, 260, 260, 260, 260, 260, 260, 260, 260, 260, 260, 260, 260, 260], "samples_total_s": [1.3762714862823486, 1.4006569385528564, 1.231395959854126, 1.5425825119018555, 1.2338476181030273, 1.3237388134002686, 1.172391414642334, 1.3691394329071045, 1.3978602886199951, 1.2564613819122314, 1.2403688430786133, 1.1913855075836182, 1.2128031253814697, 1.2171289920806885, 1.292490005493164, 1.2390036582946777, 1.2469446659088135, 2.06331467628479, 1.996802568435669, 1.9918668270111084, 1.8505733013153076, 1.7368533611297607, 1.9739603996276855, 1.690523386001587, 1.9493627548217773], "task_pr": [0.4444444477558136, 0.4275362193584442, 0.6590909361839294, 0.5727272629737854, 0.46987950801849365, 0.4573170840740204, 0.6116504669189453, 0.5258620977401733, 0.5703125, 0.5441176295280457, 0.6000000238418579, 0.5440000295639038, 0.6458333134651184, 0.5779816508293152, 0.5433070659637451, 0.5413534045219421, 0.5344827771186829, 0.5585585832595825, 0.4871794879436493, 0.5211267471313477, 0.5220588445663452, 0.5365853905677795, 0.5271317958831787, 0.5603448152542114, 0.5462185144424438], "task_rec": [0.0317460335791111, 0.4682539701461792, 0.460317462682724, 0.5, 0.6190476417541504, 0.5952380895614624, 0.5, 0.4841269850730896, 0.579365074634552, 0.5873016119003296, 0.5, 0.5396825671195984, 0.4920634925365448, 0.5, 0.5476190447807312, 0.5714285969734192, 0.4920634925365448, 0.4920634925365448, 0.60317462682724, 0.5873016119003296, 0.5634920597076416, 0.523809552192688, 0.5396825671195984, 0.5158730149269104, 0.5158730149269104],