{"test_metrics": {"Eval_Ent_Precision": 87.53310630437642, "Eval_Ent_Recall": 84.49598245635647, "Eval_Ent_F1": 85.98773460844164, "Eval_Time": 59.0372040271759, "Eval_Examples": 2050, "Eval_Examples_Per_Second": 34.72386664951727, "seen_Eval_Ent_Precision": 55.826712067413276, "seen_Eval_Ent_Recall": 90.24464829342836, "seen_Eval_Ent_F1": 68.98083215568919, "seen_Eval_Time": 58.40890336036682, "seen_Eval_Examples": 2050, "seen_Eval_Examples_Per_Second": 35.09738896058475, "unseen_Eval_Ent_Precision": 31.706394255881044, "unseen_Eval_Ent_Recall": 75.97461466366762, "unseen_Eval_Ent_F1": 44.74105713041054, "unseen_Eval_Time": 58.65577149391174, "unseen_Eval_Examples": 2050, "unseen_Eval_Examples_Per_Second": 34.94967243270822}}