{"test_metrics": {"Eval_Ent_Precision": 85.72602739073497, "Eval_Ent_Recall": 86.68390432418803, "Eval_Ent_F1": 86.20230496603108, "Eval_Time": 138.83061408996582, "Eval_Examples": 5000, "Eval_Examples_Per_Second": 36.015111168202935, "seen_Eval_Ent_Precision": 68.99543378648485, "seen_Eval_Ent_Recall": 92.72214039206624, "seen_Eval_Ent_F1": 79.11823226953226, "seen_Eval_Time": 139.33020567893982, "seen_Eval_Examples": 5000, "seen_Eval_Examples_Per_Second": 35.88597300661105, "unseen_Eval_Ent_Precision": 16.757990873651508, "unseen_Eval_Ent_Recall": 68.34264430663491, "unseen_Eval_Ent_F1": 26.91602494259889, "unseen_Eval_Time": 139.87306928634644, "unseen_Eval_Examples": 5000, "unseen_Eval_Examples_Per_Second": 35.746695382540445}}