{"test_metrics": {"Eval_Ent_Precision": 83.51254474280906, "Eval_Ent_Recall": 86.37627426065565, "Eval_Ent_F1": 84.92027328488332, "Eval_Time": 9.026225328445435, "Eval_Examples": 288, "Eval_Examples_Per_Second": 31.907025309061453, "seen_Eval_Ent_Precision": 23.1182796180676, "seen_Eval_Ent_Recall": 94.85294084666955, "seen_Eval_Ent_F1": 37.17579254416198, "seen_Eval_Time": 8.80277419090271, "seen_Eval_Examples": 288, "seen_Eval_Examples_Per_Second": 32.716958739852224, "unseen_Eval_Ent_Precision": 60.3942652143472, "unseen_Eval_Ent_Recall": 83.51920685621015, "unseen_Eval_Ent_F1": 70.09880391035091, "unseen_Eval_Time": 8.884024143218994, "unseen_Eval_Examples": 288, "unseen_Eval_Examples_Per_Second": 32.417741707717546}}