{"test_metrics": {"f1": 0.0, "pr": 0.0, "rec": 0.0, "ner_f1": 0.8370888829231262, "ner_pr": 0.8243557810783386, "ner_rec": 0.8502214550971985, "macro_f1": 0.0, "macro_pr": 0.0, "macro_rec": 0.0, "macro_ner_f1": 0.7599115371704102, "macro_ner_pr": 0.7393915057182312, "macro_ner_rec": 0.7844898104667664, "samples_per_s": 240.36872939398725, "samples_total_num": 5000, "samples_total_s": 20.801374673843384, "organization_pr": 0.5932388305664062, "organization_rec": 0.7176781296730042, "organization_f1": 0.6495522856712341, "location_pr": 0.8637176752090454, "location_rec": 0.8857911229133606, "location_f1": 0.8746151328086853, "person_pr": 0.7612179517745972, "person_rec": 0.75, "person_f1": 0.7555673122406006}, "test_metrics_bounds": {"f1": 0.0, "pr": 0.0, "rec": 0.0, "ner_f1": 0.8560264706611633, "ner_pr": 0.8430424928665161, "ner_rec": 0.8694167733192444, "macro_f1": 0.0, "macro_pr": 0.0, "macro_rec": 0.0, "macro_ner_f1": 0.8560264706611633, "macro_ner_pr": 0.8430424928665161, "macro_ner_rec": 0.8694167733192444, "samples_per_s": 240.36872939398725, "samples_total_num": 5000, "samples_total_s": 20.801374673843384}, "metrics": {"f1": [0.0, 0.0, 0.0, 0.0, 0.0, 0.0, 0.0, 0.0, 0.0, 0.0], "pr": [0.0, 0.0, 0.0, 0.0, 0.0, 0.0, 0.0, 0.0, 0.0, 0.0], "rec": [0.0, 0.0, 0.0, 0.0, 0.0, 0.0, 0.0, 0.0, 0.0, 0.0], "ner_f1": [0.7236048579216003, 0.771291971206665, 0.7943441271781921, 0.8254498839378357, 0.8307281732559204, 0.8381111025810242, 0.8386755585670471, 0.8402954339981079, 0.8024409413337708, 0.8160189986228943], "ner_pr": [0.7403549551963806, 0.8388949036598206, 0.8366826772689819, 0.8101366758346558, 0.8014050722122192, 0.7978501915931702, 0.8027646541595459, 0.8314982056617737, 0.8110933303833008, 0.7815189957618713], "ner_rec": [0.7075958847999573, 0.7137721180915833, 0.7560840845108032, 0.8413532376289368, 0.8622787594795227, 0.882651150226593, 0.8779498338699341, 0.8492809534072876, 0.7939712405204773, 0.8537057638168335], "macro_f1": [0.0, 0.0, 0.0, 0.0, 0.0, 0.0, 0.0, 0.0, 0.0, 0.0], "macro_pr": [0.0, 0.0, 0.0, 0.0, 0.0, 0.0, 0.0, 0.0, 0.0, 0.0], "macro_rec": [0.0, 0.0, 0.0, 0.0, 0.0, 0.0, 0.0, 0.0, 0.0, 0.0], "macro_ner_f1": [0.6477017402648926, 0.6979541182518005, 0.7263428568840027, 0.7378343939781189, 0.7461592555046082, 0.7437134385108948, 0.7537640929222107, 0.7666787505149841, 0.7176294326782227, 0.739739716053009], "macro_ner_pr": [0.6291107535362244, 0.7159451842308044, 0.7517759203910828, 0.6985423564910889, 0.7001731991767883, 0.6909629702568054, 0.72679203748703, 0.7478179335594177, 0.6889758110046387, 0.7234219908714294], "macro_ner_rec": [0.6917688846588135, 0.6929939389228821, 0.7034891247749329, 0.7880424857139587, 0.8019874691963196, 0.8146432042121887, 0.7858864665031433, 0.7914088368415833, 0.7772397994995117, 0.7579107284545898], "samples_per_s": [178.79679620045894, 193.63836148317415, 194.33614667877697, 179.47900089561833, 178.4018503312028, 238.49908178253827, 231.82117843265112, 235.92781078246497, 241.81856334115943, 233.60248359476424], "samples_total_num": [5000, 5000, 5000, 5000, 5000, 5000, 5000, 5000, 5000, 5000], "samples_total_s": [27.964706897735596, 25.821329832077026, 25.728615522384644, 27.858412265777588, 28.026615142822266, 20.964441299438477, 21.56834864616394, 21.192923307418823, 20.676659107208252, 21.403882026672363], "organization_pr": [0.4989224076271057, 0.538290798664093, 0.6548430919647217, 0.5279138088226318, 0.5634517669677734, 0.49092480540275574, 0.6512889862060547, 0.5960540175437927, 0.4409330189228058, 0.6497395634651184], "organization_rec": [0.6020806431770325, 0.6306892037391663, 0.6241872310638428, 0.7009102702140808, 0.7217165231704712, 0.7386215925216675, 0.6241872310638428, 0.7464239001274109, 0.7620286345481873, 0.6488946676254272], "organization_f1": [0.5456688404083252, 0.5808383226394653, 0.6391477584838867, 0.6022346019744873, 0.6328392028808594, 0.5898234248161316, 0.6374501585960388, 0.6628175973892212, 0.5586272478103638, 0.6493167877197266], "location_pr": [0.8695651888847351, 0.9379100799560547, 0.8880836367607117, 0.8798753619194031, 0.8631354570388794, 0.8550427556037903, 0.8465542793273926, 0.871076762676239, 0.9036078453063965, 0.8069063425064087], "location_rec": [0.7028284668922424, 0.7176441550254822, 0.7802130579948425, 0.8645769357681274, 0.8918819427490234, 0.9186971783638, 0.916003406047821, 0.8835557699203491, 0.80347740650177, 0.9041263461112976], "location_f1": [0.7773564457893372, 0.8131242990493774, 0.8306609392166138, 0.8721591234207153, 0.8772732615470886, 0.8857278227806091, 0.8799105882644653, 0.8772719502449036, 0.8506060242652893, 0.8527544140815735], "person_pr": [0.5188446640968323, 0.6716346144676208, 0.7124010324478149, 0.6878378391265869, 0.6739323735237122, 0.7269212007522583, 0.6825327277183533, 0.7763229608535767, 0.7223865985870361, 0.7136198878288269], "person_rec": [0.7703974843025208, 0.7306485176086426, 0.7060669660568237, 0.7986401915550232, 0.7923640012741089, 0.7866109013557434, 0.8174686431884766, 0.7442468404769897, 0.7662134170532227, 0.7207112908363342], "person_f1": [0.6200799942016602, 0.6998997330665588, 0.7092198133468628, 0.7391093969345093, 0.7283653020858765, 0.7555890679359436, 0.7439314723014832, 0.7599465847015381, 0.7436548471450806, 0.7171480655670166]}}