{"test_metrics": {"f1": 0.0, "pr": 0.0, "rec": 0.0, "ner_f1": 0.863336443901062, "ner_pr": 0.8617121577262878, "ner_rec": 0.8649669289588928, "macro_f1": 0.0, "macro_pr": 0.0, "macro_rec": 0.0, "macro_ner_f1": 0.8290465474128723, "macro_ner_pr": 0.8320553302764893, "macro_ner_rec": 0.8289573192596436, "samples_per_s": 203.54537225448877, "samples_total_num": 288, "samples_total_s": 1.4149179458618164, "loc_pr": 0.8880778551101685, "loc_rec": 0.8816425204277039, "loc_f1": 0.8848485350608826, "org_pr": 0.7685185074806213, "org_rec": 0.8512820601463318, "org_f1": 0.8077858686447144, "peop_pr": 0.9347826242446899, "peop_rec": 0.946540892124176, "peop_f1": 0.9406249523162842, "other_pr": 0.7368420958518982, "other_rec": 0.6363636255264282, "other_f1": 0.6829268932342529}, "test_metrics_bounds": {"f1": 0.0, "pr": 0.0, "rec": 0.0, "ner_f1": 0.8840716481208801, "ner_pr": 0.8824082612991333, "ner_rec": 0.8857412934303284, "macro_f1": 0.0, "macro_pr": 0.0, "macro_rec": 0.0, "macro_ner_f1": 0.8840716481208801, "macro_ner_pr": 0.8824082612991333, "macro_ner_rec": 0.8857412934303284, "samples_per_s": 203.54537225448877, "samples_total_num": 288, "samples_total_s": 1.4149179458618164}, "metrics": {"f1": [0.0, 0.0, 0.0, 0.0, 0.0, 0.0, 0.0, 0.0, 0.0, 0.0, 0.0, 0.0, 0.0, 0.0, 0.0, 0.0, 0.0, 0.0, 0.0, 0.0, 0.0, 0.0, 0.0, 0.0, 0.0, 0.0, 0.0, 0.0, 0.0, 0.0, 0.0, 0.0, 0.0, 0.0, 0.0, 0.0, 0.0], "pr": [0.0, 0.0, 0.0, 0.0, 0.0, 0.0, 0.0, 0.0, 0.0, 0.0, 0.0, 0.0, 0.0, 0.0, 0.0, 0.0, 0.0, 0.0, 0.0, 0.0, 0.0, 0.0, 0.0, 0.0, 0.0, 0.0, 0.0, 0.0, 0.0, 0.0, 0.0, 0.0, 0.0, 0.0, 0.0, 0.0, 0.0], "rec": [0.0, 0.0, 0.0, 0.0, 0.0, 0.0, 0.0, 0.0, 0.0, 0.0, 0.0, 0.0, 0.0, 0.0, 0.0, 0.0, 0.0, 0.0, 0.0, 0.0, 0.0, 0.0, 0.0, 0.0, 0.0, 0.0, 0.0, 0.0, 0.0, 0.0, 0.0, 0.0, 0.0, 0.0, 0.0, 0.0, 0.0], "ner_f1": [0.5320754647254944, 0.7417677044868469, 0.7776442170143127, 0.7830566763877869, 0.8120468258857727, 0.8213457465171814, 0.8272250890731812, 0.8287037014961243, 0.8306998014450073, 0.8369993567466736, 0.8309618830680847, 0.8363636136054993, 0.8333333134651184, 0.855316698551178, 0.8308400511741638, 0.8438768982887268, 0.8601398468017578, 0.8464545011520386, 0.8393664956092834, 0.8542487621307373, 0.832671582698822, 0.8590909242630005, 0.8355704545974731, 0.8601788878440857, 0.8368391394615173, 0.8595988750457764, 0.8635321259498596, 0.8472064137458801, 0.8357870578765869, 0.8628800511360168, 0.8611111044883728, 0.8602771759033203, 0.8531073331832886, 0.8527219891548157, 0.8568129539489746, 0.8583043217658997, 0.8535754680633545], "ner_pr": [0.5916084051132202, 0.75, 0.8200253248214722, 0.7844036817550659, 0.7930282950401306, 0.833922266960144, 0.8424170613288879, 0.8393903970718384, 0.8205128312110901, 0.8262805938720703, 0.8276643753051758, 0.8316383957862854, 0.8323830962181091, 0.8699763417243958, 0.8366164565086365, 0.8573113083839417, 0.8775267601013184, 0.8275108933448792, 0.8309070467948914, 0.8414633870124817, 0.8265765905380249, 0.8542372584342957, 0.8181818127632141, 0.8422781825065613, 0.8325791954994202, 0.8620689511299133, 0.8665132522583008, 0.8452787399291992, 0.8282828330993652, 0.8663594722747803, 0.8722156882286072, 0.8693115711212158, 0.8435754179954529, 0.8551723957061768, 0.8658109903335571, 0.8724911212921143, 0.8478015661239624], "ner_rec": [0.48342856764793396, 0.7337142825126648, 0.7394285798072815, 0.7817142605781555, 0.8320000171661377, 0.8091428279876709, 0.8125714063644409, 0.8182857036590576, 0.8411428332328796, 0.8479999899864197, 0.8342857360839844, 0.8411428332328796, 0.8342857360839844, 0.8411428332328796, 0.8251428604125977, 0.8308571577072144, 0.8434285521507263, 0.8662857413291931, 0.8479999899864197, 0.8674286007881165, 0.838857114315033, 0.8640000224113464, 0.8537142872810364, 0.8788571357727051, 0.8411428332328796, 0.8571428656578064, 0.8605714440345764, 0.849142849445343, 0.8434285521507263, 0.8594285845756531, 0.8502857089042664, 0.8514285683631897, 0.8628571629524231, 0.8502857089042664, 0.8479999899864197, 0.8445714116096497, 0.8594285845756531], "macro_f1": [0.0, 0.0, 0.0, 0.0, 0.0, 0.0, 0.0, 0.0, 0.0, 0.0, 0.0, 0.0, 0.0, 0.0, 0.0, 0.0, 0.0, 0.0, 0.0, 0.0, 0.0, 0.0, 0.0, 0.0, 0.0, 0.0, 0.0, 0.0, 0.0, 0.0, 0.0, 0.0, 0.0, 0.0, 0.0, 0.0, 0.0], "macro_pr": [0.0, 0.0, 0.0, 0.0, 0.0, 0.0, 0.0, 0.0, 0.0, 0.0, 0.0, 0.0, 0.0, 0.0, 0.0, 0.0, 0.0, 0.0, 0.0, 0.0, 0.0, 0.0, 0.0, 0.0, 0.0, 0.0, 0.0, 0.0, 0.0, 0.0, 0.0, 0.0, 0.0, 0.0, 0.0, 0.0, 0.0], "macro_rec": [0.0, 0.0, 0.0, 0.0, 0.0, 0.0, 0.0, 0.0, 0.0, 0.0, 0.0, 0.0, 0.0, 0.0, 0.0, 0.0, 0.0, 0.0, 0.0, 0.0, 0.0, 0.0, 0.0, 0.0, 0.0, 0.0, 0.0, 0.0, 0.0, 0.0, 0.0, 0.0, 0.0, 0.0, 0.0, 0.0, 0.0], "macro_ner_f1": [0.4038035273551941, 0.6711775660514832, 0.7214843034744263, 0.7268521785736084, 0.7648739814758301, 0.7741981148719788, 0.7776995301246643, 0.7745891213417053, 0.7850130796432495, 0.7911640405654907, 0.7789273262023926, 0.7862105965614319, 0.7823159694671631, 0.8073225617408752, 0.7754917740821838, 0.7975737452507019, 0.8096572160720825, 0.8055274486541748, 0.7974814176559448, 0.8102441430091858, 0.7890142798423767, 0.8115874528884888, 0.7914319038391113, 0.8163634538650513, 0.7892517447471619, 0.8145071864128113, 0.818893313407898, 0.7944915890693665, 0.784732460975647, 0.8149564266204834, 0.8030200004577637, 0.8097512722015381, 0.8019274473190308, 0.8000301718711853, 0.8020960688591003, 0.7997201085090637, 0.7999386787414551], "macro_ner_pr": [0.7171459197998047, 0.704400897026062, 0.7731084227561951, 0.7710452675819397, 0.7589778900146484, 0.797607958316803, 0.801335334777832, 0.7897502183914185, 0.793870747089386, 0.7937862873077393, 0.7830447554588318, 0.7999527454376221, 0.8227700591087341, 0.845267653465271, 0.7952679991722107, 0.8181131482124329, 0.8428011536598206, 0.7907496690750122, 0.79035484790802, 0.7997057437896729, 0.7874083518981934, 0.813980758190155, 0.786846935749054, 0.8073643445968628, 0.7880351543426514, 0.8222448825836182, 0.8276631832122803, 0.7914849519729614, 0.7833920121192932, 0.8237100839614868, 0.8393033146858215, 0.8346163630485535, 0.7974716424942017, 0.8129104375839233, 0.8270735740661621, 0.834835410118103, 0.8166690468788147], "macro_ner_rec": [0.38623273372650146, 0.6556441187858582, 0.6854767203330994, 0.7090380191802979, 0.7765300273895264, 0.7585475444793701, 0.7583718299865723, 0.7610726952552795, 0.7829310894012451, 0.7944830060005188, 0.7772737741470337, 0.7795734405517578, 0.7640974521636963, 0.7818204164505005, 0.762768030166626, 0.7808699607849121, 0.7844088673591614, 0.8216760158538818, 0.8053154945373535, 0.8222177028656006, 0.794755756855011, 0.8110271692276001, 0.8004254698753357, 0.8361444473266602, 0.7911108136177063, 0.8091710805892944, 0.8128454685211182, 0.797930896282196, 0.7882994413375854, 0.8079328536987305, 0.7853884696960449, 0.798570454120636, 0.8091959953308105, 0.7905799746513367, 0.7896491885185242, 0.7792039513587952, 0.7946031093597412], "samples_per_s": [186.8461601804274, 197.69709919826187, 188.43336450926498, 206.45240298614004, 194.9238939463165, 211.03090000949643, 195.8112848877265, 205.97330700641655, 205.0343370917578, 196.41708323281551, 208.12515981797935, 194.6959263901172, 191.7022810548803, 204.58148880062282, 209.82701690814454, 200.5654642962199, 201.64595729589806, 192.78964613798584, 211.3094889297891, 200.4618464556014, 222.91392377687538, 214.66680108024204, 211.51019823646217, 203.89428301761717, 221.95058638380047, 203.63651771471086, 207.50584662436097, 210.19003840494207, 207.06795718117982, 192.3699280938925, 196.41529140950388, 216.01642723657227, 192.84290660332013, 201.19907881758056, 196.11516513696102, 196.57509122356748, 196.06793786757012], "samples_total_num": [231, 231, 231, 231, 231, 231, 231, 231, 231, 231, 231, 231, 231, 231, 231, 231, 231, 231, 231, 231, 231, 231, 231, 231, 231, 231, 231, 231, 231, 231, 231, 231, 231, 231, 231, 231, 231],