{"test_metrics": {"seen__f1": 0.0, "seen__pr": 0.0, "seen__rec": 0.0, "seen__ner_f1": 0.803529679775238, "seen__ner_pr": 0.7091386914253235, "seen__ner_rec": 0.9269070625305176, "seen__macro_f1": 0.0, "seen__macro_pr": 0.0, "seen__macro_rec": 0.0, "seen__macro_ner_f1": 0.7695088386535645, "seen__macro_ner_pr": 0.679254412651062, "seen__macro_ner_rec": 0.897919774055481, "seen__samples_per_s": 495.78070041758065, "seen__samples_total_num": 2050, "seen__samples_total_s": 4.134892702102661, "seen__per_pr": 0.7493026256561279, "seen__per_rec": 0.9563862681388855, "seen__per_f1": 0.8402736783027649, "seen__org_pr": 0.5719602704048157, "seen__org_rec": 0.8412408828735352, "seen__org_f1": 0.6809453368186951, "seen__wea_pr": 0.7849462628364563, "seen__wea_rec": 0.9125000238418579, "seen__wea_f1": 0.8439306020736694, "seen__gpe_pr": 0.7653465270996094, "seen__gpe_rec": 0.922434389591217, "seen__gpe_f1": 0.8365801572799683, "seen__veh_pr": 0.7954545617103577, "seen__veh_rec": 0.8860759735107422, "seen__veh_f1": 0.8383233547210693, "seen__fac_pr": 0.5477706789970398, "seen__fac_rec": 0.8958333134651184, "seen__fac_f1": 0.6798418760299683, "seen__loc_pr": 0.5400000214576721, "seen__loc_rec": 0.8709677457809448, "seen__loc_f1": 0.6666666865348816, "unseen__f1": 0.0, "unseen__pr": 0.0, "unseen__rec": 0.0, "unseen__ner_f1": 0.2691112458705902, "unseen__ner_pr": 0.1625070422887802, "unseen__ner_rec": 0.782294511795044, "unseen__macro_f1": 0.0, "unseen__macro_pr": 0.0, "unseen__macro_rec": 0.0, "unseen__macro_ner_f1": 0.23355185985565186, "unseen__macro_ner_pr": 0.14669926464557648, "unseen__macro_ner_rec": 0.6111494898796082, "unseen__samples_per_s": 541.9759809913388, "unseen__samples_total_num": 2050, "unseen__samples_total_s": 3.7824554443359375, "unseen__per_pr": 0.15934449434280396, "unseen__per_rec": 0.8704761862754822, "unseen__per_f1": 0.269378125667572, "unseen__org_pr": 0.2382134050130844, "unseen__org_rec": 0.732824444770813, "unseen__org_f1": 0.3595505654811859, "unseen__wea_pr": 0.032258063554763794, "unseen__wea_rec": 0.11999999731779099, "unseen__wea_f1": 0.05084745213389397, "unseen__gpe_pr": 0.1158415824174881, "unseen__gpe_rec": 0.8297872543334961, "unseen__gpe_f1": 0.20330147445201874, "unseen__veh_pr": 0.11363636702299118, "unseen__veh_rec": 0.3571428656578064, "unseen__veh_f1": 0.17241379618644714, "unseen__fac_pr": 0.19426751136779785, "unseen__fac_rec": 0.7011494040489197, "unseen__fac_f1": 0.3042393922805786, "unseen__loc_pr": 0.1733333319425583, "unseen__loc_rec": 0.6666666865348816, "unseen__loc_f1": 0.27513226866722107}, "test_metrics_bounds": {"seen__f1": 0.0, "seen__pr": 0.0, "seen__rec": 0.0, "seen__ner_f1": 0.8479812741279602, "seen__ner_pr": 0.7485424280166626, "seen__ner_rec": 0.977886974811554, "seen__macro_f1": 0.0, "seen__macro_pr": 0.0, "seen__macro_rec": 0.0, "seen__macro_ner_f1": 0.8479812741279602, "seen__macro_ner_pr": 0.7485424280166626, "seen__macro_ner_rec": 0.977886974811554, "seen__samples_per_s": 495.78070041758065, "seen__samples_total_num": 2050, "seen__samples_total_s": 4.134892702102661, "unseen__f1": 0.0, "unseen__pr": 0.0, "unseen__rec": 0.0, "unseen__ner_f1": 0.29856786131858826, "unseen__ner_pr": 0.18036486208438873, "unseen__ner_rec": 0.8663053512573242, "unseen__macro_f1": 0.0, "unseen__macro_pr": 0.0, "unseen__macro_rec": 0.0, "unseen__macro_ner_f1": 0.29856786131858826, "unseen__macro_ner_pr": 0.18036486208438873, "unseen__macro_ner_rec": 0.8663053512573242, "unseen__samples_per_s": 541.9759809913388, "unseen__samples_total_num": 2050, "unseen__samples_total_s": 3.7824554443359375}}