{"test_metrics": {"unseen_ner_prec_micro": 42.819148936170215, "unseen_ner_rec_micro": 57.05173635719349, "unseen_ner_f1_micro": 48.92130051656032, "unseen_ner_prec_macro": 38.61843601674196, "unseen_ner_rec_macro": 50.48749430709901, "unseen_ner_f1_macro": 42.1856688064056, "unseen_loc_prec_micro": 61.89931350114416, "unseen_loc_rec_micro": 76.68320340184268, "unseen_loc_f1_micro": 68.50269072491295, "unseen_loc_prec_macro": 61.89931350114416, "unseen_loc_rec_macro": 76.68320340184268, "unseen_loc_f1_macro": 68.50269072491295, "unseen_cls_prec_micro": 69.15807560137456, "unseen_cls_rec_micro": 57.05173635719349, "unseen_cls_f1_micro": 62.5242718446602, "unseen_cls_prec_macro": 57.58835214158302, "unseen_cls_rec_macro": 50.48749430709901, "unseen_cls_f1_macro": 53.33466201640643, "unseen_epoch": 0.0, "unseen_iteration": 0.0, "unseen_global_iteration": 0.0, "seen_ner_prec_micro": 10.47065044949762, "seen_ner_rec_micro": 72.26277372262774, "seen_ner_f1_micro": 18.290993071593533, "seen_ner_prec_macro": 11.523885997111211, "seen_ner_rec_macro": 58.804741554741554, "seen_ner_f1_macro": 15.90510675592218, "seen_loc_prec_micro": 12.763532763532764, "seen_loc_rec_micro": 81.75182481751825, "seen_loc_f1_micro": 22.079842286840808, "seen_loc_prec_macro": 12.763532763532764, "seen_loc_rec_macro": 81.75182481751825, "seen_loc_f1_macro": 22.079842286840808, "seen_cls_prec_micro": 83.54430379746836, "seen_cls_rec_micro": 72.26277372262774, "seen_cls_f1_micro": 77.49510763209393, "seen_cls_prec_macro": 79.53651586420732, "seen_cls_rec_macro": 58.804741554741554, "seen_cls_f1_macro": 64.04688406431916, "seen_epoch": 0.0, "seen_iteration": 0.0, "seen_global_iteration": 0.0, "ner_prec_micro": 53.38305807139052, "ner_rec_micro": 59.46587537091988, "ner_f1_micro": 56.26052779337451, "ner_prec_macro": 50.274446373151314, "ner_rec_macro": 56.15083864848188, "ner_f1_macro": 52.48601937758305, "loc_prec_micro": 74.54337899543378, "loc_rec_micro": 77.50741839762611, "loc_f1_micro": 75.99650858306663, "loc_prec_macro": 74.54337899543378, "loc_rec_macro": 77.50741839762611, "loc_f1_macro": 75.99650858306663, "cls_prec_micro": 71.77650429799426, "cls_rec_micro": 59.46587537091988, "cls_f1_micro": 65.04381694255113, "cls_prec_macro": 65.7257200656276, "cls_rec_macro": 56.15083864848188, "cls_f1_macro": 60.23563318377029, "epoch": 0.0, "iteration": 0.0, "global_iteration": 0.0}}