{"test_metrics": {"Eval_Ent_Precision": 63.99132319523718, "Eval_Ent_Recall": 70.11289361840417, "Eval_Ent_F1": 66.91239011407724, "Eval_Time": 24.305552005767822, "Eval_Examples": 551, "Eval_Examples_Per_Second": 22.669717596590488, "seen_Eval_Ent_Precision": 14.642082467850237, "seen_Eval_Ent_Recall": 83.33333312757202, "seen_Eval_Ent_F1": 24.907749123786445, "seen_Eval_Time": 22.16347575187683, "seen_Eval_Examples": 551, "seen_Eval_Examples_Per_Second": 24.86072158394834, "unseen_Eval_Ent_Precision": 49.34924078161688, "unseen_Eval_Ent_Recall": 66.96100071087417, "unseen_Eval_Ent_F1": 56.82172961995414, "unseen_Eval_Time": 21.864967823028564, "unseen_Eval_Examples": 551, "unseen_Eval_Examples_Per_Second": 25.200128555399804}}