{"test_metrics": {"Eval_Ent_Precision": 88.6504183198798, "Eval_Ent_Recall": 89.0065741274629, "Eval_Ent_F1": 88.82813922404661, "Eval_Time": 56.50134086608887, "Eval_Examples": 2050, "Eval_Examples_Per_Second": 36.28232478338182, "seen_Eval_Ent_Precision": 71.00763913386409, "seen_Eval_Ent_Recall": 92.75362316809046, "seen_Eval_Ent_F1": 80.43679817433323, "seen_Eval_Time": 57.77769160270691, "seen_Eval_Examples": 2050, "seen_Eval_Examples_Per_Second": 35.480822150117824, "unseen_Eval_Ent_Precision": 17.642779204204153, "unseen_Eval_Ent_Recall": 76.55880027378248, "unseen_Eval_Ent_F1": 28.677014055475524, "unseen_Eval_Time": 57.782901763916016, "unseen_Eval_Examples": 2050, "unseen_Eval_Examples_Per_Second": 35.47762291993743}}