{"test_metrics": {"Eval_Ent_Precision": 89.22577150722766, "Eval_Ent_Recall": 90.28487945935541, "Eval_Ent_F1": 89.75220112925399, "Eval_Time": 67.86854386329651, "Eval_Examples": 2050, "Eval_Examples_Per_Second": 30.20545135209016, "seen_Eval_Ent_Precision": 72.85688503055157, "seen_Eval_Ent_Recall": 93.53568116610951, "seen_Eval_Ent_F1": 81.91133203534085, "seen_Eval_Time": 67.81324434280396, "seen_Eval_Examples": 2050, "seen_Eval_Examples_Per_Second": 30.230082926529928, "unseen_Eval_Ent_Precision": 16.368886494723377, "unseen_Eval_Ent_Recall": 78.18965512381094, "unseen_Eval_Ent_F1": 27.070586493317066, "unseen_Eval_Time": 66.75337767601013, "unseen_Eval_Examples": 2050, "unseen_Eval_Examples_Per_Second": 30.710056500058275}}