{"test_metrics": {"unseen__f1": 0.0, "unseen__pr": 0.0, "unseen__rec": 0.0, "unseen__ner_f1": 0.5278858542442322, "unseen__ner_pr": 0.4591088593006134, "unseen__ner_rec": 0.6209000945091248, "unseen__macro_f1": 0.0, "unseen__macro_pr": 0.0, "unseen__macro_rec": 0.0, "unseen__macro_ner_f1": 0.47351333498954773, "unseen__macro_ner_pr": 0.4382230341434479, "unseen__macro_ner_rec": 0.5489440560340881, "unseen__samples_per_s": 274.24873449785616, "unseen__samples_total_num": 508, "unseen__samples_total_s": 1.8523330688476562, "unseen__task_pr": 0.5355805158615112, "unseen__task_rec": 0.5983263850212097, "unseen__task_f1": 0.5652174353599548, "unseen__method_pr": 0.6974999904632568, "unseen__method_rec": 0.7117347121238708, "unseen__method_f1": 0.7045454382896423, "unseen__material_pr": 0.48427674174308777, "unseen__material_rec": 0.5968992114067078, "unseen__material_f1": 0.5347222685813904, "unseen__otherscientificterm_pr": 0.4464285671710968, "unseen__otherscientificterm_rec": 0.6138392686843872, "unseen__otherscientificterm_f1": 0.5169172883033752, "unseen__metric_pr": 0.4035087823867798, "unseen__metric_rec": 0.42592594027519226, "unseen__metric_f1": 0.4144144058227539, "unseen__generic_pr": 0.062043797224760056, "unseen__generic_rec": 0.3469387888908386, "unseen__generic_f1": 0.10526316612958908, "seen__f1": 0.0, "seen__pr": 0.0, "seen__rec": 0.0, "seen__ner_f1": 0.4394160211086273, "seen__ner_pr": 0.2986111044883728, "seen__ner_rec": 0.8314917087554932, "seen__macro_f1": 0.0, "seen__macro_pr": 0.0, "seen__macro_rec": 0.0, "seen__macro_ner_f1": 0.3879188001155853, "seen__macro_ner_pr": 0.2884168028831482, "seen__macro_ner_rec": 0.7807713150978088, "seen__samples_per_s": 363.5251838807405, "seen__samples_total_num": 264, "seen__samples_total_s": 0.726222038269043, "seen__task_pr": 0.131386861205101, "seen__task_rec": 0.782608687877655, "seen__task_f1": 0.22500000894069672, "seen__method_pr": 0.13917525112628937, "seen__method_rec": 0.8181818127632141, "seen__method_f1": 0.2378854602575302, "seen__material_pr": 0.25555557012557983, "seen__material_rec": 0.7931034564971924, "seen__material_f1": 0.3865545988082886, "seen__otherscientificterm_pr": 0.1599999964237213, "seen__otherscientificterm_rec": 0.7536231875419617, "seen__otherscientificterm_f1": 0.2639593780040741, "seen__metric_pr": 0.28205129504203796, "seen__metric_rec": 0.6470588445663452, "seen__metric_f1": 0.392857164144516, "seen__generic_pr": 0.7623318433761597, "seen__generic_rec": 0.8900523781776428, "seen__generic_f1": 0.8212559819221497}, "test_metrics_bounds": {"unseen__f1": 0.0, "unseen__pr": 0.0, "unseen__rec": 0.0, "unseen__ner_f1": 0.6789883375167847, "unseen__ner_pr": 0.5905245542526245, "unseen__ner_rec": 0.7986270189285278, "unseen__macro_f1": 0.0, "unseen__macro_pr": 0.0, "unseen__macro_rec": 0.0, "unseen__macro_ner_f1": 0.6789883375167847, "unseen__macro_ner_pr": 0.5905245542526245, "unseen__macro_ner_rec": 0.7986270189285278, "unseen__samples_per_s": 274.24873449785616, "unseen__samples_total_num": 508, "unseen__samples_total_s": 1.8523330688476562, "seen__f1": 0.0, "seen__pr": 0.0, "seen__rec": 0.0, "seen__ner_f1": 0.4686131477355957, "seen__ner_pr": 0.318452388048172, "seen__ner_rec": 0.8867403268814087, "seen__macro_f1": 0.0, "seen__macro_pr": 0.0, "seen__macro_rec": 0.0, "seen__macro_ner_f1": 0.4686131477355957, "seen__macro_ner_pr": 0.318452388048172, "seen__macro_ner_rec": 0.8867403268814087, "seen__samples_per_s": 363.5251838807405, "seen__samples_total_num": 264, "seen__samples_total_s": 0.726222038269043}}