{"test_metrics": {"f1": 0.0, "pr": 0.0, "rec": 0.0, "ner_f1": 0.6395182013511658, "ner_pr": 0.6146637201309204, "ner_rec": 0.6664674282073975, "macro_f1": 0.0, "macro_pr": 0.0, "macro_rec": 0.0, "macro_ner_f1": 0.6283470988273621, "macro_ner_pr": 0.619687020778656, "macro_ner_rec": 0.6429917216300964, "samples_per_s": 159.08283311948176, "samples_total_num": 529, "samples_total_s": 3.3253116607666016, "task_pr": 0.5985130071640015, "task_rec": 0.614503800868988, "task_f1": 0.6064030528068542, "method_pr": 0.7593052387237549, "method_rec": 0.7200000286102295, "method_f1": 0.7391304969787598, "material_pr": 0.6289308071136475, "material_rec": 0.6329113841056824, "material_f1": 0.6309147477149963, "otherscientificterm_pr": 0.5190476179122925, "otherscientificterm_rec": 0.6324951648712158, "otherscientificterm_f1": 0.5701830983161926, "metric_pr": 0.5762711763381958, "metric_rec": 0.47887325286865234, "metric_f1": 0.5230769515037537, "generic_pr": 0.6360543966293335, "generic_rec": 0.7791666388511658, "generic_f1": 0.7003745436668396}, "test_metrics_bounds": {"f1": 0.0, "pr": 0.0, "rec": 0.0, "ner_f1": 0.7846286296844482, "ner_pr": 0.7541345357894897, "ner_rec": 0.817692756652832, "macro_f1": 0.0, "macro_pr": 0.0, "macro_rec": 0.0, "macro_ner_f1": 0.7846286296844482, "macro_ner_pr": 0.7541345357894897, "macro_ner_rec": 0.817692756652832, "samples_per_s": 159.08283311948176, "samples_total_num": 529, "samples_total_s": 3.3253116607666016}, "metrics": {"f1": [0.0, 0.0, 0.0, 0.0, 0.0, 0.0, 0.0, 0.0, 0.0, 0.0, 0.0, 0.0, 0.0, 0.0, 0.0, 0.0, 0.0, 0.0, 0.0, 0.0, 0.0, 0.0, 0.0, 0.0, 0.0], "pr": [0.0, 0.0, 0.0, 0.0, 0.0, 0.0, 0.0, 0.0, 0.0, 0.0, 0.0, 0.0, 0.0, 0.0, 0.0, 0.0, 0.0, 0.0, 0.0, 0.0, 0.0, 0.0, 0.0, 0.0, 0.0], "rec": [0.0, 0.0, 0.0, 0.0, 0.0, 0.0, 0.0, 0.0, 0.0, 0.0, 0.0, 0.0, 0.0, 0.0, 0.0, 0.0, 0.0, 0.0, 0.0, 0.0, 0.0, 0.0, 0.0, 0.0, 0.0], "ner_f1": [0.3489305078983307, 0.5233644247055054, 0.6278538703918457, 0.6321626305580139, 0.6566791534423828, 0.6470255255699158, 0.6394316554069519, 0.6393345594406128, 0.6607248783111572, 0.6631016135215759, 0.6533575057983398, 0.6540732383728027, 0.6497109532356262, 0.6508474946022034, 0.665083110332489, 0.6646633744239807, 0.6650660037994385, 0.6596243977546692, 0.6639102101325989, 0.6611957550048828, 0.6717646718025208, 0.6769049167633057, 0.6612244248390198, 0.659649133682251, 0.6643356680870056], "ner_pr": [0.37392550706863403, 0.49015316367149353, 0.5765199065208435, 0.6218181848526001, 0.6542288661003113, 0.5904860496520996, 0.6060606241226196, 0.607909619808197, 0.6282485723495483, 0.6305084824562073, 0.6315789222717285, 0.6183035969734192, 0.6030042767524719, 0.5925925970077515, 0.6320541501045227, 0.638568103313446, 0.638248860836029, 0.620309054851532, 0.6279329657554626, 0.6211453676223755, 0.6330376863479614, 0.6402234435081482, 0.6183205842971802, 0.6184210777282715, 0.6209150552749634], "ner_rec": [0.32706767320632935, 0.5614035129547119, 0.689223051071167, 0.6428571343421936, 0.6591478586196899, 0.7155388593673706, 0.6766917109489441, 0.6741854548454285, 0.6967418789863586, 0.6992481350898743, 0.6766917109489441, 0.6942355632781982, 0.7042606472969055, 0.7218044996261597, 0.7017543911933899, 0.6929824352264404, 0.6942355632781982, 0.7042606472969055, 0.7042606472969055, 0.7067669034004211, 0.7155388593673706, 0.7180451154708862, 0.7105262875556946, 0.7067669034004211, 0.7142857313156128], "macro_f1": [0.0, 0.0, 0.0, 0.0, 0.0, 0.0, 0.0, 0.0, 0.0, 0.0, 0.0, 0.0, 0.0, 0.0, 0.0, 0.0, 0.0, 0.0, 0.0, 0.0, 0.0, 0.0, 0.0, 0.0, 0.0], "macro_pr": [0.0, 0.0, 0.0, 0.0, 0.0, 0.0, 0.0, 0.0, 0.0, 0.0, 0.0, 0.0, 0.0, 0.0, 0.0, 0.0, 0.0, 0.0, 0.0, 0.0, 0.0, 0.0, 0.0, 0.0, 0.0], "macro_rec": [0.0, 0.0, 0.0, 0.0, 0.0, 0.0, 0.0, 0.0, 0.0, 0.0, 0.0, 0.0, 0.0, 0.0, 0.0, 0.0, 0.0, 0.0, 0.0, 0.0, 0.0, 0.0, 0.0, 0.0, 0.0], "macro_ner_f1": [0.22769252955913544, 0.4848717153072357, 0.6016250252723694, 0.5953714847564697, 0.6019783616065979, 0.6199615001678467, 0.6047762036323547, 0.6057537198066711, 0.6288701891899109, 0.6482017636299133, 0.6277762055397034, 0.6261358261108398, 0.6180494427680969, 0.6311566233634949, 0.6325151324272156, 0.634118378162384, 0.6286137700080872, 0.6260886192321777, 0.6347171068191528, 0.6258670091629028, 0.6321289539337158, 0.6423966288566589, 0.6241358518600464, 0.6226536631584167, 0.6279760003089905], "macro_ner_pr": [0.21232926845550537, 0.5072396397590637, 0.5896000266075134, 0.5853047966957092, 0.6073893904685974, 0.581806480884552, 0.5760288238525391, 0.5851577520370483, 0.6166253685951233, 0.6246230006217957, 0.6103542447090149, 0.6172129511833191, 0.5924112200737, 0.584181010723114, 0.6124468445777893, 0.6127048134803772, 0.6173050999641418, 0.6042166352272034, 0.618984580039978, 0.5975669622421265, 0.6083863377571106, 0.6263936161994934, 0.5948823094367981, 0.5924940705299377, 0.5982336401939392], "macro_ner_rec": [0.24685083329677582, 0.5025231242179871, 0.6416018605232239, 0.6063420176506042, 0.6025355458259583, 0.6692141890525818, 0.6395254731178284, 0.6329696774482727, 0.6530142426490784, 0.6805326342582703, 0.654460072517395, 0.6438857913017273, 0.6547887921333313, 0.6894009113311768, 0.6570807099342346, 0.6601787209510803, 0.6458752751350403, 0.6559363603591919, 0.6575577855110168, 0.6617708802223206, 0.6627587676048279, 0.6661902070045471, 0.661339282989502, 0.6598164439201355, 0.6650862693786621], "samples_per_s": [154.1477298909634, 172.5389602149983, 153.4187286037015, 173.4361304172398, 171.7653611152063, 146.07872735702048, 151.9853059743189, 165.58503641516555, 163.8589067969381, 153.2237747440484, 146.10738014949183, 171.20487032850824, 152.75829884716774, 163.5516959062398, 158.69754159170927, 182.19569631373, 175.07370305642365, 171.20997732469024, 163.2167308222193, 152.60897882095844, 140.177794528264, 159.14876961395896, 161.291898185398, 152.63016725622919, 179.81616364914416], "samples_total_num": [260, 260, 260, 260, 260, 260, 260, 260, 260, 260, 260, 260, 260, 260, 260, 260, 260, 260, 260, 260, 260, 260, 260, 260, 260], "samples_total_s": [1.6866936683654785, 1.5069060325622559, 1.6947083473205566, 1.4991109371185303, 1.513692855834961, 1.7798621654510498, 1.7106916904449463, 1.570190191268921, 1.58673095703125, 1.6968646049499512, 1.7795131206512451, 1.518648386001587, 1.7020351886749268, 1.5897114276885986, 1.6383366584777832, 1.427037000656128, 1.48508882522583, 1.5186030864715576, 1.5929739475250244, 1.7037005424499512, 1.8547873497009277, 1.6336915493011475, 1.6119842529296875, 1.7034640312194824, 1.4459211826324463], "task_pr": [0.0, 0.42236024141311646, 0.4790419042110443, 0.5648854970932007, 0.6271186470985413, 0.5984252095222473, 0.579365074634552, 0.60550457239151, 0.5379310250282288, 0.5681818127632141, 0.5724637508392334, 0.6140350699424744, 0.6190476417541504, 0.5263158082962036, 0.5633803009986877, 0.5394737124443054, 0.5950413346290588, 0.5853658318519592, 0.5652173757553101, 0.560606062412262, 0.5901639461517334, 0.5789473652839661, 0.5467625856399536, 0.5661764740943909, 0.5571428537368774], "task_rec": [0.0, 0.5396825671195984, 0.6349206566810608, 0.5873016119003296, 0.5873016119003296, 0.60317462682724, 0.579365074634552, 0.523809552192688, 0.6190476417541504, 0.5952380895614624, 0.6269841194152832, 0.5555555820465088, 0.5158730149269104, 0.6349206566810608, 0.6349206566810608, 0.6507936716079712, 0.5714285969734192, 0.5714285969734192, 0.6190476417541504, 0.5873016119003296, 0.5714285969734192, 0.6111111044883728, 0.60317462682724, 0.6111111044883728, 0.6190476417541504],