{"test_metrics": {"seen__f1": 0.0, "seen__pr": 0.0, "seen__rec": 0.0, "seen__ner_f1": 0.41860461235046387, "seen__ner_pr": 0.29145076870918274, "seen__ner_rec": 0.7425742745399475, "seen__macro_f1": 0.0, "seen__macro_pr": 0.0, "seen__macro_rec": 0.0, "seen__macro_ner_f1": 0.3433256447315216, "seen__macro_ner_pr": 0.26817119121551514, "seen__macro_ner_rec": 0.6706991791725159, "seen__samples_per_s": 222.3412891836281, "seen__samples_total_num": 238, "seen__samples_total_s": 1.0704264640808105, "seen__task_pr": 0.11999999731779099, "seen__task_rec": 0.5454545617103577, "seen__task_f1": 0.19672130048274994, "seen__method_pr": 0.09356725215911865, "seen__method_rec": 0.761904776096344, "seen__method_f1": 0.1666666716337204, "seen__material_pr": 0.17073170840740204, "seen__material_rec": 0.6666666865348816, "seen__material_f1": 0.27184465527534485, "seen__otherscientificterm_pr": 0.15458936989307404, "seen__otherscientificterm_rec": 0.6808510422706604, "seen__otherscientificterm_f1": 0.25196850299835205, "seen__metric_pr": 0.28125, "seen__metric_rec": 0.5625, "seen__metric_f1": 0.375, "seen__generic_pr": 0.7888888716697693, "seen__generic_rec": 0.8068181872367859, "seen__generic_f1": 0.7977527976036072, "unseen__f1": 0.0, "unseen__pr": 0.0, "unseen__rec": 0.0, "unseen__ner_f1": 0.5493296384811401, "unseen__ner_pr": 0.5191683173179626, "unseen__ner_rec": 0.5832116603851318, "unseen__macro_f1": 0.0, "unseen__macro_pr": 0.0, "unseen__macro_rec": 0.0, "unseen__macro_ner_f1": 0.48708483576774597, "unseen__macro_ner_pr": 0.4772048890590668, "unseen__macro_ner_rec": 0.5237740278244019, "unseen__samples_per_s": 353.8196788704491, "unseen__samples_total_num": 513, "unseen__samples_total_s": 1.4498910903930664, "unseen__task_pr": 0.5541125535964966, "unseen__task_rec": 0.5333333611488342, "unseen__task_f1": 0.5435243844985962, "unseen__method_pr": 0.7089552283287048, "unseen__method_rec": 0.7054455280303955, "unseen__method_f1": 0.7071959972381592, "unseen__material_pr": 0.5430463552474976, "unseen__material_rec": 0.5985401272773743, "unseen__material_f1": 0.5694444179534912, "unseen__otherscientificterm_pr": 0.5373443961143494, "unseen__otherscientificterm_rec": 0.5510638356208801, "unseen__otherscientificterm_f1": 0.5441176891326904, "unseen__metric_pr": 0.40816327929496765, "unseen__metric_rec": 0.3636363744735718, "unseen__metric_f1": 0.38461539149284363, "unseen__generic_pr": 0.1116071417927742, "unseen__generic_rec": 0.390625, "unseen__generic_f1": 0.1736111044883728}, "test_metrics_bounds": {"seen__f1": 0.0, "seen__pr": 0.0, "seen__rec": 0.0, "seen__ner_f1": 0.44134074449539185, "seen__ner_pr": 0.30739298462867737, "seen__ner_rec": 0.7821782231330872, "seen__macro_f1": 0.0, "seen__macro_pr": 0.0, "seen__macro_rec": 0.0, "seen__macro_ner_f1": 0.44134074449539185, "seen__macro_ner_pr": 0.30739298462867737, "seen__macro_ner_rec": 0.7821782231330872, "seen__samples_per_s": 222.3412891836281, "seen__samples_total_num": 238, "seen__samples_total_s": 1.0704264640808105, "unseen__f1": 0.0, "unseen__pr": 0.0, "unseen__rec": 0.0, "unseen__ner_f1": 0.6973865032196045, "unseen__ner_pr": 0.6592977643013, "unseen__ner_rec": 0.7401459813117981, "unseen__macro_f1": 0.0, "unseen__macro_pr": 0.0, "unseen__macro_rec": 0.0, "unseen__macro_ner_f1": 0.6973865032196045, "unseen__macro_ner_pr": 0.6592977643013, "unseen__macro_ner_rec": 0.7401459813117981, "unseen__samples_per_s": 353.8196788704491, "unseen__samples_total_num": 513, "unseen__samples_total_s": 1.4498910903930664}}