{"test_metrics": {"unseen_ner_prec_micro": 33.38818796855001, "unseen_ner_rec_micro": 72.5466825586015, "unseen_ner_f1_micro": 45.73002754820937, "unseen_ner_prec_macro": 39.053557917245065, "unseen_ner_rec_macro": 72.06598120489497, "unseen_ner_f1_macro": 49.4405284558189, "unseen_loc_prec_micro": 36.1428045638572, "unseen_loc_rec_micro": 78.02940007945968, "unseen_loc_f1_micro": 49.40259086907307, "unseen_loc_prec_macro": 36.1428045638572, "unseen_loc_rec_macro": 78.02940007945968, "unseen_loc_f1_macro": 49.40259086907307, "unseen_cls_prec_micro": 92.12916246215944, "unseen_cls_rec_micro": 72.5466825586015, "unseen_cls_f1_micro": 81.17359413202934, "unseen_cls_prec_macro": 89.70896018081844, "unseen_cls_rec_macro": 72.06598120489497, "unseen_cls_f1_macro": 79.60393257319897, "unseen_epoch": 0.0, "unseen_iteration": 0.0, "unseen_global_iteration": 0.0, "seen_ner_prec_micro": 46.38817949653411, "seen_ner_rec_micro": 85.07862161257945, "seen_ner_f1_micro": 60.04013693778775, "seen_ner_prec_macro": 41.45803382285696, "seen_ner_rec_macro": 83.2816511126237, "seen_ner_f1_macro": 54.36820909328869, "seen_loc_prec_micro": 47.21660848796619, "seen_loc_rec_micro": 85.9819337571094, "seen_loc_f1_micro": 60.95825426944972, "seen_loc_prec_macro": 47.21660848796619, "seen_loc_rec_macro": 85.9819337571094, "seen_loc_f1_macro": 60.95825426944972, "seen_cls_prec_micro": 98.52770244091438, "seen_cls_rec_micro": 85.07862161257945, "seen_cls_f1_micro": 91.31059245960502, "seen_cls_prec_macro": 98.05674473369804, "seen_cls_rec_macro": 83.2816511126237, "seen_cls_f1_macro": 89.95955176378796, "seen_epoch": 0.0, "seen_iteration": 0.0, "seen_global_iteration": 0.0, "ner_prec_micro": 79.86834887547998, "ner_rec_micro": 79.3316382128587, "ner_f1_micro": 79.5990888382688, "ner_prec_macro": 80.77052771699317, "ner_rec_macro": 77.56323619826601, "ner_f1_macro": 79.01822733394637, "loc_prec_micro": 83.33026678932842, "loc_rec_micro": 82.2557210316019, "loc_f1_micro": 82.78950735764555, "loc_prec_macro": 83.33026678932842, "loc_rec_macro": 82.2557210316019, "loc_f1_macro": 82.78950735764555, "cls_prec_micro": 95.873573309921, "cls_rec_micro": 79.3316382128587, "cls_f1_micro": 86.82170542635659, "cls_prec_macro": 95.0014643043413, "cls_rec_macro": 77.56323619826601, "cls_f1_macro": 85.29508726288654, "epoch": 0.0, "iteration": 0.0, "global_iteration": 0.0}}