{"test_metrics": {"f1": 0.0, "pr": 0.0, "rec": 0.0, "ner_f1": 0.8287769556045532, "ner_pr": 0.8421052694320679, "ner_rec": 0.8158640265464783, "macro_f1": 0.0, "macro_pr": 0.0, "macro_rec": 0.0, "macro_ner_f1": 0.7780314683914185, "macro_ner_pr": 0.8037971258163452, "macro_ner_rec": 0.7590846419334412, "samples_per_s": 145.51927207088087, "samples_total_num": 288, "samples_total_s": 1.9791193008422852, "loc_pr": 0.8613138794898987, "loc_rec": 0.8550724387168884, "loc_f1": 0.8581818342208862, "org_pr": 0.717277467250824, "org_rec": 0.7025641202926636, "org_f1": 0.7098445892333984, "peop_pr": 0.9325153231620789, "peop_rec": 0.955974817276001, "peop_f1": 0.9440993666648865, "other_pr": 0.704081654548645, "other_rec": 0.5227272510528564, "other_f1": 0.6000000238418579}, "test_metrics_bounds": {"f1": 0.0, "pr": 0.0, "rec": 0.0, "ner_f1": 0.8746999502182007, "ner_pr": 0.8896484375, "ner_rec": 0.8602455258369446, "macro_f1": 0.0, "macro_pr": 0.0, "macro_rec": 0.0, "macro_ner_f1": 0.8746999502182007, "macro_ner_pr": 0.8896484375, "macro_ner_rec": 0.8602455258369446, "samples_per_s": 145.51927207088087, "samples_total_num": 288, "samples_total_s": 1.9791193008422852}, "metrics": {"f1": [0.0, 0.0, 0.0, 0.0, 0.0, 0.0, 0.0, 0.0, 0.0, 0.0, 0.0, 0.0, 0.0, 0.0, 0.0, 0.0, 0.0, 0.0, 0.0, 0.0, 0.0, 0.0, 0.0, 0.0, 0.0, 0.0, 0.0, 0.0, 0.0, 0.0, 0.0, 0.0], "pr": [0.0, 0.0, 0.0, 0.0, 0.0, 0.0, 0.0, 0.0, 0.0, 0.0, 0.0, 0.0, 0.0, 0.0, 0.0, 0.0, 0.0, 0.0, 0.0, 0.0, 0.0, 0.0, 0.0, 0.0, 0.0, 0.0, 0.0, 0.0, 0.0, 0.0, 0.0, 0.0], "rec": [0.0, 0.0, 0.0, 0.0, 0.0, 0.0, 0.0, 0.0, 0.0, 0.0, 0.0, 0.0, 0.0, 0.0, 0.0, 0.0, 0.0, 0.0, 0.0, 0.0, 0.0, 0.0, 0.0, 0.0, 0.0, 0.0, 0.0, 0.0, 0.0, 0.0, 0.0, 0.0], "ner_f1": [0.43484628200531006, 0.6733291745185852, 0.7357774376869202, 0.7029765248298645, 0.7768996357917786, 0.7872340083122253, 0.7364486455917358, 0.7943429350852966, 0.7680382132530212, 0.756790041923523, 0.7812879681587219, 0.7765263915061951, 0.8123149275779724, 0.7757287621498108, 0.7915691137313843, 0.7813238501548767, 0.7961164712905884, 0.7987878322601318, 0.8042578101158142, 0.821933925151825, 0.8207604885101318, 0.838218092918396, 0.8121708631515503, 0.825677216053009, 0.8209399580955505, 0.8165680766105652, 0.8262637853622437, 0.8110281229019165, 0.8141486644744873, 0.8231132626533508, 0.8260105848312378, 0.8138728141784668], "ner_pr": [0.6048879623413086, 0.7424242496490479, 0.8231965899467468, 0.7883522510528564, 0.8298701047897339, 0.8151775002479553, 0.8095890283584595, 0.8199513554573059, 0.8029925227165222, 0.8228188157081604, 0.8339818120002747, 0.8066502213478088, 0.8427518606185913, 0.8089330196380615, 0.8115246295928955, 0.8090575337409973, 0.8486416339874268, 0.8503226041793823, 0.8333333134651184, 0.8489646911621094, 0.8695651888847351, 0.860409140586853, 0.8321343064308167, 0.8517618179321289, 0.8560793995857239, 0.8466257452964783, 0.8404255509376526, 0.8152424693107605, 0.8562421202659607, 0.8501827120780945, 0.8473557829856873, 0.8233917951583862], "ner_rec": [0.339428573846817, 0.6159999966621399, 0.665142834186554, 0.6342856884002686, 0.7302857041358948, 0.7611428499221802, 0.675428569316864, 0.7702857255935669, 0.7360000014305115, 0.7005714178085327, 0.7348571419715881, 0.7485714554786682, 0.7839999794960022, 0.7451428771018982, 0.7725714445114136, 0.7554285526275635, 0.7497143149375916, 0.7531428337097168, 0.7771428823471069, 0.7965714335441589, 0.7771428823471069, 0.8171428442001343, 0.7931428551673889, 0.8011428713798523, 0.7885714173316956, 0.7885714173316956, 0.8125714063644409, 0.806857168674469, 0.7760000228881836, 0.7977142930030823, 0.8057143092155457, 0.8045714497566223], "macro_f1": [0.0, 0.0, 0.0, 0.0, 0.0, 0.0, 0.0, 0.0, 0.0, 0.0, 0.0, 0.0, 0.0, 0.0, 0.0, 0.0, 0.0, 0.0, 0.0, 0.0, 0.0, 0.0, 0.0, 0.0, 0.0, 0.0, 0.0, 0.0, 0.0, 0.0, 0.0, 0.0], "macro_pr": [0.0, 0.0, 0.0, 0.0, 0.0, 0.0, 0.0, 0.0, 0.0, 0.0, 0.0, 0.0, 0.0, 0.0, 0.0, 0.0, 0.0, 0.0, 0.0, 0.0, 0.0, 0.0, 0.0, 0.0, 0.0, 0.0, 0.0, 0.0, 0.0, 0.0, 0.0, 0.0], "macro_rec": [0.0, 0.0, 0.0, 0.0, 0.0, 0.0, 0.0, 0.0, 0.0, 0.0, 0.0, 0.0, 0.0, 0.0, 0.0, 0.0, 0.0, 0.0, 0.0, 0.0, 0.0, 0.0, 0.0, 0.0, 0.0, 0.0, 0.0, 0.0, 0.0, 0.0, 0.0, 0.0], "macro_ner_f1": [0.3157136142253876, 0.5923237800598145, 0.6689870953559875, 0.638034462928772, 0.7285546064376831, 0.7260749936103821, 0.6604899168014526, 0.7377594113349915, 0.700536847114563, 0.6970609426498413, 0.7318727970123291, 0.7186548709869385, 0.7553603649139404, 0.7170146703720093, 0.7403546571731567, 0.7180602550506592, 0.7397962212562561, 0.737083911895752, 0.7468917369842529, 0.7720929980278015, 0.7622924447059631, 0.7850093245506287, 0.7496907711029053, 0.7649840712547302, 0.765513002872467, 0.7544573545455933, 0.76873779296875, 0.7560188174247742, 0.747512698173523, 0.7717065811157227, 0.7811850905418396, 0.7648457288742065], "macro_ner_pr": [0.46616673469543457, 0.672228991985321, 0.7710429430007935, 0.7572967410087585, 0.7779022455215454, 0.763164222240448, 0.7596955895423889, 0.7672944068908691, 0.7541748285293579, 0.7759630680084229, 0.7895070314407349, 0.7801675796508789, 0.79286789894104, 0.7495248913764954, 0.7621625661849976, 0.7424154281616211, 0.8045724630355835, 0.8180627822875977, 0.7841217517852783, 0.8062708377838135, 0.8324496746063232, 0.8229330778121948, 0.7920079231262207, 0.8048836588859558, 0.8125121593475342, 0.7935607433319092, 0.8088665008544922, 0.7619527578353882, 0.8012825846672058, 0.8038662672042847, 0.8012170791625977, 0.7789323329925537], "macro_ner_rec": [0.27136313915252686, 0.5404170155525208, 0.6014313697814941, 0.574906051158905, 0.6886717081069946, 0.6975631713867188, 0.603465735912323, 0.7126058340072632, 0.6650262475013733, 0.6418835520744324, 0.6862511038780212, 0.6921904683113098, 0.7246608734130859, 0.6886917948722839, 0.7240411043167114, 0.6955339908599854, 0.6944353580474854, 0.6912413835525513, 0.720267117023468, 0.7435271739959717, 0.7159106731414795, 0.7576761245727539, 0.7225320339202881, 0.7368537783622742, 0.7295138835906982, 0.7235516309738159, 0.7457314133644104, 0.7515460848808289, 0.7101666927337646, 0.7441092729568481, 0.7632311582565308, 0.7529004216194153], "samples_per_s": [150.01726008498898, 155.1999184982926, 178.5831345767203, 162.819186257158, 160.68315316924446, 152.72129761466223, 158.24165555249596, 153.2541974760494, 133.52724301926702, 150.65140401651362, 162.69194553450438, 150.54718928684468, 166.6972442117401, 159.46183740750232, 167.404681360069, 161.50797192926072, 174.69406836456898, 172.9619468595265, 152.49952411000228, 160.64375006217605, 173.15582186731461, 147.52492030190038, 162.44721075492154, 181.5061573346242, 154.64182397646482, 158.2875688731225, 182.98456173643447, 157.00679536604457, 159.97972093164566, 162.63022866628955, 157.5374625437975, 149.23773747654886], "samples_total_num": [231, 231, 231, 231, 231, 231, 231, 231, 231, 231, 231, 231, 231, 231, 231, 231, 231, 231, 231, 231, 231, 231, 231, 231, 231, 231, 231, 231, 231, 231, 231, 231], "samples_total_s": [1.5398228168487549, 1.4884028434753418, 1.2935152053833008, 1.4187517166137695, 1.4376118183135986, 1.512559175491333, 1.4597926139831543, 1.5072996616363525, 1.7299840450286865, 1.5333411693572998, 1.4198613166809082, 1.53440260887146, 1.3857457637786865, 1.448622465133667, 1.379889726638794, 1.4302699565887451, 1.3223116397857666, 1.3355538845062256, 1.514758825302124, 1.4379644393920898, 1.3340585231781006, 1.5658371448516846, 1.4220004081726074, 1.272684097290039, 1.4937744140625, 1.45936918258667, 1.2624015808105469, 1.4712738990783691, 1.4439330101013184, 1.4204001426696777, 1.466317892074585, 1.547865867614746],