{"test_metrics": {"seen__f1": 0.0, "seen__pr": 0.0, "seen__rec": 0.0, "seen__ner_f1": 0.0, "seen__ner_pr": 0.0, "seen__ner_rec": 0.0, "seen__macro_f1": 0.0, "seen__macro_pr": 0.0, "seen__macro_rec": 0.0, "seen__macro_ner_f1": 0.0, "seen__macro_ner_pr": 0.0, "seen__macro_ner_rec": 0.0, "seen__samples_per_s": 0.0, "seen__samples_total_num": 0, "seen__samples_total_s": 0.0, "seen__loc_pr": 0.0, "seen__loc_rec": 0.0, "seen__loc_f1": 0.0, "seen__org_pr": 0.0, "seen__org_rec": 0.0, "seen__org_f1": 0.0, "seen__peop_pr": 0.0, "seen__peop_rec": 0.0, "seen__peop_f1": 0.0, "seen__other_pr": 0.0, "seen__other_rec": 0.0, "seen__other_f1": 0.0, "unseen__f1": 0.0, "unseen__pr": 0.0, "unseen__rec": 0.0, "unseen__ner_f1": 0.8287769556045532, "unseen__ner_pr": 0.8421052694320679, "unseen__ner_rec": 0.8158640265464783, "unseen__macro_f1": 0.0, "unseen__macro_pr": 0.0, "unseen__macro_rec": 0.0, "unseen__macro_ner_f1": 0.7780314683914185, "unseen__macro_ner_pr": 0.8037971258163452, "unseen__macro_ner_rec": 0.7590846419334412, "unseen__samples_per_s": 382.86360249313407, "unseen__samples_total_num": 288, "unseen__samples_total_s": 0.7522261142730713, "unseen__loc_pr": 0.8613138794898987, "unseen__loc_rec": 0.8550724387168884, "unseen__loc_f1": 0.8581818342208862, "unseen__org_pr": 0.717277467250824, "unseen__org_rec": 0.7025641202926636, "unseen__org_f1": 0.7098445892333984, "unseen__peop_pr": 0.9325153231620789, "unseen__peop_rec": 0.955974817276001, "unseen__peop_f1": 0.9440993666648865, "unseen__other_pr": 0.704081654548645, "unseen__other_rec": 0.5227272510528564, "unseen__other_f1": 0.6000000238418579}, "test_metrics_bounds": {"seen__f1": 0.0, "seen__pr": 0.0, "seen__rec": 0.0, "seen__ner_f1": 0.0, "seen__ner_pr": 0.0, "seen__ner_rec": 0.0, "seen__macro_f1": 0.0, "seen__macro_pr": 0.0, "seen__macro_rec": 0.0, "seen__macro_ner_f1": 0.0, "seen__macro_ner_pr": 0.0, "seen__macro_ner_rec": 0.0, "seen__samples_per_s": 0.0, "seen__samples_total_num": 0, "seen__samples_total_s": 0.0, "unseen__f1": 0.0, "unseen__pr": 0.0, "unseen__rec": 0.0, "unseen__ner_f1": 0.8746999502182007, "unseen__ner_pr": 0.8896484375, "unseen__ner_rec": 0.8602455258369446, "unseen__macro_f1": 0.0, "unseen__macro_pr": 0.0, "unseen__macro_rec": 0.0, "unseen__macro_ner_f1": 0.8746999502182007, "unseen__macro_ner_pr": 0.8896484375, "unseen__macro_ner_rec": 0.8602455258369446, "unseen__samples_per_s": 382.86360249313407, "unseen__samples_total_num": 288, "unseen__samples_total_s": 0.7522261142730713}}
