{"test_metrics": {"unseen__f1": 0.0, "unseen__pr": 0.0, "unseen__rec": 0.0, "unseen__ner_f1": 0.6829850673675537, "unseen__ner_pr": 0.5754527449607849, "unseen__ner_rec": 0.8399412631988525, "unseen__macro_f1": 0.0, "unseen__macro_pr": 0.0, "unseen__macro_rec": 0.0, "unseen__macro_ner_f1": 0.6593103408813477, "unseen__macro_ner_pr": 0.5649455785751343, "unseen__macro_ner_rec": 0.8006805181503296, "unseen__samples_per_s": 294.87088201272803, "unseen__samples_total_num": 258, "unseen__samples_total_s": 0.8749592304229736, "unseen__loc_pr": 0.5303030014038086, "unseen__loc_rec": 0.8823529481887817, "unseen__loc_f1": 0.6624605059623718, "unseen__org_pr": 0.550000011920929, "unseen__org_rec": 0.8270676732063293, "unseen__org_f1": 0.6606606841087341, "unseen__peop_pr": 0.6964285969734192, "unseen__peop_rec": 0.9605911374092102, "unseen__peop_f1": 0.807453453540802, "unseen__other_pr": 0.4830508530139923, "unseen__other_rec": 0.5327102541923523, "unseen__other_f1": 0.5066666603088379, "seen__f1": 0.0, "seen__pr": 0.0, "seen__rec": 0.0, "seen__ner_f1": 0.6131260991096497, "seen__ner_pr": 0.45512819290161133, "seen__ner_rec": 0.9391534328460693, "seen__macro_f1": 0.0, "seen__macro_pr": 0.0, "seen__macro_rec": 0.0, "seen__macro_ner_f1": 0.5567429065704346, "seen__macro_ner_pr": 0.40974968671798706, "seen__macro_ner_rec": 0.9109707474708557, "seen__samples_per_s": 514.8280348594575, "seen__samples_total_num": 195, "seen__samples_total_s": 0.3787672519683838, "seen__loc_pr": 0.5496688485145569, "seen__loc_rec": 0.9431818127632141, "seen__loc_f1": 0.694560706615448, "seen__org_pr": 0.43609023094177246, "seen__org_rec": 0.9354838728904724, "seen__org_f1": 0.5948717594146729, "seen__peop_pr": 0.45121949911117554, "seen__peop_rec": 0.9652174115180969, "seen__peop_f1": 0.6149584054946899, "seen__other_pr": 0.20202019810676575, "seen__other_rec": 0.800000011920929, "seen__other_f1": 0.32258063554763794}, "test_metrics_bounds": {"unseen__f1": 0.0, "unseen__pr": 0.0, "unseen__rec": 0.0, "unseen__ner_f1": 0.7080597281455994, "unseen__ner_pr": 0.5965794920921326, "unseen__ner_rec": 0.8707782626152039, "unseen__macro_f1": 0.0, "unseen__macro_pr": 0.0, "unseen__macro_rec": 0.0, "unseen__macro_ner_f1": 0.7080597281455994, "unseen__macro_ner_pr": 0.5965794920921326, "unseen__macro_ner_rec": 0.8707782626152039, "unseen__samples_per_s": 294.87088201272803, "unseen__samples_total_num": 258, "unseen__samples_total_s": 0.8749592304229736, "seen__f1": 0.0, "seen__pr": 0.0, "seen__rec": 0.0, "seen__ner_f1": 0.6217616200447083, "seen__ner_pr": 0.4615384638309479, "seen__ner_rec": 0.9523809552192688, "seen__macro_f1": 0.0, "seen__macro_pr": 0.0, "seen__macro_rec": 0.0, "seen__macro_ner_f1": 0.6217616200447083, "seen__macro_ner_pr": 0.4615384638309479, "seen__macro_ner_rec": 0.9523809552192688, "seen__samples_per_s": 514.8280348594575, "seen__samples_total_num": 195, "seen__samples_total_s": 0.3787672519683838}}