{"test_metrics": {"unseen_ner_prec_micro": 41.80011043622308, "unseen_ner_rec_micro": 54.61760461760462, "unseen_ner_f1_micro": 47.35689709102283, "unseen_ner_prec_macro": 38.150691174911664, "unseen_ner_rec_macro": 48.06388245043152, "unseen_ner_f1_macro": 41.2818765125792, "unseen_loc_prec_micro": 62.27436823104693, "unseen_loc_rec_micro": 74.67532467532467, "unseen_loc_f1_micro": 67.91338582677166, "unseen_loc_prec_macro": 62.27436823104693, "unseen_loc_rec_macro": 74.67532467532467, "unseen_loc_f1_macro": 67.91338582677166, "unseen_cls_prec_micro": 66.3453111305872, "unseen_cls_rec_micro": 54.61760461760462, "unseen_cls_f1_micro": 59.91294024535022, "unseen_cls_prec_macro": 61.06853645309355, "unseen_cls_rec_macro": 48.06388245043152, "unseen_cls_f1_macro": 53.37058465277384, "unseen_epoch": 0.0, "unseen_iteration": 0.0, "unseen_global_iteration": 0.0, "seen_ner_prec_micro": 11.7191818684356, "seen_ner_rec_micro": 70.90301003344482, "seen_ner_f1_micro": 20.113851992409867, "seen_ner_prec_macro": 13.149688574270453, "seen_ner_rec_macro": 60.17921650434438, "seen_ner_f1_macro": 18.38536551293687, "seen_loc_prec_micro": 14.388489208633093, "seen_loc_rec_micro": 80.2675585284281, "seen_loc_f1_micro": 24.40264361972547, "seen_loc_prec_macro": 14.388489208633093, "seen_loc_rec_macro": 80.2675585284281, "seen_loc_f1_macro": 24.40264361972547, "seen_cls_prec_micro": 84.12698412698413, "seen_cls_rec_micro": 70.90301003344482, "seen_cls_f1_micro": 76.95099818511797, "seen_cls_prec_macro": 78.67321275216011, "seen_cls_rec_macro": 60.17921650434438, "seen_cls_f1_macro": 67.0537108480664, "seen_epoch": 0.0, "seen_iteration": 0.0, "seen_global_iteration": 0.0, "ner_prec_micro": 53.2560706401766, "ner_rec_micro": 57.27002967359051, "ner_f1_micro": 55.19016299685444, "ner_prec_macro": 50.733560374078, "ner_rec_macro": 53.8622105479872, "ner_f1_macro": 52.00000842433715, "loc_prec_micro": 76.2589928057554, "loc_rec_micro": 75.48961424332344, "loc_f1_micro": 75.87235311661199, "loc_prec_macro": 76.2589928057554, "loc_rec_macro": 75.48961424332344, "loc_f1_macro": 75.87235311661199, "cls_prec_micro": 69.72543352601156, "cls_rec_micro": 57.27002967359051, "cls_f1_micro": 62.88693385467579, "cls_prec_macro": 67.18979897614697, "cls_rec_macro": 53.8622105479872, "cls_f1_macro": 59.51567950618796, "epoch": 0.0, "iteration": 0.0, "global_iteration": 0.0}}