{"test_metrics": {"unseen_ner_prec_micro": 35.669027208348865, "unseen_ner_rec_micro": 72.25368063420159, "unseen_ner_f1_micro": 47.76044915782907, "unseen_ner_prec_macro": 41.63589377852978, "unseen_ner_rec_macro": 71.63195786029881, "unseen_ner_f1_macro": 51.281434128734624, "unseen_loc_prec_micro": 38.90142964635064, "unseen_loc_rec_micro": 78.06719516798792, "unseen_loc_f1_micro": 51.92718141870685, "unseen_loc_prec_macro": 38.90142964635064, "unseen_loc_rec_macro": 78.06719516798792, "unseen_loc_f1_macro": 51.92718141870685, "unseen_cls_prec_micro": 91.40401146131804, "unseen_cls_rec_micro": 72.25368063420159, "unseen_cls_f1_micro": 80.70841239721696, "unseen_cls_prec_macro": 87.92380398855863, "unseen_cls_rec_macro": 71.63195786029881, "unseen_cls_f1_macro": 78.51358086513706, "unseen_epoch": 0.0, "unseen_iteration": 0.0, "unseen_global_iteration": 0.0, "seen_ner_prec_micro": 45.2883000559806, "seen_ner_rec_micro": 84.94924746237312, "seen_ner_f1_micro": 59.07984420642648, "seen_ner_prec_macro": 39.60003340958975, "seen_ner_rec_macro": 80.69943706053103, "seen_ner_f1_macro": 52.08416812541695, "seen_loc_prec_micro": 45.92355488608548, "seen_loc_rec_micro": 85.36926846342318, "seen_loc_f1_micro": 59.72086190009794, "seen_loc_prec_macro": 45.92355488608548, "seen_loc_rec_macro": 85.36926846342318, "seen_loc_f1_macro": 59.72086190009794, "seen_cls_prec_micro": 99.22322158626328, "seen_cls_rec_micro": 84.94924746237312, "seen_cls_f1_micro": 91.53309447482556, "seen_cls_prec_macro": 98.1009110082364, "seen_cls_rec_macro": 80.69943706053103, "seen_cls_f1_macro": 88.47335982102716, "seen_epoch": 0.0, "seen_iteration": 0.0, "seen_global_iteration": 0.0, "ner_prec_micro": 80.96214805146373, "ner_rec_micro": 78.85942608063931, "ner_f1_micro": 79.89695464164136, "ner_prec_macro": 81.22230385797539, "ner_rec_macro": 75.9296535752688, "ner_f1_macro": 78.38971050177287, "loc_prec_micro": 84.88788392688902, "loc_rec_micro": 81.81983290955321, "loc_f1_micro": 83.32562656062149, "loc_prec_macro": 84.88788392688902, "loc_rec_macro": 81.81983290955321, "loc_f1_macro": 83.32562656062149, "cls_prec_micro": 95.44954935150582, "cls_rec_micro": 78.85942608063931, "cls_f1_micro": 86.36499254102436, "cls_prec_macro": 93.29848801928338, "cls_rec_macro": 75.9296535752688, "cls_f1_macro": 83.58327829844289, "epoch": 0.0, "iteration": 0.0, "global_iteration": 0.0}}