{"test_metrics": {"unseen_ner_prec_micro": 22.56762952773957, "unseen_ner_rec_micro": 73.30950253202263, "unseen_ner_f1_micro": 34.51128873930725, "unseen_ner_prec_macro": 32.07314881923545, "unseen_ner_rec_macro": 69.51650039891763, "unseen_ner_f1_macro": 41.66999148214854, "unseen_loc_prec_micro": 24.181010549694616, "unseen_loc_rec_micro": 77.83735478105451, "unseen_loc_f1_micro": 36.89896208430417, "unseen_loc_prec_macro": 24.181010549694616, "unseen_loc_rec_macro": 77.83735478105451, "unseen_loc_f1_macro": 36.89896208430417, "unseen_cls_prec_micro": 93.18439984854224, "unseen_cls_rec_micro": 73.30950253202263, "unseen_cls_f1_micro": 82.06068689563187, "unseen_cls_prec_macro": 91.13585262917088, "unseen_cls_rec_macro": 69.51650039891763, "unseen_cls_f1_macro": 78.62998880156474, "unseen_epoch": 0.0, "unseen_iteration": 0.0, "unseen_global_iteration": 0.0, "seen_ner_prec_micro": 62.563021358511314, "seen_ner_rec_micro": 91.25551544324108, "seen_ner_f1_micro": 74.23319556232325, "seen_ner_prec_macro": 44.48983098331103, "seen_ner_rec_macro": 89.46629321937355, "seen_ner_f1_macro": 57.128580146119305, "seen_loc_prec_micro": 63.51101240051823, "seen_loc_rec_micro": 91.76360475999464, "seen_loc_f1_micro": 75.06699480448455, "seen_loc_prec_macro": 63.51101240051823, "seen_loc_rec_macro": 91.76360475999464, "seen_loc_f1_macro": 75.06699480448455, "seen_cls_prec_micro": 98.87005649717514, "seen_cls_rec_micro": 91.25551544324108, "seen_cls_f1_micro": 94.91030454735083, "seen_cls_prec_macro": 92.8472238828981, "seen_cls_rec_macro": 89.46629321937355, "seen_cls_f1_macro": 91.0626219019598, "seen_epoch": 0.0, "seen_iteration": 0.0, "seen_global_iteration": 0.0, "ner_prec_micro": 85.14442916093536, "ner_rec_micro": 85.68660022148394, "ner_f1_micro": 85.41465433972678, "ner_prec_macro": 76.5795168559723, "ner_rec_macro": 78.00135429276028, "ner_f1_macro": 77.25184133334628, "loc_prec_micro": 87.68390857777366, "loc_rec_micro": 87.44924326319675, "loc_f1_micro": 87.56641870350691, "loc_prec_macro": 87.68390857777366, "loc_rec_macro": 87.44924326319675, "loc_f1_macro": 87.56641870350691, "cls_prec_micro": 97.3066443093691, "cls_rec_micro": 85.68660022148394, "cls_f1_micro": 91.1276867209736, "cls_prec_macro": 92.78586652922768, "cls_rec_macro": 78.00135429276028, "cls_f1_macro": 84.66346798579947, "epoch": 0.0, "iteration": 0.0, "global_iteration": 0.0}}