{"test_metrics": {"f1": 0.0, "pr": 0.0, "rec": 0.0, "ner_f1": 0.6221420168876648, "ner_pr": 0.6262871026992798, "ner_rec": 0.6180514097213745, "macro_f1": 0.0, "macro_pr": 0.0, "macro_rec": 0.0, "macro_ner_f1": 0.6106402277946472, "macro_ner_pr": 0.6141291260719299, "macro_ner_rec": 0.6074104905128479, "samples_per_s": 165.75698125070318, "samples_total_num": 529, "samples_total_s": 3.1914191246032715, "task_pr": 0.6283524632453918, "task_rec": 0.6259542107582092, "task_f1": 0.6271510720252991, "method_pr": 0.7323601245880127, "method_rec": 0.7082353234291077, "method_f1": 0.7200957536697388, "material_pr": 0.6064516305923462, "material_rec": 0.594936728477478, "material_f1": 0.6006389856338501, "otherscientificterm_pr": 0.5519230961799622, "otherscientificterm_rec": 0.5551257133483887, "otherscientificterm_f1": 0.5535197854042053, "metric_pr": 0.5135135054588318, "metric_rec": 0.5352112650871277, "metric_f1": 0.5241379141807556, "generic_pr": 0.6521739363670349, "generic_rec": 0.625, "generic_f1": 0.6382978558540344}, "test_metrics_bounds": {"f1": 0.0, "pr": 0.0, "rec": 0.0, "ner_f1": 0.7659446001052856, "ner_pr": 0.771047830581665, "ner_rec": 0.7609085440635681, "macro_f1": 0.0, "macro_pr": 0.0, "macro_rec": 0.0, "macro_ner_f1": 0.7659446001052856, "macro_ner_pr": 0.771047830581665, "macro_ner_rec": 0.7609085440635681, "samples_per_s": 165.75698125070318, "samples_total_num": 529, "samples_total_s": 3.1914191246032715}, "metrics": {"f1": [0.0, 0.0, 0.0, 0.0, 0.0, 0.0, 0.0, 0.0, 0.0, 0.0, 0.0, 0.0, 0.0, 0.0, 0.0, 0.0, 0.0, 0.0, 0.0, 0.0, 0.0, 0.0, 0.0, 0.0, 0.0], "pr": [0.0, 0.0, 0.0, 0.0, 0.0, 0.0, 0.0, 0.0, 0.0, 0.0, 0.0, 0.0, 0.0, 0.0, 0.0, 0.0, 0.0, 0.0, 0.0, 0.0, 0.0, 0.0, 0.0, 0.0, 0.0], "rec": [0.0, 0.0, 0.0, 0.0, 0.0, 0.0, 0.0, 0.0, 0.0, 0.0, 0.0, 0.0, 0.0, 0.0, 0.0, 0.0, 0.0, 0.0, 0.0, 0.0, 0.0, 0.0, 0.0, 0.0, 0.0], "ner_f1": [0.20000000298023224, 0.5264467597007751, 0.5998806953430176, 0.5929203629493713, 0.6311834454536438, 0.6183115839958191, 0.6356198787689209, 0.6360780000686646, 0.613219141960144, 0.6394009590148926, 0.6410579681396484, 0.6373088955879211, 0.6303962469100952, 0.639354407787323, 0.6405388712882996, 0.6453171968460083, 0.6379310488700867, 0.6499702334403992, 0.6551083326339722, 0.6362515687942505, 0.6424999833106995, 0.6551083326339722, 0.6442185640335083, 0.6490147709846497, 0.654321014881134], "ner_pr": [0.42975205183029175, 0.522867739200592, 0.5722411870956421, 0.5982142686843872, 0.6307885050773621, 0.5882353186607361, 0.6384323835372925, 0.6380832195281982, 0.5992823243141174, 0.5916844606399536, 0.6443037986755371, 0.622461199760437, 0.5968645215034485, 0.6334563493728638, 0.6263473033905029, 0.6231038570404053, 0.6271186470985413, 0.6200227737426758, 0.6474907994270325, 0.6262136101722717, 0.6408977508544922, 0.6474907994270325, 0.6533505320549011, 0.638014554977417, 0.6447688341140747], "ner_rec": [0.1303258091211319, 0.530075192451477, 0.6303257942199707, 0.5877193212509155, 0.6315789222717285, 0.6516290903091431, 0.6328321099281311, 0.6340852379798889, 0.6278195381164551, 0.6954887509346008, 0.6378446221351624, 0.6528822183609009, 0.6679198145866394, 0.6453633904457092, 0.6553884744644165, 0.6691729426383972, 0.6491228342056274, 0.6829574108123779, 0.6629072427749634, 0.646616518497467, 0.6441102623939514, 0.6629072427749634, 0.6353383660316467, 0.6604009866714478, 0.664160430431366], "macro_f1": [0.0, 0.0, 0.0, 0.0, 0.0, 0.0, 0.0, 0.0, 0.0, 0.0, 0.0, 0.0, 0.0, 0.0, 0.0, 0.0, 0.0, 0.0, 0.0, 0.0, 0.0, 0.0, 0.0, 0.0, 0.0], "macro_pr": [0.0, 0.0, 0.0, 0.0, 0.0, 0.0, 0.0, 0.0, 0.0, 0.0, 0.0, 0.0, 0.0, 0.0, 0.0, 0.0, 0.0, 0.0, 0.0, 0.0, 0.0, 0.0, 0.0, 0.0, 0.0], "macro_rec": [0.0, 0.0, 0.0, 0.0, 0.0, 0.0, 0.0, 0.0, 0.0, 0.0, 0.0, 0.0, 0.0, 0.0, 0.0, 0.0, 0.0, 0.0, 0.0, 0.0, 0.0, 0.0, 0.0, 0.0, 0.0], "macro_ner_f1": [0.10718720406293869, 0.4092872142791748, 0.5330284237861633, 0.5434293746948242, 0.6008898615837097, 0.588830292224884, 0.6098690032958984, 0.6029017567634583, 0.6004340052604675, 0.6135230660438538, 0.6089327931404114, 0.6102529168128967, 0.5937838554382324, 0.6085842251777649, 0.6159529685974121, 0.626769483089447, 0.5980902314186096, 0.6226254105567932, 0.6224765181541443, 0.6003941893577576, 0.6151712536811829, 0.6234638094902039, 0.6139922142028809, 0.6141019463539124, 0.6225666403770447], "macro_ner_pr": [0.28576189279556274, 0.4577571451663971, 0.5910747051239014, 0.6088948845863342, 0.6014209389686584, 0.5723771452903748, 0.6077194809913635, 0.6153660416603088, 0.6044503450393677, 0.5882430672645569, 0.6228540539741516, 0.6064864993095398, 0.5817909836769104, 0.6068139672279358, 0.6048288941383362, 0.6138031482696533, 0.6054041981697083, 0.6054003834724426, 0.6215038299560547, 0.6091853976249695, 0.6153281331062317, 0.6237784624099731, 0.6273860931396484, 0.6152039170265198, 0.6250930428504944], "macro_ner_rec": [0.08591524511575699, 0.42017364501953125, 0.5272148251533508, 0.5307802557945251, 0.6025867462158203, 0.6096197366714478, 0.6193963885307312, 0.5943374037742615, 0.608217179775238, 0.6517196297645569, 0.5998160243034363, 0.6237882971763611, 0.6144571900367737, 0.6122075915336609, 0.6304956078529358, 0.6451649069786072, 0.5970413088798523, 0.6470956206321716, 0.626679003238678, 0.6002333760261536, 0.6178202033042908, 0.6258785724639893, 0.6046746969223022, 0.6172606348991394, 0.6242048144340515], "samples_per_s": [173.50006443493743, 191.78351510095146, 180.69256818892043, 202.95602286839878, 208.39083616103582, 182.4033805839884, 186.55583567429306, 175.3344987795935, 172.91318831288987, 178.54071991665953, 181.31113678185915, 166.87440139348786, 164.44619770234746, 168.5454725581696, 159.58769289395704, 191.0019660335951, 186.9464843531696, 169.92540241465935, 173.78900263906064, 169.86785897646783, 183.74088219693982, 155.72100708964447, 183.17162385990042, 173.55385295558403, 175.31082202701427], "samples_total_num": [260, 260, 260, 260, 260, 260, 260, 260, 260, 260, 260, 260, 260, 260, 260, 260, 260, 260, 260, 260, 260, 260, 260, 260, 260], "samples_total_s": [1.498558521270752, 1.3556952476501465, 1.4389081001281738, 1.2810657024383545, 1.2476556301116943, 1.4254121780395508, 1.3936846256256104, 1.482879877090454, 1.5036447048187256, 1.4562504291534424, 1.4339990615844727, 1.5580580234527588, 1.581064224243164, 1.5426104068756104, 1.6291983127593994, 1.3612425327301025, 1.3907723426818848, 1.530083179473877, 1.4960670471191406, 1.5306015014648438, 1.4150362014770508, 1.6696527004241943, 1.419433832168579, 1.498094081878662, 1.4830801486968994], "task_pr": [0.5454545617103577, 0.3835616409778595, 0.5519999861717224, 0.5064102411270142, 0.5579710006713867, 0.5789473652839661, 0.5939849615097046, 0.6470588445663452, 0.5901639461517334, 0.5859375, 0.6330274939537048, 0.5530303120613098, 0.5652173757553101, 0.6293103694915771, 0.5486111044883728, 0.5724138021469116, 0.5639097690582275, 0.5785714387893677, 0.6190476417541504, 0.48520711064338684, 0.5887096524238586, 0.5755395889282227, 0.568345308303833, 0.569343090057373, 0.5671641826629639], "task_rec": [0.0476190485060215, 0.6666666865348816, 0.5476190447807312, 0.6269841194152832, 0.6111111044883728, 0.6111111044883728, 0.6269841194152832, 0.523809552192688, 0.5714285969734192, 0.5952380895614624, 0.5476190447807312, 0.579365074634552, 0.6190476417541504, 0.579365074634552, 0.6269841194152832, 0.658730149269104, 0.5952380895614624, 0.6428571343421936, 0.6190476417541504, 0.6507936716079712, 0.579365074634552, 0.6349206566810608, 0.6269841194152832, 0.6190476417541504, 0.60317462682724],