{"test_metrics": {"Eval_Ent_Precision": 81.55515364999069, "Eval_Ent_Recall": 83.5959220878667, "Eval_Ent_F1": 82.56292900217315, "Eval_Time": 8.507600784301758, "Eval_Examples": 288, "Eval_Examples_Per_Second": 33.852082073646216, "seen_Eval_Ent_Precision": 13.110307480813187, "seen_Eval_Ent_Recall": 91.77215136997276, "seen_Eval_Ent_F1": 22.94303806030684, "seen_Eval_Time": 8.743596315383911, "seen_Eval_Examples": 288, "seen_Eval_Examples_Per_Second": 32.938391665369856, "unseen_Eval_Ent_Precision": 68.4448462595934, "unseen_Eval_Ent_Recall": 82.19326811684415, "unseen_Eval_Ent_F1": 74.6916625067752, "unseen_Eval_Time": 8.54746150970459, "unseen_Eval_Examples": 288, "unseen_Eval_Examples_Per_Second": 33.69421432000735}}