{"test_metrics": {"unseen__f1": 0.0, "unseen__pr": 0.0, "unseen__rec": 0.0, "unseen__ner_f1": 0.6463104486465454, "unseen__ner_pr": 0.5410010814666748, "unseen__ner_rec": 0.802527666091919, "unseen__macro_f1": 0.0, "unseen__macro_pr": 0.0, "unseen__macro_rec": 0.0, "unseen__macro_ner_f1": 0.6330721378326416, "unseen__macro_ner_pr": 0.5450066328048706, "unseen__macro_ner_rec": 0.7721588015556335, "unseen__samples_per_s": 281.72296845828964, "unseen__samples_total_num": 249, "unseen__samples_total_s": 0.8838469982147217, "unseen__loc_pr": 0.4716981053352356, "unseen__loc_rec": 0.8215962648391724, "unseen__loc_f1": 0.5993150472640991, "unseen__org_pr": 0.5350000262260437, "unseen__org_rec": 0.8230769038200378, "unseen__org_f1": 0.6484848260879517, "unseen__peop_pr": 0.649056613445282, "unseen__peop_rec": 0.9247311949729919, "unseen__peop_f1": 0.7627494931221008, "unseen__other_pr": 0.5242718458175659, "unseen__other_rec": 0.5192307829856873, "unseen__other_f1": 0.5217391848564148, "seen__f1": 0.0, "seen__pr": 0.0, "seen__rec": 0.0, "seen__ner_f1": 0.6548100709915161, "seen__ner_pr": 0.49938347935676575, "seen__ner_rec": 0.9507042169570923, "seen__macro_f1": 0.0, "seen__macro_pr": 0.0, "seen__macro_rec": 0.0, "seen__macro_ner_f1": 0.5821962356567383, "seen__macro_ner_pr": 0.43859434127807617, "seen__macro_ner_rec": 0.8943097591400146, "seen__samples_per_s": 488.12572840310764, "seen__samples_total_num": 210, "seen__samples_total_s": 0.43021702766418457, "seen__loc_pr": 0.6163522005081177, "seen__loc_rec": 0.9751243591308594, "seen__loc_f1": 0.7552986145019531, "seen__org_pr": 0.4335664212703705, "seen__org_rec": 0.9538461565971375, "seen__org_f1": 0.5961538553237915, "seen__peop_pr": 0.4885496199131012, "seen__peop_rec": 0.9696969985961914, "seen__peop_f1": 0.6497462391853333, "seen__other_pr": 0.21590909361839294, "seen__other_rec": 0.6785714030265808, "seen__other_f1": 0.32758620381355286}, "test_metrics_bounds": {"unseen__f1": 0.0, "unseen__pr": 0.0, "unseen__rec": 0.0, "unseen__ner_f1": 0.6738853454589844, "unseen__ner_pr": 0.5645677447319031, "unseen__ner_rec": 0.8357030153274536, "unseen__macro_f1": 0.0, "unseen__macro_pr": 0.0, "unseen__macro_rec": 0.0, "unseen__macro_ner_f1": 0.6738853454589844, "unseen__macro_ner_pr": 0.5645677447319031, "unseen__macro_ner_rec": 0.8357030153274536, "unseen__samples_per_s": 281.72296845828964, "unseen__samples_total_num": 249, "unseen__samples_total_s": 0.8838469982147217, "seen__f1": 0.0, "seen__pr": 0.0, "seen__rec": 0.0, "seen__ner_f1": 0.6574898362159729, "seen__ner_pr": 0.5018541216850281, "seen__ner_rec": 0.9530516266822815, "seen__macro_f1": 0.0, "seen__macro_pr": 0.0, "seen__macro_rec": 0.0, "seen__macro_ner_f1": 0.6574898362159729, "seen__macro_ner_pr": 0.5018541216850281, "seen__macro_ner_rec": 0.9530516266822815, "seen__samples_per_s": 488.12572840310764, "seen__samples_total_num": 210, "seen__samples_total_s": 0.43021702766418457}}