{"test_metrics": {"f1": 0.0, "pr": 0.0, "rec": 0.0, "ner_f1": 0.8656438589096069, "ner_pr": 0.8525640964508057, "ner_rec": 0.8791312575340271, "macro_f1": 0.0, "macro_pr": 0.0, "macro_rec": 0.0, "macro_ner_f1": 0.8319525122642517, "macro_ner_pr": 0.8295271992683411, "macro_ner_rec": 0.8372044563293457, "samples_per_s": 146.6556774826827, "samples_total_num": 288, "samples_total_s": 1.9637835025787354, "loc_pr": 0.8606741428375244, "loc_rec": 0.9251207709312439, "loc_f1": 0.8917345404624939, "org_pr": 0.785365879535675, "org_rec": 0.8256410360336304, "org_f1": 0.8049999475479126, "peop_pr": 0.917682945728302, "peop_rec": 0.946540892124176, "peop_f1": 0.9318885803222656, "other_pr": 0.7543859481811523, "other_rec": 0.6515151262283325, "other_f1": 0.6991869807243347}, "test_metrics_bounds": {"f1": 0.0, "pr": 0.0, "rec": 0.0, "ner_f1": 0.8855814337730408, "ner_pr": 0.8725939393043518, "ner_rec": 0.8989613056182861, "macro_f1": 0.0, "macro_pr": 0.0, "macro_rec": 0.0, "macro_ner_f1": 0.8855814337730408, "macro_ner_pr": 0.8725939393043518, "macro_ner_rec": 0.8989613056182861, "samples_per_s": 146.6556774826827, "samples_total_num": 288, "samples_total_s": 1.9637835025787354}, "metrics": {"f1": [0.0, 0.0, 0.0, 0.0, 0.0, 0.0, 0.0, 0.0, 0.0, 0.0, 0.0, 0.0, 0.0, 0.0, 0.0, 0.0, 0.0, 0.0, 0.0, 0.0, 0.0, 0.0, 0.0, 0.0, 0.0, 0.0, 0.0, 0.0, 0.0, 0.0, 0.0, 0.0, 0.0, 0.0, 0.0, 0.0, 0.0], "pr": [0.0, 0.0, 0.0, 0.0, 0.0, 0.0, 0.0, 0.0, 0.0, 0.0, 0.0, 0.0, 0.0, 0.0, 0.0, 0.0, 0.0, 0.0, 0.0, 0.0, 0.0, 0.0, 0.0, 0.0, 0.0, 0.0, 0.0, 0.0, 0.0, 0.0, 0.0, 0.0, 0.0, 0.0, 0.0, 0.0, 0.0], "rec": [0.0, 0.0, 0.0, 0.0, 0.0, 0.0, 0.0, 0.0, 0.0, 0.0, 0.0, 0.0, 0.0, 0.0, 0.0, 0.0, 0.0, 0.0, 0.0, 0.0, 0.0, 0.0, 0.0, 0.0, 0.0, 0.0, 0.0, 0.0, 0.0, 0.0, 0.0, 0.0, 0.0, 0.0, 0.0, 0.0, 0.0], "ner_f1": [0.4646759033203125, 0.6961612701416016, 0.7860412001609802, 0.7954022884368896, 0.8216881155967712, 0.8367228507995605, 0.8350397944450378, 0.8285052180290222, 0.840830385684967, 0.827102780342102, 0.8284714221954346, 0.8357314467430115, 0.8174837231636047, 0.838448166847229, 0.8503937125205994, 0.825677216053009, 0.830232560634613, 0.8483440279960632, 0.8398576378822327, 0.8549708127975464, 0.8453006744384766, 0.8445985317230225, 0.8485201001167297, 0.8515080809593201, 0.8294931054115295, 0.8492200374603271, 0.8623436093330383, 0.8499714732170105, 0.8467236757278442, 0.8508923649787903, 0.8423448801040649, 0.8576349020004272, 0.8437321186065674, 0.855195939540863, 0.8558299541473389, 0.8502857089042664, 0.8543465733528137], "ner_pr": [0.6405622363090515, 0.8081570863723755, 0.7869415879249573, 0.800000011920929, 0.804157555103302, 0.8510638475418091, 0.8312571048736572, 0.8401880264282227, 0.8486612439155579, 0.8458781242370605, 0.846245527267456, 0.878940761089325, 0.8459657430648804, 0.8497652411460876, 0.8372092843055725, 0.8517618179321289, 0.8449704051017761, 0.8628841638565063, 0.8729963302612305, 0.8754491209983826, 0.8639618158340454, 0.8539719581604004, 0.8620283007621765, 0.864546537399292, 0.8362369537353516, 0.8586448431015015, 0.8584371209144592, 0.8485193848609924, 0.8443182110786438, 0.857308566570282, 0.839002251625061, 0.8615916967391968, 0.8451834917068481, 0.8498871326446533, 0.8602771162986755, 0.8502857089042664, 0.860788881778717], "ner_rec": [0.3645714223384857, 0.6114285588264465, 0.7851428389549255, 0.7908571362495422, 0.8399999737739563, 0.822857141494751, 0.838857114315033, 0.8171428442001343, 0.833142876625061, 0.8091428279876709, 0.8114285469055176, 0.7965714335441589, 0.7908571362495422, 0.8274285793304443, 0.8640000224113464, 0.8011428713798523, 0.8159999847412109, 0.8342857360839844, 0.8091428279876709, 0.8354285955429077, 0.8274285793304443, 0.8354285955429077, 0.8354285955429077, 0.838857114315033, 0.822857141494751, 0.8399999737739563, 0.8662857413291931, 0.8514285683631897, 0.849142849445343, 0.8445714116096497, 0.845714271068573, 0.8537142872810364, 0.842285692691803, 0.8605714440345764, 0.8514285683631897, 0.8502857089042664, 0.8479999899864197], "macro_f1": [0.0, 0.0, 0.0, 0.0, 0.0, 0.0, 0.0, 0.0, 0.0, 0.0, 0.0, 0.0, 0.0, 0.0, 0.0, 0.0, 0.0, 0.0, 0.0, 0.0, 0.0, 0.0, 0.0, 0.0, 0.0, 0.0, 0.0, 0.0, 0.0, 0.0, 0.0, 0.0, 0.0, 0.0, 0.0, 0.0, 0.0], "macro_pr": [0.0, 0.0, 0.0, 0.0, 0.0, 0.0, 0.0, 0.0, 0.0, 0.0, 0.0, 0.0, 0.0, 0.0, 0.0, 0.0, 0.0, 0.0, 0.0, 0.0, 0.0, 0.0, 0.0, 0.0, 0.0, 0.0, 0.0, 0.0, 0.0, 0.0, 0.0, 0.0, 0.0, 0.0, 0.0, 0.0, 0.0], "macro_rec": [0.0, 0.0, 0.0, 0.0, 0.0, 0.0, 0.0, 0.0, 0.0, 0.0, 0.0, 0.0, 0.0, 0.0, 0.0, 0.0, 0.0, 0.0, 0.0, 0.0, 0.0, 0.0, 0.0, 0.0, 0.0, 0.0, 0.0, 0.0, 0.0, 0.0, 0.0, 0.0, 0.0, 0.0, 0.0, 0.0, 0.0], "macro_ner_f1": [0.29709798097610474, 0.6014246344566345, 0.7230570316314697, 0.7368093729019165, 0.7767428755760193, 0.7869742512702942, 0.782748818397522, 0.7682314515113831, 0.7917294502258301, 0.7746912837028503, 0.767442524433136, 0.7814149856567383, 0.763576865196228, 0.7736329436302185, 0.8057621717453003, 0.7722226977348328, 0.778593897819519, 0.7897417545318604, 0.7781805992126465, 0.7952462434768677, 0.7861632108688354, 0.7880978584289551, 0.7947424054145813, 0.8012335300445557, 0.7758964896202087, 0.7972878217697144, 0.8170138001441956, 0.801755964756012, 0.7951428890228271, 0.7966131567955017, 0.7917516827583313, 0.8065671920776367, 0.7884456515312195, 0.806415855884552, 0.8045692443847656, 0.8026323318481445, 0.8027318716049194], "macro_ner_pr": [0.3261597156524658, 0.7616674304008484, 0.7438976168632507, 0.7477163672447205, 0.7693885564804077, 0.80964595079422, 0.8028030395507812, 0.7889329195022583, 0.8074110150337219, 0.8133928775787354, 0.7994082570075989, 0.8397045731544495, 0.7936989665031433, 0.7997586727142334, 0.8086866736412048, 0.8165422081947327, 0.8024917840957642, 0.8285640478134155, 0.8213289976119995, 0.8278164863586426, 0.8166860342025757, 0.8008049130439758, 0.8217957615852356, 0.8247232437133789, 0.8007001876831055, 0.8157464265823364, 0.8298827409744263, 0.8126117587089539, 0.8047266602516174, 0.8115374445915222, 0.7917655110359192, 0.8255475163459778, 0.8042420148849487, 0.8102127909660339, 0.8243157267570496, 0.806553065776825, 0.8242931962013245], "macro_ner_rec": [0.2727923095226288, 0.5409992933273315, 0.7131028175354004, 0.7284731268882751, 0.7870886325836182, 0.7682508826255798, 0.7766527533531189, 0.7546278834342957, 0.7786551117897034, 0.7482582926750183, 0.7453427314758301, 0.7376577258110046, 0.7377593517303467, 0.7600531578063965, 0.8107845783233643, 0.7439900636672974, 0.761233925819397, 0.7736399173736572, 0.7438572645187378, 0.7713908553123474, 0.7624871134757996, 0.7774837017059326, 0.7745027542114258, 0.7834609746932983, 0.7671847343444824, 0.7855265140533447, 0.811592161655426, 0.7949597835540771, 0.7902281284332275, 0.7849987149238586, 0.7927025556564331, 0.7961358428001404, 0.7785979509353638, 0.8089995384216309, 0.7936924695968628, 0.800264835357666, 0.791240394115448], "samples_per_s": [140.55191482435583, 155.6412517557917, 138.43661438738337, 150.5947609142956, 138.23323718150837, 160.80070462027828, 152.8755193694654, 151.10684155981482, 141.32308567477804, 150.27760847338172, 151.60996063459714, 147.13959612416238, 143.4590866205529, 140.58705431734361, 131.9385607582267, 140.43662659613557, 140.58715631474274, 125.25043047860947, 149.50410460180478, 155.00513209887148, 137.6036303294758, 162.33235363796933, 149.86038025467244, 117.98533251241125, 135.69609406249546, 142.54839964048205, 154.56058852985106, 137.50223861660476, 127.0324472296734, 131.47704962813603, 151.90189696246134, 156.08004818600907, 135.27970767155523, 137.22744548275134, 122.59126188053173, 148.03238156032552, 162.06207468257796], "samples_total_num": [231, 231, 231, 231, 231, 231, 231, 231, 231, 231, 231, 231, 231, 231, 231, 231, 231, 231, 231, 231, 231, 231, 231, 231, 231, 231, 231, 231, 231, 231, 231, 231, 231, 231, 231, 231, 231],