{"test_metrics": {"unseen__f1": 0.0, "unseen__pr": 0.0, "unseen__rec": 0.0, "unseen__ner_f1": 0.7699679732322693, "unseen__ner_pr": 0.6918660402297974, "unseen__ner_rec": 0.8679471611976624, "unseen__macro_f1": 0.0, "unseen__macro_pr": 0.0, "unseen__macro_rec": 0.0, "unseen__macro_ner_f1": 0.7507017850875854, "unseen__macro_ner_pr": 0.6895174980163574, "unseen__macro_ner_rec": 0.830283522605896, "unseen__samples_per_s": 326.97273567913044, "unseen__samples_total_num": 275, "unseen__samples_total_s": 0.8410487174987793, "unseen__loc_pr": 0.6527777910232544, "unseen__loc_rec": 0.9155844449996948, "unseen__loc_f1": 0.7621621489524841, "unseen__org_pr": 0.6767676472663879, "unseen__org_rec": 0.8072289228439331, "unseen__org_f1": 0.7362636923789978, "unseen__peop_pr": 0.7679738402366638, "unseen__peop_rec": 0.9437751173973083, "unseen__peop_f1": 0.846846878528595, "unseen__other_pr": 0.6605504751205444, "unseen__other_rec": 0.6545454263687134, "unseen__other_f1": 0.6575342416763306, "seen__f1": 0.0, "seen__pr": 0.0, "seen__rec": 0.0, "seen__ner_f1": 0.514851450920105, "seen__ner_pr": 0.35738831758499146, "seen__ner_rec": 0.9203540086746216, "seen__macro_f1": 0.0, "seen__macro_pr": 0.0, "seen__macro_rec": 0.0, "seen__macro_ner_f1": 0.4731670022010803, "seen__macro_ner_pr": 0.326263427734375, "seen__macro_ner_rec": 0.8691874742507935, "seen__samples_per_s": 516.2472657692379, "seen__samples_total_num": 141, "seen__samples_total_s": 0.27312493324279785, "seen__loc_pr": 0.4261603355407715, "seen__loc_rec": 0.9528301954269409, "seen__loc_f1": 0.5889212489128113, "seen__org_pr": 0.3214285671710968, "seen__org_rec": 0.931034505367279, "seen__org_f1": 0.47787609696388245, "seen__peop_pr": 0.3316583037376404, "seen__peop_rec": 0.95652174949646, "seen__peop_f1": 0.49253731966018677, "seen__other_pr": 0.22580644488334656, "seen__other_rec": 0.6363636255264282, "seen__other_f1": 0.3333333134651184}, "test_metrics_bounds": {"unseen__f1": 0.0, "unseen__pr": 0.0, "unseen__rec": 0.0, "unseen__ner_f1": 0.7895578145980835, "unseen__ner_pr": 0.709770143032074, "unseen__ner_rec": 0.889555811882019, "unseen__macro_f1": 0.0, "unseen__macro_pr": 0.0, "unseen__macro_rec": 0.0, "unseen__macro_ner_f1": 0.7895578145980835, "unseen__macro_ner_pr": 0.709770143032074, "unseen__macro_ner_rec": 0.889555811882019, "unseen__samples_per_s": 326.97273567913044, "unseen__samples_total_num": 275, "unseen__samples_total_s": 0.8410487174987793, "seen__f1": 0.0, "seen__pr": 0.0, "seen__rec": 0.0, "seen__ner_f1": 0.5229244232177734, "seen__ner_pr": 0.3631669580936432, "seen__ner_rec": 0.9336283206939697, "seen__macro_f1": 0.0, "seen__macro_pr": 0.0, "seen__macro_rec": 0.0, "seen__macro_ner_f1": 0.5229244232177734, "seen__macro_ner_pr": 0.3631669580936432, "seen__macro_ner_rec": 0.9336283206939697, "seen__samples_per_s": 516.2472657692379, "seen__samples_total_num": 141, "seen__samples_total_s": 0.27312493324279785}}
