{"test_metrics": {"Eval_Ent_Precision": 62.388818281589806, "Eval_Ent_Recall": 58.34818775003187, "Eval_Ent_F1": 60.30089037727861, "Eval_Time": 23.602468013763428, "Eval_Examples": 551, "Eval_Examples_Per_Second": 23.345016278750702, "seen_Eval_Ent_Precision": 6.353240144405031e-08, "seen_Eval_Ent_Recall": 50.0, "seen_Eval_Ent_F1": 1.2706480272664598e-07, "seen_Eval_Time": 24.119422435760498, "seen_Eval_Examples": 551, "seen_Eval_Examples_Per_Second": 22.844659795131065, "unseen_Eval_Ent_Precision": 62.388818281589806, "unseen_Eval_Ent_Recall": 58.34818775003187, "unseen_Eval_Ent_F1": 60.30089037727861, "unseen_Eval_Time": 23.81494450569153, "unseen_Eval_Examples": 551, "unseen_Eval_Examples_Per_Second": 23.136732477722827}}