{"test_metrics": {"unseen_ner_prec_micro": 35.714285714285715, "unseen_ner_rec_micro": 52.16095380029806, "unseen_ner_f1_micro": 42.39854633555421, "unseen_ner_prec_macro": 32.891125442053, "unseen_ner_rec_macro": 48.5343180831131, "unseen_ner_f1_macro": 37.03750146830869, "unseen_loc_prec_micro": 57.54189944134078, "unseen_loc_rec_micro": 76.75111773472429, "unseen_loc_f1_micro": 65.77266922094508, "unseen_loc_prec_macro": 57.54189944134078, "unseen_loc_rec_macro": 76.75111773472429, "unseen_loc_f1_macro": 65.77266922094508, "unseen_cls_prec_micro": 61.72839506172839, "unseen_cls_rec_micro": 52.16095380029806, "unseen_cls_f1_micro": 56.54281098546042, "unseen_cls_prec_macro": 62.065413897595775, "unseen_cls_rec_macro": 48.5343180831131, "unseen_cls_f1_macro": 51.85073083669849, "unseen_epoch": 0.0, "unseen_iteration": 0.0, "unseen_global_iteration": 0.0, "seen_ner_prec_micro": 13.463514902363825, "seen_ner_rec_micro": 76.38483965014578, "seen_ner_f1_micro": 22.89209261686326, "seen_ner_prec_macro": 15.409499236484775, "seen_ner_rec_macro": 66.42711132275771, "seen_ner_f1_macro": 21.86182359716772, "seen_loc_prec_micro": 16.197975253093365, "seen_loc_rec_micro": 83.96501457725948, "seen_loc_f1_micro": 27.15700141442716, "seen_loc_prec_macro": 16.197975253093365, "seen_loc_rec_macro": 83.96501457725948, "seen_loc_f1_macro": 27.15700141442716, "seen_cls_prec_micro": 87.62541806020067, "seen_cls_rec_micro": 76.38483965014578, "seen_cls_f1_micro": 81.61993769470405, "seen_cls_prec_macro": 78.47689075630252, "seen_cls_rec_macro": 66.42711132275771, "seen_cls_f1_macro": 71.3039439255241, "seen_epoch": 0.0, "seen_iteration": 0.0, "seen_global_iteration": 0.0, "ner_prec_micro": 48.99432697266632, "ner_rec_micro": 56.37982195845698, "ner_f1_micro": 52.42825607064018, "ner_prec_macro": 48.04064360732272, "ner_rec_macro": 55.6233983411616, "ner_f1_macro": 50.47699404441745, "loc_prec_micro": 73.95715896279594, "loc_rec_micro": 77.86350148367951, "loc_f1_micro": 75.86007516623302, "loc_prec_macro": 73.95715896279594, "loc_rec_macro": 77.86350148367951, "loc_f1_macro": 75.86007516623302, "cls_prec_micro": 67.04304869442484, "cls_rec_micro": 56.37982195845698, "cls_f1_micro": 61.25080593165699, "cls_prec_macro": 65.49234161384213, "cls_rec_macro": 55.6233983411616, "cls_f1_macro": 58.5743348247919, "epoch": 0.0, "iteration": 0.0, "global_iteration": 0.0}}