{"test_metrics": {"unseen_ner_prec_micro": 33.57912648893931, "unseen_ner_rec_micro": 67.37481031866464, "unseen_ner_f1_micro": 44.82018927444795, "unseen_ner_prec_macro": 38.32217430424352, "unseen_ner_rec_macro": 67.53301446706648, "unseen_ner_f1_macro": 47.67620558475175, "unseen_loc_prec_micro": 37.13242360176821, "unseen_loc_rec_micro": 73.2928679817906, "unseen_loc_f1_micro": 49.2920015308075, "unseen_loc_prec_macro": 37.13242360176821, "unseen_loc_rec_macro": 73.2928679817906, "unseen_loc_f1_macro": 49.2920015308075, "unseen_cls_prec_micro": 89.78766430738119, "unseen_cls_rec_micro": 67.37481031866464, "unseen_cls_f1_micro": 76.98309492847855, "unseen_cls_prec_macro": 85.28450896444039, "unseen_cls_rec_macro": 67.53301446706648, "unseen_cls_f1_macro": 74.81884132170414, "unseen_epoch": 0.0, "unseen_iteration": 0.0, "unseen_global_iteration": 0.0, "seen_ner_prec_micro": 46.04166666666666, "seen_ner_rec_micro": 84.70383275261324, "seen_ner_f1_micro": 59.65644171779141, "seen_ner_prec_macro": 39.650194492106365, "seen_ner_rec_macro": 80.3095828587641, "seen_ner_f1_macro": 51.99472375206816, "seen_loc_prec_micro": 46.90197582965663, "seen_loc_rec_micro": 85.19163763066202, "seen_loc_f1_micro": 60.49734009649882, "seen_loc_prec_macro": 46.90197582965663, "seen_loc_rec_macro": 85.19163763066202, "seen_loc_f1_macro": 60.49734009649882, "seen_cls_prec_micro": 98.90154597233524, "seen_cls_rec_micro": 84.70383275261324, "seen_cls_f1_micro": 91.25375375375376, "seen_cls_prec_macro": 95.25601813542102, "seen_cls_rec_macro": 80.3095828587641, "seen_cls_f1_macro": 87.07381385078182, "seen_epoch": 0.0, "seen_iteration": 0.0, "seen_global_iteration": 0.0, "ner_prec_micro": 79.53426732298372, "ner_rec_micro": 76.29858336360334, "ner_f1_micro": 77.8828327771598, "ner_prec_macro": 78.39866021721683, "ner_rec_macro": 73.11054459318177, "ner_f1_macro": 75.57990619362481, "loc_prec_micro": 84.10621512411007, "loc_rec_micro": 79.38612422811478, "loc_f1_micro": 81.67803419601981, "loc_prec_macro": 84.10621512411007, "loc_rec_macro": 79.38612422811478, "loc_f1_macro": 81.67803419601981, "cls_prec_micro": 94.74515110509698, "cls_rec_micro": 76.29858336360334, "cls_f1_micro": 84.52716297786719, "cls_prec_macro": 91.90826420773988, "cls_rec_macro": 73.11054459318177, "cls_f1_macro": 81.31009254949988, "epoch": 0.0, "iteration": 0.0, "global_iteration": 0.0}}