{"test_metrics": {"Eval_Ent_Precision": 88.64942527347362, "Eval_Ent_Recall": 90.13878742142484, "Eval_Ent_F1": 89.38790291945385, "Eval_Time": 60.05213975906372, "Eval_Examples": 2050, "Eval_Examples_Per_Second": 34.13700174922729, "seen_Eval_Ent_Precision": 72.70114941713321, "seen_Eval_Ent_Recall": 93.20746026101429, "seen_Eval_Ent_F1": 81.68701441562423, "seen_Eval_Time": 59.506375551223755, "seen_Eval_Examples": 2050, "seen_Eval_Examples_Per_Second": 34.450090112366816, "unseen_Eval_Ent_Precision": 15.948275874300185, "unseen_Eval_Ent_Recall": 78.37599288900972, "unseen_Eval_Ent_F1": 26.503506953288458, "unseen_Eval_Time": 60.374545097351074, "unseen_Eval_Examples": 2050, "unseen_Eval_Examples_Per_Second": 33.954707181552635}}