{"test_metrics": {"Eval_Ent_Precision": 62.575674174380104, "Eval_Ent_Recall": 67.55793224294958, "Eval_Ent_F1": 64.97142855431836, "Eval_Time": 13.103395223617554, "Eval_Examples": 551, "Eval_Examples_Per_Second": 42.050170249530275, "seen_Eval_Ent_Precision": 16.455696239454383, "seen_Eval_Ent_Recall": 79.94652390402929, "seen_Eval_Ent_F1": 27.293473341317252, "seen_Eval_Time": 12.866927146911621, "seen_Eval_Examples": 551, "seen_Eval_Examples_Per_Second": 42.82296726396353, "unseen_Eval_Ent_Precision": 46.1199779899615, "unseen_Eval_Ent_Recall": 64.01833458515152, "unseen_Eval_Ent_F1": 53.61484324553443, "unseen_Eval_Time": 13.119255065917969, "unseen_Eval_Examples": 551, "unseen_Eval_Examples_Per_Second": 41.999335879323105}}