{"test_metrics": {"unseen_ner_prec_micro": 40.083945435466944, "unseen_ner_rec_micro": 50.52910052910053, "unseen_ner_f1_micro": 44.70450555880632, "unseen_ner_prec_macro": 37.82433081813043, "unseen_ner_rec_macro": 47.10738573036768, "unseen_ner_f1_macro": 41.8668118165546, "unseen_loc_prec_micro": 52.68456375838926, "unseen_loc_rec_micro": 62.3015873015873, "unseen_loc_f1_micro": 57.09090909090909, "unseen_loc_prec_macro": 52.68456375838926, "unseen_loc_rec_macro": 62.3015873015873, "unseen_loc_f1_macro": 57.09090909090909, "unseen_cls_prec_micro": 75.19685039370079, "unseen_cls_rec_micro": 50.52910052910053, "unseen_cls_f1_micro": 60.44303797468354, "unseen_cls_prec_macro": 69.89103670983333, "unseen_cls_rec_macro": 47.10738573036768, "unseen_cls_f1_macro": 56.20019949729254, "unseen_epoch": 0.0, "unseen_iteration": 0.0, "unseen_global_iteration": 0.0, "seen_ner_prec_micro": 21.37643378519291, "seen_ner_rec_micro": 63.46749226006192, "seen_ner_f1_micro": 31.981279251170047, "seen_ner_prec_macro": 17.994686657092668, "seen_ner_rec_macro": 56.11229716480922, "seen_ner_f1_macro": 26.62626279842792, "seen_loc_prec_micro": 27.27272727272727, "seen_loc_rec_micro": 76.16099071207431, "seen_loc_f1_micro": 40.16326530612245, "seen_loc_prec_macro": 27.27272727272727, "seen_loc_rec_macro": 76.16099071207431, "seen_loc_f1_macro": 40.16326530612245, "seen_cls_prec_micro": 78.2442748091603, "seen_cls_rec_micro": 63.46749226006192, "seen_cls_f1_micro": 70.08547008547008, "seen_cls_prec_macro": 65.36727158169285, "seen_cls_rec_macro": 56.11229716480922, "seen_cls_f1_macro": 59.343869731800766, "seen_epoch": 0.0, "seen_iteration": 0.0, "seen_global_iteration": 0.0, "ner_prec_micro": 62.17345872518286, "ner_rec_micro": 55.14365152919369, "ner_f1_micro": 58.447937131630646, "ner_prec_macro": 56.19906540975721, "ner_rec_macro": 49.88796137476114, "ner_f1_macro": 52.6782728597342, "loc_prec_micro": 80.5094130675526, "loc_rec_micro": 67.37720111214087, "loc_f1_micro": 73.36024217961655, "loc_prec_macro": 80.5094130675526, "loc_rec_macro": 67.37720111214087, "loc_f1_macro": 73.36024217961655, "cls_prec_micro": 76.28205128205127, "cls_rec_micro": 55.14365152919369, "cls_f1_micro": 64.01291016675631, "cls_prec_macro": 68.80776524215445, "cls_rec_macro": 49.88796137476114, "cls_f1_macro": 57.67163131227253, "epoch": 0.0, "iteration": 0.0, "global_iteration": 0.0}}