{"test_metrics": {"unseen_ner_prec_micro": 32.09677419354839, "unseen_ner_rec_micro": 72.21774193548387, "unseen_ner_f1_micro": 44.44168734491315, "unseen_ner_prec_macro": 36.8259643315788, "unseen_ner_rec_macro": 71.5758413273852, "unseen_ner_f1_macro": 47.42956384319303, "unseen_loc_prec_micro": 34.76138828633405, "unseen_loc_rec_micro": 77.54032258064515, "unseen_loc_f1_micro": 48.00299550673989, "unseen_loc_prec_macro": 34.76138828633405, "unseen_loc_rec_macro": 77.54032258064515, "unseen_loc_f1_macro": 48.00299550673989, "unseen_cls_prec_micro": 92.12962962962963, "unseen_cls_rec_micro": 72.21774193548387, "unseen_cls_f1_micro": 80.96745027124774, "unseen_cls_prec_macro": 89.18833279522698, "unseen_cls_rec_macro": 71.5758413273852, "unseen_cls_f1_macro": 78.99854219348063, "unseen_epoch": 0.0, "unseen_iteration": 0.0, "unseen_global_iteration": 0.0, "seen_ner_prec_micro": 46.53908066535504, "seen_ner_rec_micro": 85.9881031064111, "seen_ner_f1_micro": 60.39224788209354, "seen_ner_prec_macro": 41.95068707726502, "seen_ner_rec_macro": 85.03173807253823, "seen_ner_f1_macro": 55.36569383487369, "seen_loc_prec_micro": 47.48240389821332, "seen_loc_rec_micro": 86.94646397884996, "seen_loc_f1_micro": 61.42173456285748, "seen_loc_prec_macro": 47.48240389821332, "seen_loc_rec_macro": 86.94646397884996, "seen_loc_f1_macro": 61.42173456285748, "seen_cls_prec_micro": 98.11463046757164, "seen_cls_rec_micro": 85.9881031064111, "seen_cls_f1_micro": 91.65199013737232, "seen_cls_prec_macro": 96.4989153493172, "seen_cls_rec_macro": 85.03173807253823, "seen_cls_f1_macro": 90.22144772322824, "seen_epoch": 0.0, "seen_iteration": 0.0, "seen_global_iteration": 0.0, "ner_prec_micro": 78.67383512544804, "ner_rec_micro": 79.73120232473664, "ner_f1_micro": 79.19898971675988, "ner_prec_macro": 79.06186650967358, "ner_rec_macro": 78.36527525059552, "ner_f1_macro": 78.62125063915441, "loc_prec_micro": 82.28488792480115, "loc_rec_micro": 82.6734471485652, "loc_f1_micro": 82.4787099112158, "loc_prec_macro": 82.28488792480115, "loc_rec_macro": 82.6734471485652, "loc_f1_macro": 82.4787099112158, "cls_prec_micro": 95.68439407149084, "cls_rec_micro": 79.73120232473664, "cls_f1_micro": 86.98236576183872, "cls_prec_macro": 94.5978185659122, "cls_rec_macro": 78.36527525059552, "cls_f1_macro": 85.57593542451933, "epoch": 0.0, "iteration": 0.0, "global_iteration": 0.0}}