{"test_metrics": {"Eval_Ent_Precision": 63.82008498003522, "Eval_Ent_Recall": 56.86582325110982, "Eval_Ent_F1": 60.142592048023715, "Eval_Time": 123.03407597541809, "Eval_Examples": 5000, "Eval_Examples_Per_Second": 40.63914781624391, "seen_Eval_Ent_Precision": 1.0363768263993414e-08, "seen_Eval_Ent_Recall": 50.0, "seen_Eval_Ent_F1": 2.072753652369052e-08, "seen_Eval_Time": 122.50431323051453, "seen_Eval_Examples": 5000, "seen_Eval_Examples_Per_Second": 40.81488943651784, "unseen_Eval_Ent_Precision": 63.82008498003522, "unseen_Eval_Ent_Recall": 56.86582325110982, "unseen_Eval_Ent_F1": 60.142592048023715, "unseen_Eval_Time": 122.21077752113342, "unseen_Eval_Examples": 5000, "unseen_Eval_Examples_Per_Second": 40.91292193223605}}