{"test_metrics": {"unseen_ner_prec_micro": 40.46035805626598, "unseen_ner_rec_micro": 58.2903463522476, "unseen_ner_f1_micro": 47.76570048309179, "unseen_ner_prec_macro": 37.54120500578819, "unseen_ner_rec_macro": 54.48514895178636, "unseen_ner_f1_macro": 42.34958298948992, "unseen_loc_prec_micro": 57.90340285400659, "unseen_loc_rec_micro": 77.74502579218864, "unseen_loc_f1_micro": 66.37307329348852, "unseen_loc_prec_macro": 57.90340285400659, "unseen_loc_rec_macro": 77.74502579218864, "unseen_loc_f1_macro": 66.37307329348852, "unseen_cls_prec_micro": 70.0, "unseen_cls_rec_micro": 58.2903463522476, "unseen_cls_f1_micro": 63.610776035384, "unseen_cls_prec_macro": 63.67607409496512, "unseen_cls_rec_macro": 54.48514895178636, "unseen_cls_f1_macro": 57.97255755923999, "unseen_epoch": 0.0, "unseen_iteration": 0.0, "unseen_global_iteration": 0.0, "seen_ner_prec_micro": 14.096016343207356, "seen_ner_rec_micro": 84.14634146341463, "seen_ner_f1_micro": 24.146981627296583, "seen_ner_prec_macro": 14.971284728562852, "seen_ner_rec_macro": 77.9908810915422, "seen_ner_f1_macro": 21.95407248029422, "seen_loc_prec_micro": 15.875613747954173, "seen_loc_rec_micro": 88.71951219512195, "seen_loc_f1_micro": 26.93197593706617, "seen_loc_prec_macro": 15.875613747954173, "seen_loc_rec_macro": 88.71951219512195, "seen_loc_f1_macro": 26.93197593706617, "seen_cls_prec_micro": 92.3076923076923, "seen_cls_rec_micro": 84.14634146341463, "seen_cls_f1_micro": 88.03827751196172, "seen_cls_prec_macro": 85.97791602020925, "seen_cls_rec_macro": 77.9908810915422, "seen_cls_f1_macro": 81.60627584456216, "seen_epoch": 0.0, "seen_iteration": 0.0, "seen_global_iteration": 0.0, "ner_prec_micro": 55.0103305785124, "ner_rec_micro": 63.20474777448071, "ner_f1_micro": 58.82352941176471, "ner_prec_macro": 52.82087428392125, "ner_rec_macro": 62.10026080278818, "ner_f1_macro": 56.4376975149819, "loc_prec_micro": 73.79385964912281, "loc_rec_micro": 79.8813056379822, "loc_f1_micro": 76.71701339412938, "loc_prec_macro": 73.79385964912281, "loc_rec_macro": 79.8813056379822, "loc_f1_macro": 76.71701339412938, "cls_prec_micro": 75.15878616796047, "cls_rec_micro": 63.20474777448071, "cls_f1_micro": 68.66537717601547, "cls_prec_macro": 70.2292824622432, "cls_rec_macro": 62.10026080278818, "cls_f1_macro": 65.46462839593428, "epoch": 0.0, "iteration": 0.0, "global_iteration": 0.0}}