{"test_metrics": {"seen__f1": 0.0, "seen__pr": 0.0, "seen__rec": 0.0, "seen__ner_f1": 0.42656180262565613, "seen__ner_pr": 0.2940562963485718, "seen__ner_rec": 0.7764317393302917, "seen__macro_f1": 0.0, "seen__macro_pr": 0.0, "seen__macro_rec": 0.0, "seen__macro_ner_f1": 0.34792882204055786, "seen__macro_ner_pr": 0.24620263278484344, "seen__macro_ner_rec": 0.6820870637893677, "seen__samples_per_s": 485.16424050427577, "seen__samples_total_num": 1854, "seen__samples_total_s": 3.8213863372802734, "seen__dna_pr": 0.10507568717002869, "seen__dna_rec": 0.5784313678741455, "seen__dna_f1": 0.17784474790096283, "seen__rna_pr": 0.10112359374761581, "seen__rna_rec": 0.4736842215061188, "seen__rna_f1": 0.1666666567325592, "seen__cell_type_pr": 0.4552238881587982, "seen__cell_type_rec": 0.7283582091331482, "seen__cell_type_f1": 0.5602755546569824, "seen__protein_pr": 0.3573806881904602, "seen__protein_rec": 0.8277634978294373, "seen__protein_f1": 0.49922484159469604, "seen__cell_line_pr": 0.2122092992067337, "seen__cell_line_rec": 0.8021978139877319, "seen__cell_line_f1": 0.3356321454048157, "unseen__f1": 0.0, "unseen__pr": 0.0, "unseen__rec": 0.0, "unseen__ner_f1": 0.5849792957305908, "unseen__ner_pr": 0.5003128051757812, "unseen__ner_rec": 0.7041385173797607, "unseen__macro_f1": 0.0, "unseen__macro_pr": 0.0, "unseen__macro_rec": 0.0, "unseen__macro_ner_f1": 0.6162341833114624, "unseen__macro_ner_pr": 0.5650531053543091, "unseen__macro_ner_rec": 0.7044497728347778, "unseen__samples_per_s": 545.329512778242, "unseen__samples_total_num": 1854, "unseen__samples_total_s": 3.3997793197631836, "unseen__dna_pr": 0.6598396897315979, "unseen__dna_rec": 0.7187196612358093, "unseen__dna_f1": 0.688022255897522, "unseen__rna_pr": 0.8202247023582458, "unseen__rna_rec": 0.8588235378265381, "unseen__rna_f1": 0.8390803933143616, "unseen__cell_type_pr": 0.3041044771671295, "unseen__cell_type_rec": 0.6392157077789307, "unseen__cell_type_f1": 0.4121365547180176, "unseen__protein_pr": 0.45098039507865906, "unseen__protein_rec": 0.7221564054489136, "unseen__protein_f1": 0.5552265644073486, "unseen__cell_line_pr": 0.5901162624359131, "unseen__cell_line_rec": 0.5833333134651184, "unseen__cell_line_f1": 0.586705207824707}, "test_metrics_bounds": {"seen__f1": 0.0, "seen__pr": 0.0, "seen__rec": 0.0, "seen__ner_f1": 0.430820494890213, "seen__ner_pr": 0.2970772385597229, "seen__ner_rec": 0.7835903167724609, "seen__macro_f1": 0.0, "seen__macro_pr": 0.0, "seen__macro_rec": 0.0, "seen__macro_ner_f1": 0.430820494890213, "seen__macro_ner_pr": 0.2970772385597229, "seen__macro_ner_rec": 0.7835903167724609, "seen__samples_per_s": 485.16424050427577, "seen__samples_total_num": 1854, "seen__samples_total_s": 3.8213863372802734, "unseen__f1": 0.0, "unseen__pr": 0.0, "unseen__rec": 0.0, "unseen__ner_f1": 0.6360863447189331, "unseen__ner_pr": 0.5442588925361633, "unseen__ner_rec": 0.7651892900466919, "unseen__macro_f1": 0.0, "unseen__macro_pr": 0.0, "unseen__macro_rec": 0.0, "unseen__macro_ner_f1": 0.6360863447189331, "unseen__macro_ner_pr": 0.5442588925361633, "unseen__macro_ner_rec": 0.7651892900466919, "unseen__samples_per_s": 545.329512778242, "unseen__samples_total_num": 1854, "unseen__samples_total_s": 3.3997793197631836}}