{"test_metrics": {"f1": 0.0, "pr": 0.0, "rec": 0.0, "ner_f1": 0.88243168592453, "ner_pr": 0.8745737075805664, "ner_rec": 0.8904321193695068, "macro_f1": 0.0, "macro_pr": 0.0, "macro_rec": 0.0, "macro_ner_f1": 0.8155903220176697, "macro_ner_pr": 0.8051573634147644, "macro_ner_rec": 0.8271284699440002, "samples_per_s": 140.88973817909397, "samples_total_num": 2050, "samples_total_s": 14.550385475158691, "per_pr": 0.9113128781318665, "per_rec": 0.9415584206581116, "per_f1": 0.9261888265609741, "org_pr": 0.8125802278518677, "org_rec": 0.7814815044403076, "org_f1": 0.7967275381088257, "wea_pr": 0.7168141603469849, "wea_rec": 0.7714285850524902, "wea_f1": 0.7431192994117737, "gpe_pr": 0.9029927849769592, "gpe_rec": 0.8937691450119019, "gpe_f1": 0.8983572721481323, "veh_pr": 0.853210985660553, "veh_rec": 0.8691588640213013, "veh_f1": 0.861111044883728, "fac_pr": 0.7451612949371338, "fac_rec": 0.8279569745063782, "fac_f1": 0.784380316734314, "loc_pr": 0.6940298676490784, "loc_rec": 0.7045454382896423, "loc_f1": 0.6992481350898743}, "test_metrics_bounds": {"f1": 0.0, "pr": 0.0, "rec": 0.0, "ner_f1": 0.9455241560935974, "ner_pr": 0.9371797442436218, "ner_rec": 0.9540185332298279, "macro_f1": 0.0, "macro_pr": 0.0, "macro_rec": 0.0, "macro_ner_f1": 0.9455241560935974, "macro_ner_pr": 0.9371797442436218, "macro_ner_rec": 0.9540185332298279, "samples_per_s": 140.88973817909397, "samples_total_num": 2050, "samples_total_s": 14.550385475158691}, "metrics": {"f1": [0.0, 0.0, 0.0, 0.0, 0.0, 0.0, 0.0, 0.0, 0.0, 0.0, 0.0, 0.0, 0.0, 0.0, 0.0, 0.0, 0.0, 0.0, 0.0, 0.0, 0.0, 0.0, 0.0, 0.0, 0.0], "pr": [0.0, 0.0, 0.0, 0.0, 0.0, 0.0, 0.0, 0.0, 0.0, 0.0, 0.0, 0.0, 0.0, 0.0, 0.0, 0.0, 0.0, 0.0, 0.0, 0.0, 0.0, 0.0, 0.0, 0.0, 0.0], "rec": [0.0, 0.0, 0.0, 0.0, 0.0, 0.0, 0.0, 0.0, 0.0, 0.0, 0.0, 0.0, 0.0, 0.0, 0.0, 0.0, 0.0, 0.0, 0.0, 0.0, 0.0, 0.0, 0.0, 0.0, 0.0], "ner_f1": [0.8073917627334595, 0.8565149903297424, 0.8528662323951721, 0.8486911654472351, 0.8709912896156311, 0.8639140725135803, 0.8662304282188416, 0.8688510656356812, 0.8735387921333313, 0.87486732006073, 0.8729478120803833, 0.8729370832443237, 0.8713531494140625, 0.873542845249176, 0.877992570400238, 0.879471480846405, 0.8810336589813232, 0.873724639415741, 0.8757713437080383, 0.8772756457328796, 0.8793103098869324, 0.8780291080474854, 0.8797916173934937, 0.8802341818809509, 0.8806176781654358], "ner_pr": [0.8084447383880615, 0.8574221730232239, 0.835569441318512, 0.8460171222686768, 0.86979079246521, 0.8653940558433533, 0.8828296661376953, 0.8689217567443848, 0.8783494830131531, 0.8783805966377258, 0.8683829307556152, 0.8728662133216858, 0.8709992170333862, 0.8638893365859985, 0.8885928392410278, 0.8716065287590027, 0.8806042671203613, 0.8772332668304443, 0.8746351003646851, 0.876990556716919, 0.879596471786499, 0.8723916411399841, 0.8807234764099121, 0.8803057670593262, 0.8802599310874939], "ner_rec": [0.8063414692878723, 0.8556097745895386, 0.8708943128585815, 0.8513821363449097, 0.8721951246261597, 0.8624390363693237, 0.8502439260482788, 0.8687804937362671, 0.8687804937362671, 0.8713821172714233, 0.8775609731674194, 0.873008131980896, 0.8717073202133179, 0.883414626121521, 0.8676422834396362, 0.8874796628952026, 0.8814634084701538, 0.8702439069747925, 0.8769105672836304, 0.8775609731674194, 0.8790243864059448, 0.8837398290634155, 0.8788617849349976, 0.8801625967025757, 0.880975604057312], "macro_f1": [0.0, 0.0, 0.0, 0.0, 0.0, 0.0, 0.0, 0.0, 0.0, 0.0, 0.0, 0.0, 0.0, 0.0, 0.0, 0.0, 0.0, 0.0, 0.0, 0.0, 0.0, 0.0, 0.0, 0.0, 0.0], "macro_pr": [0.0, 0.0, 0.0, 0.0, 0.0, 0.0, 0.0, 0.0, 0.0, 0.0, 0.0, 0.0, 0.0, 0.0, 0.0, 0.0, 0.0, 0.0, 0.0, 0.0, 0.0, 0.0, 0.0, 0.0, 0.0], "macro_rec": [0.0, 0.0, 0.0, 0.0, 0.0, 0.0, 0.0, 0.0, 0.0, 0.0, 0.0, 0.0, 0.0, 0.0, 0.0, 0.0, 0.0, 0.0, 0.0, 0.0, 0.0, 0.0, 0.0, 0.0, 0.0], "macro_ner_f1": [0.6357395052909851, 0.7791637778282166, 0.7724605798721313, 0.7818954586982727, 0.7885299324989319, 0.7972420454025269, 0.7934495806694031, 0.7928004860877991, 0.8038678765296936, 0.8099595904350281, 0.8025506138801575, 0.8067218661308289, 0.8006983995437622, 0.8083464503288269, 0.8047834038734436, 0.8154119253158569, 0.8144656419754028, 0.8071473240852356, 0.807235836982727, 0.8076907992362976, 0.8128489255905151, 0.8095521926879883, 0.8099091649055481, 0.8153186440467834, 0.8149747848510742], "macro_ner_pr": [0.6746239066123962, 0.7800188660621643, 0.754552960395813, 0.7982195615768433, 0.7986353039741516, 0.7910367846488953, 0.830919086933136, 0.8008462190628052, 0.8172147870063782, 0.813637375831604, 0.823811411857605, 0.8332875370979309, 0.8138776421546936, 0.7990322113037109, 0.8521076440811157, 0.8042721152305603, 0.8206880688667297, 0.8248568773269653, 0.8108488321304321, 0.8036678433418274, 0.8178287744522095, 0.797631561756134, 0.8191334009170532, 0.8253083825111389, 0.8224962949752808], "macro_ner_rec": [0.6545010805130005, 0.7834986448287964, 0.801920473575592, 0.7779151797294617, 0.7801316976547241, 0.8123129606246948, 0.7622074484825134, 0.7925118207931519, 0.7939338088035583, 0.8098710179328918, 0.7855437994003296, 0.7865384817123413, 0.7963862419128418, 0.8190354704856873, 0.7661718130111694, 0.8283599019050598, 0.8094649314880371, 0.7910429239273071, 0.8050216436386108, 0.8134528994560242, 0.8095595240592957, 0.8240994215011597, 0.8031830191612244, 0.8077157735824585, 0.8097645044326782], "samples_per_s": [148.30045922927857, 148.39541083419914, 158.44607879966424, 151.46027176289758, 157.423547134059, 159.31946449455177, 156.97077037482927, 141.74649589858595, 134.60528799495665, 139.7337109266384, 134.3720537484737, 136.7503333235387, 133.22282610036697, 129.79976286406924, 133.9872079916457, 131.14443935166926, 131.67854429465726, 136.78426382097118, 132.5787184434905, 137.3402784092139, 140.85008421545936, 146.06132675404595, 151.44588551384936, 142.02899003358277, 150.32272314415732], "samples_total_num": [2420, 2420, 2420, 2420, 2420, 2420, 2420, 2420, 2420, 2420, 2420, 2420, 2420, 2420, 2420, 2420, 2420, 2420, 2420, 2420, 2420, 2420, 2420, 2420, 2420], "samples_total_s": [16.318223237991333, 16.30778193473816, 15.273334741592407, 15.977787256240845, 15.372541427612305, 15.189606666564941, 15.416882991790771, 17.07273244857788, 17.97849130630493, 17.318655490875244, 18.009697198867798, 17.696483373641968, 18.16505527496338, 18.644101858139038, 18.06142568588257, 18.45293641090393, 18.37808895111084, 17.69209361076355, 18.25330662727356, 17.620468139648438, 17.18138837814331, 16.56838297843933, 15.979305028915405, 17.038774967193604, 16.098697185516357], "per_pr": [0.8943555951118469, 0.8849583268165588, 0.9163050055503845, 0.9394038915634155, 0.899328887462616, 0.9428291320800781, 0.9256714582443237, 0.9098311066627502, 0.9246448278427124, 0.9335442781448364, 0.9029385447502136, 0.8961527347564697, 0.9248213768005371, 0.924784243106842, 0.9169175028800964, 0.9281988143920898, 0.9226804375648499, 0.9066864848136902, 0.9135506749153137, 0.9258917570114136, 0.9221373796463013, 0.9256880879402161, 0.9266055226325989, 0.9270386099815369, 0.9268218278884888], "per_rec": [0.8973349332809448, 0.9318594932556152, 0.8952150344848633, 0.8685644865036011, 0.9333736896514893, 0.874015748500824, 0.8976377844810486, 0.9136886596679688, 0.9067232012748718, 0.8933979272842407, 0.9212598204612732, 0.9382192492485046, 0.9015747904777527, 0.9085402488708496, 0.9224712252616882, 0.9161114692687988, 0.921562671661377, 0.923985481262207, 0.9248939752578735, 0.911871612071991, 0.91459721326828, 0.9167171120643616, 0.9176256656646729, 0.9158086180686951, 0.9167171120643616],