{"test_metrics": {"seen__f1": 0.0, "seen__pr": 0.0, "seen__rec": 0.0, "seen__ner_f1": 0.802017331123352, "seen__ner_pr": 0.7080333232879639, "seen__ner_rec": 0.9247710704803467, "seen__macro_f1": 0.0, "seen__macro_pr": 0.0, "seen__macro_rec": 0.0, "seen__macro_ner_f1": 0.7512003183364868, "seen__macro_ner_pr": 0.6456695795059204, "seen__macro_ner_rec": 0.9036698937416077, "seen__samples_per_s": 452.16883532669993, "seen__samples_total_num": 2050, "seen__samples_total_s": 4.53370475769043, "seen__per_pr": 0.7458100318908691, "seen__per_rec": 0.9561324715614319, "seen__per_f1": 0.8379756212234497, "seen__org_pr": 0.5853658318519592, "seen__org_rec": 0.8351648449897766, "seen__org_f1": 0.6883018612861633, "seen__wea_pr": 0.6283186078071594, "seen__wea_rec": 0.9466666579246521, "seen__wea_f1": 0.7553191781044006, "seen__gpe_pr": 0.7791537642478943, "seen__gpe_rec": 0.9107358455657959, "seen__gpe_f1": 0.839821994304657, "seen__veh_pr": 0.6697247624397278, "seen__veh_rec": 0.948051929473877, "seen__veh_f1": 0.7849462032318115, "seen__fac_pr": 0.551612913608551, "seen__fac_rec": 0.9047619104385376, "seen__fac_f1": 0.6853707432746887, "seen__loc_pr": 0.5597015023231506, "seen__loc_rec": 0.8241758346557617, "seen__loc_f1": 0.6666666865348816, "unseen__f1": 0.0, "unseen__pr": 0.0, "unseen__rec": 0.0, "unseen__ner_f1": 0.2737891376018524, "unseen__ner_pr": 0.16654035449028015, "unseen__ner_rec": 0.7690288424491882, "unseen__macro_f1": 0.0, "unseen__macro_pr": 0.0, "unseen__macro_rec": 0.0, "unseen__macro_ner_f1": 0.2522694766521454, "unseen__macro_ner_pr": 0.15948781371116638, "unseen__macro_ner_rec": 0.6367409825325012, "unseen__samples_per_s": 511.2562040552664, "unseen__samples_total_num": 2050, "unseen__samples_total_s": 4.009731292724609, "unseen__per_pr": 0.16550278663635254, "unseen__per_rec": 0.8810408711433411, "unseen__per_f1": 0.2786596119403839, "unseen__org_pr": 0.22721438109874725, "unseen__org_rec": 0.6704545617103577, "unseen__org_f1": 0.3394055664539337, "unseen__wea_pr": 0.08849557489156723, "unseen__wea_rec": 0.3333333432674408, "unseen__wea_f1": 0.139860138297081, "unseen__gpe_pr": 0.12383900582790375, "unseen__gpe_rec": 0.800000011920929, "unseen__gpe_f1": 0.21447719633579254, "unseen__veh_pr": 0.1834862381219864, "unseen__veh_rec": 0.6666666865348816, "unseen__veh_f1": 0.28776979446411133, "unseen__fac_pr": 0.19354838132858276, "unseen__fac_rec": 0.6666666865348816, "unseen__fac_f1": 0.29999998211860657, "unseen__loc_pr": 0.13432836532592773, "unseen__loc_rec": 0.4390243887901306, "unseen__loc_f1": 0.20571428537368774}, "test_metrics_bounds": {"seen__f1": 0.0, "seen__pr": 0.0, "seen__rec": 0.0, "seen__ner_f1": 0.8496183753013611, "seen__ner_pr": 0.7500474452972412, "seen__ner_rec": 0.9796727895736694, "seen__macro_f1": 0.0, "seen__macro_pr": 0.0, "seen__macro_rec": 0.0, "seen__macro_ner_f1": 0.8496183753013611, "seen__macro_ner_pr": 0.7500474452972412, "seen__macro_ner_rec": 0.9796727895736694, "seen__samples_per_s": 452.16883532669993, "seen__samples_total_num": 2050, "seen__samples_total_s": 4.53370475769043, "unseen__f1": 0.0, "unseen__pr": 0.0, "unseen__rec": 0.0, "unseen__ner_f1": 0.30786028504371643, "unseen__ner_pr": 0.18732206523418427, "unseen__ner_rec": 0.8635170459747314, "unseen__macro_f1": 0.0, "unseen__macro_pr": 0.0, "unseen__macro_rec": 0.0, "unseen__macro_ner_f1": 0.30786028504371643, "unseen__macro_ner_pr": 0.18732206523418427, "unseen__macro_ner_rec": 0.8635170459747314, "unseen__samples_per_s": 511.2562040552664, "unseen__samples_total_num": 2050, "unseen__samples_total_s": 4.009731292724609}}