{"test_metrics": {"Eval_Ent_Precision": 63.06941430252775, "Eval_Ent_Recall": 69.10279260950351, "Eval_Ent_F1": 65.94839805392867, "Eval_Time": 25.99533176422119, "Eval_Examples": 551, "Eval_Examples_Per_Second": 21.19611340211367, "seen_Eval_Ent_Precision": 16.16052064407753, "seen_Eval_Ent_Recall": 84.65909071216426, "seen_Eval_Ent_F1": 27.140255050746354, "seen_Eval_Time": 25.359919786453247, "seen_Eval_Examples": 551, "seen_Eval_Examples_Per_Second": 21.727198060552738, "unseen_Eval_Ent_Precision": 46.90889371268016, "unseen_Eval_Ent_Recall": 64.98873025546396, "unseen_Eval_Ent_F1": 54.48818897072354, "unseen_Eval_Time": 25.92698645591736, "unseen_Eval_Examples": 551, "unseen_Eval_Examples_Per_Second": 21.251987805711387}}