{"test_metrics": {"unseen__f1": 0.0, "unseen__pr": 0.0, "unseen__rec": 0.0, "unseen__ner_f1": 0.7374240159988403, "unseen__ner_pr": 0.6526418924331665, "unseen__ner_rec": 0.8475222587585449, "unseen__macro_f1": 0.0, "unseen__macro_pr": 0.0, "unseen__macro_rec": 0.0, "unseen__macro_ner_f1": 0.7136437296867371, "unseen__macro_ner_pr": 0.642035186290741, "unseen__macro_ner_rec": 0.8110003471374512, "unseen__samples_per_s": 302.1048489651929, "unseen__samples_total_num": 270, "unseen__samples_total_s": 0.8937294483184814, "unseen__loc_pr": 0.6237373948097229, "unseen__loc_rec": 0.8821428418159485, "unseen__loc_f1": 0.7307692766189575, "unseen__org_pr": 0.6278026700019836, "unseen__org_rec": 0.8536585569381714, "unseen__org_f1": 0.723514199256897, "unseen__peop_pr": 0.7413793206214905, "unseen__peop_rec": 0.9429824352264404, "unseen__peop_f1": 0.8301159143447876, "unseen__other_pr": 0.5752212405204773, "unseen__other_rec": 0.5652173757553101, "unseen__other_f1": 0.5701754689216614, "seen__f1": 0.0, "seen__pr": 0.0, "seen__rec": 0.0, "seen__ner_f1": 0.5649203062057495, "seen__ner_pr": 0.4092409312725067, "seen__ner_rec": 0.9117646813392639, "seen__macro_f1": 0.0, "seen__macro_pr": 0.0, "seen__macro_rec": 0.0, "seen__macro_ner_f1": 0.4954071342945099, "seen__macro_ner_pr": 0.3533755838871002, "seen__macro_ner_rec": 0.8754191994667053, "seen__samples_per_s": 510.2838167284071, "seen__samples_total_num": 156, "seen__samples_total_s": 0.3057122230529785, "seen__loc_pr": 0.5236051678657532, "seen__loc_rec": 0.9104477763175964, "seen__loc_f1": 0.664850115776062, "seen__org_pr": 0.27835050225257874, "seen__org_rec": 0.8709677457809448, "seen__org_f1": 0.421875, "seen__peop_pr": 0.40186914801597595, "seen__peop_rec": 0.9555555582046509, "seen__peop_f1": 0.5657894611358643, "seen__other_pr": 0.20967741310596466, "seen__other_rec": 0.7647058963775635, "seen__other_f1": 0.3291139304637909}, "test_metrics_bounds": {"unseen__f1": 0.0, "unseen__pr": 0.0, "unseen__rec": 0.0, "unseen__ner_f1": 0.7588496208190918, "unseen__ner_pr": 0.6718903183937073, "unseen__ner_rec": 0.8716645240783691, "unseen__macro_f1": 0.0, "unseen__macro_pr": 0.0, "unseen__macro_rec": 0.0, "unseen__macro_ner_f1": 0.7588496208190918, "unseen__macro_ner_pr": 0.6718903183937073, "unseen__macro_ner_rec": 0.8716645240783691, "unseen__samples_per_s": 302.1048489651929, "unseen__samples_total_num": 270, "unseen__samples_total_s": 0.8937294483184814, "seen__f1": 0.0, "seen__pr": 0.0, "seen__rec": 0.0, "seen__ner_f1": 0.5792474150657654, "seen__ner_pr": 0.419834703207016, "seen__ner_rec": 0.9338235259056091, "seen__macro_f1": 0.0, "seen__macro_pr": 0.0, "seen__macro_rec": 0.0, "seen__macro_ner_f1": 0.5792474150657654, "seen__macro_ner_pr": 0.419834703207016, "seen__macro_ner_rec": 0.9338235259056091, "seen__samples_per_s": 510.2838167284071, "seen__samples_total_num": 156, "seen__samples_total_s": 0.3057122230529785}}