{"test_metrics": {"f1": 0.0, "pr": 0.0, "rec": 0.0, "ner_f1": 0.8587517142295837, "ner_pr": 0.8535447716712952, "ner_rec": 0.8640226721763611, "macro_f1": 0.0, "macro_pr": 0.0, "macro_rec": 0.0, "macro_ner_f1": 0.8160760402679443, "macro_ner_pr": 0.8146640062332153, "macro_ner_rec": 0.8212911486625671, "samples_per_s": 160.58198988751573, "samples_total_num": 288, "samples_total_s": 1.7934763431549072, "loc_pr": 0.8891566395759583, "loc_rec": 0.8913043737411499, "loc_f1": 0.8902291655540466, "org_pr": 0.7356828451156616, "org_rec": 0.8564102649688721, "org_f1": 0.7914692759513855, "peop_pr": 0.9555555582046509, "peop_rec": 0.946540892124176, "peop_f1": 0.9510268568992615, "other_pr": 0.678260862827301, "other_rec": 0.5909090638160706, "other_f1": 0.6315789222717285}, "test_metrics_bounds": {"f1": 0.0, "pr": 0.0, "rec": 0.0, "ner_f1": 0.8826290369033813, "ner_pr": 0.8776844143867493, "ner_rec": 0.8876298666000366, "macro_f1": 0.0, "macro_pr": 0.0, "macro_rec": 0.0, "macro_ner_f1": 0.8826290369033813, "macro_ner_pr": 0.8776844143867493, "macro_ner_rec": 0.8876298666000366, "samples_per_s": 160.58198988751573, "samples_total_num": 288, "samples_total_s": 1.7934763431549072}, "metrics": {"f1": [0.0, 0.0, 0.0, 0.0, 0.0, 0.0, 0.0, 0.0, 0.0, 0.0, 0.0, 0.0, 0.0, 0.0, 0.0, 0.0, 0.0, 0.0, 0.0, 0.0, 0.0, 0.0, 0.0, 0.0, 0.0, 0.0, 0.0, 0.0], "pr": [0.0, 0.0, 0.0, 0.0, 0.0, 0.0, 0.0, 0.0, 0.0, 0.0, 0.0, 0.0, 0.0, 0.0, 0.0, 0.0, 0.0, 0.0, 0.0, 0.0, 0.0, 0.0, 0.0, 0.0, 0.0, 0.0, 0.0, 0.0], "rec": [0.0, 0.0, 0.0, 0.0, 0.0, 0.0, 0.0, 0.0, 0.0, 0.0, 0.0, 0.0, 0.0, 0.0, 0.0, 0.0, 0.0, 0.0, 0.0, 0.0, 0.0, 0.0, 0.0, 0.0, 0.0, 0.0, 0.0, 0.0], "ner_f1": [0.3994169235229492, 0.7643236517906189, 0.7962638735771179, 0.7800348401069641, 0.8032036423683167, 0.7983730435371399, 0.8128958940505981, 0.8198463916778564, 0.8251986503601074, 0.8220720291137695, 0.8335286974906921, 0.8338226675987244, 0.8139397501945496, 0.8522139191627502, 0.8416075706481934, 0.8512111306190491, 0.8416763544082642, 0.8647398948669434, 0.8551644682884216, 0.8518732190132141, 0.8543007969856262, 0.8401615619659424, 0.8401826024055481, 0.8472791314125061, 0.8429561257362366, 0.8394919037818909, 0.843317985534668, 0.845840573310852], "ner_pr": [0.5513078570365906, 0.790953516960144, 0.8138424754142761, 0.7924528121948242, 0.8041236996650696, 0.8120567202568054, 0.8190255165100098, 0.8484107851982117, 0.8196166753768921, 0.8102108836174011, 0.8555956482887268, 0.8574879169464111, 0.8422982692718506, 0.8576388955116272, 0.8714810013771057, 0.859138548374176, 0.8576512336730957, 0.874853789806366, 0.8636363744735718, 0.8593023419380188, 0.8752997517585754, 0.8484848737716675, 0.839224636554718, 0.8681055307388306, 0.8518086075782776, 0.8483080267906189, 0.8501741886138916, 0.8613743782043457], "ner_rec": [0.313142865896225, 0.7394285798072815, 0.7794285416603088, 0.7680000066757202, 0.8022857308387756, 0.7851428389549255, 0.806857168674469, 0.7931428551673889, 0.8308571577072144, 0.8342857360839844, 0.8125714063644409, 0.8114285469055176, 0.7874285578727722, 0.8468571305274963, 0.8137142658233643, 0.8434285521507263, 0.826285719871521, 0.8548571467399597, 0.8468571305274963, 0.8445714116096497, 0.8342857360839844, 0.8320000171661377, 0.8411428332328796, 0.8274285793304443, 0.8342857360839844, 0.8308571577072144, 0.836571455001831, 0.8308571577072144], "macro_f1": [0.0, 0.0, 0.0, 0.0, 0.0, 0.0, 0.0, 0.0, 0.0, 0.0, 0.0, 0.0, 0.0, 0.0, 0.0, 0.0, 0.0, 0.0, 0.0, 0.0, 0.0, 0.0, 0.0, 0.0, 0.0, 0.0, 0.0, 0.0], "macro_pr": [0.0, 0.0, 0.0, 0.0, 0.0, 0.0, 0.0, 0.0, 0.0, 0.0, 0.0, 0.0, 0.0, 0.0, 0.0, 0.0, 0.0, 0.0, 0.0, 0.0, 0.0, 0.0, 0.0, 0.0, 0.0, 0.0, 0.0, 0.0], "macro_rec": [0.0, 0.0, 0.0, 0.0, 0.0, 0.0, 0.0, 0.0, 0.0, 0.0, 0.0, 0.0, 0.0, 0.0, 0.0, 0.0, 0.0, 0.0, 0.0, 0.0, 0.0, 0.0, 0.0, 0.0, 0.0, 0.0, 0.0, 0.0], "macro_ner_f1": [0.2669681906700134, 0.6809421181678772, 0.7268689870834351, 0.7079939842224121, 0.7397485971450806, 0.7330753803253174, 0.7560847997665405, 0.7500900626182556, 0.7657151222229004, 0.7664204835891724, 0.7691129446029663, 0.7678403854370117, 0.7532679438591003, 0.8002495765686035, 0.781140923500061, 0.8025848865509033, 0.779419481754303, 0.8072074055671692, 0.8018250465393066, 0.7905298471450806, 0.7952196598052979, 0.7733530402183533, 0.7805166244506836, 0.7890578508377075, 0.7800847291946411, 0.7874599695205688, 0.7954729199409485, 0.783848762512207], "macro_ner_pr": [0.4502120912075043, 0.770741879940033, 0.7732623219490051, 0.754463791847229, 0.7786142230033875, 0.7656909227371216, 0.7634314894676208, 0.8213640451431274, 0.7608717679977417, 0.7668694257736206, 0.8259588479995728, 0.8123425841331482, 0.8136494159698486, 0.8201012015342712, 0.846413254737854, 0.8215613961219788, 0.8256434202194214, 0.8313677310943604, 0.8308367133140564, 0.8234683275222778, 0.8342386484146118, 0.7898333072662354, 0.7832919955253601, 0.8255648612976074, 0.8120241761207581, 0.8220767974853516, 0.811873733997345, 0.811016321182251], "macro_ner_rec": [0.24036815762519836, 0.6632739305496216, 0.7028297185897827, 0.6948579549789429, 0.727821946144104, 0.7116348743438721, 0.7491726875305176, 0.7174970507621765, 0.77093106508255, 0.7701898813247681, 0.7397469282150269, 0.7410308122634888, 0.7173498868942261, 0.7877925038337708, 0.7482516169548035, 0.7885897159576416, 0.7576900720596313, 0.7938526272773743, 0.7874494194984436, 0.7765356302261353, 0.7695751190185547, 0.7618547081947327, 0.7785296440124512, 0.7654867172241211, 0.7634298801422119, 0.7675925493240356, 0.7824600338935852, 0.7656359076499939], "samples_per_s": [146.97899678564488, 169.39663708369386, 183.14100423542914, 158.2975513066255, 177.79107987681954, 162.00771509721122, 176.01697813041093, 196.5768460801971, 167.4634472969829, 139.13098140850119, 160.75121498639174, 162.00947592784917, 165.42504359786633, 180.0110070654867, 167.54992062476438, 154.24771991762282, 191.49279533436976, 183.77949743104742, 170.934462353052, 170.9937714826667, 165.38963284235135, 148.748067732827, 156.2044055550925, 166.98396676191118, 171.8502939452337, 165.14389843101367, 172.6832414860019, 161.70450303219656], "samples_total_num": [231, 231, 231, 231, 231, 231, 231, 231, 231, 231, 231, 231, 231, 231, 231, 231, 231, 231, 231, 231, 231, 231, 231, 231, 231, 231, 231, 231], "samples_total_s": [1.571653127670288, 1.3636634349822998, 1.2613232135772705, 1.4592771530151367, 1.2992777824401855, 1.4258580207824707, 1.312373399734497, 1.1751129627227783, 1.3794054985046387, 1.6603059768676758, 1.4370031356811523, 1.425842523574829, 1.3964028358459473, 1.283254861831665, 1.3786935806274414, 1.4975910186767578, 1.2063117027282715, 1.2569410800933838, 1.3513951301574707, 1.350926399230957, 1.3967018127441406, 1.5529613494873047, 1.4788315296173096, 1.383366346359253, 1.3441932201385498, 1.398780107498169, 1.3377094268798828, 1.4285316467285156], "loc_pr": [0.5101010203361511, 0.7663551568984985, 0.7947214245796204, 0.846875011920929, 0.7560975551605225, 0.794366180896759, 0.875, 0.8702531456947327, 0.8910256624221802, 0.7955800890922546, 0.8558558821678162, 0.9016393423080444, 0.8523076772689819, 0.8704819083213806, 0.8584905862808228, 0.8805031180381775, 0.8454810380935669, 0.903124988079071, 0.8689024448394775, 0.8601190447807312, 0.8899082541465759, 0.8947368264198303, 0.8888888955116272, 0.896774172782898, 0.8588235378265381, 0.8247126340866089, 0.8524096608161926, 0.9018987417221069], "loc_rec": [0.3226836919784546, 0.7859424948692322, 0.8658146858215332, 0.8658146858215332, 0.8913738131523132, 0.9009584784507751, 0.8722044825553894, 0.8785942196846008, 0.8881788849830627, 0.920127809047699, 0.9105431437492371, 0.8785942196846008, 0.884984016418457, 0.9233226776123047, 0.8722044825553894, 0.894568681716919, 0.9265175461769104, 0.9233226776123047, 0.9105431437492371, 0.9233226776123047, 0.9297124743461609, 0.9233226776123047, 0.920127809047699, 0.8881788849830627, 0.9329073429107666, 0.9169328808784485, 0.9041533470153809, 0.9105431437492371],