{"test_metrics": {"f1": 0.0, "pr": 0.0, "rec": 0.0, "ner_f1": 0.8726752400398254, "ner_pr": 0.8815028667449951, "ner_rec": 0.8640226721763611, "macro_f1": 0.0, "macro_pr": 0.0, "macro_rec": 0.0, "macro_ner_f1": 0.8342260718345642, "macro_ner_pr": 0.8498398661613464, "macro_ner_rec": 0.8215881586074829, "samples_per_s": 180.49686294016823, "samples_total_num": 288, "samples_total_s": 1.5955955982208252, "loc_pr": 0.8963855504989624, "loc_rec": 0.8985507488250732, "loc_f1": 0.8974668979644775, "org_pr": 0.801980197429657, "org_rec": 0.8307692408561707, "org_f1": 0.8161209225654602, "peop_pr": 0.9646302461624146, "peop_rec": 0.9433962106704712, "peop_f1": 0.953895092010498, "other_pr": 0.7363636493682861, "other_rec": 0.6136363744735718, "other_f1": 0.6694214940071106}, "test_metrics_bounds": {"f1": 0.0, "pr": 0.0, "rec": 0.0, "ner_f1": 0.8916467428207397, "ner_pr": 0.9015443921089172, "ner_rec": 0.8819640874862671, "macro_f1": 0.0, "macro_pr": 0.0, "macro_rec": 0.0, "macro_ner_f1": 0.8916467428207397, "macro_ner_pr": 0.9015443921089172, "macro_ner_rec": 0.8819640874862671, "samples_per_s": 180.49686294016823, "samples_total_num": 288, "samples_total_s": 1.5955955982208252}, "metrics": {"f1": [0.0, 0.0, 0.0, 0.0, 0.0, 0.0, 0.0, 0.0, 0.0, 0.0, 0.0, 0.0, 0.0, 0.0, 0.0, 0.0, 0.0, 0.0, 0.0, 0.0, 0.0, 0.0, 0.0, 0.0, 0.0, 0.0, 0.0, 0.0, 0.0, 0.0, 0.0, 0.0, 0.0, 0.0, 0.0, 0.0, 0.0, 0.0, 0.0, 0.0, 0.0], "pr": [0.0, 0.0, 0.0, 0.0, 0.0, 0.0, 0.0, 0.0, 0.0, 0.0, 0.0, 0.0, 0.0, 0.0, 0.0, 0.0, 0.0, 0.0, 0.0, 0.0, 0.0, 0.0, 0.0, 0.0, 0.0, 0.0, 0.0, 0.0, 0.0, 0.0, 0.0, 0.0, 0.0, 0.0, 0.0, 0.0, 0.0, 0.0, 0.0, 0.0, 0.0], "rec": [0.0, 0.0, 0.0, 0.0, 0.0, 0.0, 0.0, 0.0, 0.0, 0.0, 0.0, 0.0, 0.0, 0.0, 0.0, 0.0, 0.0, 0.0, 0.0, 0.0, 0.0, 0.0, 0.0, 0.0, 0.0, 0.0, 0.0, 0.0, 0.0, 0.0, 0.0, 0.0, 0.0, 0.0, 0.0, 0.0, 0.0, 0.0, 0.0, 0.0, 0.0], "ner_f1": [0.4908692240715027, 0.7278213500976562, 0.7658802270889282, 0.7984233498573303, 0.7694146037101746, 0.8038049936294556, 0.8096330165863037, 0.8419825434684753, 0.8351648449897766, 0.8364485502243042, 0.8406624794006348, 0.8363636136054993, 0.8432178497314453, 0.8235980868339539, 0.8459319472312927, 0.8399769067764282, 0.8326334357261658, 0.8475176692008972, 0.849970817565918, 0.8527498245239258, 0.8404441475868225, 0.8419263362884521, 0.8556641936302185, 0.8601036071777344, 0.8569781184196472, 0.8639534711837769, 0.8527042269706726, 0.8615384697914124, 0.863898515701294, 0.865566074848175, 0.8721804618835449, 0.8487972021102905, 0.8599537014961243, 0.8610129952430725, 0.8526681661605835, 0.8473803997039795, 0.8596187233924866, 0.8647726774215698, 0.843910813331604, 0.8452174067497253, 0.8514056205749512], "ner_pr": [0.6801619529724121, 0.7710997462272644, 0.8136246800422668, 0.786903440952301, 0.8060075044631958, 0.8376703858375549, 0.8124280571937561, 0.8595238327980042, 0.845433235168457, 0.8554360866546631, 0.8401826620101929, 0.8590361475944519, 0.8671497702598572, 0.842293918132782, 0.8543123602867126, 0.8492990732192993, 0.8762626051902771, 0.8776009678840637, 0.8687350749969482, 0.8835784196853638, 0.8600478172302246, 0.8348314762115479, 0.8611111044883728, 0.8665893077850342, 0.8649592399597168, 0.8792899250984192, 0.8586326837539673, 0.8590909242630005, 0.8719441294670105, 0.8940316438674927, 0.8829039931297302, 0.8507462739944458, 0.8710433840751648, 0.8882138729095459, 0.8657243847846985, 0.8444948792457581, 0.8691588640213013, 0.8598870038986206, 0.8443936109542847, 0.8576470613479614, 0.8548387289047241], "ner_rec": [0.3840000033378601, 0.6891428828239441, 0.7234285473823547, 0.8102856874465942, 0.7360000014305115, 0.7725714445114136, 0.806857168674469, 0.8251428604125977, 0.8251428604125977, 0.8182857036590576, 0.8411428332328796, 0.8148571252822876, 0.8205714225769043, 0.8057143092155457, 0.8377143144607544, 0.8308571577072144, 0.7931428551673889, 0.819428563117981, 0.8320000171661377, 0.8240000009536743, 0.8217142820358276, 0.849142849445343, 0.8502857089042664, 0.8537142872810364, 0.849142849445343, 0.849142849445343, 0.8468571305274963, 0.8640000224113464, 0.8560000061988831, 0.838857114315033, 0.8617143034934998, 0.8468571305274963, 0.849142849445343, 0.8354285955429077, 0.8399999737739563, 0.8502857089042664, 0.8502857089042664, 0.8697142601013184, 0.8434285521507263, 0.833142876625061, 0.8479999899864197], "macro_f1": [0.0, 0.0, 0.0, 0.0, 0.0, 0.0, 0.0, 0.0, 0.0, 0.0, 0.0, 0.0, 0.0, 0.0, 0.0, 0.0, 0.0, 0.0, 0.0, 0.0, 0.0, 0.0, 0.0, 0.0, 0.0, 0.0, 0.0, 0.0, 0.0, 0.0, 0.0, 0.0, 0.0, 0.0, 0.0, 0.0, 0.0, 0.0, 0.0, 0.0, 0.0], "macro_pr": [0.0, 0.0, 0.0, 0.0, 0.0, 0.0, 0.0, 0.0, 0.0, 0.0, 0.0, 0.0, 0.0, 0.0, 0.0, 0.0, 0.0, 0.0, 0.0, 0.0, 0.0, 0.0, 0.0, 0.0, 0.0, 0.0, 0.0, 0.0, 0.0, 0.0, 0.0, 0.0, 0.0, 0.0, 0.0, 0.0, 0.0, 0.0, 0.0, 0.0, 0.0], "macro_rec": [0.0, 0.0, 0.0, 0.0, 0.0, 0.0, 0.0, 0.0, 0.0, 0.0, 0.0, 0.0, 0.0, 0.0, 0.0, 0.0, 0.0, 0.0, 0.0, 0.0, 0.0, 0.0, 0.0, 0.0, 0.0, 0.0, 0.0, 0.0, 0.0, 0.0, 0.0, 0.0, 0.0, 0.0, 0.0, 0.0, 0.0, 0.0, 0.0, 0.0, 0.0], "macro_ner_f1": [0.34494829177856445, 0.6677249670028687, 0.7008547782897949, 0.7398787140846252, 0.6921193599700928, 0.7512531280517578, 0.7528384923934937, 0.7879011631011963, 0.7887395620346069, 0.7841346263885498, 0.7910228967666626, 0.7825918197631836, 0.7857468128204346, 0.7714519500732422, 0.7940894365310669, 0.7888013124465942, 0.7750644683837891, 0.7960013747215271, 0.7986453175544739, 0.796782910823822, 0.7849274277687073, 0.7915050983428955, 0.8062782287597656, 0.8116012811660767, 0.8029537200927734, 0.8071570992469788, 0.8043724894523621, 0.8142358064651489, 0.811951220035553, 0.8081204891204834, 0.8282555937767029, 0.7949534058570862, 0.8059583902359009, 0.8067373037338257, 0.799424409866333, 0.7961939573287964, 0.8074703216552734, 0.8142170906066895, 0.7893446087837219, 0.7863319516181946, 0.7963827848434448], "macro_ner_pr": [0.5781301259994507, 0.7307332158088684, 0.7727927565574646, 0.736758828163147, 0.7515233755111694, 0.7868510484695435, 0.7663387060165405, 0.8211947083473206, 0.8070765733718872, 0.82182776927948, 0.8078644871711731, 0.8222008347511292, 0.8227670192718506, 0.8047218322753906, 0.8083078861236572, 0.7992215752601624, 0.8270444869995117, 0.8369261026382446, 0.8299592137336731, 0.8612282872200012, 0.8176121711730957, 0.7852073907852173, 0.8232229351997375, 0.8472212553024292, 0.8414797782897949, 0.8515230417251587, 0.8225637078285217, 0.8164151906967163, 0.8385069370269775, 0.8534055948257446, 0.8507993817329407, 0.8067207336425781, 0.8269418478012085, 0.8575429916381836, 0.8188381791114807, 0.8009286522865295, 0.831546425819397, 0.8239520192146301, 0.7959473133087158, 0.8037006258964539, 0.804375171661377], "macro_ner_rec": [0.29668891429901123, 0.630643367767334, 0.6565984487533569, 0.7463104724884033, 0.6550583839416504, 0.7195249199867249, 0.7432663440704346, 0.7665798664093018, 0.7760827541351318, 0.7608187794685364, 0.7846670746803284, 0.7542417645454407, 0.7591481804847717, 0.7500507235527039, 0.7840296030044556, 0.7798675298690796, 0.7334168553352356, 0.7635104060173035, 0.7748304605484009, 0.7584437131881714, 0.7596374750137329, 0.7988513708114624, 0.7947608232498169, 0.79288649559021, 0.7863339185714722, 0.782477080821991, 0.7921411991119385, 0.8132181763648987, 0.7988659143447876, 0.777099609375, 0.813532292842865, 0.7863469123840332, 0.7927585244178772, 0.7757582068443298, 0.7830784320831299, 0.7932815551757812, 0.7921929955482483, 0.8150125741958618, 0.7851091623306274, 0.7717609405517578, 0.7896382808685303],