{"test_metrics": {"f1": 0.0, "pr": 0.0, "rec": 0.0, "ner_f1": 0.8730418086051941, "ner_pr": 0.8699482679367065, "ner_rec": 0.8761574029922485, "macro_f1": 0.0, "macro_pr": 0.0, "macro_rec": 0.0, "macro_ner_f1": 0.8026663661003113, "macro_ner_pr": 0.801496684551239, "macro_ner_rec": 0.8046876788139343, "samples_per_s": 185.1977226921059, "samples_total_num": 2050, "samples_total_s": 11.069250583648682, "per_pr": 0.9134581685066223, "per_rec": 0.9329004287719727, "per_f1": 0.9230769872665405, "org_pr": 0.7989690899848938, "org_rec": 0.7654321193695068, "org_f1": 0.7818411588668823, "wea_pr": 0.75, "wea_rec": 0.7714285850524902, "wea_f1": 0.7605633735656738, "gpe_pr": 0.8767676949501038, "gpe_rec": 0.886618971824646, "gpe_f1": 0.881665825843811, "veh_pr": 0.813725471496582, "veh_rec": 0.7757009267807007, "veh_f1": 0.7942583560943604, "fac_pr": 0.7472118735313416, "fac_rec": 0.7204301357269287, "fac_f1": 0.7335765957832336, "loc_pr": 0.7103448510169983, "loc_rec": 0.7803030014038086, "loc_f1": 0.743682324886322}, "test_metrics_bounds": {"f1": 0.0, "pr": 0.0, "rec": 0.0, "ner_f1": 0.9409497380256653, "ner_pr": 0.9383285045623779, "ner_rec": 0.9435857534408569, "macro_f1": 0.0, "macro_pr": 0.0, "macro_rec": 0.0, "macro_ner_f1": 0.9409497380256653, "macro_ner_pr": 0.9383285045623779, "macro_ner_rec": 0.9435857534408569, "samples_per_s": 185.1977226921059, "samples_total_num": 2050, "samples_total_s": 11.069250583648682}, "metrics": {"f1": [0.0, 0.0, 0.0, 0.0, 0.0, 0.0, 0.0, 0.0, 0.0, 0.0, 0.0, 0.0, 0.0, 0.0, 0.0, 0.0, 0.0, 0.0, 0.0, 0.0, 0.0, 0.0, 0.0, 0.0, 0.0], "pr": [0.0, 0.0, 0.0, 0.0, 0.0, 0.0, 0.0, 0.0, 0.0, 0.0, 0.0, 0.0, 0.0, 0.0, 0.0, 0.0, 0.0, 0.0, 0.0, 0.0, 0.0, 0.0, 0.0, 0.0, 0.0], "rec": [0.0, 0.0, 0.0, 0.0, 0.0, 0.0, 0.0, 0.0, 0.0, 0.0, 0.0, 0.0, 0.0, 0.0, 0.0, 0.0, 0.0, 0.0, 0.0, 0.0, 0.0, 0.0, 0.0, 0.0, 0.0], "ner_f1": [0.7787309885025024, 0.8120946884155273, 0.845070481300354, 0.8585175275802612, 0.8436932563781738, 0.8537064790725708, 0.8389586806297302, 0.8510743379592896, 0.8608524799346924, 0.8520374894142151, 0.8675363063812256, 0.8600876927375793, 0.8608574271202087, 0.8680704236030579, 0.8560189604759216, 0.8631337285041809, 0.8651465177536011, 0.8622598648071289, 0.8696361780166626, 0.8692660927772522, 0.8681273460388184, 0.8677977323532104, 0.8689903020858765, 0.8712226152420044, 0.8702799677848816], "ner_pr": [0.7752175331115723, 0.8423903584480286, 0.8462416529655457, 0.8611156344413757, 0.8556855916976929, 0.8591897487640381, 0.8475195169448853, 0.8551961779594421, 0.8646653294563293, 0.8473785519599915, 0.8645244836807251, 0.8585547804832458, 0.8713976144790649, 0.8783289194107056, 0.8628779053688049, 0.8696154356002808, 0.8665578961372375, 0.8633844256401062, 0.8726260662078857, 0.8758666515350342, 0.869756817817688, 0.8748967051506042, 0.8724799156188965, 0.8728578686714172, 0.871130645275116], "ner_rec": [0.782276451587677, 0.7839024662971497, 0.8439024686813354, 0.8559349775314331, 0.8320325016975403, 0.8482927083969116, 0.8305690884590149, 0.8469918966293335, 0.857073187828064, 0.8567479848861694, 0.870569109916687, 0.8616260290145874, 0.8505691289901733, 0.8580487966537476, 0.8492683172225952, 0.8567479848861694, 0.8637398481369019, 0.8611382246017456, 0.8666666746139526, 0.8627642393112183, 0.8665040731430054, 0.8608130216598511, 0.8655284643173218, 0.8695935010910034, 0.8694308996200562], "macro_f1": [0.0, 0.0, 0.0, 0.0, 0.0, 0.0, 0.0, 0.0, 0.0, 0.0, 0.0, 0.0, 0.0, 0.0, 0.0, 0.0, 0.0, 0.0, 0.0, 0.0, 0.0, 0.0, 0.0, 0.0, 0.0], "macro_pr": [0.0, 0.0, 0.0, 0.0, 0.0, 0.0, 0.0, 0.0, 0.0, 0.0, 0.0, 0.0, 0.0, 0.0, 0.0, 0.0, 0.0, 0.0, 0.0, 0.0, 0.0, 0.0, 0.0, 0.0, 0.0], "macro_rec": [0.0, 0.0, 0.0, 0.0, 0.0, 0.0, 0.0, 0.0, 0.0, 0.0, 0.0, 0.0, 0.0, 0.0, 0.0, 0.0, 0.0, 0.0, 0.0, 0.0, 0.0, 0.0, 0.0, 0.0, 0.0], "macro_ner_f1": [0.6190422177314758, 0.673904538154602, 0.7452718019485474, 0.7644659280776978, 0.7222123146057129, 0.7736945152282715, 0.7320407629013062, 0.7512121200561523, 0.7762395739555359, 0.7669054865837097, 0.7873459458351135, 0.7778943181037903, 0.7783457040786743, 0.779843807220459, 0.7831874489784241, 0.7705015540122986, 0.7877060770988464, 0.7865172028541565, 0.790267288684845, 0.7954458594322205, 0.7973361611366272, 0.7974768877029419, 0.8022905588150024, 0.8047667741775513, 0.8017787337303162], "macro_ner_pr": [0.6806777715682983, 0.7661026120185852, 0.7871677279472351, 0.8053992390632629, 0.7766249775886536, 0.7842049598693848, 0.7876924276351929, 0.7952176928520203, 0.7974517941474915, 0.7818086743354797, 0.7987175583839417, 0.8209161162376404, 0.8156543374061584, 0.8097468614578247, 0.8059940934181213, 0.796435534954071, 0.8160918354988098, 0.8089785575866699, 0.8192397952079773, 0.8329604268074036, 0.8323702216148376, 0.841492235660553, 0.8338754773139954, 0.8322076201438904, 0.8313369154930115], "macro_ner_rec": [0.6062239408493042, 0.6204364895820618, 0.7182437181472778, 0.7351095080375671, 0.691154956817627, 0.7654450535774231, 0.705561101436615, 0.7254223227500916, 0.7591667771339417, 0.7652978897094727, 0.7791250944137573, 0.7469638586044312, 0.7524232268333435, 0.7546071410179138, 0.7663488984107971, 0.7569713592529297, 0.7638049721717834, 0.7682767510414124, 0.7682295441627502, 0.7646752595901489, 0.770645260810852, 0.7627477049827576, 0.7747960686683655, 0.7817301154136658, 0.7772247195243835], "samples_per_s": [178.54258660318777, 189.92920712322308, 185.84485316545374, 180.47119619118922, 182.22237310352952, 183.35461399913981, 192.20621459362184, 185.56547179302055, 181.82531215025682, 189.03320583578363, 185.51051271219873, 185.8516826690415, 187.66882425761224, 188.19917739609406, 188.57077812886288, 185.00667550050215, 182.19931621600847, 189.54772185473155, 196.57866423898145, 192.17331051536758, 189.0393915079797, 192.1792631280356, 192.66489790761636, 195.07619091291758, 193.91259366376266], "samples_total_num": [2420, 2420, 2420, 2420, 2420, 2420, 2420, 2420, 2420, 2420, 2420, 2420, 2420, 2420, 2420, 2420, 2420, 2420, 2420, 2420, 2420, 2420, 2420, 2420, 2420], "samples_total_s": [13.554189205169678, 12.741589546203613, 13.02161431312561, 13.409342050552368, 13.280476808547974, 13.19846796989441, 12.590643882751465, 13.041219234466553, 13.309478044509888, 12.80198359489441, 13.045082807540894, 13.021135807037354, 12.895056009292603, 12.858717203140259, 12.833377599716187, 13.08060908317566, 13.28215742111206, 12.76723337173462, 12.310593366622925, 12.592799663543701, 12.801564693450928, 12.592409610748291, 12.5606689453125, 12.405409336090088, 12.479849576950073], "per_pr": [0.9040156602859497, 0.9415562152862549, 0.8780347108840942, 0.8846929669380188, 0.8999393582344055, 0.9233908653259277, 0.9389515519142151, 0.8760707974433899, 0.8982340693473816, 0.9015467166900635, 0.9036180377006531, 0.9123179316520691, 0.9343690276145935, 0.9027900099754333, 0.9300921559333801, 0.9205664992332458, 0.8895332217216492, 0.9083232879638672, 0.9176542162895203, 0.9057498574256897, 0.9156809449195862, 0.9151772260665894, 0.9032448530197144, 0.9162889122962952, 0.9134615659713745], "per_rec": [0.8385826945304871, 0.8391883969306946, 0.9200484752655029, 0.9294366836547852, 0.8988491892814636, 0.8906723260879517, 0.8570563197135925, 0.9291338324546814, 0.9088431000709534, 0.9179285168647766, 0.922774076461792, 0.9106602072715759, 0.8924893736839294, 0.930950939655304, 0.8864324688911438, 0.9055117964744568, 0.9291338324546814, 0.9121744632720947, 0.91459721326828, 0.925499677658081, 0.9142943620681763, 0.9149000644683838, 0.9273167848587036, 0.9182313680648804, 0.9206541776657104],