{"test_metrics": {"seen__f1": 0.0, "seen__pr": 0.0, "seen__rec": 0.0, "seen__ner_f1": 0.4968421161174774, "seen__ner_pr": 0.35014837980270386, "seen__ner_rec": 0.8550724387168884, "seen__macro_f1": 0.0, "seen__macro_pr": 0.0, "seen__macro_rec": 0.0, "seen__macro_ner_f1": 0.46138256788253784, "seen__macro_ner_pr": 0.328109472990036, "seen__macro_ner_rec": 0.7827966809272766, "seen__samples_per_s": 170.82457407156298, "seen__samples_total_num": 85, "seen__samples_total_s": 0.4975864887237549, "seen__loc_pr": 0.3642857074737549, "seen__loc_rec": 0.9622641801834106, "seen__loc_f1": 0.5284973978996277, "seen__org_pr": 0.3265306055545807, "seen__org_rec": 0.761904776096344, "seen__org_f1": 0.45714282989501953, "seen__peop_pr": 0.37837839126586914, "seen__peop_rec": 0.9333333373069763, "seen__peop_f1": 0.5384615063667297, "seen__other_pr": 0.2432432472705841, "seen__other_rec": 0.4736842215061188, "seen__other_f1": 0.3214285671710968, "unseen__f1": 0.0, "unseen__pr": 0.0, "unseen__rec": 0.0, "unseen__ner_f1": 0.8128232359886169, "unseen__ner_pr": 0.7759131193161011, "unseen__ner_rec": 0.8534201979637146, "unseen__macro_f1": 0.0, "unseen__macro_pr": 0.0, "unseen__macro_rec": 0.0, "unseen__macro_ner_f1": 0.7691794633865356, "unseen__macro_ner_pr": 0.7578925490379333, "unseen__macro_ner_rec": 0.792242169380188, "unseen__samples_per_s": 565.0658238189795, "unseen__samples_total_num": 280, "unseen__samples_total_s": 0.4955174922943115, "unseen__loc_pr": 0.7597253918647766, "unseen__loc_rec": 0.9196676015853882, "unseen__loc_f1": 0.8320801854133606, "unseen__org_pr": 0.6984127163887024, "unseen__org_rec": 0.7586206793785095, "unseen__org_f1": 0.7272727489471436, "unseen__peop_pr": 0.8675496578216553, "unseen__peop_rec": 0.9597069621086121, "unseen__peop_f1": 0.9113042950630188, "unseen__other_pr": 0.7058823704719543, "unseen__other_rec": 0.5309734344482422, "unseen__other_f1": 0.6060606241226196}, "test_metrics_bounds": {"seen__f1": 0.0, "seen__pr": 0.0, "seen__rec": 0.0, "seen__ner_f1": 0.5136841535568237, "seen__ner_pr": 0.36201781034469604, "seen__ner_rec": 0.8840579986572266, "seen__macro_f1": 0.0, "seen__macro_pr": 0.0, "seen__macro_rec": 0.0, "seen__macro_ner_f1": 0.5136841535568237, "seen__macro_ner_pr": 0.36201781034469604, "seen__macro_ner_rec": 0.8840579986572266, "seen__samples_per_s": 170.82457407156298, "seen__samples_total_num": 85, "seen__samples_total_s": 0.4975864887237549, "unseen__f1": 0.0, "unseen__pr": 0.0, "unseen__rec": 0.0, "unseen__ner_f1": 0.839110255241394, "unseen__ner_pr": 0.801383376121521, "unseen__ner_rec": 0.8805646300315857, "unseen__macro_f1": 0.0, "unseen__macro_pr": 0.0, "unseen__macro_rec": 0.0, "unseen__macro_ner_f1": 0.839110255241394, "unseen__macro_ner_pr": 0.801383376121521, "unseen__macro_ner_rec": 0.8805646300315857, "unseen__samples_per_s": 565.0658238189795, "unseen__samples_total_num": 280, "unseen__samples_total_s": 0.4955174922943115}}
