{"test_metrics": {"unseen_ner_prec_micro": 44.91478834524464, "unseen_ner_rec_micro": 56.38371290545203, "unseen_ner_f1_micro": 50.0, "unseen_ner_prec_macro": 40.09775492740175, "unseen_ner_rec_macro": 47.87622799851904, "unseen_ner_f1_macro": 42.55950584253221, "unseen_loc_prec_micro": 63.97626112759644, "unseen_loc_rec_micro": 74.39613526570048, "unseen_loc_f1_micro": 68.79387364390556, "unseen_loc_prec_macro": 63.97626112759644, "unseen_loc_rec_macro": 74.39613526570048, "unseen_loc_f1_macro": 68.79387364390556, "unseen_cls_prec_micro": 69.76942783945346, "unseen_cls_rec_micro": 56.38371290545203, "unseen_cls_f1_micro": 62.36641221374046, "unseen_cls_prec_macro": 63.75294429810491, "unseen_cls_rec_macro": 47.87622799851904, "unseen_cls_f1_macro": 53.50824394046093, "unseen_epoch": 0.0, "unseen_iteration": 0.0, "unseen_global_iteration": 0.0, "seen_ner_prec_micro": 9.526431718061676, "seen_ner_rec_micro": 73.30508474576271, "seen_ner_f1_micro": 16.86159844054581, "seen_ner_prec_macro": 11.458722014292317, "seen_ner_rec_macro": 50.92801723236505, "seen_ner_f1_macro": 14.905720420085093, "seen_loc_prec_micro": 11.210494931425163, "seen_loc_rec_micro": 79.66101694915254, "seen_loc_f1_micro": 19.6549921589127, "seen_loc_prec_macro": 11.210494931425163, "seen_loc_rec_macro": 79.66101694915254, "seen_loc_f1_macro": 19.6549921589127, "seen_cls_prec_micro": 87.37373737373737, "seen_cls_rec_micro": 73.30508474576271, "seen_cls_f1_micro": 79.72350230414746, "seen_cls_prec_macro": 71.49919974156794, "seen_cls_rec_macro": 50.92801723236505, "seen_cls_f1_macro": 57.054341905335285, "seen_epoch": 0.0, "seen_iteration": 0.0, "seen_global_iteration": 0.0, "ner_prec_micro": 54.827968923418425, "ner_rec_micro": 58.63501483679525, "ner_f1_micro": 56.66762259822197, "ner_prec_macro": 51.95845878020609, "ner_rec_macro": 53.62814660512608, "ner_f1_macro": 52.15429909472286, "loc_prec_micro": 75.2983293556086, "loc_rec_micro": 74.89614243323443, "loc_f1_micro": 75.09669741148468, "loc_prec_macro": 75.2983293556086, "loc_rec_macro": 74.89614243323443, "loc_f1_macro": 75.09669741148468, "cls_prec_micro": 72.86135693215338, "cls_rec_micro": 58.63501483679525, "cls_f1_micro": 64.97862545215389, "cls_prec_macro": 68.40128266431091, "cls_rec_macro": 53.62814660512608, "cls_f1_macro": 59.492237285168734, "epoch": 0.0, "iteration": 0.0, "global_iteration": 0.0}}