{"test_metrics": {"unseen_ner_prec_micro": 24.613716454323665, "unseen_ner_rec_micro": 74.67105263157895, "unseen_ner_f1_micro": 37.02344546381244, "unseen_ner_prec_macro": 34.25353236966576, "unseen_ner_rec_macro": 70.7375162868707, "unseen_ner_f1_macro": 44.11642416189379, "unseen_loc_prec_micro": 26.295479603087102, "unseen_loc_rec_micro": 78.45394736842105, "unseen_loc_f1_micro": 39.38893476465731, "unseen_loc_prec_macro": 26.295479603087102, "unseen_loc_rec_macro": 78.45394736842105, "unseen_loc_f1_macro": 39.38893476465731, "unseen_cls_prec_micro": 93.383613301337, "unseen_cls_rec_micro": 74.67105263157895, "unseen_cls_f1_micro": 82.98552932216299, "unseen_cls_prec_macro": 91.8358756178672, "unseen_cls_rec_macro": 70.7375162868707, "unseen_cls_f1_macro": 79.73344497292408, "unseen_epoch": 0.0, "unseen_iteration": 0.0, "unseen_global_iteration": 0.0, "seen_ner_prec_micro": 58.341613223737696, "seen_ner_rec_micro": 89.85809682804674, "seen_ner_f1_micro": 70.74867188783614, "seen_ner_prec_macro": 40.04456189084198, "seen_ner_rec_macro": 87.90325966448952, "seen_ner_f1_macro": 52.19916943376486, "seen_loc_prec_micro": 59.72630418809699, "seen_loc_rec_micro": 90.47022815804118, "seen_loc_f1_micro": 71.95175923876964, "seen_loc_prec_macro": 59.72630418809699, "seen_loc_rec_macro": 90.47022815804118, "seen_loc_f1_macro": 71.95175923876964, "seen_cls_prec_micro": 98.52043929225135, "seen_cls_rec_micro": 89.85809682804674, "seen_cls_f1_micro": 93.99010477299186, "seen_cls_prec_macro": 91.74879071009656, "seen_cls_rec_macro": 87.90325966448952, "seen_cls_f1_macro": 89.74023664508462, "seen_epoch": 0.0, "seen_iteration": 0.0, "seen_global_iteration": 0.0, "ner_prec_micro": 82.99141436963397, "ner_rec_micro": 84.7452934662237, "ner_f1_micro": 83.85918451212274, "ner_prec_macro": 74.23165341173844, "ner_rec_macro": 77.606636395652, "ner_f1_macro": 75.86117764735107, "loc_prec_micro": 86.07664736696995, "loc_rec_micro": 86.43410852713178, "loc_f1_micro": 86.25500759773449, "loc_prec_macro": 86.07664736696995, "loc_rec_macro": 86.43410852713178, "loc_f1_macro": 86.25500759773449, "cls_prec_micro": 96.92843571880935, "cls_rec_micro": 84.7452934662237, "cls_f1_micro": 90.42836041358936, "cls_prec_macro": 92.73601514132716, "cls_rec_macro": 77.606636395652, "cls_f1_macro": 84.44145233991267, "epoch": 0.0, "iteration": 0.0, "global_iteration": 0.0}}