{"test_metrics": {"unseen_ner_prec_micro": 33.4054054054054, "unseen_ner_rec_micro": 45.98214285714285, "unseen_ner_f1_micro": 38.69755792110207, "unseen_ner_prec_macro": 28.1124180245279, "unseen_ner_rec_macro": 36.8845478759724, "unseen_ner_f1_macro": 30.53889649629209, "unseen_loc_prec_micro": 56.18181818181818, "unseen_loc_rec_micro": 68.97321428571429, "unseen_loc_f1_micro": 61.923847695390776, "unseen_loc_prec_macro": 56.18181818181818, "unseen_loc_rec_macro": 68.97321428571429, "unseen_loc_f1_macro": 61.923847695390776, "unseen_cls_prec_micro": 58.74524714828897, "unseen_cls_rec_micro": 45.98214285714285, "unseen_cls_f1_micro": 51.58597662771286, "unseen_cls_prec_macro": 46.38444245407212, "unseen_cls_rec_macro": 36.8845478759724, "unseen_cls_f1_macro": 41.01251205987231, "unseen_epoch": 0.0, "unseen_iteration": 0.0, "unseen_global_iteration": 0.0, "seen_ner_prec_micro": 12.406417112299463, "seen_ner_rec_micro": 68.03519061583577, "seen_ner_f1_micro": 20.98597919493442, "seen_ner_prec_macro": 12.176146245195934, "seen_ner_rec_macro": 50.49282074926108, "seen_ner_f1_macro": 17.0133431872434, "seen_loc_prec_micro": 15.995189416716777, "seen_loc_rec_micro": 78.00586510263929, "seen_loc_f1_micro": 26.546906187624757, "seen_loc_prec_macro": 15.995189416716777, "seen_loc_rec_macro": 78.00586510263929, "seen_loc_f1_macro": 26.546906187624757, "seen_cls_prec_micro": 82.56227758007117, "seen_cls_rec_micro": 68.03519061583577, "seen_cls_f1_micro": 74.59807073954984, "seen_cls_prec_macro": 65.09333391587387, "seen_cls_rec_macro": 50.49282074926108, "seen_cls_f1_macro": 56.4709196384752, "seen_epoch": 0.0, "seen_iteration": 0.0, "seen_global_iteration": 0.0, "ner_prec_micro": 45.959051724137936, "ner_rec_micro": 50.62314540059347, "ner_f1_micro": 48.17848065518216, "ner_prec_macro": 40.75664512264812, "ner_rec_macro": 44.71842058800546, "ner_f1_macro": 42.38060340342476, "loc_prec_micro": 72.45328511151295, "loc_rec_micro": 71.3353115727003, "loc_f1_micro": 71.88995215311004, "loc_prec_macro": 72.45328511151295, "loc_rec_macro": 71.3353115727003, "loc_f1_macro": 71.88995215311004, "cls_prec_micro": 63.091715976331365, "cls_rec_micro": 50.62314540059347, "cls_f1_micro": 56.173855778729006, "cls_prec_macro": 55.079887677551135, "cls_rec_macro": 44.71842058800546, "cls_f1_macro": 49.28927622490541, "epoch": 0.0, "iteration": 0.0, "global_iteration": 0.0}}