{"test_metrics": {"unseen__f1": 0.0, "unseen__pr": 0.0, "unseen__rec": 0.0, "unseen__ner_f1": 0.7066666483879089, "unseen__ner_pr": 0.618895947933197, "unseen__ner_rec": 0.8234463334083557, "unseen__macro_f1": 0.0, "unseen__macro_pr": 0.0, "unseen__macro_rec": 0.0, "unseen__macro_ner_f1": 0.6925632357597351, "unseen__macro_ner_pr": 0.6302821636199951, "unseen__macro_ner_rec": 0.7849805951118469, "unseen__samples_per_s": 319.6198799215016, "unseen__samples_total_num": 255, "unseen__samples_total_s": 0.7978227138519287, "unseen__loc_pr": 0.5477386713027954, "unseen__loc_rec": 0.8825910687446594, "unseen__loc_f1": 0.6759689450263977, "unseen__org_pr": 0.6491228342056274, "unseen__org_rec": 0.744966447353363, "unseen__org_f1": 0.6937500238418579, "unseen__peop_pr": 0.7018181681632996, "unseen__peop_rec": 0.9368932247161865, "unseen__peop_f1": 0.8024947643280029, "unseen__other_pr": 0.6224489808082581, "unseen__other_rec": 0.5754716992378235, "unseen__other_f1": 0.5980392098426819, "seen__f1": 0.0, "seen__pr": 0.0, "seen__rec": 0.0, "seen__ner_f1": 0.6252354383468628, "seen__ner_pr": 0.4669479727745056, "seen__ner_rec": 0.945868968963623, "seen__macro_f1": 0.0, "seen__macro_pr": 0.0, "seen__macro_rec": 0.0, "seen__macro_ner_f1": 0.5662912130355835, "seen__macro_ner_pr": 0.4178558886051178, "seen__macro_ner_rec": 0.888896107673645, "seen__samples_per_s": 522.0063159758249, "seen__samples_total_num": 187, "seen__samples_total_s": 0.3582332134246826, "seen__loc_pr": 0.5359477400779724, "seen__loc_rec": 0.9820359349250793, "seen__loc_f1": 0.6934460997581482, "seen__org_pr": 0.4040403962135315, "seen__org_rec": 0.8695651888847351, "seen__org_f1": 0.5517241358757019, "seen__peop_pr": 0.46382978558540344, "seen__peop_rec": 0.9732142686843872, "seen__peop_f1": 0.6282420754432678, "seen__other_pr": 0.26760563254356384, "seen__other_rec": 0.7307692170143127, "seen__other_f1": 0.39175257086753845}, "test_metrics_bounds": {"unseen__f1": 0.0, "unseen__pr": 0.0, "unseen__rec": 0.0, "unseen__ner_f1": 0.73575758934021, "unseen__ner_pr": 0.6443736553192139, "unseen__ner_rec": 0.8573446273803711, "unseen__macro_f1": 0.0, "unseen__macro_pr": 0.0, "unseen__macro_rec": 0.0, "unseen__macro_ner_f1": 0.73575758934021, "unseen__macro_ner_pr": 0.6443736553192139, "unseen__macro_ner_rec": 0.8573446273803711, "unseen__samples_per_s": 319.6198799215016, "unseen__samples_total_num": 255, "unseen__samples_total_s": 0.7978227138519287, "seen__f1": 0.0, "seen__pr": 0.0, "seen__rec": 0.0, "seen__ner_f1": 0.6290018558502197, "seen__ner_pr": 0.4697608947753906, "seen__ner_rec": 0.9515669345855713, "seen__macro_f1": 0.0, "seen__macro_pr": 0.0, "seen__macro_rec": 0.0, "seen__macro_ner_f1": 0.6290018558502197, "seen__macro_ner_pr": 0.4697608947753906, "seen__macro_ner_rec": 0.9515669345855713, "seen__samples_per_s": 522.0063159758249, "seen__samples_total_num": 187, "seen__samples_total_s": 0.3582332134246826}}
