{"test_metrics": {"seen__f1": 0.0, "seen__pr": 0.0, "seen__rec": 0.0, "seen__ner_f1": 0.7619797587394714, "seen__ner_pr": 0.6567772030830383, "seen__ner_rec": 0.9073131680488586, "seen__macro_f1": 0.0, "seen__macro_pr": 0.0, "seen__macro_rec": 0.0, "seen__macro_ner_f1": 0.7048363089561462, "seen__macro_ner_pr": 0.5993923544883728, "seen__macro_ner_rec": 0.8646398186683655, "seen__samples_per_s": 468.29078708182533, "seen__samples_total_num": 2050, "seen__samples_total_s": 4.37762188911438, "seen__per_pr": 0.6929078102111816, "seen__per_rec": 0.9421408176422119, "seen__per_f1": 0.798528790473938, "seen__org_pr": 0.5069885849952698, "seen__org_rec": 0.8012048006057739, "seen__org_f1": 0.6210116744041443, "seen__wea_pr": 0.6904761791229248, "seen__wea_rec": 0.8656716346740723, "seen__wea_f1": 0.7682119011878967, "seen__gpe_pr": 0.754973828792572, "seen__gpe_rec": 0.9126582145690918, "seen__gpe_f1": 0.8263610005378723, "seen__veh_pr": 0.5412843823432922, "seen__veh_rec": 0.8939393758773804, "seen__veh_f1": 0.6742856502532959, "seen__fac_pr": 0.46289753913879395, "seen__fac_rec": 0.8343949317932129, "seen__fac_f1": 0.5954545736312866, "seen__loc_pr": 0.5462185144424438, "seen__loc_rec": 0.8024691343307495, "seen__loc_f1": 0.6500000357627869, "unseen__f1": 0.0, "unseen__pr": 0.0, "unseen__rec": 0.0, "unseen__ner_f1": 0.34382563829421997, "unseen__ner_pr": 0.22028310596942902, "unseen__ner_rec": 0.7829083204269409, "unseen__macro_f1": 0.0, "unseen__macro_pr": 0.0, "unseen__macro_rec": 0.0, "unseen__macro_ner_f1": 0.32756561040878296, "unseen__macro_ner_pr": 0.22337231040000916, "unseen__macro_ner_rec": 0.6504029035568237, "unseen__samples_per_s": 512.4200394354318, "unseen__samples_total_num": 2050, "unseen__samples_total_s": 4.000624179840088, "unseen__per_pr": 0.21950355172157288, "unseen__per_rec": 0.8868194818496704, "unseen__per_f1": 0.3519045114517212, "unseen__org_pr": 0.2833545207977295, "unseen__org_rec": 0.7147436141967773, "unseen__org_f1": 0.4058234989643097, "unseen__wea_pr": 0.1785714328289032, "unseen__wea_rec": 0.3947368562221527, "unseen__wea_f1": 0.2459016591310501, "unseen__gpe_pr": 0.1549738198518753, "unseen__gpe_rec": 0.7830687761306763, "unseen__gpe_f1": 0.25874125957489014, "unseen__veh_pr": 0.24770642817020416, "unseen__veh_rec": 0.6585366129875183, "unseen__veh_f1": 0.36000001430511475, "unseen__fac_pr": 0.2862190902233124, "unseen__fac_rec": 0.6639344096183777, "unseen__fac_f1": 0.40000003576278687, "unseen__loc_pr": 0.19327731430530548, "unseen__loc_rec": 0.45098039507865906, "unseen__loc_f1": 0.2705882489681244}, "test_metrics_bounds": {"seen__f1": 0.0, "seen__pr": 0.0, "seen__rec": 0.0, "seen__ner_f1": 0.8128028512001038, "seen__ner_pr": 0.7006022930145264, "seen__ner_rec": 0.967793881893158, "seen__macro_f1": 0.0, "seen__macro_pr": 0.0, "seen__macro_rec": 0.0, "seen__macro_ner_f1": 0.8128028512001038, "seen__macro_ner_pr": 0.7006022930145264, "seen__macro_ner_rec": 0.967793881893158, "seen__samples_per_s": 468.29078708182533, "seen__samples_total_num": 2050, "seen__samples_total_s": 4.37762188911438, "unseen__f1": 0.0, "unseen__pr": 0.0, "unseen__rec": 0.0, "unseen__ner_f1": 0.38011518120765686, "unseen__ner_pr": 0.2436370700597763, "unseen__ner_rec": 0.8642315864562988, "unseen__macro_f1": 0.0, "unseen__macro_pr": 0.0, "unseen__macro_rec": 0.0, "unseen__macro_ner_f1": 0.38011518120765686, "unseen__macro_ner_pr": 0.2436370700597763, "unseen__macro_ner_rec": 0.8642315864562988, "unseen__samples_per_s": 512.4200394354318, "unseen__samples_total_num": 2050, "unseen__samples_total_s": 4.000624179840088}}