{"test_metrics": {"f1": 0.0, "pr": 0.0, "rec": 0.0, "ner_f1": 0.8639329075813293, "ner_pr": 0.8528059124946594, "ner_rec": 0.8753541111946106, "macro_f1": 0.0, "macro_pr": 0.0, "macro_rec": 0.0, "macro_ner_f1": 0.8188591003417969, "macro_ner_pr": 0.8101423978805542, "macro_ner_rec": 0.8288370966911316, "samples_per_s": 192.01977742763728, "samples_total_num": 288, "samples_total_s": 1.4998455047607422, "loc_pr": 0.8805620670318604, "loc_rec": 0.9082125425338745, "loc_f1": 0.8941736221313477, "org_pr": 0.7924528121948242, "org_rec": 0.8615384697914124, "org_f1": 0.8255528807640076, "peop_pr": 0.9415384531021118, "peop_rec": 0.9622641801834106, "peop_f1": 0.9517884850502014, "other_pr": 0.6260162591934204, "other_rec": 0.5833333134651184, "other_f1": 0.6039215326309204}, "test_metrics_bounds": {"f1": 0.0, "pr": 0.0, "rec": 0.0, "ner_f1": 0.8881640434265137, "ner_pr": 0.8767249584197998, "ner_rec": 0.8999055624008179, "macro_f1": 0.0, "macro_pr": 0.0, "macro_rec": 0.0, "macro_ner_f1": 0.8881640434265137, "macro_ner_pr": 0.8767249584197998, "macro_ner_rec": 0.8999055624008179, "samples_per_s": 192.01977742763728, "samples_total_num": 288, "samples_total_s": 1.4998455047607422}, "metrics": {"f1": [0.0, 0.0, 0.0, 0.0, 0.0, 0.0, 0.0, 0.0, 0.0, 0.0, 0.0, 0.0, 0.0, 0.0, 0.0, 0.0, 0.0, 0.0, 0.0, 0.0, 0.0, 0.0, 0.0, 0.0, 0.0, 0.0, 0.0, 0.0, 0.0, 0.0, 0.0, 0.0, 0.0, 0.0], "pr": [0.0, 0.0, 0.0, 0.0, 0.0, 0.0, 0.0, 0.0, 0.0, 0.0, 0.0, 0.0, 0.0, 0.0, 0.0, 0.0, 0.0, 0.0, 0.0, 0.0, 0.0, 0.0, 0.0, 0.0, 0.0, 0.0, 0.0, 0.0, 0.0, 0.0, 0.0, 0.0, 0.0, 0.0], "rec": [0.0, 0.0, 0.0, 0.0, 0.0, 0.0, 0.0, 0.0, 0.0, 0.0, 0.0, 0.0, 0.0, 0.0, 0.0, 0.0, 0.0, 0.0, 0.0, 0.0, 0.0, 0.0, 0.0, 0.0, 0.0, 0.0, 0.0, 0.0, 0.0, 0.0, 0.0, 0.0, 0.0, 0.0], "ner_f1": [0.45584046840667725, 0.7394766807556152, 0.776831328868866, 0.7897663116455078, 0.7673179507255554, 0.8118248581886292, 0.8075560927391052, 0.8135788440704346, 0.8368631601333618, 0.8465116620063782, 0.829034149646759, 0.8247190713882446, 0.823660671710968, 0.8479262590408325, 0.8452786803245544, 0.8370754718780518, 0.8455666303634644, 0.8641114830970764, 0.8520022630691528, 0.8395348787307739, 0.8326530456542969, 0.839378297328949, 0.8566533327102661, 0.8642815947532654, 0.8614318370819092, 0.8515624403953552, 0.8499714732170105, 0.8476517200469971, 0.8635321259498596, 0.8568089008331299, 0.8515759110450745, 0.8462867140769958, 0.8507462739944458, 0.8587963581085205], "ner_pr": [0.6049149632453918, 0.7361268401145935, 0.772009015083313, 0.7692307829856873, 0.7960687875747681, 0.807692289352417, 0.8351648449897766, 0.8192352056503296, 0.838302731513977, 0.8615384697914124, 0.872474730014801, 0.8110496997833252, 0.8047982454299927, 0.8548199534416199, 0.8414496183395386, 0.8433874845504761, 0.8695651888847351, 0.8783943057060242, 0.8655660152435303, 0.8544378876686096, 0.8500000238418579, 0.8457076549530029, 0.8561643958091736, 0.8589164614677429, 0.8704783916473389, 0.8320610523223877, 0.8485193848609924, 0.8495981693267822, 0.8665132522583008, 0.8767942786216736, 0.8540229797363281, 0.8526682257652283, 0.85467129945755, 0.8698710203170776], "ner_rec": [0.36571428179740906, 0.7428571581840515, 0.7817142605781555, 0.8114285469055176, 0.7405714392662048, 0.8159999847412109, 0.7817142605781555, 0.8080000281333923, 0.8354285955429077, 0.8320000171661377, 0.7897142767906189, 0.838857114315033, 0.8434285521507263, 0.8411428332328796, 0.849142849445343, 0.8308571577072144, 0.822857141494751, 0.8502857089042664, 0.838857114315033, 0.8251428604125977, 0.8159999847412109, 0.833142876625061, 0.8571428656578064, 0.8697142601013184, 0.852571427822113, 0.871999979019165, 0.8514285683631897, 0.845714271068573, 0.8605714440345764, 0.8377143144607544, 0.849142849445343, 0.8399999737739563, 0.8468571305274963, 0.8479999899864197], "macro_f1": [0.0, 0.0, 0.0, 0.0, 0.0, 0.0, 0.0, 0.0, 0.0, 0.0, 0.0, 0.0, 0.0, 0.0, 0.0, 0.0, 0.0, 0.0, 0.0, 0.0, 0.0, 0.0, 0.0, 0.0, 0.0, 0.0, 0.0, 0.0, 0.0, 0.0, 0.0, 0.0, 0.0, 0.0], "macro_pr": [0.0, 0.0, 0.0, 0.0, 0.0, 0.0, 0.0, 0.0, 0.0, 0.0, 0.0, 0.0, 0.0, 0.0, 0.0, 0.0, 0.0, 0.0, 0.0, 0.0, 0.0, 0.0, 0.0, 0.0, 0.0, 0.0, 0.0, 0.0, 0.0, 0.0, 0.0, 0.0, 0.0, 0.0], "macro_rec": [0.0, 0.0, 0.0, 0.0, 0.0, 0.0, 0.0, 0.0, 0.0, 0.0, 0.0, 0.0, 0.0, 0.0, 0.0, 0.0, 0.0, 0.0, 0.0, 0.0, 0.0, 0.0, 0.0, 0.0, 0.0, 0.0, 0.0, 0.0, 0.0, 0.0, 0.0, 0.0, 0.0, 0.0], "macro_ner_f1": [0.28868257999420166, 0.6658358573913574, 0.717116117477417, 0.7406238317489624, 0.685607373714447, 0.7561297416687012, 0.747534990310669, 0.7598268985748291, 0.7739994525909424, 0.798484206199646, 0.7760518193244934, 0.779002845287323, 0.7710036039352417, 0.7983602285385132, 0.7980688810348511, 0.7851694822311401, 0.7834432721138, 0.8109487295150757, 0.7975845336914062, 0.7832885980606079, 0.7728570103645325, 0.7861423492431641, 0.8071482181549072, 0.8159712553024292, 0.802126407623291, 0.8079264760017395, 0.7957636117935181, 0.7941984534263611, 0.8090431690216064, 0.7991808652877808, 0.8008686900138855, 0.7901341319084167, 0.7986496686935425, 0.8070242404937744], "macro_ner_pr": [0.3663421869277954, 0.7269454598426819, 0.7168915271759033, 0.7632861137390137, 0.7848713994026184, 0.7755626440048218, 0.816366970539093, 0.7780776023864746, 0.787001371383667, 0.8284525871276855, 0.8323614001274109, 0.7868107557296753, 0.7621196508407593, 0.8099515438079834, 0.8141096234321594, 0.8061863780021667, 0.8349727392196655, 0.8416230082511902, 0.8349421620368958, 0.8296956419944763, 0.8294401168823242, 0.8023015260696411, 0.8234639167785645, 0.8241802453994751, 0.8336844444274902, 0.7996337413787842, 0.8100221753120422, 0.8126425743103027, 0.8322546482086182, 0.85052490234375, 0.8066661357879639, 0.81484454870224, 0.823955774307251, 0.8333332538604736], "macro_ner_rec": [0.27545028924942017, 0.654275119304657, 0.7213712334632874, 0.7413930892944336, 0.6496967673301697, 0.7534938454627991, 0.7109860181808472, 0.7468931078910828, 0.7664978504180908, 0.7758852243423462, 0.7322096824645996, 0.7795782089233398, 0.7854409217834473, 0.7879801988601685, 0.7913351655006409, 0.7703391313552856, 0.7557743787765503, 0.7898154854774475, 0.7755902409553528, 0.7586613893508911, 0.7467820644378662, 0.7741944193840027, 0.7970750331878662, 0.8141780495643616, 0.7857523560523987, 0.8194539546966553, 0.7875327467918396, 0.7823470234870911, 0.7972574830055237, 0.7697389125823975, 0.7967195510864258, 0.77420574426651, 0.7846919298171997, 0.7888146042823792], "samples_per_s": [171.8927949151974, 186.218783052258, 193.6045754487657, 210.07678671167344, 195.64541502986725, 217.65283885565174, 195.5202203971936, 218.56771276635342, 196.02973614562723, 203.57811305293347, 214.2181394799692, 184.47874699400802, 192.83311951310287, 195.74739467269106, 193.513898115241, 190.4494641224243, 208.30794904810813, 199.61136523912035, 197.46260275804048, 195.54681726176312, 201.31864383536026, 203.31474617244157, 188.24741580604586, 188.80246622243743, 199.25520732112858, 188.0437299524633, 220.10171413617132, 197.8011083493679, 199.65039984306304, 221.09846903532727, 201.77895421028046, 213.52575661942828, 209.9667965770239, 210.10348214947885], "samples_total_num": [231, 231, 231, 231, 231, 231, 231, 231, 231, 231, 231, 231, 231, 231, 231, 231, 231, 231, 231, 231, 231, 231, 231, 231, 231, 231, 231, 231, 231, 231, 231, 231, 231, 231],