{"test_metrics": {"f1": 0.0, "pr": 0.0, "rec": 0.0, "ner_f1": 0.8753259181976318, "ner_pr": 0.8764262199401855, "ner_rec": 0.8742284178733826, "macro_f1": 0.0, "macro_pr": 0.0, "macro_rec": 0.0, "macro_ner_f1": 0.801146388053894, "macro_ner_pr": 0.8183660507202148, "macro_ner_rec": 0.7865822911262512, "samples_per_s": 128.57051943049498, "samples_total_num": 2050, "samples_total_s": 15.944557189941406, "per_pr": 0.9098274111747742, "per_rec": 0.9318181872367859, "per_f1": 0.9206915497779846, "org_pr": 0.8095855116844177, "org_rec": 0.7716049551963806, "org_f1": 0.7901391386985779, "wea_pr": 0.8426966071128845, "wea_rec": 0.7142857313156128, "wea_f1": 0.7731958627700806, "gpe_pr": 0.886294424533844, "gpe_rec": 0.8917262554168701, "gpe_f1": 0.8890020847320557, "veh_pr": 0.7727272510528564, "veh_rec": 0.7943925261497498, "veh_f1": 0.7834100723266602, "fac_pr": 0.8204081654548645, "fac_rec": 0.7204301357269287, "fac_f1": 0.7671756148338318, "loc_pr": 0.6870229244232178, "loc_rec": 0.6818181872367859, "loc_f1": 0.6844106316566467}, "test_metrics_bounds": {"f1": 0.0, "pr": 0.0, "rec": 0.0, "ner_f1": 0.9383648037910461, "ner_pr": 0.9399108290672302, "ner_rec": 0.9368237853050232, "macro_f1": 0.0, "macro_pr": 0.0, "macro_rec": 0.0, "macro_ner_f1": 0.9383648037910461, "macro_ner_pr": 0.9399108290672302, "macro_ner_rec": 0.9368237853050232, "samples_per_s": 128.57051943049498, "samples_total_num": 2050, "samples_total_s": 15.944557189941406}, "metrics": {"f1": [0.0, 0.0, 0.0, 0.0, 0.0, 0.0, 0.0, 0.0, 0.0, 0.0, 0.0, 0.0, 0.0, 0.0, 0.0, 0.0, 0.0, 0.0, 0.0, 0.0, 0.0, 0.0, 0.0, 0.0, 0.0], "pr": [0.0, 0.0, 0.0, 0.0, 0.0, 0.0, 0.0, 0.0, 0.0, 0.0, 0.0, 0.0, 0.0, 0.0, 0.0, 0.0, 0.0, 0.0, 0.0, 0.0, 0.0, 0.0, 0.0, 0.0, 0.0], "rec": [0.0, 0.0, 0.0, 0.0, 0.0, 0.0, 0.0, 0.0, 0.0, 0.0, 0.0, 0.0, 0.0, 0.0, 0.0, 0.0, 0.0, 0.0, 0.0, 0.0, 0.0, 0.0, 0.0, 0.0, 0.0], "ner_f1": [0.7749357223510742, 0.8093461990356445, 0.8348246812820435, 0.8509642481803894, 0.8424096703529358, 0.8512821197509766, 0.8582988977432251, 0.8574941158294678, 0.8602310419082642, 0.8606941103935242, 0.8645561337471008, 0.8644248843193054, 0.8633602261543274, 0.8411352634429932, 0.8608758449554443, 0.8594880104064941, 0.8618811964988708, 0.8663313984870911, 0.8654733896255493, 0.8583149313926697, 0.8668197393417358, 0.8705193996429443, 0.8713726997375488, 0.8697144985198975, 0.8704460263252258], "ner_pr": [0.7667940258979797, 0.8251394033432007, 0.8278177380561829, 0.8446260094642639, 0.8323809504508972, 0.8523227572441101, 0.8543579578399658, 0.8643648028373718, 0.8731993436813354, 0.8544871807098389, 0.8676711320877075, 0.8742724061012268, 0.8720968961715698, 0.84375, 0.8540566563606262, 0.8591389060020447, 0.861811101436615, 0.8788689970970154, 0.862191379070282, 0.8662030100822449, 0.8744209408760071, 0.8703071475028992, 0.8736515045166016, 0.8749383091926575, 0.8745896220207214], "ner_rec": [0.7832520604133606, 0.7941463589668274, 0.8419511914253235, 0.8573983907699585, 0.8526829481124878, 0.8502439260482788, 0.8622764348983765, 0.8507317304611206, 0.8476423025131226, 0.8669918775558472, 0.8614634275436401, 0.8547967672348022, 0.8547967672348022, 0.8385365605354309, 0.8678048849105835, 0.8598374128341675, 0.8619512319564819, 0.8541463613510132, 0.8687804937362671, 0.8505691289901733, 0.8593496084213257, 0.8707317113876343, 0.8691056966781616, 0.8645528554916382, 0.8663414716720581], "macro_f1": [0.0, 0.0, 0.0, 0.0, 0.0, 0.0, 0.0, 0.0, 0.0, 0.0, 0.0, 0.0, 0.0, 0.0, 0.0, 0.0, 0.0, 0.0, 0.0, 0.0, 0.0, 0.0, 0.0, 0.0, 0.0], "macro_pr": [0.0, 0.0, 0.0, 0.0, 0.0, 0.0, 0.0, 0.0, 0.0, 0.0, 0.0, 0.0, 0.0, 0.0, 0.0, 0.0, 0.0, 0.0, 0.0, 0.0, 0.0, 0.0, 0.0, 0.0, 0.0], "macro_rec": [0.0, 0.0, 0.0, 0.0, 0.0, 0.0, 0.0, 0.0, 0.0, 0.0, 0.0, 0.0, 0.0, 0.0, 0.0, 0.0, 0.0, 0.0, 0.0, 0.0, 0.0, 0.0, 0.0, 0.0, 0.0], "macro_ner_f1": [0.5857933759689331, 0.6224128603935242, 0.7320027947425842, 0.7502877116203308, 0.7608745694160461, 0.7492923140525818, 0.7624973654747009, 0.7474284768104553, 0.7643952369689941, 0.7692698836326599, 0.769241452217102, 0.7783834338188171, 0.781474769115448, 0.7711801528930664, 0.7819890379905701, 0.7771099805831909, 0.7855342626571655, 0.7912503480911255, 0.7914865612983704, 0.7818228006362915, 0.784030556678772, 0.796879768371582, 0.7980982661247253, 0.7911750078201294, 0.7920339703559875], "macro_ner_pr": [0.5867196321487427, 0.730027973651886, 0.7421256899833679, 0.7955451607704163, 0.7917929291725159, 0.789478600025177, 0.7422017455101013, 0.7780750393867493, 0.8292633295059204, 0.7560388445854187, 0.812406063079834, 0.7979293465614319, 0.8068522214889526, 0.8048124313354492, 0.7789160013198853, 0.7657586336135864, 0.7857791781425476, 0.8380975723266602, 0.8103205561637878, 0.8025961518287659, 0.8082043528556824, 0.8211727142333984, 0.8250711560249329, 0.8217032551765442, 0.8212135434150696], "macro_ner_rec": [0.6416441798210144, 0.6020022630691528, 0.7341775894165039, 0.7297301292419434, 0.7424101233482361, 0.7243075370788574, 0.7935366630554199, 0.7362289428710938, 0.718384861946106, 0.7869803309440613, 0.7362847924232483, 0.7614473700523376, 0.7605222463607788, 0.7530887722969055, 0.7882007956504822, 0.7966021299362183, 0.7865023016929626, 0.7538209557533264, 0.7775446772575378, 0.7663667798042297, 0.7651360630989075, 0.7758141756057739, 0.7749573588371277, 0.7649731040000916, 0.7669234275817871], "samples_per_s": [154.66311858218836, 164.7318579385241, 164.44299125651702, 169.42027483290425, 180.82591720839505, 173.14896186779646, 169.36522893938073, 168.9189381065871, 163.7112998541323, 153.83821416755583, 137.34888668846665, 144.41760597889274, 141.72263539969668, 136.92232642411875, 128.07860906810092, 134.54335761760615, 141.32374175323872, 139.33038771816788, 142.2335142178224, 125.490588912718, 128.54422202770314, 124.77647574550517, 125.39874167322175, 133.75444857513622, 130.96387869761398], "samples_total_num": [2420, 2420, 2420, 2420, 2420, 2420, 2420, 2420, 2420, 2420, 2420, 2420, 2420, 2420, 2420, 2420, 2420, 2420, 2420, 2420, 2420, 2420, 2420, 2420, 2420], "samples_total_s": [15.646910667419434, 14.690540313720703, 14.716346263885498, 14.28400468826294, 13.383037328720093, 13.976404905319214, 14.288647174835205, 14.326398372650146, 14.782119512557983, 15.730811834335327, 17.61936378479004, 16.756959676742554, 17.07560682296753, 17.674254179000854, 18.894646167755127, 17.986766815185547, 17.12380361557007, 17.368788242340088, 17.01427412033081, 19.28431463241577, 18.82620596885681, 19.394681453704834, 19.298439264297485, 18.09285616874695, 18.4783775806427], "per_pr": [0.9280980825424194, 0.913874089717865, 0.8621469140052795, 0.8927013874053955, 0.8414502143859863, 0.9306174516677856, 0.9312185645103455, 0.9364217519760132, 0.9303420186042786, 0.9161566495895386, 0.9157099723815918, 0.9079699516296387, 0.9015606045722961, 0.929973840713501, 0.8840161561965942, 0.9276461005210876, 0.9132824540138245, 0.9211746454238892, 0.9036505222320557, 0.9241573214530945, 0.9172518849372864, 0.9030928015708923, 0.9118531942367554, 0.9137409329414368, 0.9130697250366211], "per_rec": [0.848273754119873, 0.8837068676948547, 0.9242883324623108, 0.9297395348548889, 0.941853404045105, 0.8855239152908325, 0.8979406356811523, 0.8876438736915588, 0.8979406356811523, 0.9067232012748718, 0.9179285168647766, 0.9142943620681763, 0.9097516536712646, 0.8606904745101929, 0.9279224872589111, 0.8891580700874329, 0.9058146476745605, 0.902483344078064, 0.91459721326828, 0.8967292308807373, 0.9097516536712646, 0.9285281896591187, 0.9179285168647766, 0.9142943620681763, 0.9161114692687988],