{"test_metrics": {"f1": 0.0, "pr": 0.0, "rec": 0.0, "ner_f1": 0.7786718010902405, "ner_pr": 0.7886881232261658, "ner_rec": 0.7689067721366882, "macro_f1": 0.0, "macro_pr": 0.0, "macro_rec": 0.0, "macro_ner_f1": 0.7802646160125732, "macro_ner_pr": 0.8186838030815125, "macro_ner_rec": 0.7483523488044739, "samples_per_s": 396.39825051842155, "samples_total_num": 1854, "samples_total_s": 4.677114486694336, "dna_pr": 0.768588125705719, "dna_rec": 0.7449392676353455, "dna_f1": 0.7565789818763733, "rna_pr": 0.9431818127632141, "rna_rec": 0.7980769276618958, "rna_f1": 0.8645833134651184, "cell_type_pr": 0.7383015751838684, "cell_type_rec": 0.7220339179039001, "cell_type_f1": 0.7300771474838257, "protein_pr": 0.7952100038528442, "protein_rec": 0.8024518489837646, "protein_f1": 0.7988144755363464, "cell_line_pr": 0.8481375575065613, "cell_line_rec": 0.6742596626281738, "cell_line_f1": 0.7512690424919128}, "test_metrics_bounds": {"f1": 0.0, "pr": 0.0, "rec": 0.0, "ner_f1": 0.8184992074966431, "ner_pr": 0.8291102051734924, "ner_rec": 0.8081562519073486, "macro_f1": 0.0, "macro_pr": 0.0, "macro_rec": 0.0, "macro_ner_f1": 0.8184992074966431, "macro_ner_pr": 0.8291102051734924, "macro_ner_rec": 0.8081562519073486, "samples_per_s": 396.39825051842155, "samples_total_num": 1854, "samples_total_s": 4.677114486694336}, "metrics": {"f1": [0.0, 0.0, 0.0, 0.0, 0.0, 0.0, 0.0, 0.0, 0.0, 0.0, 0.0, 0.0, 0.0, 0.0, 0.0, 0.0, 0.0, 0.0, 0.0, 0.0], "pr": [0.0, 0.0, 0.0, 0.0, 0.0, 0.0, 0.0, 0.0, 0.0, 0.0, 0.0, 0.0, 0.0, 0.0, 0.0, 0.0, 0.0, 0.0, 0.0, 0.0], "rec": [0.0, 0.0, 0.0, 0.0, 0.0, 0.0, 0.0, 0.0, 0.0, 0.0, 0.0, 0.0, 0.0, 0.0, 0.0, 0.0, 0.0, 0.0, 0.0, 0.0], "ner_f1": [0.7060316205024719, 0.7511320114135742, 0.7557631134986877, 0.7692307829856873, 0.7610793709754944, 0.7728880643844604, 0.7698538303375244, 0.7724004983901978, 0.7701581120491028, 0.7672629952430725, 0.7711611390113831, 0.773245096206665, 0.7650435566902161, 0.7735664248466492, 0.7757338285446167, 0.7709442377090454, 0.7737383842468262, 0.7786718010902405, 0.7766878008842468, 0.7761193513870239], "ner_pr": [0.7200875878334045, 0.7403756976127625, 0.7680901288986206, 0.7612975835800171, 0.7836138606071472, 0.7936251759529114, 0.7951438426971436, 0.773215651512146, 0.795793354511261, 0.7708212733268738, 0.7775399088859558, 0.786648154258728, 0.7918459177017212, 0.7939931750297546, 0.7932759523391724, 0.7944343090057373, 0.7924528121948242, 0.7886881232261658, 0.7802898287773132, 0.7858685255050659], "ner_rec": [0.6925138831138611, 0.7622056007385254, 0.743825376033783, 0.7773310542106628, 0.7398046851158142, 0.7532069683074951, 0.7461228966712952, 0.7715871930122375, 0.7461228966712952, 0.7637373208999634, 0.7648860812187195, 0.7602910399436951, 0.7399961948394775, 0.7541642785072327, 0.7589507699012756, 0.7488033771514893, 0.7558874487876892, 0.7689067721366882, 0.7731189131736755, 0.766609251499176], "macro_f1": [0.0, 0.0, 0.0, 0.0, 0.0, 0.0, 0.0, 0.0, 0.0, 0.0, 0.0, 0.0, 0.0, 0.0, 0.0, 0.0, 0.0, 0.0, 0.0, 0.0], "macro_pr": [0.0, 0.0, 0.0, 0.0, 0.0, 0.0, 0.0, 0.0, 0.0, 0.0, 0.0, 0.0, 0.0, 0.0, 0.0, 0.0, 0.0, 0.0, 0.0, 0.0], "macro_rec": [0.0, 0.0, 0.0, 0.0, 0.0, 0.0, 0.0, 0.0, 0.0, 0.0, 0.0, 0.0, 0.0, 0.0, 0.0, 0.0, 0.0, 0.0, 0.0, 0.0], "macro_ner_f1": [0.6808199882507324, 0.7459160685539246, 0.7602264285087585, 0.7587019801139832, 0.750501275062561, 0.772915244102478, 0.7744000554084778, 0.7689172625541687, 0.7661141157150269, 0.7607227563858032, 0.7687727808952332, 0.7755309343338013, 0.7688302993774414, 0.7719472050666809, 0.7709001302719116, 0.7700374126434326, 0.7721301317214966, 0.7802646160125732, 0.7768746614456177, 0.7779422998428345], "macro_ner_pr": [0.6906017065048218, 0.7585717439651489, 0.7908351421356201, 0.7635151147842407, 0.769644558429718, 0.8188648223876953, 0.8089631795883179, 0.7825675010681152, 0.8044278025627136, 0.7778141498565674, 0.7865098118782043, 0.8076373338699341, 0.8136069178581238, 0.8143617510795593, 0.808936595916748, 0.8121237754821777, 0.813129723072052, 0.8186838030815125, 0.8075583577156067, 0.8142367601394653], "macro_ner_rec": [0.6769590377807617, 0.7365075349807739, 0.7366905808448792, 0.7548469305038452, 0.7381579279899597, 0.7367587685585022, 0.7446879148483276, 0.7586524486541748, 0.7336267828941345, 0.7469137907028198, 0.7536016702651978, 0.7486351132392883, 0.7309278249740601, 0.7358927726745605, 0.7387555837631226, 0.7353451251983643, 0.7371754050254822, 0.7483523488044739, 0.7513362765312195, 0.7480668425559998], "samples_per_s": [374.8502159443816, 386.95977847235315, 395.5735793274815, 391.2969118386312, 397.06270558442094, 396.870293198799, 381.41992907750284, 377.1784581666151, 398.6986099044532, 394.30942306084313, 394.73800483447786, 396.85862678795866, 388.0858140290795, 386.77743479860067, 397.2793951893686, 387.18954046857453, 388.2321366922433, 389.4620903943908, 394.8368355574548, 396.14679720904434], "samples_total_num": [1854, 1854, 1854, 1854, 1854, 1854, 1854, 1854, 1854, 1854, 1854, 1854, 1854, 1854, 1854, 1854, 1854, 1854, 1854, 1854], "samples_total_s": [4.9459755420684814, 4.791195631027222, 4.6868650913238525, 4.7380900382995605, 4.66928768157959, 4.671551465988159, 4.860784292221069, 4.91544508934021, 4.650129079818726, 4.701891183853149, 4.696786165237427, 4.671688795089722, 4.777293920516968, 4.79345440864563, 4.666740894317627, 4.7883524894714355, 4.775493383407593, 4.760411977767944, 4.695610523223877, 4.680083274841309], "dna_pr": [0.7092682719230652, 0.7232142686843872, 0.6572218537330627, 0.7190402746200562, 0.708395779132843, 0.7579564452171326, 0.7246732115745544, 0.7284515500068665, 0.745244026184082, 0.7300319671630859, 0.7385725975036621, 0.7536945939064026, 0.7413508892059326, 0.7596964836120605, 0.7700854539871216, 0.7555192112922668, 0.7879325747489929, 0.768588125705719, 0.768781304359436, 0.7636815905570984], "dna_rec": [0.5886639952659607, 0.7214574813842773, 0.7700405120849609, 0.752226710319519, 0.7651821970939636, 0.7327935099601746, 0.7182186245918274, 0.7732793688774109, 0.7295546531677246, 0.7400809526443481, 0.7457489967346191, 0.7433198094367981, 0.7287449240684509, 0.7295546531677246, 0.7295546531677246, 0.7481781244277954, 0.7190283536911011, 0.7449392676353455, 0.7457489967346191, 0.7457489967346191], "dna_f1": [0.6433628797531128, 0.7223348021507263, 0.7091723680496216, 0.7352591753005981, 0.7356948256492615, 0.7451626658439636, 0.7214314341545105, 0.7501963973045349, 0.737315833568573, 0.7350220680236816, 0.742143452167511, 0.748471200466156, 0.7349938750267029, 0.7443205714225769, 0.749272346496582, 0.7518307566642761, 0.7519052028656006, 0.7565789818763733, 0.7570900321006775, 0.754608690738678], "rna_pr": [0.5905511975288391, 0.8387096524238586, 0.8736842274665833, 0.8039215803146362, 0.7456140518188477, 0.9042553305625916, 0.9444444179534912, 0.8529411554336548, 0.8865979313850403, 0.813725471496582, 0.8854166865348816, 0.9333333373069763, 0.9425287246704102, 0.9101123809814453, 0.8901098966598511, 0.931034505367279, 0.9204545617103577, 0.9431818127632141, 0.9230769276618958, 0.9333333373069763], "rna_rec": [0.7211538553237915, 0.75, 0.7980769276618958, 0.7884615659713745, 0.817307710647583, 0.817307710647583, 0.817307710647583, 0.8365384340286255, 0.8269230723381042, 0.7980769276618958, 0.817307710647583, 0.807692289352417, 0.7884615659713745, 0.7788461446762085, 0.7788461446762085, 0.7788461446762085, 0.7788461446762085, 0.7980769276618958, 0.807692289352417, 0.807692289352417], "rna_f1": [0.649350643157959, 0.7918782234191895, 0.8341708779335022, 0.7961164712905884, 0.7798165082931519, 0.8585858345031738, 0.8762887120246887, 0.844660222530365, 0.8557213544845581, 0.8058252930641174, 0.8500000238418579, 0.8659793734550476, 0.8586387634277344, 0.8393782377243042, 0.8307691812515259, 0.8481675982475281, 0.8437499403953552, 0.8645833134651184, 0.8615385293960571, 0.8659793734550476],