{"test_metrics": {"seen__f1": 0.0, "seen__pr": 0.0, "seen__rec": 0.0, "seen__ner_f1": 0.6019881963729858, "seen__ner_pr": 0.46627679467201233, "seen__ner_rec": 0.8491302728652954, "seen__macro_f1": 0.0, "seen__macro_pr": 0.0, "seen__macro_rec": 0.0, "seen__macro_ner_f1": 0.5545838475227356, "seen__macro_ner_pr": 0.43135982751846313, "seen__macro_ner_rec": 0.8223525285720825, "seen__samples_per_s": 508.6516597683129, "seen__samples_total_num": 1854, "seen__samples_total_s": 3.644930601119995, "seen__dna_pr": 0.30882352590560913, "seen__dna_rec": 0.7924528121948242, "seen__dna_f1": 0.4444444179534912, "seen__rna_pr": 0.3366336524486542, "seen__rna_rec": 0.8717948794364929, "seen__rna_f1": 0.485714316368103, "seen__cell_type_pr": 0.6326923370361328, "seen__cell_type_rec": 0.765116274356842, "seen__cell_type_f1": 0.6926316022872925, "seen__protein_pr": 0.5216942429542542, "seen__protein_rec": 0.8917009830474854, "seen__protein_f1": 0.6582663655281067, "seen__cell_line_pr": 0.3569553792476654, "seen__cell_line_rec": 0.7906976938247681, "seen__cell_line_f1": 0.49186253547668457, "unseen__f1": 0.0, "unseen__pr": 0.0, "unseen__rec": 0.0, "unseen__ner_f1": 0.4509023427963257, "unseen__ner_pr": 0.3311890959739685, "unseen__ner_rec": 0.7061513066291809, "unseen__macro_f1": 0.0, "unseen__macro_pr": 0.0, "unseen__macro_rec": 0.0, "unseen__macro_ner_f1": 0.49648556113243103, "unseen__macro_ner_pr": 0.39072534441947937, "unseen__macro_ner_rec": 0.7156002521514893, "unseen__samples_per_s": 572.6844711846073, "unseen__samples_total_num": 1854, "unseen__samples_total_s": 3.237384796142578, "unseen__dna_pr": 0.4501633942127228, "unseen__dna_rec": 0.7269129157066345, "unseen__dna_f1": 0.5560040473937988, "unseen__rna_pr": 0.5643564462661743, "unseen__rna_rec": 0.8769230842590332, "unseen__rna_f1": 0.6867470145225525, "unseen__cell_type_pr": 0.18076923489570618, "unseen__cell_type_rec": 0.5874999761581421, "unseen__cell_type_f1": 0.2764706015586853, "unseen__protein_pr": 0.2806473970413208, "unseen__protein_rec": 0.7050173282623291, "unseen__protein_f1": 0.4014778733253479, "unseen__cell_line_pr": 0.47769027948379517, "unseen__cell_line_rec": 0.6816479563713074, "unseen__cell_line_f1": 0.5617283582687378}, "test_metrics_bounds": {"seen__f1": 0.0, "seen__pr": 0.0, "seen__rec": 0.0, "seen__ner_f1": 0.6116077303886414, "seen__ner_pr": 0.4738587737083435, "seen__ner_rec": 0.8622648119926453, "seen__macro_f1": 0.0, "seen__macro_pr": 0.0, "seen__macro_rec": 0.0, "seen__macro_ner_f1": 0.6116077303886414, "seen__macro_ner_pr": 0.4738587737083435, "seen__macro_ner_rec": 0.8622648119926453, "seen__samples_per_s": 508.6516597683129, "seen__samples_total_num": 1854, "seen__samples_total_s": 3.644930601119995, "unseen__f1": 0.0, "unseen__pr": 0.0, "unseen__rec": 0.0, "unseen__ner_f1": 0.48884761333465576, "unseen__ner_pr": 0.35914942622184753, "unseen__ner_rec": 0.7651703953742981, "unseen__macro_f1": 0.0, "unseen__macro_pr": 0.0, "unseen__macro_rec": 0.0, "unseen__macro_ner_f1": 0.48884761333465576, "unseen__macro_ner_pr": 0.35914942622184753, "unseen__macro_ner_rec": 0.7651703953742981, "unseen__samples_per_s": 572.6844711846073, "unseen__samples_total_num": 1854, "unseen__samples_total_s": 3.237384796142578}}