{"test_metrics": {"unseen_ner_prec_micro": 39.79381443298969, "unseen_ner_rec_micro": 55.38020086083214, "unseen_ner_f1_micro": 46.31073785242951, "unseen_ner_prec_macro": 38.68861020399692, "unseen_ner_rec_macro": 51.12658088890844, "unseen_ner_f1_macro": 43.42002405672182, "unseen_loc_prec_micro": 49.0301724137931, "unseen_loc_rec_micro": 65.27977044476327, "unseen_loc_f1_micro": 56.00000000000001, "unseen_loc_prec_macro": 49.0301724137931, "unseen_loc_rec_macro": 65.27977044476327, "unseen_loc_f1_macro": 56.00000000000001, "unseen_cls_prec_micro": 80.92243186582809, "unseen_cls_rec_micro": 55.38020086083214, "unseen_cls_f1_micro": 65.75809199318569, "unseen_cls_prec_macro": 76.58186394382713, "unseen_cls_rec_macro": 51.12658088890844, "unseen_cls_f1_macro": 60.65870922071338, "unseen_epoch": 0.0, "unseen_iteration": 0.0, "unseen_global_iteration": 0.0, "seen_ner_prec_micro": 29.540709812108563, "seen_ner_rec_micro": 74.08376963350786, "seen_ner_f1_micro": 42.23880597014925, "seen_ner_prec_macro": 26.49635080577401, "seen_ner_rec_macro": 71.42806267806267, "seen_ner_f1_macro": 38.35397412595053, "seen_loc_prec_micro": 34.71164309031556, "seen_loc_rec_micro": 83.50785340314137, "seen_loc_f1_micro": 49.03920061491161, "seen_loc_prec_macro": 34.71164309031556, "seen_loc_rec_macro": 83.50785340314137, "seen_loc_f1_macro": 49.03920061491161, "seen_cls_prec_micro": 84.4776119402985, "seen_cls_rec_micro": 74.08376963350786, "seen_cls_f1_micro": 78.94002789400278, "seen_cls_prec_macro": 77.87792536369386, "seen_cls_rec_macro": 71.42806267806267, "seen_cls_f1_macro": 74.3002645033281, "seen_epoch": 0.0, "seen_iteration": 0.0, "seen_global_iteration": 0.0, "ner_prec_micro": 69.29460580912863, "ner_rec_micro": 61.90917516218721, "ner_f1_micro": 65.3940283896231, "ner_prec_macro": 64.49907474331643, "ner_rec_macro": 56.42892643953017, "ner_f1_macro": 59.85015873920045, "loc_prec_micro": 83.47826086956522, "loc_rec_micro": 71.17701575532901, "loc_f1_micro": 76.83841920960481, "loc_prec_macro": 83.47826086956522, "loc_rec_macro": 71.17701575532901, "loc_f1_macro": 76.83841920960481, "cls_prec_micro": 82.46913580246914, "cls_rec_micro": 61.90917516218721, "cls_f1_micro": 70.72525145579672, "cls_prec_macro": 76.80888024000176, "cls_rec_macro": 56.42892643953017, "cls_f1_macro": 64.62271198052291, "epoch": 0.0, "iteration": 0.0, "global_iteration": 0.0}}