{"test_metrics": {"seen__f1": 0.0, "seen__pr": 0.0, "seen__rec": 0.0, "seen__ner_f1": 0.5200625658035278, "seen__ner_pr": 0.3763197660446167, "seen__ner_rec": 0.8414839506149292, "seen__macro_f1": 0.0, "seen__macro_pr": 0.0, "seen__macro_rec": 0.0, "seen__macro_ner_f1": 0.4652217924594879, "seen__macro_ner_pr": 0.3394795060157776, "seen__macro_ner_rec": 0.8207070231437683, "seen__samples_per_s": 504.40776374828806, "seen__samples_total_num": 1854, "seen__samples_total_s": 3.675597667694092, "seen__dna_pr": 0.20381231606006622, "seen__dna_rec": 0.7722222208976746, "seen__dna_f1": 0.32250580191612244, "seen__rna_pr": 0.21052631735801697, "seen__rna_rec": 0.8571428656578064, "seen__rna_f1": 0.3380281627178192, "seen__cell_type_pr": 0.5339285731315613, "seen__cell_type_rec": 0.7666666507720947, "seen__cell_type_f1": 0.6294736862182617, "seen__protein_pr": 0.44378697872161865, "seen__protein_rec": 0.8799172043800354, "seen__protein_f1": 0.5900046229362488, "seen__cell_line_pr": 0.30534350872039795, "seen__cell_line_rec": 0.8275862336158752, "seen__cell_line_f1": 0.44609665870666504, "unseen__f1": 0.0, "unseen__pr": 0.0, "unseen__rec": 0.0, "unseen__ner_f1": 0.5130594968795776, "unseen__ner_pr": 0.3944193124771118, "unseen__ner_rec": 0.733777642250061, "unseen__macro_f1": 0.0, "unseen__macro_pr": 0.0, "unseen__macro_rec": 0.0, "unseen__macro_ner_f1": 0.5425636172294617, "unseen__macro_ner_pr": 0.43622493743896484, "unseen__macro_ner_rec": 0.7426010370254517, "unseen__samples_per_s": 567.7081421775973, "unseen__samples_total_num": 1854, "unseen__samples_total_s": 3.2657625675201416, "unseen__dna_pr": 0.5036656856536865, "unseen__dna_rec": 0.7851428389549255, "unseen__dna_f1": 0.6136667728424072, "unseen__rna_pr": 0.6052631735801697, "unseen__rna_rec": 0.9078947305679321, "unseen__rna_f1": 0.7263158559799194, "unseen__cell_type_pr": 0.23035714030265808, "unseen__cell_type_rec": 0.6449999809265137, "unseen__cell_type_f1": 0.339473694562912, "unseen__protein_pr": 0.35328924655914307, "unseen__protein_rec": 0.7219061255455017, "unseen__protein_f1": 0.47440990805625916, "unseen__cell_line_pr": 0.4885496199131012, "unseen__cell_line_rec": 0.6530612111091614, "unseen__cell_line_f1": 0.5589519739151001}, "test_metrics_bounds": {"seen__f1": 0.0, "seen__pr": 0.0, "seen__rec": 0.0, "seen__ner_f1": 0.5303089618682861, "seen__ner_pr": 0.3838460147380829, "seen__ner_rec": 0.8575041890144348, "seen__macro_f1": 0.0, "seen__macro_pr": 0.0, "seen__macro_rec": 0.0, "seen__macro_ner_f1": 0.5303089618682861, "seen__macro_ner_pr": 0.3838460147380829, "seen__macro_ner_rec": 0.8575041890144348, "seen__samples_per_s": 504.40776374828806, "seen__samples_total_num": 1854, "seen__samples_total_s": 3.675597667694092, "unseen__f1": 0.0, "unseen__pr": 0.0, "unseen__rec": 0.0, "unseen__ner_f1": 0.5587729811668396, "unseen__ner_pr": 0.4297037124633789, "unseen__ner_rec": 0.7986671328544617, "unseen__macro_f1": 0.0, "unseen__macro_pr": 0.0, "unseen__macro_rec": 0.0, "unseen__macro_ner_f1": 0.5587729811668396, "unseen__macro_ner_pr": 0.4297037124633789, "unseen__macro_ner_rec": 0.7986671328544617, "unseen__samples_per_s": 567.7081421775973, "unseen__samples_total_num": 1854, "unseen__samples_total_s": 3.2657625675201416}}