{"test_metrics": {"f1": 0.0, "pr": 0.0, "rec": 0.0, "ner_f1": 0.7766695618629456, "ner_pr": 0.7707390785217285, "ner_rec": 0.7826919555664062, "macro_f1": 0.0, "macro_pr": 0.0, "macro_rec": 0.0, "macro_ner_f1": 0.7779465913772583, "macro_ner_pr": 0.7757045030593872, "macro_ner_rec": 0.7827677726745605, "samples_per_s": 383.6945695865108, "samples_total_num": 1854, "samples_total_s": 4.831968307495117, "dna_pr": 0.7074779868125916, "dna_rec": 0.7813765406608582, "dna_f1": 0.7425932884216309, "rna_pr": 0.8157894611358643, "rna_rec": 0.8942307829856873, "rna_f1": 0.853210985660553, "cell_type_pr": 0.7642857432365417, "cell_type_rec": 0.7254237532615662, "cell_type_f1": 0.7443478107452393, "protein_pr": 0.7970762252807617, "protein_rec": 0.8021015524864197, "protein_f1": 0.7995809316635132, "cell_line_pr": 0.7938931584358215, "cell_line_rec": 0.7107061743736267, "cell_line_f1": 0.7500000596046448}, "test_metrics_bounds": {"f1": 0.0, "pr": 0.0, "rec": 0.0, "ner_f1": 0.8194259405136108, "ner_pr": 0.8135496973991394, "ner_rec": 0.825387716293335, "macro_f1": 0.0, "macro_pr": 0.0, "macro_rec": 0.0, "macro_ner_f1": 0.8194259405136108, "macro_ner_pr": 0.8135496973991394, "macro_ner_rec": 0.825387716293335, "samples_per_s": 383.6945695865108, "samples_total_num": 1854, "samples_total_s": 4.831968307495117}, "metrics": {"f1": [0.0, 0.0, 0.0, 0.0, 0.0, 0.0, 0.0, 0.0, 0.0, 0.0, 0.0, 0.0, 0.0, 0.0, 0.0, 0.0, 0.0], "pr": [0.0, 0.0, 0.0, 0.0, 0.0, 0.0, 0.0, 0.0, 0.0, 0.0, 0.0, 0.0, 0.0, 0.0, 0.0, 0.0, 0.0], "rec": [0.0, 0.0, 0.0, 0.0, 0.0, 0.0, 0.0, 0.0, 0.0, 0.0, 0.0, 0.0, 0.0, 0.0, 0.0, 0.0, 0.0], "ner_f1": [0.7021254897117615, 0.7451875805854797, 0.7589890360832214, 0.7718563079833984, 0.7715976238250732, 0.7700594663619995, 0.7766695618629456, 0.7684190273284912, 0.7603890299797058, 0.76691734790802, 0.7664859890937805, 0.7709540724754333, 0.7673509120941162, 0.7720839381217957, 0.7725271582603455, 0.7708292603492737, 0.7707030177116394], "ner_pr": [0.7488069534301758, 0.7734294533729553, 0.7561763525009155, 0.768704891204834, 0.7956070899963379, 0.7477006316184998, 0.7707390785217285, 0.7846736907958984, 0.7808716893196106, 0.7722772359848022, 0.7899227738380432, 0.7918853163719177, 0.7839025259017944, 0.7875348329544067, 0.7899159789085388, 0.7820689678192139, 0.7865257859230042], "ner_rec": [0.6609228253364563, 0.718935489654541, 0.7618227005004883, 0.7750335335731506, 0.7489948272705078, 0.7937966585159302, 0.7826919555664062, 0.752824068069458, 0.7409534454345703, 0.7616312503814697, 0.7443997859954834, 0.7511008977890015, 0.7514837980270386, 0.7572276592254639, 0.7558874487876892, 0.7599080801010132, 0.7555044889450073], "macro_f1": [0.0, 0.0, 0.0, 0.0, 0.0, 0.0, 0.0, 0.0, 0.0, 0.0, 0.0, 0.0, 0.0, 0.0, 0.0, 0.0, 0.0], "macro_pr": [0.0, 0.0, 0.0, 0.0, 0.0, 0.0, 0.0, 0.0, 0.0, 0.0, 0.0, 0.0, 0.0, 0.0, 0.0, 0.0, 0.0], "macro_rec": [0.0, 0.0, 0.0, 0.0, 0.0, 0.0, 0.0, 0.0, 0.0, 0.0, 0.0, 0.0, 0.0, 0.0, 0.0, 0.0, 0.0], "macro_ner_f1": [0.6833603978157043, 0.7326763272285461, 0.7478966116905212, 0.7688177824020386, 0.7683572173118591, 0.7725917100906372, 0.7779465913772583, 0.7681940793991089, 0.7575773596763611, 0.7630159258842468, 0.7662193775177002, 0.7751809358596802, 0.7659209966659546, 0.7644033432006836, 0.7699753046035767, 0.7680306434631348, 0.7678744792938232], "macro_ner_pr": [0.7359210848808289, 0.7839905023574829, 0.7556020021438599, 0.7822583913803101, 0.8140730857849121, 0.7787086963653564, 0.7757045030593872, 0.7934213280677795, 0.7928117513656616, 0.7864557504653931, 0.7909063100814819, 0.8078907132148743, 0.7966658473014832, 0.7978517413139343, 0.7937103509902954, 0.7893075346946716, 0.7931903600692749], "macro_ner_rec": [0.6462226510047913, 0.6913634538650513, 0.7424607276916504, 0.7580183744430542, 0.7287973165512085, 0.7693167328834534, 0.7827677726745605, 0.7453250885009766, 0.7287627458572388, 0.7450582385063171, 0.7442207932472229, 0.7457693219184875, 0.7388917207717896, 0.7364214062690735, 0.748481035232544, 0.7498823404312134, 0.7460144758224487], "samples_per_s": [380.2600464337196, 386.638050366109, 381.8318652049347, 381.51031216207684, 387.2297407179395, 377.8577155891, 381.47815857101193, 386.1711877496925, 386.5200713847172, 383.563262756119, 387.81856415698365, 387.4843238868503, 387.6588894333804, 390.78880551212336, 385.92024183589945, 398.0084638682559, 399.09780889942215], "samples_total_num": [1854, 1854, 1854, 1854, 1854, 1854, 1854, 1854, 1854, 1854, 1854, 1854, 1854, 1854, 1854, 1854, 1854], "samples_total_s": [4.875610828399658, 4.795182466506958, 4.8555402755737305, 4.859632730484009, 4.787855386734009, 4.906608819961548, 4.860042333602905, 4.8009796142578125, 4.7966461181640625, 4.833622455596924, 4.780586004257202, 4.784709692001343, 4.782555103302002, 4.744250535964966, 4.804101467132568, 4.65819239616394, 4.645477771759033], "dna_pr": [0.768862247467041, 0.6809864640235901, 0.7031963467597961, 0.7560771107673645, 0.7759711146354675, 0.7390282154083252, 0.7074779868125916, 0.7750896215438843, 0.7478559017181396, 0.7781752943992615, 0.7554256916046143, 0.7780796885490417, 0.7357886433601379, 0.7314960360527039, 0.7373015880584717, 0.7594617605209351, 0.7668393850326538], "dna_rec": [0.5198380351066589, 0.6931173801422119, 0.7481781244277954, 0.7303643822669983, 0.695546567440033, 0.7635627388954163, 0.7813765406608582, 0.7004048824310303, 0.7060728669166565, 0.7044534683227539, 0.7327935099601746, 0.695546567440033, 0.7441295385360718, 0.752226710319519, 0.752226710319519, 0.731174111366272, 0.7190283536911011], "dna_f1": [0.6202898025512695, 0.6869984269142151, 0.72499018907547, 0.7429984211921692, 0.733561098575592, 0.751095175743103, 0.7425932884216309, 0.7358570694923401, 0.726364016532898, 0.7394814491271973, 0.7439374923706055, 0.7345019578933716, 0.739935576915741, 0.7417165637016296, 0.7446893453598022, 0.7450495958328247, 0.742164671421051], "rna_pr": [0.6761904954910278, 0.8947368264198303, 0.813725471496582, 0.875, 0.931034505367279, 0.8613861203193665, 0.8157894611358643, 0.8585858345031738, 0.8613861203193665, 0.868686854839325, 0.843137264251709, 0.90625, 0.8924731016159058, 0.8709677457809448, 0.8673469424247742, 0.8476190567016602, 0.8476190567016602], "rna_rec": [0.682692289352417, 0.6538461446762085, 0.7980769276618958, 0.807692289352417, 0.7788461446762085, 0.8365384340286255, 0.8942307829856873, 0.817307710647583, 0.8365384340286255, 0.8269230723381042, 0.8269230723381042, 0.8365384340286255, 0.7980769276618958, 0.7788461446762085, 0.817307710647583, 0.8557692170143127, 0.8557692170143127], "rna_f1": [0.679425835609436, 0.7555555105209351, 0.8058252930641174, 0.8399999737739563, 0.8481675982475281, 0.8487804532051086, 0.853210985660553, 0.8374384045600891, 0.8487804532051086, 0.847290575504303, 0.8349514007568359, 0.8700000047683716, 0.8426395654678345, 0.8223350048065186, 0.8415841460227966, 0.8516746759414673, 0.8516746759414673], "cell_type_pr": [0.6901639103889465, 0.7632575631141663, 0.7135761380195618, 0.7142857313156128, 0.7572992444038391, 0.7674857974052429, 0.7642857432365417, 0.7356521487236023, 0.7283950448036194, 0.6976377964019775, 0.7387543320655823, 0.7504456043243408, 0.7370303869247437, 0.7491165995597839, 0.7454873919487, 0.7393617033958435, 0.739130437374115], "cell_type_rec": [0.7135593295097351, 0.6830508708953857, 0.7305084466934204, 0.7627118825912476, 0.7033898234367371, 0.68813556432724, 0.7254237532615662, 0.7169491648674011, 0.699999988079071, 0.7508474588394165, 0.7237288355827332, 0.7135593295097351, 0.698305070400238, 0.7186440825462341, 0.699999988079071, 0.7067796587944031, 0.691525399684906], "cell_type_f1": [0.7016666531562805, 0.720930278301239, 0.7219429612159729, 0.7377049326896667, 0.7293497323989868, 0.7256478667259216, 0.7443478107452393, 0.7261801958084106, 0.7139153480529785, 0.7232652902603149, 0.7311644554138184, 0.7315377593040466, 0.7171453237533569, 0.733564019203186, 0.7220279574394226, 0.7227036952972412, 0.7145358920097351],