{"test_metrics": {"f1": 0.0, "pr": 0.0, "rec": 0.0, "ner_f1": 0.8733178377151489, "ner_pr": 0.8585766553878784, "ner_rec": 0.8885741233825684, "macro_f1": 0.0, "macro_pr": 0.0, "macro_rec": 0.0, "macro_ner_f1": 0.8375673890113831, "macro_ner_pr": 0.8219394683837891, "macro_ner_rec": 0.8539959192276001, "samples_per_s": 177.45089888206599, "samples_total_num": 288, "samples_total_s": 1.6229841709136963, "loc_pr": 0.8915094137191772, "loc_rec": 0.9130434989929199, "loc_f1": 0.9021480083465576, "org_pr": 0.7904762029647827, "org_rec": 0.8512820601463318, "org_f1": 0.819753110408783, "peop_pr": 0.9415384531021118, "peop_rec": 0.9622641801834106, "peop_f1": 0.9517884850502014, "other_pr": 0.6642335653305054, "other_rec": 0.689393937587738, "other_f1": 0.6765799522399902}, "test_metrics_bounds": {"f1": 0.0, "pr": 0.0, "rec": 0.0, "ner_f1": 0.8946635723114014, "ner_pr": 0.8795620203018188, "ner_rec": 0.9102927446365356, "macro_f1": 0.0, "macro_pr": 0.0, "macro_rec": 0.0, "macro_ner_f1": 0.8946635723114014, "macro_ner_pr": 0.8795620203018188, "macro_ner_rec": 0.9102927446365356, "samples_per_s": 177.45089888206599, "samples_total_num": 288, "samples_total_s": 1.6229841709136963}, "metrics": {"f1": [0.0, 0.0, 0.0, 0.0, 0.0, 0.0, 0.0, 0.0, 0.0, 0.0, 0.0, 0.0, 0.0, 0.0, 0.0, 0.0, 0.0, 0.0, 0.0, 0.0, 0.0, 0.0, 0.0, 0.0, 0.0, 0.0, 0.0, 0.0, 0.0, 0.0, 0.0, 0.0, 0.0, 0.0, 0.0, 0.0, 0.0, 0.0, 0.0, 0.0], "pr": [0.0, 0.0, 0.0, 0.0, 0.0, 0.0, 0.0, 0.0, 0.0, 0.0, 0.0, 0.0, 0.0, 0.0, 0.0, 0.0, 0.0, 0.0, 0.0, 0.0, 0.0, 0.0, 0.0, 0.0, 0.0, 0.0, 0.0, 0.0, 0.0, 0.0, 0.0, 0.0, 0.0, 0.0, 0.0, 0.0, 0.0, 0.0, 0.0, 0.0], "rec": [0.0, 0.0, 0.0, 0.0, 0.0, 0.0, 0.0, 0.0, 0.0, 0.0, 0.0, 0.0, 0.0, 0.0, 0.0, 0.0, 0.0, 0.0, 0.0, 0.0, 0.0, 0.0, 0.0, 0.0, 0.0, 0.0, 0.0, 0.0, 0.0, 0.0, 0.0, 0.0, 0.0, 0.0, 0.0, 0.0, 0.0, 0.0, 0.0, 0.0], "ner_f1": [0.535966157913208, 0.7446808218955994, 0.7695056796073914, 0.7708454132080078, 0.8004764914512634, 0.7887980937957764, 0.7943760752677917, 0.8070374131202698, 0.8175099492073059, 0.8128724098205566, 0.8426573872566223, 0.8360277414321899, 0.8228698968887329, 0.8370243906974792, 0.8459319472312927, 0.8393480181694031, 0.8358556032180786, 0.8488709330558777, 0.8251826763153076, 0.8534883260726929, 0.8487297892570496, 0.8459319472312927, 0.8461087942123413, 0.8451536893844604, 0.8556460738182068, 0.8392338752746582, 0.8455840349197388, 0.8472222089767456, 0.8498845100402832, 0.8620102405548096, 0.8581355214118958, 0.8546712398529053, 0.8491106629371643, 0.8456220626831055, 0.8389684557914734, 0.8539720177650452, 0.8386721014976501, 0.8503480553627014, 0.8534883260726929, 0.8444700837135315], "ner_pr": [0.6998158097267151, 0.7711138129234314, 0.8034825921058655, 0.7869047522544861, 0.8358209133148193, 0.80572110414505, 0.8149038553237915, 0.8015783429145813, 0.8133484125137329, 0.8493150472640991, 0.8596908450126648, 0.8448074460029602, 0.8074807524681091, 0.8318284153938293, 0.8543123602867126, 0.8552787899971008, 0.8517200350761414, 0.8603286147117615, 0.8119469285011292, 0.8686390519142151, 0.8576429486274719, 0.8543123602867126, 0.866906464099884, 0.8751530051231384, 0.871886134147644, 0.8525943160057068, 0.8431817889213562, 0.8581477403640747, 0.8588098287582397, 0.8566591143608093, 0.8697183132171631, 0.8626309633255005, 0.8525345325469971, 0.8524971008300781, 0.8413792848587036, 0.8733572363853455, 0.8551068902015686, 0.8633686900138855, 0.8686390519142151, 0.8513356447219849], "ner_rec": [0.4342857003211975, 0.7200000286102295, 0.7382857203483582, 0.7554285526275635, 0.7680000066757202, 0.7725714445114136, 0.7748571634292603, 0.8125714063644409, 0.8217142820358276, 0.7794285416603088, 0.826285719871521, 0.8274285793304443, 0.838857114315033, 0.842285692691803, 0.8377143144607544, 0.8240000009536743, 0.8205714225769043, 0.8377143144607544, 0.838857114315033, 0.838857114315033, 0.8399999737739563, 0.8377143144607544, 0.826285719871521, 0.8171428442001343, 0.8399999737739563, 0.826285719871521, 0.8479999899864197, 0.836571455001831, 0.8411428332328796, 0.8674286007881165, 0.8468571305274963, 0.8468571305274963, 0.845714271068573, 0.838857114315033, 0.836571455001831, 0.8354285955429077, 0.822857141494751, 0.8377143144607544, 0.838857114315033, 0.8377143144607544], "macro_f1": [0.0, 0.0, 0.0, 0.0, 0.0, 0.0, 0.0, 0.0, 0.0, 0.0, 0.0, 0.0, 0.0, 0.0, 0.0, 0.0, 0.0, 0.0, 0.0, 0.0, 0.0, 0.0, 0.0, 0.0, 0.0, 0.0, 0.0, 0.0, 0.0, 0.0, 0.0, 0.0, 0.0, 0.0, 0.0, 0.0, 0.0, 0.0, 0.0, 0.0], "macro_pr": [0.0, 0.0, 0.0, 0.0, 0.0, 0.0, 0.0, 0.0, 0.0, 0.0, 0.0, 0.0, 0.0, 0.0, 0.0, 0.0, 0.0, 0.0, 0.0, 0.0, 0.0, 0.0, 0.0, 0.0, 0.0, 0.0, 0.0, 0.0, 0.0, 0.0, 0.0, 0.0, 0.0, 0.0, 0.0, 0.0, 0.0, 0.0, 0.0, 0.0], "macro_rec": [0.0, 0.0, 0.0, 0.0, 0.0, 0.0, 0.0, 0.0, 0.0, 0.0, 0.0, 0.0, 0.0, 0.0, 0.0, 0.0, 0.0, 0.0, 0.0, 0.0, 0.0, 0.0, 0.0, 0.0, 0.0, 0.0, 0.0, 0.0, 0.0, 0.0, 0.0, 0.0, 0.0, 0.0, 0.0, 0.0, 0.0, 0.0, 0.0, 0.0], "macro_ner_f1": [0.40875035524368286, 0.6707333922386169, 0.7020660042762756, 0.7216846942901611, 0.7395012378692627, 0.7243701219558716, 0.7520818710327148, 0.7611815333366394, 0.7668835520744324, 0.7554272413253784, 0.786791980266571, 0.7830561399459839, 0.769545316696167, 0.7819211483001709, 0.8010938763618469, 0.7821606993675232, 0.7765588760375977, 0.7936629056930542, 0.7714149951934814, 0.7989388108253479, 0.7934086322784424, 0.7924031019210815, 0.7864823937416077, 0.7883225083351135, 0.8018425107002258, 0.7755329608917236, 0.7903938293457031, 0.7896602749824524, 0.7936551570892334, 0.8114392757415771, 0.8015387058258057, 0.8036484718322754, 0.7995172739028931, 0.7825244069099426, 0.7788839936256409, 0.7963804006576538, 0.7807978391647339, 0.7970641255378723, 0.8018249273300171, 0.7930130958557129], "macro_ner_pr": [0.7961474061012268, 0.7411919236183167, 0.765298068523407, 0.7401374578475952, 0.7826347947120667, 0.7682710886001587, 0.7784186005592346, 0.7906054854393005, 0.769572377204895, 0.7940744161605835, 0.8304833769798279, 0.8094764947891235, 0.7709330320358276, 0.7826315760612488, 0.8209112286567688, 0.8237078189849854, 0.8116016387939453, 0.8176637291908264, 0.7598430514335632, 0.8367415070533752, 0.8171530365943909, 0.8227548599243164, 0.820304274559021, 0.8320004343986511, 0.8309205770492554, 0.8100889325141907, 0.8048056960105896, 0.8183568120002747, 0.8194519281387329, 0.8131388425827026, 0.8320308327674866, 0.8260992765426636, 0.8038008213043213, 0.8155786991119385, 0.794905424118042, 0.8360075950622559, 0.8040345311164856, 0.8239673972129822, 0.8349206447601318, 0.8078064918518066], "macro_ner_rec": [0.34958475828170776, 0.6388604044914246, 0.6680879592895508, 0.7082589864730835, 0.7080380320549011, 0.7008585929870605, 0.735181450843811, 0.7492201924324036, 0.7701054811477661, 0.7229116559028625, 0.7673895359039307, 0.7686018347740173, 0.7757545113563538, 0.7827082872390747, 0.789586067199707, 0.7565544247627258, 0.7538788914680481, 0.7797031402587891, 0.7839232683181763, 0.7830022573471069, 0.7788447737693787, 0.7746317982673645, 0.7621539235115051, 0.7572211027145386, 0.7793890237808228, 0.7588821649551392, 0.7874582409858704, 0.7710419297218323, 0.7789841294288635, 0.8129236698150635, 0.785347580909729, 0.7886607050895691, 0.7954564094543457, 0.7700380086898804, 0.7724876403808594, 0.7719458937644958, 0.7649264335632324, 0.7788686156272888, 0.7833231091499329, 0.7819246053695679],