{"test_metrics": {"unseen_ner_prec_micro": 33.93378773125609, "unseen_ner_rec_micro": 52.288072018004506, "unseen_ner_f1_micro": 41.15736640094479, "unseen_ner_prec_macro": 29.047257020363844, "unseen_ner_rec_macro": 41.605378201683656, "unseen_ner_f1_macro": 33.09359251943303, "unseen_loc_prec_micro": 56.52654867256637, "unseen_loc_rec_micro": 76.66916729182296, "unseen_loc_f1_micro": 65.07481693728113, "unseen_loc_prec_macro": 56.52654867256637, "unseen_loc_rec_macro": 76.66916729182296, "unseen_loc_f1_macro": 65.07481693728113, "unseen_cls_prec_micro": 59.31914893617021, "unseen_cls_rec_micro": 52.288072018004506, "unseen_cls_f1_micro": 55.58213716108453, "unseen_cls_prec_macro": 48.04699700860534, "unseen_cls_rec_macro": 41.605378201683656, "unseen_cls_f1_macro": 44.2401350918973, "unseen_epoch": 0.0, "unseen_iteration": 0.0, "unseen_global_iteration": 0.0, "seen_ner_prec_micro": 12.322042218949436, "seen_ner_rec_micro": 71.30681818181817, "seen_ner_f1_micro": 21.01297614064462, "seen_ner_prec_macro": 14.042445009292448, "seen_ner_rec_macro": 62.13621056362992, "seen_ner_f1_macro": 19.92765340366596, "seen_loc_prec_micro": 16.23268698060942, "seen_loc_rec_micro": 83.23863636363636, "seen_loc_f1_micro": 27.16736207695874, "seen_loc_prec_macro": 16.23268698060942, "seen_loc_rec_macro": 83.23863636363636, "seen_loc_f1_macro": 27.16736207695874, "seen_cls_prec_micro": 79.68253968253968, "seen_cls_rec_micro": 71.30681818181817, "seen_cls_f1_micro": 75.26236881559221, "seen_cls_prec_macro": 67.03152557319224, "seen_cls_rec_macro": 62.13621056362992, "seen_cls_f1_macro": 63.73224871366877, "seen_epoch": 0.0, "seen_iteration": 0.0, "seen_global_iteration": 0.0, "ner_prec_micro": 46.037181996086105, "ner_rec_micro": 55.84569732937685, "ner_f1_micro": 50.46929471708233, "ner_prec_macro": 42.425417263011376, "ner_rec_macro": 50.533845132915545, "ner_f1_macro": 45.71919983111437, "loc_prec_micro": 72.9235880398671, "loc_rec_micro": 78.16023738872404, "loc_f1_micro": 75.45116012603839, "loc_prec_macro": 72.9235880398671, "loc_rec_macro": 78.16023738872404, "loc_f1_macro": 75.45116012603839, "cls_prec_micro": 63.40970350404312, "cls_rec_micro": 55.84569732937685, "cls_f1_micro": 59.387819501420005, "cls_prec_macro": 58.33385762392843, "cls_rec_macro": 50.533845132915545, "cls_f1_macro": 53.80932119184677, "epoch": 0.0, "iteration": 0.0, "global_iteration": 0.0}}