{"test_metrics": {"Eval_Ent_Precision": 87.97606092202537, "Eval_Ent_Recall": 88.5865595184125, "Eval_Ent_F1": 88.2802547631373, "Eval_Time": 56.57184386253357, "Eval_Examples": 2050, "Eval_Examples_Per_Second": 36.2371077206072, "seen_Eval_Ent_Precision": 65.41530648697305, "seen_Eval_Ent_Recall": 92.65348058430338, "seen_Eval_Ent_F1": 76.68757307252575, "seen_Eval_Time": 56.82434582710266, "seen_Eval_Examples": 2050, "seen_Eval_Examples_Per_Second": 36.07608622961467, "unseen_Eval_Ent_Precision": 22.56075445318797, "unseen_Eval_Ent_Recall": 78.5849652197284, "unseen_Eval_Ent_F1": 35.05706637449229, "unseen_Eval_Time": 56.994484186172485, "unseen_Eval_Examples": 2050, "unseen_Eval_Examples_Per_Second": 35.96839289401541}}