{"test_metrics": {"unseen_ner_prec_micro": 39.49922360248447, "unseen_ner_rec_micro": 69.50136612021858, "unseen_ner_f1_micro": 50.37128712871287, "unseen_ner_prec_macro": 45.00050230284406, "unseen_ner_rec_macro": 68.09892327033648, "unseen_ner_f1_macro": 52.85920131471195, "unseen_loc_prec_micro": 43.37016574585636, "unseen_loc_rec_micro": 75.06830601092896, "unseen_loc_f1_micro": 54.97748874437218, "unseen_loc_prec_macro": 43.37016574585636, "unseen_loc_rec_macro": 75.06830601092896, "unseen_loc_f1_macro": 54.97748874437218, "unseen_cls_prec_micro": 90.44444444444444, "unseen_cls_rec_micro": 69.50136612021858, "unseen_cls_f1_micro": 78.60177674777906, "unseen_cls_prec_macro": 87.87332714254204, "unseen_cls_rec_macro": 68.09892327033648, "unseen_cls_f1_macro": 76.34862549864198, "unseen_epoch": 0.0, "unseen_iteration": 0.0, "unseen_global_iteration": 0.0, "seen_ner_prec_micro": 39.90328820116054, "seen_ner_rec_micro": 80.02327385570209, "seen_ner_f1_micro": 53.252452245740834, "seen_ner_prec_macro": 33.40963434796427, "seen_ner_rec_macro": 72.6950208499563, "seen_ner_f1_macro": 44.514615967523966, "seen_loc_prec_micro": 41.06194690265487, "seen_loc_rec_micro": 80.99301784328937, "seen_loc_f1_micro": 54.49562834399061, "seen_loc_prec_macro": 41.06194690265487, "seen_loc_rec_macro": 80.99301784328937, "seen_loc_f1_macro": 54.49562834399061, "seen_cls_prec_micro": 97.91172282866634, "seen_cls_rec_micro": 80.02327385570209, "seen_cls_f1_micro": 88.06830309498399, "seen_cls_prec_macro": 93.34724331665169, "seen_cls_rec_macro": 72.6950208499563, "seen_cls_f1_macro": 81.64082833706543, "seen_epoch": 0.0, "seen_iteration": 0.0, "seen_global_iteration": 0.0, "ner_prec_micro": 79.35521460477763, "ner_rec_micro": 74.20995277878679, "ner_f1_micro": 76.69638667292351, "ner_prec_macro": 78.48345535705417, "ner_rec_macro": 70.54520842233747, "ner_f1_macro": 74.18772383768967, "loc_prec_micro": 84.3485117287601, "loc_rec_micro": 77.71521976026153, "loc_f1_micro": 80.89611494470176, "loc_prec_macro": 84.3485117287601, "loc_rec_macro": 77.71521976026153, "loc_f1_macro": 80.89611494470176, "cls_prec_micro": 94.10409949332104, "cls_rec_micro": 74.20995277878679, "cls_f1_micro": 82.98131600324939, "cls_prec_macro": 91.36796922663962, "cls_rec_macro": 70.54520842233747, "cls_f1_macro": 79.43696530042656, "epoch": 0.0, "iteration": 0.0, "global_iteration": 0.0}}