{"test_metrics": {"seen__f1": 0.0, "seen__pr": 0.0, "seen__rec": 0.0, "seen__ner_f1": 0.7916483283042908, "seen__ner_pr": 0.6952325701713562, "seen__ner_rec": 0.9191120266914368, "seen__macro_f1": 0.0, "seen__macro_pr": 0.0, "seen__macro_rec": 0.0, "seen__macro_ner_f1": 0.7574843168258667, "seen__macro_ner_pr": 0.6540031433105469, "seen__macro_ner_rec": 0.9022045731544495, "seen__samples_per_s": 480.73891680700274, "seen__samples_total_num": 2050, "seen__samples_total_s": 4.26426887512207, "seen__per_pr": 0.7249736785888672, "seen__per_rec": 0.950276255607605, "seen__per_f1": 0.8224745988845825, "seen__org_pr": 0.5712290406227112, "seen__org_rec": 0.7865384817123413, "seen__org_f1": 0.6618122458457947, "seen__wea_pr": 0.686274528503418, "seen__wea_rec": 0.9722222089767456, "seen__wea_f1": 0.8045977354049683, "seen__gpe_pr": 0.7542288303375244, "seen__gpe_rec": 0.9334975481033325, "seen__gpe_f1": 0.8343423008918762, "seen__veh_pr": 0.692307710647583, "seen__veh_rec": 0.9599999785423279, "seen__veh_f1": 0.8044692277908325, "seen__fac_pr": 0.5441696047782898, "seen__fac_rec": 0.8508287072181702, "seen__fac_f1": 0.6637930870056152, "seen__loc_pr": 0.6048387289047241, "seen__loc_rec": 0.8620689511299133, "seen__loc_f1": 0.7109004259109497, "unseen__f1": 0.0, "unseen__pr": 0.0, "unseen__rec": 0.0, "unseen__ner_f1": 0.3049953579902649, "unseen__ner_pr": 0.18973171710968018, "unseen__ner_rec": 0.7770751118659973, "unseen__macro_f1": 0.0, "unseen__macro_pr": 0.0, "unseen__macro_rec": 0.0, "unseen__macro_ner_f1": 0.28371793031692505, "unseen__macro_ner_pr": 0.18604609370231628, "unseen__macro_ner_rec": 0.6378661394119263, "unseen__samples_per_s": 534.6585169647585, "unseen__samples_total_num": 2050, "unseen__samples_total_s": 3.8342230319976807, "unseen__per_pr": 0.18861959874629974, "unseen__per_rec": 0.8949999809265137, "unseen__per_f1": 0.3115752935409546, "unseen__org_pr": 0.27374300360679626, "unseen__org_rec": 0.6758620738983154, "unseen__org_f1": 0.3896620273590088, "unseen__wea_pr": 0.12745098769664764, "unseen__wea_rec": 0.39393940567970276, "unseen__wea_f1": 0.19259260594844818, "unseen__gpe_pr": 0.13034826517105103, "unseen__gpe_rec": 0.7844311594963074, "unseen__gpe_f1": 0.2235495001077652, "unseen__veh_pr": 0.16346153616905212, "unseen__veh_rec": 0.53125, "unseen__veh_f1": 0.2499999850988388, "unseen__fac_pr": 0.2332155406475067, "unseen__fac_rec": 0.6734693646430969, "unseen__fac_f1": 0.34645670652389526, "unseen__loc_pr": 0.1854838728904724, "unseen__loc_rec": 0.5111111402511597, "unseen__loc_f1": 0.27218934893608093}, "test_metrics_bounds": {"seen__f1": 0.0, "seen__pr": 0.0, "seen__rec": 0.0, "seen__ner_f1": 0.8387806415557861, "seen__ner_pr": 0.7365674376487732, "seen__ner_rec": 0.9739330410957336, "seen__macro_f1": 0.0, "seen__macro_pr": 0.0, "seen__macro_rec": 0.0, "seen__macro_ner_f1": 0.8387806415557861, "seen__macro_ner_pr": 0.7365674376487732, "seen__macro_ner_rec": 0.9739330410957336, "seen__samples_per_s": 480.73891680700274, "seen__samples_total_num": 2050, "seen__samples_total_s": 4.26426887512207, "unseen__f1": 0.0, "unseen__pr": 0.0, "unseen__rec": 0.0, "unseen__ner_f1": 0.33700886368751526, "unseen__ner_pr": 0.20970235764980316, "unseen__ner_rec": 0.8577075004577637, "unseen__macro_f1": 0.0, "unseen__macro_pr": 0.0, "unseen__macro_rec": 0.0, "unseen__macro_ner_f1": 0.33700886368751526, "unseen__macro_ner_pr": 0.20970235764980316, "unseen__macro_ner_rec": 0.8577075004577637, "unseen__samples_per_s": 534.6585169647585, "unseen__samples_total_num": 2050, "unseen__samples_total_s": 3.8342230319976807}}