{"test_metrics": {"seen__f1": 0.0, "seen__pr": 0.0, "seen__rec": 0.0, "seen__ner_f1": 0.38104447722435, "seen__ner_pr": 0.2535392642021179, "seen__ner_rec": 0.7665369510650635, "seen__macro_f1": 0.0, "seen__macro_pr": 0.0, "seen__macro_rec": 0.0, "seen__macro_ner_f1": 0.27182748913764954, "seen__macro_ner_pr": 0.21374373137950897, "seen__macro_ner_rec": 0.5865872502326965, "seen__samples_per_s": 227.04786419741845, "seen__samples_total_num": 214, "seen__samples_total_s": 0.9425325393676758, "seen__task_pr": 0.04098360612988472, "seen__task_rec": 0.5, "seen__task_f1": 0.07575757056474686, "seen__method_pr": 0.08053690940141678, "seen__method_rec": 0.6000000238418579, "seen__method_f1": 0.1420118361711502, "seen__material_pr": 0.0476190485060215, "seen__material_rec": 0.25, "seen__material_f1": 0.08000000566244125, "seen__otherscientificterm_pr": 0.07655502110719681, "seen__otherscientificterm_rec": 0.6399999856948853, "seen__otherscientificterm_f1": 0.13675212860107422, "seen__metric_pr": 0.2702702581882477, "seen__metric_rec": 0.6666666865348816, "seen__metric_f1": 0.38461536169052124, "seen__generic_pr": 0.7664974331855774, "seen__generic_rec": 0.8628571629524231, "seen__generic_f1": 0.8118279576301575, "unseen__f1": 0.0, "unseen__pr": 0.0, "unseen__rec": 0.0, "unseen__ner_f1": 0.5632891058921814, "unseen__ner_pr": 0.5200238823890686, "unseen__ner_rec": 0.6144067645072937, "unseen__macro_f1": 0.0, "unseen__macro_pr": 0.0, "unseen__macro_rec": 0.0, "unseen__macro_ner_f1": 0.5099481344223022, "unseen__macro_ner_pr": 0.49404415488243103, "unseen__macro_ner_rec": 0.5563080906867981, "unseen__samples_per_s": 479.0952476324885, "unseen__samples_total_num": 515, "unseen__samples_total_s": 1.0749428272247314, "unseen__task_pr": 0.5633803009986877, "unseen__task_rec": 0.6349206566810608, "unseen__task_f1": 0.5970149040222168, "unseen__method_pr": 0.7233502268791199, "unseen__method_rec": 0.7037037014961243, "unseen__method_f1": 0.7133916616439819, "unseen__material_pr": 0.5664335489273071, "unseen__material_rec": 0.5547945499420166, "unseen__material_f1": 0.5605536699295044, "unseen__otherscientificterm_pr": 0.552830159664154, "unseen__otherscientificterm_rec": 0.5955284833908081, "unseen__otherscientificterm_f1": 0.5733855366706848, "unseen__metric_pr": 0.4642857015132904, "unseen__metric_rec": 0.4642857015132904, "unseen__metric_f1": 0.4642857015132904, "unseen__generic_pr": 0.09398496150970459, "unseen__generic_rec": 0.38461539149284363, "unseen__generic_f1": 0.1510574072599411}, "test_metrics_bounds": {"seen__f1": 0.0, "seen__pr": 0.0, "seen__rec": 0.0, "seen__ner_f1": 0.40310078859329224, "seen__ner_pr": 0.268387109041214, "seen__ner_rec": 0.8093385100364685, "seen__macro_f1": 0.0, "seen__macro_pr": 0.0, "seen__macro_rec": 0.0, "seen__macro_ner_f1": 0.40310078859329224, "seen__macro_ner_pr": 0.268387109041214, "seen__macro_ner_rec": 0.8093385100364685, "seen__samples_per_s": 227.04786419741845, "seen__samples_total_num": 214, "seen__samples_total_s": 0.9425325393676758, "unseen__f1": 0.0, "unseen__pr": 0.0, "unseen__rec": 0.0, "unseen__ner_f1": 0.7120181322097778, "unseen__ner_pr": 0.6576899886131287, "unseen__ner_rec": 0.776129961013794, "unseen__macro_f1": 0.0, "unseen__macro_pr": 0.0, "unseen__macro_rec": 0.0, "unseen__macro_ner_f1": 0.7120181322097778, "unseen__macro_ner_pr": 0.6576899886131287, "unseen__macro_ner_rec": 0.776129961013794, "unseen__samples_per_s": 479.0952476324885, "unseen__samples_total_num": 515, "unseen__samples_total_s": 1.0749428272247314}}