{"test_metrics": {"Eval_Ent_Precision": 88.844036682993, "Eval_Ent_Recall": 88.42220597574061, "Eval_Ent_F1": 88.63261942572484, "Eval_Time": 56.32954287528992, "Eval_Examples": 2050, "Eval_Examples_Per_Second": 36.39298129115963, "seen_Eval_Ent_Precision": 68.84403669033247, "seen_Eval_Ent_Recall": 91.96078429315648, "seen_Eval_Ent_F1": 78.7408184559325, "seen_Eval_Time": 56.646318674087524, "seen_Eval_Examples": 2050, "seen_Eval_Examples_Per_Second": 36.1894655819489, "unseen_Eval_Ent_Precision": 20.00000001100917, "unseen_Eval_Ent_Recall": 78.08022918613148, "unseen_Eval_Ent_F1": 31.843412222118943, "unseen_Eval_Time": 57.17131042480469, "unseen_Eval_Examples": 2050, "unseen_Eval_Examples_Per_Second": 35.85714556422997}}