{"test_metrics": {"unseen_ner_prec_micro": 37.22056631892697, "unseen_ner_rec_micro": 71.97406340057637, "unseen_ner_f1_micro": 49.06679764243615, "unseen_ner_prec_macro": 40.83277721089077, "unseen_ner_rec_macro": 70.88145177973416, "unseen_ner_f1_macro": 50.75843602792416, "unseen_loc_prec_micro": 40.62678062678063, "unseen_loc_rec_micro": 77.05331412103746, "unseen_loc_f1_micro": 53.20233801765949, "unseen_loc_prec_macro": 40.62678062678063, "unseen_loc_rec_macro": 77.05331412103746, "unseen_loc_f1_macro": 53.20233801765949, "unseen_cls_prec_micro": 91.56736938588452, "unseen_cls_rec_micro": 71.97406340057637, "unseen_cls_f1_micro": 80.59701492537313, "unseen_cls_prec_macro": 86.65126022595719, "unseen_cls_rec_macro": 70.88145177973416, "unseen_cls_f1_macro": 77.51295466398298, "unseen_epoch": 0.0, "unseen_iteration": 0.0, "unseen_global_iteration": 0.0, "seen_ner_prec_micro": 41.76109975849898, "seen_ner_rec_micro": 82.34432234432234, "seen_ner_f1_micro": 55.41723160359916, "seen_ner_prec_macro": 35.49686470527437, "seen_ner_rec_macro": 76.04871040659066, "seen_ner_f1_macro": 47.14241489668918, "seen_loc_prec_micro": 43.20425208807897, "seen_loc_rec_micro": 83.36996336996337, "seen_loc_f1_micro": 56.91422855713929, "seen_loc_prec_macro": 43.20425208807897, "seen_loc_rec_macro": 83.36996336996337, "seen_loc_f1_macro": 56.91422855713929, "seen_cls_prec_micro": 97.06390328151986, "seen_cls_rec_micro": 82.34432234432234, "seen_cls_f1_micro": 89.10027744748315, "seen_cls_prec_macro": 91.61124838501696, "seen_cls_rec_macro": 76.04871040659066, "seen_cls_f1_macro": 82.97843029550825, "seen_epoch": 0.0, "seen_iteration": 0.0, "seen_global_iteration": 0.0, "ner_prec_micro": 78.94932244291813, "ner_rec_micro": 77.24300762804214, "ner_f1_micro": 78.08684476269163, "ner_prec_macro": 76.13033438074984, "ner_rec_macro": 74.36578519507368, "ner_f1_macro": 75.01051969321804, "loc_prec_micro": 83.85140257771039, "loc_rec_micro": 80.34871049763895, "loc_f1_micro": 82.06269708773883, "loc_prec_macro": 83.85140257771039, "loc_rec_macro": 80.34871049763895, "loc_f1_macro": 82.06269708773883, "cls_prec_micro": 94.15541288465796, "cls_rec_micro": 77.24300762804214, "cls_f1_micro": 84.86481093484984, "cls_prec_macro": 90.25936723801806, "cls_rec_macro": 74.36578519507368, "cls_f1_macro": 81.33536239623501, "epoch": 0.0, "iteration": 0.0, "global_iteration": 0.0}}