{"test_metrics": {"unseen__f1": 0.0, "unseen__pr": 0.0, "unseen__rec": 0.0, "unseen__ner_f1": 0.5778249502182007, "unseen__ner_pr": 0.45345544815063477, "unseen__ner_rec": 0.796198844909668, "unseen__macro_f1": 0.0, "unseen__macro_pr": 0.0, "unseen__macro_rec": 0.0, "unseen__macro_ner_f1": 0.6110871434211731, "unseen__macro_ner_pr": 0.560710608959198, "unseen__macro_ner_rec": 0.7411660552024841, "unseen__samples_per_s": 463.7960490209601, "unseen__samples_total_num": 2660, "unseen__samples_total_s": 5.735279560089111, "unseen__organization_pr": 0.5525209903717041, "unseen__organization_rec": 0.5857461094856262, "unseen__organization_f1": 0.568648636341095, "unseen__location_pr": 0.3477044999599457, "unseen__location_rec": 0.8896839618682861, "unseen__location_f1": 0.5, "unseen__person_pr": 0.7819063067436218, "unseen__person_rec": 0.7480680346488953, "unseen__person_f1": 0.7646129727363586, "seen__f1": 0.0, "seen__pr": 0.0, "seen__rec": 0.0, "seen__ner_f1": 0.775169849395752, "seen__ner_pr": 0.6723130345344543, "seen__ner_rec": 0.9151833653450012, "seen__macro_f1": 0.0, "seen__macro_pr": 0.0, "seen__macro_rec": 0.0, "seen__macro_ner_f1": 0.6442785263061523, "seen__macro_ner_pr": 0.5291047692298889, "seen__macro_ner_rec": 0.8636438846588135, "seen__samples_per_s": 503.7095729336379, "seen__samples_total_num": 4495, "seen__samples_total_s": 8.923793077468872, "seen__organization_pr": 0.49598392844200134, "seen__organization_rec": 0.799352765083313, "seen__organization_f1": 0.6121437549591064, "seen__location_pr": 0.7438783049583435, "seen__location_rec": 0.9252422451972961, "seen__location_f1": 0.8247069120407104, "seen__person_pr": 0.3474520146846771, "seen__person_rec": 0.8663366436958313, "seen__person_f1": 0.49598488211631775}, "test_metrics_bounds": {"unseen__f1": 0.0, "unseen__pr": 0.0, "unseen__rec": 0.0, "unseen__ner_f1": 0.6151723861694336, "unseen__ner_pr": 0.4827643632888794, "unseen__ner_rec": 0.8476608395576477, "unseen__macro_f1": 0.0, "unseen__macro_pr": 0.0, "unseen__macro_rec": 0.0, "unseen__macro_ner_f1": 0.6151723861694336, "unseen__macro_ner_pr": 0.4827643632888794, "unseen__macro_ner_rec": 0.8476608395576477, "unseen__samples_per_s": 463.7960490209601, "unseen__samples_total_num": 2660, "unseen__samples_total_s": 5.735279560089111, "seen__f1": 0.0, "seen__pr": 0.0, "seen__rec": 0.0, "seen__ner_f1": 0.7807663679122925, "seen__ner_pr": 0.6771669387817383, "seen__ner_rec": 0.9217907190322876, "seen__macro_f1": 0.0, "seen__macro_pr": 0.0, "seen__macro_rec": 0.0, "seen__macro_ner_f1": 0.7807663679122925, "seen__macro_ner_pr": 0.6771669387817383, "seen__macro_ner_rec": 0.9217907190322876, "seen__samples_per_s": 503.7095729336379, "seen__samples_total_num": 4495, "seen__samples_total_s": 8.923793077468872}}