{"test_metrics": {"Eval_Ent_Precision": 86.07089828580719, "Eval_Ent_Recall": 85.64964446658978, "Eval_Ent_F1": 85.85975467977602, "Eval_Time": 124.58582973480225, "Eval_Examples": 5000, "Eval_Examples_Per_Second": 40.13297507945466, "seen_Eval_Ent_Precision": 67.4925760917794, "seen_Eval_Ent_Recall": 91.34639536765978, "seen_Eval_Ent_F1": 77.62834880400717, "seen_Eval_Time": 123.83011937141418, "seen_Eval_Examples": 5000, "seen_Eval_Examples_Per_Second": 40.37789857088868, "unseen_Eval_Ent_Precision": 18.587602084523457, "unseen_Eval_Ent_Recall": 69.79094075275893, "unseen_Eval_Ent_F1": 29.356588017189917, "unseen_Eval_Time": 123.41179084777832, "unseen_Eval_Examples": 5000, "unseen_Eval_Examples_Per_Second": 40.51476739501516}}