{"test_metrics": {"Eval_Ent_Precision": 87.89098224331772, "Eval_Ent_Recall": 87.7465303003117, "Eval_Ent_F1": 87.81869687002879, "Eval_Time": 54.7212655544281, "Eval_Examples": 2050, "Eval_Examples_Per_Second": 37.46258386442073, "seen_Eval_Ent_Precision": 65.73989390314985, "seen_Eval_Ent_Recall": 91.70706810834037, "seen_Eval_Ent_F1": 76.58214360682626, "seen_Eval_Time": 54.84359693527222, "seen_Eval_Examples": 2050, "seen_Eval_Examples_Per_Second": 37.37902170091909, "unseen_Eval_Ent_Precision": 22.151088358459447, "unseen_Eval_Ent_Recall": 77.77777774209663, "unseen_Eval_Ent_F1": 34.48177677421311, "unseen_Eval_Time": 55.370147705078125, "unseen_Eval_Examples": 2050, "unseen_Eval_Examples_Per_Second": 37.02356025703702}}