{"test_metrics": {"f1": 0.0, "pr": 0.0, "rec": 0.0, "ner_f1": 0.7905469536781311, "ner_pr": 0.7869474291801453, "ner_rec": 0.7941796183586121, "macro_f1": 0.0, "macro_pr": 0.0, "macro_rec": 0.0, "macro_ner_f1": 0.7815243601799011, "macro_ner_pr": 0.8123356699943542, "macro_ner_rec": 0.7574244737625122, "samples_per_s": 385.271375387328, "samples_total_num": 1854, "samples_total_s": 4.812192440032959, "dna_pr": 0.7625201940536499, "dna_rec": 0.7643724679946899, "dna_f1": 0.7634451985359192, "rna_pr": 0.9285714030265808, "rna_rec": 0.75, "rna_f1": 0.8297871947288513, "cell_type_pr": 0.7420435547828674, "cell_type_rec": 0.7508474588394165, "cell_type_f1": 0.7464194893836975, "protein_pr": 0.7965874671936035, "protein_rec": 0.8339754939079285, "protein_f1": 0.814852774143219, "cell_line_pr": 0.8319559097290039, "cell_line_rec": 0.6879271268844604, "cell_line_f1": 0.7531172037124634}, "test_metrics_bounds": {"f1": 0.0, "pr": 0.0, "rec": 0.0, "ner_f1": 0.8268039226531982, "ner_pr": 0.8232725858688354, "ner_rec": 0.8303657174110413, "macro_f1": 0.0, "macro_pr": 0.0, "macro_rec": 0.0, "macro_ner_f1": 0.8268039226531982, "macro_ner_pr": 0.8232725858688354, "macro_ner_rec": 0.8303657174110413, "samples_per_s": 385.271375387328, "samples_total_num": 1854, "samples_total_s": 4.812192440032959}, "metrics": {"f1": [0.0, 0.0, 0.0, 0.0, 0.0, 0.0, 0.0, 0.0, 0.0, 0.0, 0.0, 0.0, 0.0, 0.0, 0.0, 0.0], "pr": [0.0, 0.0, 0.0, 0.0, 0.0, 0.0, 0.0, 0.0, 0.0, 0.0, 0.0, 0.0, 0.0, 0.0, 0.0, 0.0], "rec": [0.0, 0.0, 0.0, 0.0, 0.0, 0.0, 0.0, 0.0, 0.0, 0.0, 0.0, 0.0, 0.0, 0.0, 0.0, 0.0], "ner_f1": [0.7279907464981079, 0.768288254737854, 0.7830767631530762, 0.7831313610076904, 0.7861027121543884, 0.7905469536781311, 0.7900430560112, 0.7868728637695312, 0.7851223945617676, 0.7854150533676147, 0.7844340205192566, 0.7808757424354553, 0.7862318754196167, 0.7865253686904907, 0.7887027263641357, 0.7867025136947632], "ner_pr": [0.732506275177002, 0.7353404760360718, 0.7726425528526306, 0.8212184906005859, 0.7578180432319641, 0.7869474291801453, 0.7901187539100647, 0.7796992659568787, 0.7724661827087402, 0.7811020612716675, 0.7854126691818237, 0.7635864615440369, 0.7830958962440491, 0.7775490880012512, 0.7887782454490662, 0.7895853519439697], "ner_rec": [0.7235305309295654, 0.8043270111083984, 0.7937966585159302, 0.7484204769134521, 0.8165805339813232, 0.7941796183586121, 0.7899674773216248, 0.7941796183586121, 0.798200249671936, 0.7897759675979614, 0.7834577560424805, 0.798966109752655, 0.7893930673599243, 0.7957112789154053, 0.7886272072792053, 0.7838407158851624], "macro_f1": [0.0, 0.0, 0.0, 0.0, 0.0, 0.0, 0.0, 0.0, 0.0, 0.0, 0.0, 0.0, 0.0, 0.0, 0.0, 0.0], "macro_pr": [0.0, 0.0, 0.0, 0.0, 0.0, 0.0, 0.0, 0.0, 0.0, 0.0, 0.0, 0.0, 0.0, 0.0, 0.0, 0.0], "macro_rec": [0.0, 0.0, 0.0, 0.0, 0.0, 0.0, 0.0, 0.0, 0.0, 0.0, 0.0, 0.0, 0.0, 0.0, 0.0, 0.0], "macro_ner_f1": [0.7026928663253784, 0.7660332322120667, 0.7828737497329712, 0.7763992547988892, 0.7831612229347229, 0.7815243601799011, 0.781219482421875, 0.7864363789558411, 0.7810270190238953, 0.7813271880149841, 0.7846680879592896, 0.7759308815002441, 0.784014105796814, 0.7792174816131592, 0.790186882019043, 0.7886351346969604], "macro_ner_pr": [0.7195632457733154, 0.7383288145065308, 0.7812826633453369, 0.8184999227523804, 0.769657552242279, 0.8123356699943542, 0.8008025884628296, 0.7941058278083801, 0.7868338823318481, 0.7904638051986694, 0.8043649792671204, 0.7772486805915833, 0.7902619242668152, 0.7831577062606812, 0.808272659778595, 0.804286777973175], "macro_ner_rec": [0.6921495199203491, 0.8018810153007507, 0.7854588627815247, 0.7393696308135986, 0.7984372973442078, 0.7574244737625122, 0.764449954032898, 0.7800514101982117, 0.7772354483604431, 0.7748147249221802, 0.76789391040802, 0.7767940163612366, 0.7782983779907227, 0.7768422365188599, 0.7739999890327454, 0.7741765379905701], "samples_per_s": [371.2049859083931, 373.02310638083947, 379.7680515026968, 389.3032035822801, 368.5588256454818, 382.13812943842265, 383.55223313890787, 374.51350461018853, 384.32460669226117, 386.6643695585976, 376.69573209039197, 375.0304372963222, 387.3296315670298, 378.1663889592823, 375.5151943030846, 391.05068732734594], "samples_total_num": [1854, 1854, 1854, 1854, 1854, 1854, 1854, 1854, 1854, 1854, 1854, 1854, 1854, 1854, 1854, 1854], "samples_total_s": [4.994544982910156, 4.97020149230957, 4.881927251815796, 4.762354850769043, 5.030404567718506, 4.851648807525635, 4.83376145362854, 4.950422286987305, 4.824047088623047, 4.794856071472168, 4.921744108200073, 4.943598747253418, 4.786620616912842, 4.9026038646698, 4.9372169971466064, 4.741073369979858], "dna_pr": [0.7365079522132874, 0.6660078763961792, 0.7280240654945374, 0.8094302415847778, 0.7464788556098938, 0.7625201940536499, 0.7617156505584717, 0.7641357183456421, 0.7726141214370728, 0.763327956199646, 0.7362385392189026, 0.7150336503982544, 0.7609755992889404, 0.740121603012085, 0.7632221579551697, 0.7622950673103333], "dna_rec": [0.5635627508163452, 0.8186234831809998, 0.7846153974533081, 0.6672064661979675, 0.7724696397781372, 0.7643724679946899, 0.7765182256698608, 0.7659919261932373, 0.7538461685180664, 0.7651821970939636, 0.7797570824623108, 0.7740890979766846, 0.75789475440979, 0.7886639833450317, 0.7595141530036926, 0.7530364394187927], "dna_f1": [0.6385321021080017, 0.7344714999198914, 0.7552611231803894, 0.7314691543579102, 0.7592518925666809, 0.7634451985359192, 0.7690457105636597, 0.765062689781189, 0.7631148099899292, 0.7642540335655212, 0.7573731541633606, 0.7433903813362122, 0.7594320774078369, 0.7636221647262573, 0.761363685131073, 0.7576374411582947], "rna_pr": [0.6607142686843872, 0.8348624110221863, 0.849056601524353, 0.8469387888908386, 0.8380952477455139, 0.9285714030265808, 0.8913043737411499, 0.8910890817642212, 0.8627451062202454, 0.8787878751754761, 0.9247311949729919, 0.9032257795333862, 0.9081632494926453, 0.8854166865348816, 0.9263157844543457, 0.907216489315033], "rna_rec": [0.7115384340286255, 0.875, 0.8653846383094788, 0.7980769276618958, 0.8461538553237915, 0.75, 0.7884615659713745, 0.8653846383094788, 0.8461538553237915, 0.8365384340286255, 0.8269230723381042, 0.807692289352417, 0.8557692170143127, 0.817307710647583, 0.8461538553237915, 0.8461538553237915], "rna_f1": [0.6851851344108582, 0.8544601202011108, 0.8571428060531616, 0.8217822313308716, 0.8421052694320679, 0.8297871947288513, 0.8367347717285156, 0.8780487179756165, 0.8543689250946045, 0.8571428656578064, 0.8730964660644531, 0.8527918457984924, 0.8811880946159363, 0.8500000238418579, 0.8844221234321594, 0.8756219148635864], "cell_type_pr": [0.7145328521728516, 0.6284953355789185, 0.7685352563858032, 0.800000011920929, 0.7093750238418579, 0.7420435547828674, 0.7372881174087524, 0.7241962552070618, 0.7265238761901855, 0.69734787940979, 0.7351916432380676, 0.7133655548095703, 0.7233333587646484, 0.7043618559837341, 0.7508710622787476, 0.7430555820465088], "cell_type_rec": [0.699999988079071, 0.800000011920929, 0.7203390002250671, 0.7050847411155701, 0.7694915533065796, 0.7508474588394165, 0.7372881174087524, 0.7254237532615662, 0.7474576234817505, 0.7576271295547485, 0.7152542471885681, 0.7508474588394165, 0.7355931997299194, 0.7389830350875854, 0.7305084466934204, 0.7254237532615662], "cell_type_f1": [0.7071917057037354, 0.7039522528648376, 0.7436570525169373, 0.7495495080947876, 0.7382113933563232, 0.7464194893836975, 0.7372881174087524, 0.724809467792511, 0.7368420958518982, 0.7262388467788696, 0.7250859141349792, 0.7316268086433411, 0.729411780834198, 0.721257209777832, 0.7405498027801514, 0.7341338396072388], "protein_pr": [0.7348048686981201, 0.7897785305976868, 0.7912013530731201, 0.8311306834220886, 0.7653701305389404, 0.7965874671936035, 0.8079310059547424, 0.7905968427658081, 0.7754114270210266, 0.7995218634605408, 0.8093903064727783, 0.7913333177566528, 0.8046607375144958, 0.8061855435371399, 0.8009543418884277, 0.8043553233146667],