{"test_metrics": {"seen__f1": 0.0, "seen__pr": 0.0, "seen__rec": 0.0, "seen__ner_f1": 0.5915317535400391, "seen__ner_pr": 0.45057862997055054, "seen__ner_rec": 0.8608191609382629, "seen__macro_f1": 0.0, "seen__macro_pr": 0.0, "seen__macro_rec": 0.0, "seen__macro_ner_f1": 0.5470198392868042, "seen__macro_ner_pr": 0.415531724691391, "seen__macro_ner_rec": 0.8269773721694946, "seen__samples_per_s": 480.19364842435755, "seen__samples_total_num": 1854, "seen__samples_total_s": 3.8609423637390137, "seen__dna_pr": 0.30048465728759766, "seen__dna_rec": 0.7914893627166748, "seen__dna_f1": 0.4355972111225128, "seen__rna_pr": 0.3452380895614624, "seen__rna_rec": 0.8285714387893677, "seen__rna_f1": 0.4873949885368347, "seen__cell_type_pr": 0.552763819694519, "seen__cell_type_rec": 0.7875894904136658, "seen__cell_type_f1": 0.6496063470840454, "seen__protein_pr": 0.5045165419578552, "seen__protein_rec": 0.9029940366744995, "seen__protein_f1": 0.6473492383956909, "seen__cell_line_pr": 0.3746556341648102, "seen__cell_line_rec": 0.8242424130439758, "seen__cell_line_f1": 0.5151515007019043, "unseen__f1": 0.0, "unseen__pr": 0.0, "unseen__rec": 0.0, "unseen__ner_f1": 0.45843565464019775, "unseen__ner_pr": 0.3363687992095947, "unseen__ner_rec": 0.7195616960525513, "unseen__macro_f1": 0.0, "unseen__macro_pr": 0.0, "unseen__macro_rec": 0.0, "unseen__macro_ner_f1": 0.489086776971817, "unseen__macro_ner_pr": 0.39680394530296326, "unseen__macro_ner_rec": 0.6922448873519897, "unseen__samples_per_s": 535.0011159961024, "unseen__samples_total_num": 1854, "unseen__samples_total_s": 3.4654133319854736, "unseen__dna_pr": 0.46203553676605225, "unseen__dna_rec": 0.7477124333381653, "unseen__dna_f1": 0.5711432695388794, "unseen__rna_pr": 0.5833333134651184, "unseen__rna_rec": 0.7101449370384216, "unseen__rna_f1": 0.6405228972434998, "unseen__cell_type_pr": 0.1892797350883484, "unseen__cell_type_rec": 0.6608186960220337, "unseen__cell_type_f1": 0.2942708432674408, "unseen__protein_pr": 0.2920709252357483, "unseen__protein_rec": 0.7367088794708252, "unseen__protein_f1": 0.41830381751060486, "unseen__cell_line_pr": 0.4573002755641937, "unseen__cell_line_rec": 0.6058394312858582, "unseen__cell_line_f1": 0.5211930871009827}, "test_metrics_bounds": {"seen__f1": 0.0, "seen__pr": 0.0, "seen__rec": 0.0, "seen__ner_f1": 0.6017192006111145, "seen__ner_pr": 0.4584282338619232, "seen__ner_rec": 0.8753171563148499, "seen__macro_f1": 0.0, "seen__macro_pr": 0.0, "seen__macro_rec": 0.0, "seen__macro_ner_f1": 0.6017192006111145, "seen__macro_ner_pr": 0.4584282338619232, "seen__macro_ner_rec": 0.8753171563148499, "seen__samples_per_s": 480.19364842435755, "seen__samples_total_num": 1854, "seen__samples_total_s": 3.8609423637390137, "unseen__f1": 0.0, "unseen__pr": 0.0, "unseen__rec": 0.0, "unseen__ner_f1": 0.4971546530723572, "unseen__ner_pr": 0.36484435200691223, "unseen__ner_rec": 0.7800324559211731, "unseen__macro_f1": 0.0, "unseen__macro_pr": 0.0, "unseen__macro_rec": 0.0, "unseen__macro_ner_f1": 0.4971546530723572, "unseen__macro_ner_pr": 0.36484435200691223, "unseen__macro_ner_rec": 0.7800324559211731, "unseen__samples_per_s": 535.0011159961024, "unseen__samples_total_num": 1854, "unseen__samples_total_s": 3.4654133319854736}}