{"test_metrics": {"f1": 0.0, "pr": 0.0, "rec": 0.0, "ner_f1": 0.637921154499054, "ner_pr": 0.6107162237167358, "ner_rec": 0.6676628589630127, "macro_f1": 0.0, "macro_pr": 0.0, "macro_rec": 0.0, "macro_ner_f1": 0.6370856165885925, "macro_ner_pr": 0.6095383167266846, "macro_ner_rec": 0.6698824763298035, "samples_per_s": 147.83473699878775, "samples_total_num": 529, "samples_total_s": 3.578320026397705, "task_pr": 0.5580645203590393, "task_rec": 0.6603053212165833, "task_f1": 0.6048950552940369, "method_pr": 0.7377049326896667, "method_rec": 0.7411764860153198, "method_f1": 0.739436686038971, "material_pr": 0.5427135825157166, "material_rec": 0.6835442781448364, "material_f1": 0.605042040348053, "otherscientificterm_pr": 0.5390199422836304, "otherscientificterm_rec": 0.5744680762290955, "otherscientificterm_f1": 0.5561797618865967, "metric_pr": 0.6142857074737549, "metric_rec": 0.6056337952613831, "metric_f1": 0.6099291443824768, "generic_pr": 0.6654411554336548, "generic_rec": 0.7541666626930237, "generic_f1": 0.7070311903953552}, "test_metrics_bounds": {"f1": 0.0, "pr": 0.0, "rec": 0.0, "ner_f1": 0.777936577796936, "ner_pr": 0.7453449964523315, "ner_rec": 0.8135086894035339, "macro_f1": 0.0, "macro_pr": 0.0, "macro_rec": 0.0, "macro_ner_f1": 0.777936577796936, "macro_ner_pr": 0.7453449964523315, "macro_ner_rec": 0.8135086894035339, "samples_per_s": 147.83473699878775, "samples_total_num": 529, "samples_total_s": 3.578320026397705}, "metrics": {"f1": [0.0, 0.0, 0.0, 0.0, 0.0, 0.0, 0.0, 0.0, 0.0, 0.0, 0.0, 0.0, 0.0, 0.0, 0.0, 0.0, 0.0, 0.0, 0.0, 0.0, 0.0, 0.0, 0.0, 0.0, 0.0], "pr": [0.0, 0.0, 0.0, 0.0, 0.0, 0.0, 0.0, 0.0, 0.0, 0.0, 0.0, 0.0, 0.0, 0.0, 0.0, 0.0, 0.0, 0.0, 0.0, 0.0, 0.0, 0.0, 0.0, 0.0, 0.0], "rec": [0.0, 0.0, 0.0, 0.0, 0.0, 0.0, 0.0, 0.0, 0.0, 0.0, 0.0, 0.0, 0.0, 0.0, 0.0, 0.0, 0.0, 0.0, 0.0, 0.0, 0.0, 0.0, 0.0, 0.0, 0.0], "ner_f1": [0.35566094517707825, 0.5399543046951294, 0.6327043771743774, 0.596633791923523, 0.6407294869422913, 0.6615384817123413, 0.6345575451850891, 0.6556992530822754, 0.6647024154663086, 0.6524064540863037, 0.6627007722854614, 0.6509661674499512, 0.6734086275100708, 0.661057710647583, 0.6691131591796875, 0.6650660037994385, 0.6637771129608154, 0.658725380897522, 0.6666666269302368, 0.6569427847862244, 0.6690865159034729, 0.6626505851745605, 0.6758208870887756, 0.671875, 0.6706803441047668], "ner_pr": [0.3374578058719635, 0.49580714106559753, 0.6351010203361511, 0.5556756854057312, 0.6221959590911865, 0.6266816258430481, 0.6106604933738708, 0.6172566413879395, 0.6273637413978577, 0.6203389763832092, 0.6308040618896484, 0.6282051205635071, 0.6409965753555298, 0.6351039409637451, 0.6535245180130005, 0.638248860836029, 0.6560587286949158, 0.6276957988739014, 0.6466431021690369, 0.614628791809082, 0.6467836499214172, 0.6380510330200195, 0.6453819870948792, 0.6454965472221375, 0.6454229354858398], "ner_rec": [0.37593984603881836, 0.5927318334579468, 0.6303257942199707, 0.6441102623939514, 0.6604009866714478, 0.7005012631416321, 0.6604009866714478, 0.6992481350898743, 0.7067669034004211, 0.6879699230194092, 0.6979950070381165, 0.6754385828971863, 0.7092731595039368, 0.689223051071167, 0.6854636669158936, 0.6942355632781982, 0.6716791987419128, 0.6929824352264404, 0.6879699230194092, 0.7055137753486633, 0.6929824352264404, 0.689223051071167, 0.7092731595039368, 0.7005012631416321, 0.6979950070381165], "macro_f1": [0.0, 0.0, 0.0, 0.0, 0.0, 0.0, 0.0, 0.0, 0.0, 0.0, 0.0, 0.0, 0.0, 0.0, 0.0, 0.0, 0.0, 0.0, 0.0, 0.0, 0.0, 0.0, 0.0, 0.0, 0.0], "macro_pr": [0.0, 0.0, 0.0, 0.0, 0.0, 0.0, 0.0, 0.0, 0.0, 0.0, 0.0, 0.0, 0.0, 0.0, 0.0, 0.0, 0.0, 0.0, 0.0, 0.0, 0.0, 0.0, 0.0, 0.0, 0.0], "macro_rec": [0.0, 0.0, 0.0, 0.0, 0.0, 0.0, 0.0, 0.0, 0.0, 0.0, 0.0, 0.0, 0.0, 0.0, 0.0, 0.0, 0.0, 0.0, 0.0, 0.0, 0.0, 0.0, 0.0, 0.0, 0.0], "macro_ner_f1": [0.21709293127059937, 0.4661887586116791, 0.578894317150116, 0.5512991547584534, 0.6183636784553528, 0.6379584670066833, 0.6083604693412781, 0.6398144364356995, 0.6439546942710876, 0.6344283819198608, 0.6382318735122681, 0.6322441101074219, 0.6557190418243408, 0.636726438999176, 0.639832615852356, 0.6440930962562561, 0.6446303725242615, 0.6320825815200806, 0.6413557529449463, 0.6422204375267029, 0.6561873555183411, 0.6484518647193909, 0.6577569842338562, 0.6586903929710388, 0.6576071381568909], "macro_ner_pr": [0.26530349254608154, 0.6195067763328552, 0.6055075526237488, 0.5821743607521057, 0.5988680124282837, 0.6048868298530579, 0.6187458634376526, 0.6180345416069031, 0.6179925799369812, 0.6336758732795715, 0.6473057866096497, 0.6201778054237366, 0.6414701342582703, 0.6301994919776917, 0.6607083678245544, 0.6203797459602356, 0.6601282954216003, 0.6318249106407166, 0.6311618685722351, 0.6210634112358093, 0.6505066156387329, 0.643131673336029, 0.6344296932220459, 0.6493822932243347, 0.6462907195091248], "macro_ner_rec": [0.27882495522499084, 0.4873959720134735, 0.5631237626075745, 0.5669959187507629, 0.6468762755393982, 0.6834700703620911, 0.6162723898887634, 0.6717512607574463, 0.676586389541626, 0.6497832536697388, 0.646758496761322, 0.6482930183410645, 0.6756008267402649, 0.6508731245994568, 0.6430019736289978, 0.6733279824256897, 0.6358194947242737, 0.6458682417869568, 0.65390944480896, 0.6718196868896484, 0.6659678816795349, 0.659517228603363, 0.6854112148284912, 0.6722068786621094, 0.6726686954498291], "samples_per_s": [125.144555216704, 135.16067541231652, 122.64737813050421, 108.24374537267309, 136.99137767078275, 139.59465645337198, 136.29763834874888, 101.31661358128048, 142.75087455473763, 133.45196828732412, 121.9951639075135, 129.4924873701016, 124.69199613707396, 140.93655975276243, 130.6202767760005, 138.83153122840145, 143.63718026632148, 134.99591924550174, 140.46735849336093, 120.31295606143853, 173.89250744471775, 171.58534062124295, 158.99826861854714, 162.73741489451874, 190.75803347556993], "samples_total_num": [260, 260, 260, 260, 260, 260, 260, 260, 260, 260, 260, 260, 260, 260, 260, 260, 260, 260, 260, 260, 260, 260, 260, 260, 260], "samples_total_s": [2.0775973796844482, 1.9236364364624023, 2.119898557662964, 2.4019863605499268, 1.8979296684265137, 1.8625354766845703, 1.9075899124145508, 2.5662128925323486, 1.821354866027832, 1.9482665061950684, 2.1312320232391357, 2.007838487625122, 2.0851378440856934, 1.844801664352417, 1.9905025959014893, 1.8727734088897705, 1.8101162910461426, 1.9259841442108154, 1.850963830947876, 2.1610307693481445, 1.4951765537261963, 1.5152809619903564, 1.6352379322052002, 1.597665786743164, 1.362983226776123], "task_pr": [0.5, 0.649350643157959, 0.6371681690216064, 0.682539701461792, 0.6015037298202515, 0.6239316463470459, 0.5555555820465088, 0.5180723071098328, 0.5448275804519653, 0.4848484992980957, 0.5819672346115112, 0.5901639461517334, 0.6083333492279053, 0.5588235259056091, 0.5620437860488892, 0.5820895433425903, 0.60317462682724, 0.5448275804519653, 0.5616438388824463, 0.580152690410614, 0.607692301273346, 0.5954198241233826, 0.5797101259231567, 0.5895522236824036, 0.585185170173645], "task_rec": [0.0317460335791111, 0.3968254029750824, 0.5714285969734192, 0.341269850730896, 0.6349206566810608, 0.579365074634552, 0.6349206566810608, 0.682539701461792, 0.6269841194152832, 0.6349206566810608, 0.5634920597076416, 0.5714285969734192, 0.579365074634552, 0.60317462682724, 0.6111111044883728, 0.6190476417541504, 0.60317462682724, 0.6269841194152832, 0.6507936716079712, 0.60317462682724, 0.6269841194152832, 0.6190476417541504, 0.6349206566810608, 0.6269841194152832, 0.6269841194152832],