{"test_metrics": {"seen__f1": 0.0, "seen__pr": 0.0, "seen__rec": 0.0, "seen__ner_f1": 0.3763010501861572, "seen__ner_pr": 0.2510683834552765, "seen__ner_rec": 0.7507987022399902, "seen__macro_f1": 0.0, "seen__macro_pr": 0.0, "seen__macro_rec": 0.0, "seen__macro_ner_f1": 0.3233361542224884, "seen__macro_ner_pr": 0.2459566444158554, "seen__macro_ner_rec": 0.6952996253967285, "seen__samples_per_s": 250.85322731944396, "seen__samples_total_num": 244, "seen__samples_total_s": 0.9726803302764893, "seen__task_pr": 0.08163265138864517, "seen__task_rec": 0.7058823704719543, "seen__task_f1": 0.1463414579629898, "seen__method_pr": 0.09090909361839294, "seen__method_rec": 0.695652186870575, "seen__method_f1": 0.16080403327941895, "seen__material_pr": 0.1666666716337204, "seen__material_rec": 0.7200000286102295, "seen__material_f1": 0.27067670226097107, "seen__otherscientificterm_pr": 0.10943396389484406, "seen__otherscientificterm_rec": 0.5799999833106995, "seen__otherscientificterm_f1": 0.18412698805332184, "seen__metric_pr": 0.28947368264198303, "seen__metric_rec": 0.6470588445663452, "seen__metric_f1": 0.4000000059604645, "seen__generic_pr": 0.7376237511634827, "seen__generic_rec": 0.8232043981552124, "seen__generic_f1": 0.7780678272247314, "unseen__f1": 0.0, "unseen__pr": 0.0, "unseen__rec": 0.0, "unseen__ner_f1": 0.559289813041687, "unseen__ner_pr": 0.49163880944252014, "unseen__ner_rec": 0.6485294103622437, "unseen__macro_f1": 0.0, "unseen__macro_pr": 0.0, "unseen__macro_rec": 0.0, "unseen__macro_ner_f1": 0.5186629295349121, "unseen__macro_ner_pr": 0.46300825476646423, "unseen__macro_ner_rec": 0.6310761570930481, "unseen__samples_per_s": 399.49074039452313, "unseen__samples_total_num": 512, "unseen__samples_total_s": 1.2816317081451416, "unseen__task_pr": 0.5296052694320679, "unseen__task_rec": 0.6571428775787354, "unseen__task_f1": 0.5865209698677063, "unseen__method_pr": 0.7002341747283936, "unseen__method_rec": 0.7437810897827148, "unseen__method_f1": 0.7213509678840637, "unseen__material_pr": 0.4568527936935425, "unseen__material_rec": 0.6766917109489441, "unseen__material_f1": 0.5454545617103577, "unseen__otherscientificterm_pr": 0.497217059135437, "unseen__otherscientificterm_rec": 0.5738757848739624, "unseen__otherscientificterm_f1": 0.5328031182289124, "unseen__metric_pr": 0.47058823704719543, "unseen__metric_rec": 0.5925925970077515, "unseen__metric_f1": 0.5245901346206665, "unseen__generic_pr": 0.1235521212220192, "unseen__generic_rec": 0.5423728823661804, "unseen__generic_f1": 0.2012578547000885}, "test_metrics_bounds": {"seen__f1": 0.0, "seen__pr": 0.0, "seen__rec": 0.0, "seen__ner_f1": 0.40544870495796204, "seen__ner_pr": 0.2705882489681244, "seen__ner_rec": 0.8083066940307617, "seen__macro_f1": 0.0, "seen__macro_pr": 0.0, "seen__macro_rec": 0.0, "seen__macro_ner_f1": 0.40544870495796204, "seen__macro_ner_pr": 0.2705882489681244, "seen__macro_ner_rec": 0.8083066940307617, "seen__samples_per_s": 250.85322731944396, "seen__samples_total_num": 244, "seen__samples_total_s": 0.9726803302764893, "unseen__f1": 0.0, "unseen__pr": 0.0, "unseen__rec": 0.0, "unseen__ner_f1": 0.7032688856124878, "unseen__ner_pr": 0.6186488270759583, "unseen__ner_rec": 0.8147059082984924, "unseen__macro_f1": 0.0, "unseen__macro_pr": 0.0, "unseen__macro_rec": 0.0, "unseen__macro_ner_f1": 0.7032688856124878, "unseen__macro_ner_pr": 0.6186488270759583, "unseen__macro_ner_rec": 0.8147059082984924, "unseen__samples_per_s": 399.49074039452313, "unseen__samples_total_num": 512, "unseen__samples_total_s": 1.2816317081451416}}