{"test_metrics": {"f1": 0.0, "pr": 0.0, "rec": 0.0, "ner_f1": 0.8724588751792908, "ner_pr": 0.8775910139083862, "ner_rec": 0.8673864603042603, "macro_f1": 0.0, "macro_pr": 0.0, "macro_rec": 0.0, "macro_ner_f1": 0.7961995005607605, "macro_ner_pr": 0.7920865416526794, "macro_ner_rec": 0.8008453845977783, "samples_per_s": 201.62980063594256, "samples_total_num": 5000, "samples_total_s": 24.797921657562256, "organization_pr": 0.6691449880599976, "organization_rec": 0.7124010324478149, "organization_f1": 0.690095841884613, "location_pr": 0.9203152656555176, "location_rec": 0.8996087312698364, "location_f1": 0.9098442196846008, "person_pr": 0.7867993712425232, "person_rec": 0.7905263304710388, "person_f1": 0.7886584401130676}, "test_metrics_bounds": {"f1": 0.0, "pr": 0.0, "rec": 0.0, "ner_f1": 0.8900027275085449, "ner_pr": 0.8952381014823914, "ner_rec": 0.8848283290863037, "macro_f1": 0.0, "macro_pr": 0.0, "macro_rec": 0.0, "macro_ner_f1": 0.8900027275085449, "macro_ner_pr": 0.8952381014823914, "macro_ner_rec": 0.8848283290863037, "samples_per_s": 201.62980063594256, "samples_total_num": 5000, "samples_total_s": 24.797921657562256}, "metrics": {"f1": [0.0, 0.0, 0.0, 0.0, 0.0, 0.0], "pr": [0.0, 0.0, 0.0, 0.0, 0.0, 0.0], "rec": [0.0, 0.0, 0.0, 0.0, 0.0, 0.0], "ner_f1": [0.7977895736694336, 0.8457966446876526, 0.8582782745361328, 0.8708422183990479, 0.8655582666397095, 0.8667407035827637], "ner_pr": [0.7402382493019104, 0.827555775642395, 0.832265317440033, 0.8753026723861694, 0.8401006460189819, 0.8701226115226746], "ner_rec": [0.8650442361831665, 0.8648598790168762, 0.8859697580337524, 0.8664270043373108, 0.8926069140434265, 0.8633849620819092], "macro_f1": [0.0, 0.0, 0.0, 0.0, 0.0, 0.0], "macro_pr": [0.0, 0.0, 0.0, 0.0, 0.0, 0.0], "macro_rec": [0.0, 0.0, 0.0, 0.0, 0.0, 0.0], "macro_ner_f1": [0.6987161636352539, 0.7571005821228027, 0.7766509056091309, 0.7940379977226257, 0.7832133769989014, 0.7891409993171692], "macro_ner_pr": [0.6523545384407043, 0.7478304505348206, 0.7491678595542908, 0.7892317175865173, 0.7362462878227234, 0.798550546169281], "macro_ner_rec": [0.7684641480445862, 0.7668471336364746, 0.8070046305656433, 0.7999203205108643, 0.8414344191551208, 0.780226469039917], "samples_per_s": [183.33897516604853, 180.16066297067695, 181.1920710152319, 181.30610523379647, 177.73899952671627, 202.12187528326456], "samples_total_num": [5000, 5000, 5000, 5000, 5000, 5000], "samples_total_s": [27.27188801765442, 27.75300621986389, 27.59502649307251, 27.577670335769653, 28.131136178970337, 24.737550020217896], "organization_pr": [0.6041095852851868, 0.6501950621604919, 0.6504369378089905, 0.6631079316139221, 0.5874751210212708, 0.730053186416626], "organization_rec": [0.5734720230102539, 0.6501950621604919, 0.677503228187561, 0.72691810131073, 0.768530547618866, 0.713914155960083], "organization_f1": [0.5883923172950745, 0.6501950621604919, 0.6636942028999329, 0.693548321723938, 0.6659154891967773, 0.7218934893608093], "location_pr": [0.8206472992897034, 0.8656941056251526, 0.8783451914787292, 0.9184538722038269, 0.9039111733436584, 0.9075517654418945], "location_rec": [0.9003306031227112, 0.9155136346817017, 0.9202889800071716, 0.901922345161438, 0.9168605208396912, 0.9123300909996033], "location_f1": [0.8586442470550537, 0.8899071216583252, 0.8988280296325684, 0.9101130962371826, 0.9103397727012634, 0.9099346399307251], "person_pr": [0.5323066711425781, 0.7276023030281067, 0.7187214493751526, 0.786133348941803, 0.7173523902893066, 0.7580466270446777], "person_rec": [0.831589937210083, 0.7348326444625854, 0.823221743106842, 0.7709205150604248, 0.8389121294021606, 0.7144351601600647], "person_f1": [0.6491120457649231, 0.7311996221542358, 0.7674304842948914, 0.7784526348114014, 0.7733847498893738, 0.7355950474739075]}}