{"test_metrics": {"unseen__f1": 0.0, "unseen__pr": 0.0, "unseen__rec": 0.0, "unseen__ner_f1": 0.8041130900382996, "unseen__ner_pr": 0.763671875, "unseen__ner_rec": 0.8490771055221558, "unseen__macro_f1": 0.0, "unseen__macro_pr": 0.0, "unseen__macro_rec": 0.0, "unseen__macro_ner_f1": 0.7842535376548767, "unseen__macro_ner_pr": 0.7659457325935364, "unseen__macro_ner_rec": 0.8164780139923096, "unseen__samples_per_s": 315.5931248394766, "unseen__samples_total_num": 283, "unseen__samples_total_s": 0.8967242240905762, "unseen__loc_pr": 0.7654321193695068, "unseen__loc_rec": 0.8732394576072693, "unseen__loc_f1": 0.8157894611358643, "unseen__org_pr": 0.7233009934425354, "unseen__org_rec": 0.8418079018592834, "unseen__org_f1": 0.778067946434021, "unseen__peop_pr": 0.7770700454711914, "unseen__peop_rec": 0.9384615421295166, "unseen__peop_f1": 0.8501742482185364, "unseen__other_pr": 0.7979797720909119, "unseen__other_rec": 0.6124030947685242, "unseen__other_f1": 0.6929824352264404, "seen__f1": 0.0, "seen__pr": 0.0, "seen__rec": 0.0, "seen__ner_f1": 0.45945945382118225, "seen__ner_pr": 0.3131578862667084, "seen__ner_rec": 0.8623188138008118, "seen__macro_f1": 0.0, "seen__macro_pr": 0.0, "seen__macro_rec": 0.0, "seen__macro_ner_f1": 0.3431355059146881, "seen__macro_ner_pr": 0.23724544048309326, "seen__macro_ner_rec": 0.633726179599762, "seen__samples_per_s": 536.7413784140094, "seen__samples_total_num": 96, "seen__samples_total_s": 0.17885708808898926, "seen__loc_pr": 0.35915493965148926, "seen__loc_rec": 0.8644067645072937, "seen__loc_f1": 0.5074626803398132, "seen__org_pr": 0.19696970283985138, "seen__org_rec": 0.7222222089767456, "seen__org_f1": 0.3095238208770752, "seen__peop_pr": 0.3928571343421936, "seen__peop_rec": 0.9482758641242981, "seen__peop_f1": 0.555555522441864, "seen__other_pr": 0.0, "seen__other_rec": 0.0, "seen__other_f1": 0.0}, "test_metrics_bounds": {"unseen__f1": 0.0, "unseen__pr": 0.0, "unseen__rec": 0.0, "unseen__ner_f1": 0.8378795385360718, "unseen__ner_pr": 0.7964774966239929, "unseen__ner_rec": 0.8838219046592712, "unseen__macro_f1": 0.0, "unseen__macro_pr": 0.0, "unseen__macro_rec": 0.0, "unseen__macro_ner_f1": 0.8378795385360718, "unseen__macro_ner_pr": 0.7964774966239929, "unseen__macro_ner_rec": 0.8838219046592712, "unseen__samples_per_s": 315.5931248394766, "unseen__samples_total_num": 283, "unseen__samples_total_s": 0.8967242240905762, "seen__f1": 0.0, "seen__pr": 0.0, "seen__rec": 0.0, "seen__ner_f1": 0.4719536006450653, "seen__ner_pr": 0.32189974188804626, "seen__ner_rec": 0.8840579986572266, "seen__macro_f1": 0.0, "seen__macro_pr": 0.0, "seen__macro_rec": 0.0, "seen__macro_ner_f1": 0.4719536006450653, "seen__macro_ner_pr": 0.32189974188804626, "seen__macro_ner_rec": 0.8840579986572266, "seen__samples_per_s": 536.7413784140094, "seen__samples_total_num": 96, "seen__samples_total_s": 0.17885708808898926}}