{"test_metrics": {"Eval_Ent_Precision": 84.80043739114262, "Eval_Ent_Recall": 85.93591282003214, "Eval_Ent_F1": 85.36439938809073, "Eval_Time": 123.66686248779297, "Eval_Examples": 5000, "Eval_Examples_Per_Second": 40.43120282519939, "seen_Eval_Ent_Precision": 61.6365955874546, "seen_Eval_Ent_Recall": 90.5973747547288, "seen_Eval_Ent_F1": 73.3622559602251, "seen_Eval_Time": 124.78536701202393, "seen_Eval_Examples": 5000, "seen_Eval_Examples_Per_Second": 40.068800691335994, "unseen_Eval_Ent_Precision": 23.200291603207525, "unseen_Eval_Ent_Recall": 75.57138615282197, "unseen_Eval_Ent_F1": 35.50163843393944, "unseen_Eval_Time": 123.8419075012207, "unseen_Eval_Examples": 5000, "unseen_Eval_Examples_Per_Second": 40.374055123066604}}