{"test_metrics": {"unseen_ner_prec_micro": 41.51738672286617, "unseen_ner_rec_micro": 55.02793296089386, "unseen_ner_f1_micro": 47.32732732732733, "unseen_ner_prec_macro": 40.192299377928734, "unseen_ner_rec_macro": 49.69548850963926, "unseen_ner_f1_macro": 43.31831349950972, "unseen_loc_prec_micro": 51.990898748577926, "unseen_loc_rec_micro": 63.8268156424581, "unseen_loc_f1_micro": 57.30407523510972, "unseen_loc_prec_macro": 51.990898748577926, "unseen_loc_rec_macro": 63.8268156424581, "unseen_loc_f1_macro": 57.30407523510972, "unseen_cls_prec_micro": 78.95791583166333, "unseen_cls_rec_micro": 55.02793296089386, "unseen_cls_f1_micro": 64.85596707818931, "unseen_cls_prec_macro": 77.1053112320443, "unseen_cls_rec_macro": 49.69548850963926, "unseen_cls_f1_macro": 58.78787278923999, "unseen_epoch": 0.0, "unseen_iteration": 0.0, "unseen_global_iteration": 0.0, "seen_ner_prec_micro": 26.76659528907923, "seen_ner_rec_micro": 68.87052341597796, "seen_ner_f1_micro": 38.55050115651503, "seen_ner_prec_macro": 22.828328471315025, "seen_ner_rec_macro": 60.62620022933021, "seen_ner_f1_macro": 33.048508244053345, "seen_loc_prec_micro": 31.786542923433878, "seen_loc_rec_micro": 75.48209366391184, "seen_loc_f1_micro": 44.73469387755102, "seen_loc_prec_macro": 31.786542923433878, "seen_loc_rec_macro": 75.48209366391184, "seen_loc_f1_macro": 44.73469387755102, "seen_cls_prec_micro": 84.45945945945947, "seen_cls_rec_micro": 68.87052341597796, "seen_cls_f1_micro": 75.87253414264038, "seen_cls_prec_macro": 74.42126951995373, "seen_cls_rec_macro": 60.62620022933021, "seen_cls_f1_macro": 66.66870846151905, "seen_epoch": 0.0, "seen_iteration": 0.0, "seen_global_iteration": 0.0, "ner_prec_micro": 67.96628029504743, "ner_rec_micro": 59.7775718257646, "ner_f1_micro": 63.609467455621306, "ner_prec_macro": 62.60586589229929, "ner_rec_macro": 52.58767833991802, "ner_f1_macro": 56.59592731157862, "loc_prec_micro": 83.48519362186788, "loc_rec_micro": 67.93327154772938, "loc_f1_micro": 74.9105774144098, "loc_prec_macro": 83.48519362186788, "loc_rec_macro": 67.93327154772938, "loc_f1_macro": 74.9105774144098, "cls_prec_micro": 80.82706766917293, "cls_rec_micro": 59.7775718257646, "cls_f1_micro": 68.7266915290357, "cls_prec_macro": 74.83657715220748, "cls_rec_macro": 52.58767833991802, "cls_f1_macro": 60.9982153336423, "epoch": 0.0, "iteration": 0.0, "global_iteration": 0.0}}