{"test_metrics": {"f1": 0.0, "pr": 0.0, "rec": 0.0, "ner_f1": 0.8679484128952026, "ner_pr": 0.8493199348449707, "ner_rec": 0.8874123096466064, "macro_f1": 0.0, "macro_pr": 0.0, "macro_rec": 0.0, "macro_ner_f1": 0.794252872467041, "macro_ner_pr": 0.7684934735298157, "macro_ner_rec": 0.8224544525146484, "samples_per_s": 223.44776563581746, "samples_total_num": 5000, "samples_total_s": 22.376594305038452, "organization_pr": 0.6715866923332214, "organization_rec": 0.7203166484832764, "organization_f1": 0.6950986385345459, "location_pr": 0.8946614265441895, "location_rec": 0.9159941077232361, "location_f1": 0.9052020907402039, "person_pr": 0.7392321825027466, "person_rec": 0.8310526609420776, "person_f1": 0.7824578881263733}, "test_metrics_bounds": {"f1": 0.0, "pr": 0.0, "rec": 0.0, "ner_f1": 0.8849869966506958, "ner_pr": 0.8661424517631531, "ner_rec": 0.9046696424484253, "macro_f1": 0.0, "macro_pr": 0.0, "macro_rec": 0.0, "macro_ner_f1": 0.8849869966506958, "macro_ner_pr": 0.8661424517631531, "macro_ner_rec": 0.9046696424484253, "samples_per_s": 223.44776563581746, "samples_total_num": 5000, "samples_total_s": 22.376594305038452}, "metrics": {"f1": [0.0, 0.0, 0.0, 0.0, 0.0, 0.0, 0.0], "pr": [0.0, 0.0, 0.0, 0.0, 0.0, 0.0, 0.0], "rec": [0.0, 0.0, 0.0, 0.0, 0.0, 0.0, 0.0], "ner_f1": [0.797104001045227, 0.8331822752952576, 0.8466516137123108, 0.8300955891609192, 0.8643550276756287, 0.8510436415672302, 0.8571560382843018], "ner_pr": [0.7691582441329956, 0.7830211520195007, 0.8260831236839294, 0.7949042320251465, 0.8428521156311035, 0.7981755137443542, 0.8541743159294128], "ner_rec": [0.8271570801734924, 0.8902101516723633, 0.8682706356048584, 0.8685472011566162, 0.8869837522506714, 0.911412239074707, 0.8601585626602173], "macro_f1": [0.0, 0.0, 0.0, 0.0, 0.0, 0.0, 0.0], "macro_pr": [0.0, 0.0, 0.0, 0.0, 0.0, 0.0, 0.0], "macro_rec": [0.0, 0.0, 0.0, 0.0, 0.0, 0.0, 0.0], "macro_ner_f1": [0.6978858113288879, 0.7398366332054138, 0.7710502743721008, 0.7497631907463074, 0.788552463054657, 0.7651355862617493, 0.7816507816314697], "macro_ner_pr": [0.6569915413856506, 0.6832008957862854, 0.7752830386161804, 0.6923301815986633, 0.7543095946311951, 0.7054670453071594, 0.7678385376930237], "macro_ner_rec": [0.7477210164070129, 0.8159124255180359, 0.7691108584403992, 0.8241622447967529, 0.8273847699165344, 0.837179958820343, 0.7972241044044495], "samples_per_s": [233.67869030770936, 239.28169578068096, 229.03801754430742, 236.08771059577273, 239.96499259486464, 233.7029003826722, 225.10899740102215], "samples_total_num": [5000, 5000, 5000, 5000, 5000, 5000, 5000], "samples_total_s": [21.396901845932007, 20.895873308181763, 21.830436944961548, 21.178569555282593, 20.83637261390686, 21.3946852684021, 22.211462259292603], "organization_pr": [0.519336998462677, 0.5957943797111511, 0.6875, 0.5586206912994385, 0.6307007670402527, 0.5930232405662537, 0.6303099989891052], "organization_rec": [0.6111833453178406, 0.6631989479064941, 0.6579973697662354, 0.7373211979866028, 0.7373211979866028, 0.7295188307762146, 0.713914155960083], "organization_f1": [0.5615292191505432, 0.6276922821998596, 0.6724252700805664, 0.6356502771377563, 0.6798560619354248, 0.6542273759841919, 0.669512152671814], "location_pr": [0.8428879976272583, 0.8644654750823975, 0.8437114357948303, 0.8662832379341125, 0.8919015526771545, 0.8533568978309631, 0.8967471718788147], "location_rec": [0.8605362772941589, 0.9168605208396912, 0.920778751373291, 0.8852699995040894, 0.9142892360687256, 0.9462471008300781, 0.8911473155021667], "location_f1": [0.8516207933425903, 0.8898923993110657, 0.8805620670318604, 0.8756737112998962, 0.9029566645622253, 0.897404670715332, 0.8939384818077087], "person_pr": [0.608749508857727, 0.5893428325653076, 0.7946377396583557, 0.6520866751670837, 0.7403263449668884, 0.6700209379196167, 0.7764584422111511], "person_rec": [0.7714434862136841, 0.8676778078079224, 0.7285565137863159, 0.8498954176902771, 0.8305439352989197, 0.8357740640640259, 0.7866109013557434], "person_f1": [0.680507481098175, 0.7019250988960266, 0.7601636648178101, 0.73796546459198, 0.7828444242477417, 0.7437747120857239, 0.7815017104148865]}}