{"test_metrics": {"Eval_Ent_Precision": 88.45182243289361, "Eval_Ent_Recall": 89.5178962602199, "Eval_Ent_F1": 88.98166634997942, "Eval_Time": 58.69087791442871, "Eval_Examples": 2050, "Eval_Examples_Per_Second": 34.928767005136635, "seen_Eval_Ent_Precision": 70.60627931410816, "seen_Eval_Ent_Recall": 92.90123454753028, "seen_Eval_Ent_F1": 80.2337502439066, "seen_Eval_Time": 59.570682525634766, "seen_Eval_Examples": 2050, "seen_Eval_Examples_Per_Second": 34.41290099568413, "unseen_Eval_Ent_Precision": 17.845543136829466, "unseen_Eval_Ent_Recall": 78.24367084138659, "unseen_Eval_Ent_F1": 29.062591843042846, "unseen_Eval_Time": 61.983415603637695, "unseen_Eval_Examples": 2050, "unseen_Eval_Examples_Per_Second": 33.073362931611165}}