{"test_metrics": {"f1": 0.0, "pr": 0.0, "rec": 0.0, "ner_f1": 0.796626091003418, "ner_pr": 0.7906976938247681, "ner_rec": 0.8026440143585205, "macro_f1": 0.0, "macro_pr": 0.0, "macro_rec": 0.0, "macro_ner_f1": 0.7534378170967102, "macro_ner_pr": 0.7430792450904846, "macro_ner_rec": 0.7661713361740112, "samples_per_s": 170.2688931855346, "samples_total_num": 288, "samples_total_s": 1.6914422512054443, "loc_pr": 0.8629441857337952, "loc_rec": 0.8212560415267944, "loc_f1": 0.8415841460227966, "org_pr": 0.6606335043907166, "org_rec": 0.7487179636955261, "org_f1": 0.7019230723381042, "peop_pr": 0.9076433181762695, "peop_rec": 0.8962264060974121, "peop_f1": 0.9018987417221069, "other_pr": 0.5410959124565125, "other_rec": 0.5984848737716675, "other_f1": 0.5683453679084778}, "test_metrics_bounds": {"f1": 0.0, "pr": 0.0, "rec": 0.0, "ner_f1": 0.8362271189689636, "ner_pr": 0.8311567306518555, "ner_rec": 0.8413597941398621, "macro_f1": 0.0, "macro_pr": 0.0, "macro_rec": 0.0, "macro_ner_f1": 0.8362271189689636, "macro_ner_pr": 0.8311567306518555, "macro_ner_rec": 0.8413597941398621, "samples_per_s": 170.2688931855346, "samples_total_num": 288, "samples_total_s": 1.6914422512054443}, "metrics": {"f1": [0.0, 0.0, 0.0, 0.0, 0.0, 0.0, 0.0, 0.0, 0.0, 0.0, 0.0, 0.0, 0.0, 0.0, 0.0, 0.0, 0.0, 0.0, 0.0, 0.0, 0.0], "pr": [0.0, 0.0, 0.0, 0.0, 0.0, 0.0, 0.0, 0.0, 0.0, 0.0, 0.0, 0.0, 0.0, 0.0, 0.0, 0.0, 0.0, 0.0, 0.0, 0.0, 0.0], "rec": [0.0, 0.0, 0.0, 0.0, 0.0, 0.0, 0.0, 0.0, 0.0, 0.0, 0.0, 0.0, 0.0, 0.0, 0.0, 0.0, 0.0, 0.0, 0.0, 0.0, 0.0], "ner_f1": [0.3755943179130554, 0.6583541035652161, 0.6916612982749939, 0.7296457290649414, 0.7494356632232666, 0.7870425581932068, 0.7857974767684937, 0.7567886710166931, 0.7918468713760376, 0.7794632315635681, 0.8085106611251831, 0.7995431423187256, 0.7964497208595276, 0.7971780896186829, 0.8078250288963318, 0.799532413482666, 0.800715982913971, 0.7935752868652344, 0.8053770065307617, 0.7871962189674377, 0.7934272289276123], "ner_pr": [0.6124030947685242, 0.7242798209190369, 0.7961309552192688, 0.7997274994850159, 0.7402452826499939, 0.8282828330993652, 0.8007117509841919, 0.7826617956161499, 0.8615591526031494, 0.7961859107017517, 0.8136574029922485, 0.7990867495536804, 0.8257668614387512, 0.8208232522010803, 0.8134414553642273, 0.8181818127632141, 0.8377028703689575, 0.8275434374809265, 0.8241626620292664, 0.8177340030670166, 0.81544029712677], "ner_rec": [0.27085715532302856, 0.6034285426139832, 0.6114285588264465, 0.6708571314811707, 0.7588571310043335, 0.7497143149375916, 0.7714285850524902, 0.7325714230537415, 0.7325714230537415, 0.7634285688400269, 0.803428590297699, 0.800000011920929, 0.7691428661346436, 0.7748571634292603, 0.8022857308387756, 0.7817142605781555, 0.7668571472167969, 0.7622857093811035, 0.7874285578727722, 0.7588571310043335, 0.7725714445114136], "macro_f1": [0.0, 0.0, 0.0, 0.0, 0.0, 0.0, 0.0, 0.0, 0.0, 0.0, 0.0, 0.0, 0.0, 0.0, 0.0, 0.0, 0.0, 0.0, 0.0, 0.0, 0.0], "macro_pr": [0.0, 0.0, 0.0, 0.0, 0.0, 0.0, 0.0, 0.0, 0.0, 0.0, 0.0, 0.0, 0.0, 0.0, 0.0, 0.0, 0.0, 0.0, 0.0, 0.0, 0.0], "macro_rec": [0.0, 0.0, 0.0, 0.0, 0.0, 0.0, 0.0, 0.0, 0.0, 0.0, 0.0, 0.0, 0.0, 0.0, 0.0, 0.0, 0.0, 0.0, 0.0, 0.0, 0.0], "macro_ner_f1": [0.2490636110305786, 0.5974204540252686, 0.6419802308082581, 0.6584939360618591, 0.6987338066101074, 0.7112907767295837, 0.727822482585907, 0.6839656233787537, 0.7163645029067993, 0.7183970212936401, 0.7562365531921387, 0.7479243278503418, 0.742468535900116, 0.745910108089447, 0.7619938254356384, 0.7534879446029663, 0.7418480515480042, 0.7293844223022461, 0.7507534027099609, 0.7408725023269653, 0.7300876379013062], "macro_ner_pr": [0.3355758786201477, 0.6805505156517029, 0.7402822971343994, 0.7455286979675293, 0.7152807116508484, 0.7848502993583679, 0.7445509433746338, 0.7467033863067627, 0.8167871832847595, 0.7398597002029419, 0.7596637606620789, 0.7455211877822876, 0.773469865322113, 0.7752346396446228, 0.7736084461212158, 0.7745711207389832, 0.7876211404800415, 0.7752445936203003, 0.7717678546905518, 0.7839988470077515, 0.7645412683486938], "macro_ner_rec": [0.2042289674282074, 0.5491047501564026, 0.5676268935203552, 0.5995078086853027, 0.701823890209198, 0.6733545064926147, 0.7125027179718018, 0.6526134014129639, 0.6600172519683838, 0.7017989158630371, 0.7533384561538696, 0.7512708902359009, 0.7176907062530518, 0.7263088226318359, 0.7541834115982056, 0.736769437789917, 0.7061066627502441, 0.695473849773407, 0.732370913028717, 0.7133311629295349, 0.705115020275116], "samples_per_s": [176.52280021571514, 176.9448266126138, 182.80217026632496, 191.31205678520217, 177.5917050914239, 180.80279764648364, 168.57472162708487, 183.92644341137188, 157.2551787201989, 194.37556040114762, 185.93078863648662, 156.97952541476548, 173.7434594537599, 157.76214506603029, 169.8997461194575, 151.15903596751238, 155.1959160496398, 195.07589419462082, 178.4868738442561, 167.66769794334198, 176.89265331250533], "samples_total_num": [231, 231, 231, 231, 231, 231, 231, 231, 231, 231, 231, 231, 231, 231, 231, 231, 231, 231, 231, 231, 231], "samples_total_s": [1.3086128234863281, 1.3054916858673096, 1.2636611461639404, 1.207451343536377, 1.300736427307129, 1.277635097503662, 1.370312213897705, 1.255936861038208, 1.4689500331878662, 1.1884210109710693, 1.2423977851867676, 1.471529483795166, 1.3295464515686035, 1.4642295837402344, 1.3596253395080566, 1.5281918048858643, 1.4884412288665771, 1.1841545104980469, 1.294212818145752, 1.3777251243591309, 1.3058767318725586], "loc_pr": [0.5519125461578369, 0.7909836173057556, 0.8205128312110901, 0.7807309031486511, 0.7645260095596313, 0.8491803407669067, 0.837133526802063, 0.7277777791023254, 0.8974359035491943, 0.8552188277244568, 0.872053861618042, 0.8866666555404663, 0.9094339609146118, 0.9060150384902954, 0.860927164554596, 0.9018181562423706, 0.8912280797958374, 0.8865979313850403, 0.8865979313850403, 0.8754578828811646, 0.8620689511299133], "loc_rec": [0.3226836919784546, 0.6166134476661682, 0.6134185194969177, 0.7507987022399902, 0.7987220287322998, 0.8274760246276855, 0.8210862874984741, 0.8370606899261475, 0.7827476263046265, 0.8115016222000122, 0.8274760246276855, 0.8498402833938599, 0.7699680328369141, 0.7699680328369141, 0.830670952796936, 0.7923322916030884, 0.8115016222000122, 0.8242811560630798, 0.8242811560630798, 0.7635782957077026, 0.8785942196846008], "loc_f1": [0.4072580635547638, 0.6929982304573059, 0.702010989189148, 0.7654722929000854, 0.78125, 0.8381876945495605, 0.8290322422981262, 0.7786032557487488, 0.8361775279045105, 0.8327869176864624, 0.8491803407669067, 0.8678629398345947, 0.8339099884033203, 0.8324697613716125, 0.8455284833908081, 0.8435373902320862, 0.8494983315467834, 0.8543046712875366, 0.8543046712875366, 0.8156996965408325, 0.8702531456947327], "org_pr": [0.0, 0.4920634925365448, 0.7457627058029175, 0.7589285969734192, 0.5296803712844849, 0.668749988079071, 0.7284768223762512, 0.8085106611251831, 0.7229729890823364, 0.7611940503120422, 0.6931818127632141, 0.7017543911933899, 0.7222222089767456, 0.6739130616188049, 0.694915235042572, 0.707602322101593, 0.7730496525764465, 0.8159999847412109, 0.7450980544090271, 0.6373056769371033, 0.811475396156311], "org_rec": [0.0, 0.5535714030265808, 0.523809552192688, 0.5059523582458496, 0.6904761791229248, 0.636904776096344, 0.6547619104385376, 0.4523809552192688, 0.636904776096344, 0.6071428656578064, 0.726190447807312, 0.7142857313156128, 0.6964285969734192, 0.738095223903656, 0.7321428656578064, 0.7202380895614624, 0.648809552192688, 0.6071428656578064, 0.6785714030265808, 0.7321428656578064, 0.5892857313156128],