{"test_metrics": {"seen__f1": 0.0, "seen__pr": 0.0, "seen__rec": 0.0, "seen__ner_f1": 0.5702084898948669, "seen__ner_pr": 0.42517325282096863, "seen__ner_rec": 0.8654212951660156, "seen__macro_f1": 0.0, "seen__macro_pr": 0.0, "seen__macro_rec": 0.0, "seen__macro_ner_f1": 0.5210586786270142, "seen__macro_ner_pr": 0.38571926951408386, "seen__macro_ner_rec": 0.8532125353813171, "seen__samples_per_s": 476.5969145836062, "seen__samples_total_num": 1854, "seen__samples_total_s": 3.8900797367095947, "seen__dna_pr": 0.27265170216560364, "seen__dna_rec": 0.7846890091896057, "seen__dna_f1": 0.40468844771385193, "seen__rna_pr": 0.3050847351551056, "seen__rna_rec": 0.9473684430122375, "seen__rna_f1": 0.4615384638309479, "seen__cell_type_pr": 0.5460751056671143, "seen__cell_type_rec": 0.7766990065574646, "seen__cell_type_f1": 0.6412825584411621, "seen__protein_pr": 0.4811133146286011, "seen__protein_rec": 0.9092047810554504, "seen__protein_f1": 0.6292524337768555, "seen__cell_line_pr": 0.32367148995399475, "seen__cell_line_rec": 0.8481012582778931, "seen__cell_line_f1": 0.4685314893722534, "unseen__f1": 0.0, "unseen__pr": 0.0, "unseen__rec": 0.0, "unseen__ner_f1": 0.47814586758613586, "unseen__ner_pr": 0.355497270822525, "unseen__ner_rec": 0.7300000190734863, "unseen__macro_f1": 0.0, "unseen__macro_pr": 0.0, "unseen__macro_rec": 0.0, "unseen__macro_ner_f1": 0.4974055290222168, "unseen__macro_ner_pr": 0.38786131143569946, "unseen__macro_ner_rec": 0.7271097898483276, "unseen__samples_per_s": 534.4536823486922, "unseen__samples_total_num": 1854, "unseen__samples_total_s": 3.4689629077911377, "unseen__dna_pr": 0.502078115940094, "unseen__dna_rec": 0.7392900586128235, "unseen__dna_f1": 0.5980197787284851, "unseen__rna_pr": 0.49152541160583496, "unseen__rna_rec": 0.8787878751754761, "unseen__rna_f1": 0.6304347515106201, "unseen__cell_type_pr": 0.18430034816265106, "unseen__cell_type_rec": 0.6067415475845337, "unseen__cell_type_f1": 0.28272250294685364, "unseen__protein_pr": 0.3121272325515747, "unseen__protein_rec": 0.7488076090812683, "unseen__protein_f1": 0.440598726272583, "unseen__cell_line_pr": 0.4492753744125366, "unseen__cell_line_rec": 0.6619216799736023, "unseen__cell_line_f1": 0.535251796245575}, "test_metrics_bounds": {"seen__f1": 0.0, "seen__pr": 0.0, "seen__rec": 0.0, "seen__ner_f1": 0.577459454536438, "seen__ner_pr": 0.430659681558609, "seen__ner_rec": 0.8760960698127747, "seen__macro_f1": 0.0, "seen__macro_pr": 0.0, "seen__macro_rec": 0.0, "seen__macro_ner_f1": 0.577459454536438, "seen__macro_ner_pr": 0.430659681558609, "seen__macro_ner_rec": 0.8760960698127747, "seen__samples_per_s": 476.5969145836062, "seen__samples_total_num": 1854, "seen__samples_total_s": 3.8900797367095947, "unseen__f1": 0.0, "unseen__pr": 0.0, "unseen__rec": 0.0, "unseen__ner_f1": 0.5221774578094482, "unseen__ner_pr": 0.3883058428764343, "unseen__ner_rec": 0.7969231009483337, "unseen__macro_f1": 0.0, "unseen__macro_pr": 0.0, "unseen__macro_rec": 0.0, "unseen__macro_ner_f1": 0.5221774578094482, "unseen__macro_ner_pr": 0.3883058428764343, "unseen__macro_ner_rec": 0.7969231009483337, "unseen__samples_per_s": 534.4536823486922, "unseen__samples_total_num": 1854, "unseen__samples_total_s": 3.4689629077911377}}