{"test_metrics": {"Eval_Ent_Precision": 82.60050250671203, "Eval_Ent_Recall": 85.00323205559087, "Eval_Ent_F1": 83.7846447851846, "Eval_Time": 134.52429127693176, "Eval_Examples": 5000, "Eval_Examples_Per_Second": 37.168008487827656, "seen_Eval_Ent_Precision": 53.62526920250803, "seen_Eval_Ent_Recall": 89.48787060811983, "seen_Eval_Ent_F1": 67.06318033507728, "seen_Eval_Time": 133.13706064224243, "seen_Eval_Examples": 5000, "seen_Eval_Examples_Per_Second": 37.55528307355145, "unseen_Eval_Ent_Precision": 29.01112706765773, "unseen_Eval_Ent_Recall": 77.77243202897645, "unseen_Eval_Ent_F1": 42.258675905559464, "unseen_Eval_Time": 133.51256394386292, "unseen_Eval_Examples": 5000, "unseen_Eval_Examples_Per_Second": 37.44965906056837}}