{"test_metrics": {"f1": 0.0, "pr": 0.0, "rec": 0.0, "ner_f1": 0.7870831489562988, "ner_pr": 0.7878381013870239, "ner_rec": 0.7863296866416931, "macro_f1": 0.0, "macro_pr": 0.0, "macro_rec": 0.0, "macro_ner_f1": 0.7870593070983887, "macro_ner_pr": 0.7976463437080383, "macro_ner_rec": 0.7793242931365967, "samples_per_s": 391.5857983821297, "samples_total_num": 1854, "samples_total_s": 4.7345945835113525, "dna_pr": 0.775083601474762, "dna_rec": 0.7506073117256165, "dna_f1": 0.7626491189002991, "rna_pr": 0.8691588640213013, "rna_rec": 0.8942307829856873, "rna_f1": 0.8815165758132935, "cell_type_pr": 0.7196721434593201, "cell_type_rec": 0.7440677881240845, "cell_type_f1": 0.7316666841506958, "protein_pr": 0.7996593117713928, "protein_rec": 0.8220665454864502, "protein_f1": 0.8107081651687622, "cell_line_pr": 0.8246575593948364, "cell_line_rec": 0.6856492161750793, "cell_line_f1": 0.7487562298774719}, "test_metrics_bounds": {"f1": 0.0, "pr": 0.0, "rec": 0.0, "ner_f1": 0.8240482807159424, "ner_pr": 0.825393795967102, "ner_rec": 0.8227072358131409, "macro_f1": 0.0, "macro_pr": 0.0, "macro_rec": 0.0, "macro_ner_f1": 0.8240482807159424, "macro_ner_pr": 0.825393795967102, "macro_ner_rec": 0.8227072358131409, "samples_per_s": 391.5857983821297, "samples_total_num": 1854, "samples_total_s": 4.7345945835113525}, "metrics": {"f1": [0.0, 0.0, 0.0, 0.0, 0.0, 0.0, 0.0, 0.0, 0.0, 0.0, 0.0, 0.0, 0.0, 0.0, 0.0, 0.0, 0.0, 0.0, 0.0, 0.0], "pr": [0.0, 0.0, 0.0, 0.0, 0.0, 0.0, 0.0, 0.0, 0.0, 0.0, 0.0, 0.0, 0.0, 0.0, 0.0, 0.0, 0.0, 0.0, 0.0, 0.0], "rec": [0.0, 0.0, 0.0, 0.0, 0.0, 0.0, 0.0, 0.0, 0.0, 0.0, 0.0, 0.0, 0.0, 0.0, 0.0, 0.0, 0.0, 0.0, 0.0, 0.0], "ner_f1": [0.7292079925537109, 0.7514380812644958, 0.766177237033844, 0.7813063859939575, 0.7838391065597534, 0.7833738327026367, 0.7831190824508667, 0.7811453342437744, 0.784280002117157, 0.7776615023612976, 0.7837159633636475, 0.7845977544784546, 0.7844884991645813, 0.7848933339118958, 0.7867604494094849, 0.7834605574607849, 0.782742440700531, 0.7870831489562988, 0.7863882780075073, 0.7870573401451111], "ner_pr": [0.6894081234931946, 0.6896496415138245, 0.727413535118103, 0.773751437664032, 0.7628193497657776, 0.766440749168396, 0.7626565098762512, 0.7801756858825684, 0.7833811044692993, 0.7728819847106934, 0.789811372756958, 0.7811728715896606, 0.777047336101532, 0.7920078039169312, 0.7817047834396362, 0.7710418701171875, 0.785686731338501, 0.7878381013870239, 0.7830296158790588, 0.7847354412078857], "ner_rec": [0.7738847136497498, 0.825387716293335, 0.8093050122261047, 0.7890101671218872, 0.806050181388855, 0.8010721802711487, 0.8047099113464355, 0.7821175456047058, 0.785180926322937, 0.7825005054473877, 0.7777139544487, 0.7880528569221497, 0.7920735478401184, 0.7779054045677185, 0.7918820381164551, 0.7962856888771057, 0.7798200249671936, 0.7863296866416931, 0.7897759675979614, 0.7893930673599243], "macro_f1": [0.0, 0.0, 0.0, 0.0, 0.0, 0.0, 0.0, 0.0, 0.0, 0.0, 0.0, 0.0, 0.0, 0.0, 0.0, 0.0, 0.0, 0.0, 0.0, 0.0], "macro_pr": [0.0, 0.0, 0.0, 0.0, 0.0, 0.0, 0.0, 0.0, 0.0, 0.0, 0.0, 0.0, 0.0, 0.0, 0.0, 0.0, 0.0, 0.0, 0.0, 0.0], "macro_rec": [0.0, 0.0, 0.0, 0.0, 0.0, 0.0, 0.0, 0.0, 0.0, 0.0, 0.0, 0.0, 0.0, 0.0, 0.0, 0.0, 0.0, 0.0, 0.0, 0.0], "macro_ner_f1": [0.7140284776687622, 0.7504013180732727, 0.7670163512229919, 0.7735225558280945, 0.780380129814148, 0.7836241722106934, 0.7742588520050049, 0.780237078666687, 0.7794665098190308, 0.7807139158248901, 0.7819914817810059, 0.7830726504325867, 0.7869646549224854, 0.7823255062103271, 0.7838849425315857, 0.7787538766860962, 0.7750442624092102, 0.7870593070983887, 0.785282552242279, 0.7862088084220886], "macro_ner_pr": [0.6915395855903625, 0.7006779909133911, 0.747160792350769, 0.7828106880187988, 0.7645888328552246, 0.7722846865653992, 0.7558664083480835, 0.7971784472465515, 0.7915061116218567, 0.7957755923271179, 0.7979176044464111, 0.7893739938735962, 0.7927365303039551, 0.791472315788269, 0.7941321730613708, 0.7736883163452148, 0.7844166159629822, 0.7976463437080383, 0.790263831615448, 0.7916501760482788], "macro_ner_rec": [0.7423025965690613, 0.8097307085990906, 0.793873131275177, 0.7688313722610474, 0.7981642484664917, 0.7976559400558472, 0.7955101728439331, 0.7673593163490295, 0.7704582214355469, 0.7690610885620117, 0.7678636312484741, 0.7781805992126465, 0.7841123938560486, 0.7756756544113159, 0.7760103344917297, 0.7863649129867554, 0.7688999772071838, 0.7793242931365967, 0.7817627191543579, 0.7829488515853882], "samples_per_s": [370.34853247486495, 374.8064386831512, 381.5036114905779, 379.8988695034832, 386.4123984468847, 387.67726881803304, 386.77449145645653, 390.9183465809649, 390.5130752815803, 389.667085736294, 392.0215988372401, 390.16816632934416, 389.15537149981145, 392.3929193426289, 389.97050517677917, 388.8282338201737, 391.5365663039392, 390.96691222681176, 390.3305030726286, 390.2790592978536], "samples_total_num": [1854, 1854, 1854, 1854, 1854, 1854, 1854, 1854, 1854, 1854, 1854, 1854, 1854, 1854, 1854, 1854, 1854, 1854, 1854, 1854], "samples_total_s": [5.0060951709747314, 4.9465532302856445, 4.859718084335327, 4.880246162414551, 4.797982692718506, 4.782328367233276, 4.793490886688232, 4.74267840385437, 4.747600317001343, 4.7579076290130615, 4.7293312549591064, 4.751797199249268, 4.764163970947266, 4.724855899810791, 4.754205703735352, 4.768172264099121, 4.735189914703369, 4.74208927154541, 4.749820947647095, 4.750447034835815], "dna_pr": [0.6954697966575623, 0.6701534390449524, 0.7355242371559143, 0.7791199088096619, 0.7214443683624268, 0.7687861323356628, 0.7373965382575989, 0.7678868770599365, 0.7822784781455994, 0.7540983557701111, 0.7618657946586609, 0.7615197896957397, 0.7643260955810547, 0.7781484723091125, 0.758320152759552, 0.7550039887428284, 0.7662551403045654, 0.775083601474762, 0.7662551403045654, 0.7696118950843811], "dna_rec": [0.6712550520896912, 0.7781376242637634, 0.76113361120224, 0.731174111366272, 0.7927125692367554, 0.7538461685180664, 0.7935222387313843, 0.7473683953285217, 0.7506073117256165, 0.7449392676353455, 0.7538461685180664, 0.7627530097961426, 0.7668015956878662, 0.755465567111969, 0.7748987674713135, 0.7635627388954163, 0.7538461685180664, 0.7506073117256165, 0.7538461685180664, 0.7546558976173401], "dna_f1": [0.6831479072570801, 0.7201198935508728, 0.7481098175048828, 0.7543859481811523, 0.7554012537002563, 0.7612428069114685, 0.7644305229187012, 0.7574887275695801, 0.7661157250404358, 0.7494908571243286, 0.7578347325325012, 0.7621358633041382, 0.7655618190765381, 0.7666392922401428, 0.7665198445320129, 0.7592592239379883, 0.7599999904632568, 0.7626491189002991, 0.7599999904632568, 0.7620604634284973], "rna_pr": [0.6875, 0.7322834730148315, 0.7948718070983887, 0.8090909123420715, 0.8348624110221863, 0.8205128312110901, 0.7749999761581421, 0.8846153616905212, 0.849056601524353, 0.8989899158477783, 0.8725489974021912, 0.8679245114326477, 0.8867924809455872, 0.8363636136054993, 0.8725489974021912, 0.8230088353157043, 0.8333333134651184, 0.8691588640213013, 0.8679245114326477, 0.853210985660553], "rna_rec": [0.7403846383094788, 0.8942307829856873, 0.8942307829856873, 0.8557692170143127, 0.875, 0.9230769276618958, 0.8942307829856873, 0.8846153616905212, 0.8653846383094788, 0.8557692170143127, 0.8557692170143127, 0.8846153616905212, 0.9038461446762085, 0.8846153616905212, 0.8557692170143127, 0.8942307829856873, 0.8653846383094788, 0.8942307829856873, 0.8846153616905212, 0.8942307829856873], "rna_f1": [0.7129629850387573, 0.8051947951316833, 0.8416289687156677, 0.8317756652832031, 0.8544601202011108, 0.8687782883644104, 0.8303571343421936, 0.8846153616905212, 0.8571428060531616, 0.8768473267555237, 0.8640776872634888, 0.8761904239654541, 0.8952381014823914, 0.8598130941390991, 0.8640776872634888, 0.8571428656578064, 0.849056601524353, 0.8815165758132935, 0.8761904239654541, 0.8732394576072693],