{"test_metrics": {"unseen__f1": 0.0, "unseen__pr": 0.0, "unseen__rec": 0.0, "unseen__ner_f1": 0.45650479197502136, "unseen__ner_pr": 0.33723384141921997, "unseen__ner_rec": 0.7063077688217163, "unseen__macro_f1": 0.0, "unseen__macro_pr": 0.0, "unseen__macro_rec": 0.0, "unseen__macro_ner_f1": 0.5024700164794922, "unseen__macro_ner_pr": 0.4019750952720642, "unseen__macro_ner_rec": 0.7219533920288086, "unseen__samples_per_s": 473.4350665397474, "unseen__samples_total_num": 1854, "unseen__samples_total_s": 3.916059732437134, "unseen__dna_pr": 0.47575250267982483, "unseen__dna_rec": 0.7184343338012695, "unseen__dna_f1": 0.5724346041679382, "unseen__rna_pr": 0.6074766516685486, "unseen__rna_rec": 0.8904109597206116, "unseen__rna_f1": 0.7222222089767456, "unseen__cell_type_pr": 0.18360655009746552, "unseen__cell_type_rec": 0.6871165633201599, "unseen__cell_type_f1": 0.28978005051612854, "unseen__protein_pr": 0.2882453203201294, "unseen__protein_rec": 0.7145270109176636, "unseen__protein_f1": 0.41077932715415955, "unseen__cell_line_pr": 0.4547945261001587, "unseen__cell_line_rec": 0.5992779731750488, "unseen__cell_line_f1": 0.5171339511871338, "seen__f1": 0.0, "seen__pr": 0.0, "seen__rec": 0.0, "seen__ner_f1": 0.5911664962768555, "seen__ner_pr": 0.45060425996780396, "seen__ner_rec": 0.8591806888580322, "seen__macro_f1": 0.0, "seen__macro_pr": 0.0, "seen__macro_rec": 0.0, "seen__macro_ner_f1": 0.5274813771247864, "seen__macro_ner_pr": 0.39567118883132935, "seen__macro_ner_rec": 0.8417515754699707, "seen__samples_per_s": 563.0134726652204, "seen__samples_total_num": 1854, "seen__samples_total_s": 3.2929940223693848, "seen__dna_pr": 0.29933109879493713, "seen__dna_rec": 0.8081263899803162, "seen__dna_f1": 0.43685171008110046, "seen__rna_pr": 0.2616822421550751, "seen__rna_rec": 0.9032257795333862, "seen__rna_f1": 0.4057970941066742, "seen__cell_type_pr": 0.5360655784606934, "seen__cell_type_rec": 0.7658079862594604, "seen__cell_type_f1": 0.6306653618812561, "seen__protein_pr": 0.5114139914512634, "seen__protein_rec": 0.8982645273208618, "seen__protein_f1": 0.65175861120224, "seen__cell_line_pr": 0.36986300349235535, "seen__cell_line_rec": 0.8333333134651184, "seen__cell_line_f1": 0.5123339891433716}, "test_metrics_bounds": {"unseen__f1": 0.0, "unseen__pr": 0.0, "unseen__rec": 0.0, "unseen__ner_f1": 0.5005847811698914, "unseen__ner_pr": 0.36995774507522583, "unseen__ner_rec": 0.7738047242164612, "unseen__macro_f1": 0.0, "unseen__macro_pr": 0.0, "unseen__macro_rec": 0.0, "unseen__macro_ner_f1": 0.5005847811698914, "unseen__macro_ner_pr": 0.36995774507522583, "unseen__macro_ner_rec": 0.7738047242164612, "unseen__samples_per_s": 473.4350665397474, "unseen__samples_total_num": 1854, "unseen__samples_total_s": 3.916059732437134, "seen__f1": 0.0, "seen__pr": 0.0, "seen__rec": 0.0, "seen__ner_f1": 0.5972291827201843, "seen__ner_pr": 0.45543602108955383, "seen__ner_rec": 0.8672274947166443, "seen__macro_f1": 0.0, "seen__macro_pr": 0.0, "seen__macro_rec": 0.0, "seen__macro_ner_f1": 0.5972291827201843, "seen__macro_ner_pr": 0.45543602108955383, "seen__macro_ner_rec": 0.8672274947166443, "seen__samples_per_s": 563.0134726652204, "seen__samples_total_num": 1854, "seen__samples_total_s": 3.2929940223693848}}