{"test_metrics": {"Eval_Ent_Precision": 63.17016315481333, "Eval_Ent_Recall": 64.40879380343578, "Eval_Ent_F1": 63.78346570899269, "Eval_Time": 24.04490303993225, "Eval_Examples": 551, "Eval_Examples_Per_Second": 22.915459425431415, "seen_Eval_Ent_Precision": 11.946386990738478, "seen_Eval_Ent_Recall": 76.49253711572733, "seen_Eval_Ent_F1": 20.665322639787657, "seen_Eval_Time": 20.24568796157837, "seen_Eval_Examples": 551, "seen_Eval_Examples_Per_Second": 27.215671852972864, "unseen_Eval_Ent_Precision": 51.22377622234991, "unseen_Eval_Ent_Recall": 62.12014132562524, "unseen_Eval_Ent_F1": 56.148195456853145, "unseen_Eval_Time": 24.244208574295044, "unseen_Eval_Examples": 551, "unseen_Eval_Examples_Per_Second": 22.72707720326241}}