{"test_metrics": {"Eval_Ent_Precision": 88.51778297941225, "Eval_Ent_Recall": 89.53615776496122, "Eval_Ent_F1": 89.02405808841613, "Eval_Time": 57.08450627326965, "Eval_Examples": 2050, "Eval_Examples_Per_Second": 35.91167085139408, "seen_Eval_Ent_Precision": 71.24029607465597, "seen_Eval_Ent_Recall": 92.82521757571149, "seen_Eval_Ent_F1": 80.61287026328381, "seen_Eval_Time": 56.92028212547302, "seen_Eval_Examples": 2050, "seen_Eval_Examples_Per_Second": 36.01528178446224, "unseen_Eval_Ent_Precision": 17.277486922810077, "unseen_Eval_Ent_Recall": 78.12244893367763, "unseen_Eval_Ent_F1": 28.296865772739878, "unseen_Eval_Time": 57.104745626449585, "unseen_Eval_Examples": 2050, "unseen_Eval_Examples_Per_Second": 35.89894285511865}}