{"test_metrics": {"Eval_Ent_Precision": 87.46016868323892, "Eval_Ent_Recall": 85.20818114126801, "Eval_Ent_F1": 86.31948939549737, "Eval_Time": 60.84644532203674, "Eval_Examples": 2050, "Eval_Examples_Per_Second": 33.69136831494661, "seen_Eval_Ent_Precision": 56.26991564900846, "seen_Eval_Ent_Recall": 90.09603839129889, "seen_Eval_Ent_F1": 69.2742586734629, "seen_Eval_Time": 60.2928991317749, "seen_Eval_Examples": 2050, "seen_Eval_Examples_Per_Second": 34.00068713762732, "unseen_Eval_Ent_Precision": 31.190253052974597, "unseen_Eval_Ent_Recall": 77.61194027275006, "unseen_Eval_Ent_F1": 44.49792753336118, "unseen_Eval_Time": 60.021504402160645, "unseen_Eval_Examples": 2050, "unseen_Eval_Examples_Per_Second": 34.15442549164437}}