{"test_metrics": {"seen__f1": 0.0, "seen__pr": 0.0, "seen__rec": 0.0, "seen__ner_f1": 0.5237483978271484, "seen__ner_pr": 0.37090909481048584, "seen__ner_rec": 0.8908296823501587, "seen__macro_f1": 0.0, "seen__macro_pr": 0.0, "seen__macro_rec": 0.0, "seen__macro_ner_f1": 0.46239104866981506, "seen__macro_ner_pr": 0.32536473870277405, "seen__macro_ner_rec": 0.8267796039581299, "seen__samples_per_s": 221.21832062532758, "seen__samples_total_num": 143, "seen__samples_total_s": 0.6464202404022217, "seen__loc_pr": 0.48076921701431274, "seen__loc_rec": 0.8928571343421936, "seen__loc_f1": 0.625, "seen__org_pr": 0.28735631704330444, "seen__org_rec": 0.8928571343421936, "seen__org_f1": 0.43478259444236755, "seen__peop_pr": 0.3333333432674408, "seen__peop_rec": 0.9589040875434875, "seen__peop_f1": 0.4946996569633484, "seen__other_pr": 0.20000000298023224, "seen__other_rec": 0.5625, "seen__other_f1": 0.2950819730758667, "unseen__f1": 0.0, "unseen__pr": 0.0, "unseen__rec": 0.0, "unseen__ner_f1": 0.7670790553092957, "unseen__ner_pr": 0.6929057240486145, "unseen__ner_rec": 0.8590361475944519, "unseen__macro_f1": 0.0, "unseen__macro_pr": 0.0, "unseen__macro_rec": 0.0, "unseen__macro_ner_f1": 0.7377548217773438, "unseen__macro_ner_pr": 0.6893080472946167, "unseen__macro_ner_rec": 0.8119618892669678, "unseen__samples_per_s": 516.8750104368194, "unseen__samples_total_num": 276, "unseen__samples_total_s": 0.5339782238006592, "unseen__loc_pr": 0.6626505851745605, "unseen__loc_rec": 0.9105960130691528, "unseen__loc_f1": 0.7670850157737732, "unseen__org_pr": 0.6620370149612427, "unseen__org_rec": 0.85628741979599, "unseen__org_f1": 0.7467363476753235, "unseen__peop_pr": 0.7622149586677551, "unseen__peop_rec": 0.9551020264625549, "unseen__peop_f1": 0.8478260636329651, "unseen__other_pr": 0.6703296899795532, "unseen__other_rec": 0.5258620977401733, "unseen__other_f1": 0.5893719792366028}, "test_metrics_bounds": {"seen__f1": 0.0, "seen__pr": 0.0, "seen__rec": 0.0, "seen__ner_f1": 0.5372750759124756, "seen__ner_pr": 0.38069215416908264, "seen__ner_rec": 0.9126637578010559, "seen__macro_f1": 0.0, "seen__macro_pr": 0.0, "seen__macro_rec": 0.0, "seen__macro_ner_f1": 0.5372750759124756, "seen__macro_ner_pr": 0.38069215416908264, "seen__macro_ner_rec": 0.9126637578010559, "seen__samples_per_s": 221.21832062532758, "seen__samples_total_num": 143, "seen__samples_total_s": 0.6464202404022217, "unseen__f1": 0.0, "unseen__pr": 0.0, "unseen__rec": 0.0, "unseen__ner_f1": 0.7872912883758545, "unseen__ner_pr": 0.7117818593978882, "unseen__ner_rec": 0.8807228803634644, "unseen__macro_f1": 0.0, "unseen__macro_pr": 0.0, "unseen__macro_rec": 0.0, "unseen__macro_ner_f1": 0.7872912883758545, "unseen__macro_ner_pr": 0.7117818593978882, "unseen__macro_ner_rec": 0.8807228803634644, "unseen__samples_per_s": 516.8750104368194, "unseen__samples_total_num": 276, "unseen__samples_total_s": 0.5339782238006592}}
