{"test_metrics": {"unseen_ner_prec_micro": 42.130518234165066, "unseen_ner_rec_micro": 62.80400572246065, "unseen_ner_f1_micro": 50.43078690407812, "unseen_ner_prec_macro": 42.03371681639802, "unseen_ner_rec_macro": 58.23941276316871, "unseen_ner_f1_macro": 47.77485486297019, "unseen_loc_prec_micro": 51.23456790123457, "unseen_loc_rec_micro": 71.24463519313305, "unseen_loc_f1_micro": 59.60502692998204, "unseen_loc_prec_macro": 51.23456790123457, "unseen_loc_rec_macro": 71.24463519313305, "unseen_loc_f1_macro": 59.60502692998204, "unseen_cls_prec_micro": 81.59851301115242, "unseen_cls_rec_micro": 62.80400572246065, "unseen_cls_f1_micro": 70.97817299919159, "unseen_cls_prec_macro": 78.70368844353615, "unseen_cls_rec_macro": 58.23941276316871, "unseen_cls_f1_macro": 65.9794872696658, "unseen_epoch": 0.0, "unseen_iteration": 0.0, "unseen_global_iteration": 0.0, "seen_ner_prec_micro": 27.543186180422264, "seen_ner_rec_micro": 75.52631578947368, "seen_ner_f1_micro": 40.36568213783404, "seen_ner_prec_macro": 23.448299076534624, "seen_ner_rec_macro": 67.81383904913316, "seen_ner_f1_macro": 34.63449105843753, "seen_loc_prec_micro": 32.19814241486068, "seen_loc_rec_micro": 82.10526315789474, "seen_loc_f1_micro": 46.256486286137886, "seen_loc_prec_macro": 32.19814241486068, "seen_loc_rec_macro": 82.10526315789474, "seen_loc_f1_macro": 46.256486286137886, "seen_cls_prec_micro": 86.18618618618619, "seen_cls_rec_micro": 75.52631578947368, "seen_cls_f1_micro": 80.50490883590463, "seen_cls_prec_macro": 78.53362483204663, "seen_cls_rec_macro": 67.81383904913316, "seen_cls_f1_macro": 72.61564800862459, "seen_epoch": 0.0, "seen_iteration": 0.0, "seen_global_iteration": 0.0, "ner_prec_micro": 69.9714013346044, "ner_rec_micro": 68.0259499536608, "ner_f1_micro": 68.98496240601504, "ner_prec_macro": 65.71165566574382, "ner_rec_macro": 61.64372150901789, "ner_f1_macro": 63.175200555642185, "loc_prec_micro": 83.8477366255144, "loc_rec_micro": 75.53290083410566, "loc_f1_micro": 79.47342759629448, "loc_prec_macro": 83.8477366255144, "loc_rec_macro": 75.53290083410566, "loc_f1_macro": 79.47342759629448, "cls_prec_micro": 83.3144154370034, "cls_rec_micro": 68.0259499536608, "cls_f1_micro": 74.89795918367346, "cls_prec_macro": 78.837727257045, "cls_rec_macro": 61.64372150901789, "cls_f1_macro": 68.58159017969145, "epoch": 0.0, "iteration": 0.0, "global_iteration": 0.0}}