{"test_metrics": {"seen__f1": 0.0, "seen__pr": 0.0, "seen__rec": 0.0, "seen__ner_f1": 0.5822306275367737, "seen__ner_pr": 0.42307692766189575, "seen__ner_rec": 0.9333333373069763, "seen__macro_f1": 0.0, "seen__macro_pr": 0.0, "seen__macro_rec": 0.0, "seen__macro_ner_f1": 0.5184881091117859, "seen__macro_ner_pr": 0.3759971857070923, "seen__macro_ner_rec": 0.8788070678710938, "seen__samples_per_s": 248.2854417863261, "seen__samples_total_num": 179, "seen__samples_total_s": 0.7209444046020508, "seen__loc_pr": 0.5359712243080139, "seen__loc_rec": 0.9802631735801697, "seen__loc_f1": 0.6930232048034668, "seen__org_pr": 0.3913043439388275, "seen__org_rec": 0.8653846383094788, "seen__org_f1": 0.5389221906661987, "seen__peop_pr": 0.4117647111415863, "seen__peop_rec": 0.942307710647583, "seen__peop_f1": 0.5730994343757629, "seen__other_pr": 0.1649484485387802, "seen__other_rec": 0.7272727489471436, "seen__other_f1": 0.2689075469970703, "unseen__f1": 0.0, "unseen__pr": 0.0, "unseen__rec": 0.0, "unseen__ner_f1": 0.7212924957275391, "unseen__ner_pr": 0.6225099563598633, "unseen__ner_rec": 0.8573388457298279, "unseen__macro_f1": 0.0, "unseen__macro_pr": 0.0, "unseen__macro_rec": 0.0, "unseen__macro_ner_f1": 0.7052955627441406, "unseen__macro_ner_pr": 0.61952805519104, "unseen__macro_ner_rec": 0.8244425058364868, "unseen__samples_per_s": 517.2900781865852, "unseen__samples_total_num": 263, "unseen__samples_total_s": 0.5084187984466553, "unseen__loc_pr": 0.5731707215309143, "unseen__loc_rec": 0.8969465494155884, "unseen__loc_f1": 0.6994046568870544, "unseen__org_pr": 0.6170212626457214, "unseen__org_rec": 0.811188817024231, "unseen__org_f1": 0.7009063959121704, "unseen__peop_pr": 0.7234042286872864, "unseen__peop_rec": 0.9532710313796997, "unseen__peop_f1": 0.8225805759429932, "unseen__other_pr": 0.5645161271095276, "unseen__other_rec": 0.6363636255264282, "unseen__other_f1": 0.5982905626296997}, "test_metrics_bounds": {"seen__f1": 0.0, "seen__pr": 0.0, "seen__rec": 0.0, "seen__ner_f1": 0.5865657329559326, "seen__ner_pr": 0.42640990018844604, "seen__ner_rec": 0.939393937587738, "seen__macro_f1": 0.0, "seen__macro_pr": 0.0, "seen__macro_rec": 0.0, "seen__macro_ner_f1": 0.5865657329559326, "seen__macro_ner_pr": 0.42640990018844604, "seen__macro_ner_rec": 0.939393937587738, "seen__samples_per_s": 248.2854417863261, "seen__samples_total_num": 179, "seen__samples_total_s": 0.7209444046020508, "unseen__f1": 0.0, "unseen__pr": 0.0, "unseen__rec": 0.0, "unseen__ner_f1": 0.7471131682395935, "unseen__ner_pr": 0.6450648307800293, "unseen__ner_rec": 0.8875171542167664, "unseen__macro_f1": 0.0, "unseen__macro_pr": 0.0, "unseen__macro_rec": 0.0, "unseen__macro_ner_f1": 0.7471131682395935, "unseen__macro_ner_pr": 0.6450648307800293, "unseen__macro_ner_rec": 0.8875171542167664, "unseen__samples_per_s": 517.2900781865852, "unseen__samples_total_num": 263, "unseen__samples_total_s": 0.5084187984466553}}
