{"test_metrics": {"Eval_Ent_Precision": 62.69757638282658, "Eval_Ent_Recall": 70.70707068246338, "Eval_Ent_F1": 66.46188213743437, "Eval_Time": 25.64254093170166, "Eval_Examples": 551, "Eval_Examples_Per_Second": 21.487730153871112, "seen_Eval_Ent_Precision": 16.543730277614618, "seen_Eval_Ent_Recall": 83.28912449183488, "seen_Eval_Ent_F1": 27.604395643772495, "seen_Eval_Time": 25.204684495925903, "seen_Eval_Examples": 551, "seen_Eval_Examples_Per_Second": 21.861015561970788, "unseen_Eval_Ent_Precision": 46.153846157899004, "unseen_Eval_Ent_Recall": 67.0750382586906, "unseen_Eval_Ent_F1": 54.681647934230156, "unseen_Eval_Time": 26.25627040863037, "unseen_Eval_Examples": 551, "unseen_Eval_Examples_Per_Second": 20.985463335984218}}