{"test_metrics": {"seen__f1": 0.0, "seen__pr": 0.0, "seen__rec": 0.0, "seen__ner_f1": 0.6236392259597778, "seen__ner_pr": 0.46519720554351807, "seen__ner_rec": 0.9457547068595886, "seen__macro_f1": 0.0, "seen__macro_pr": 0.0, "seen__macro_rec": 0.0, "seen__macro_ner_f1": 0.5586552619934082, "seen__macro_ner_pr": 0.41086095571517944, "seen__macro_ner_rec": 0.9050686955451965, "seen__samples_per_s": 272.52286698698805, "seen__samples_total_num": 217, "seen__samples_total_s": 0.7962634563446045, "seen__loc_pr": 0.5797101259231567, "seen__loc_rec": 0.9756097793579102, "seen__loc_f1": 0.7272727489471436, "seen__org_pr": 0.34756097197532654, "seen__org_rec": 0.8769230842590332, "seen__org_f1": 0.4978165626525879, "seen__peop_pr": 0.46875, "seen__peop_rec": 0.9677419066429138, "seen__peop_f1": 0.6315789222717285, "seen__other_pr": 0.24742268025875092, "seen__other_rec": 0.800000011920929, "seen__other_f1": 0.3779527544975281, "unseen__f1": 0.0, "unseen__pr": 0.0, "unseen__rec": 0.0, "unseen__ner_f1": 0.613608717918396, "unseen__ner_pr": 0.4995054304599762, "unseen__ner_rec": 0.7952755689620972, "unseen__macro_f1": 0.0, "unseen__macro_pr": 0.0, "unseen__macro_rec": 0.0, "unseen__macro_ner_f1": 0.5985603332519531, "unseen__macro_ner_pr": 0.5019502639770508, "unseen__macro_ner_rec": 0.75993812084198, "unseen__samples_per_s": 537.6162237216573, "unseen__samples_total_num": 251, "unseen__samples_total_s": 0.4668757915496826, "unseen__loc_pr": 0.4243902564048767, "unseen__loc_rec": 0.8325358629226685, "unseen__loc_f1": 0.5621971487998962, "unseen__org_pr": 0.47926267981529236, "unseen__org_rec": 0.800000011920929, "unseen__org_f1": 0.5994236469268799, "unseen__peop_pr": 0.6446886658668518, "unseen__peop_rec": 0.907216489315033, "unseen__peop_f1": 0.7537473440170288, "unseen__other_pr": 0.45945945382118225, "unseen__other_rec": 0.5, "unseen__other_f1": 0.47887325286865234}, "test_metrics_bounds": {"seen__f1": 0.0, "seen__pr": 0.0, "seen__rec": 0.0, "seen__ner_f1": 0.6313327550888062, "seen__ner_pr": 0.4714784622192383, "seen__ner_rec": 0.9551886916160583, "seen__macro_f1": 0.0, "seen__macro_pr": 0.0, "seen__macro_rec": 0.0, "seen__macro_ner_f1": 0.6313327550888062, "seen__macro_ner_pr": 0.4714784622192383, "seen__macro_ner_rec": 0.9551886916160583, "seen__samples_per_s": 272.52286698698805, "seen__samples_total_num": 217, "seen__samples_total_s": 0.7962634563446045, "unseen__f1": 0.0, "unseen__pr": 0.0, "unseen__rec": 0.0, "unseen__ner_f1": 0.6500304341316223, "unseen__ner_pr": 0.5297619104385376, "unseen__ner_rec": 0.8409448862075806, "unseen__macro_f1": 0.0, "unseen__macro_pr": 0.0, "unseen__macro_rec": 0.0, "unseen__macro_ner_f1": 0.6500304341316223, "unseen__macro_ner_pr": 0.5297619104385376, "unseen__macro_ner_rec": 0.8409448862075806, "unseen__samples_per_s": 537.6162237216573, "unseen__samples_total_num": 251, "unseen__samples_total_s": 0.4668757915496826}}
