{"test_metrics": {"unseen_ner_prec_micro": 44.05737704918033, "unseen_ner_rec_micro": 64.85671191553544, "unseen_ner_f1_micro": 52.47101891397193, "unseen_ner_prec_macro": 43.91823205901697, "unseen_ner_rec_macro": 59.07336102379883, "unseen_ner_f1_macro": 48.81305468573602, "unseen_loc_prec_micro": 53.559693318729465, "unseen_loc_rec_micro": 73.7556561085973, "unseen_loc_f1_micro": 62.055837563451774, "unseen_loc_prec_macro": 53.559693318729465, "unseen_loc_rec_macro": 73.7556561085973, "unseen_loc_f1_macro": 62.055837563451774, "unseen_cls_prec_micro": 81.74904942965779, "unseen_cls_rec_micro": 64.85671191553544, "unseen_cls_f1_micro": 72.32968881412953, "unseen_cls_prec_macro": 79.72423564138587, "unseen_cls_rec_macro": 59.07336102379883, "unseen_cls_f1_macro": 66.06862469753669, "unseen_epoch": 0.0, "unseen_iteration": 0.0, "unseen_global_iteration": 0.0, "seen_ner_prec_micro": 33.29886246122027, "seen_ner_rec_micro": 77.40384615384616, "seen_ner_f1_micro": 46.56543745480839, "seen_ner_prec_macro": 29.05368483980727, "seen_ner_rec_macro": 68.46649111364582, "seen_ner_f1_macro": 40.68024749640702, "seen_loc_prec_micro": 39.06420021762786, "seen_loc_rec_micro": 86.29807692307693, "seen_loc_f1_micro": 53.78277153558052, "seen_loc_prec_macro": 39.06420021762786, "seen_loc_rec_macro": 86.29807692307693, "seen_loc_f1_macro": 53.78277153558052, "seen_cls_prec_micro": 86.79245283018868, "seen_cls_rec_micro": 77.40384615384616, "seen_cls_f1_micro": 81.8297331639136, "seen_cls_prec_macro": 78.5420578660396, "seen_cls_rec_macro": 68.46649111364582, "seen_cls_f1_macro": 72.87254932584082, "seen_epoch": 0.0, "seen_iteration": 0.0, "seen_global_iteration": 0.0, "ner_prec_micro": 77.69709543568464, "ner_rec_micro": 69.41612604263206, "ner_f1_micro": 73.32354380812531, "ner_prec_macro": 72.6049584922535, "ner_rec_macro": 61.6337283170599, "ner_f1_macro": 65.64839493817549, "loc_prec_micro": 91.74917491749174, "loc_rec_micro": 77.2937905468026, "loc_f1_micro": 83.90342052313883, "loc_prec_macro": 91.74917491749174, "loc_rec_macro": 77.2937905468026, "loc_f1_macro": 83.90342052313883, "cls_prec_micro": 84.72850678733032, "cls_rec_micro": 69.41612604263206, "cls_f1_micro": 76.31176770249618, "cls_prec_macro": 79.6244084812623, "cls_rec_macro": 61.6337283170599, "cls_f1_macro": 68.28401066887616, "epoch": 0.0, "iteration": 0.0, "global_iteration": 0.0}}