{"test_metrics": {"unseen_ner_prec_micro": 16.838982288950824, "unseen_ner_rec_micro": 69.75791433891992, "unseen_ner_f1_micro": 27.12920046349942, "unseen_ner_prec_macro": 25.504255505571354, "unseen_ner_rec_macro": 65.04089008519048, "unseen_ner_f1_macro": 34.2096667620546, "unseen_loc_prec_micro": 18.126476467381423, "unseen_loc_rec_micro": 74.30167597765363, "unseen_loc_f1_micro": 29.143232780658828, "unseen_loc_prec_macro": 18.126476467381423, "unseen_loc_rec_macro": 74.30167597765363, "unseen_loc_f1_macro": 29.143232780658828, "unseen_cls_prec_micro": 92.03931203931204, "unseen_cls_rec_micro": 69.75791433891992, "unseen_cls_f1_micro": 79.36440677966101, "unseen_cls_prec_macro": 90.63653042455844, "unseen_cls_rec_macro": 65.04089008519048, "unseen_cls_f1_macro": 75.12381182877023, "unseen_epoch": 0.0, "unseen_iteration": 0.0, "unseen_global_iteration": 0.0, "seen_ner_prec_micro": 69.212775528565, "seen_ner_rec_micro": 94.38105753895228, "seen_ner_f1_micro": 79.86089484065192, "seen_ner_prec_macro": 53.83572110874627, "seen_ner_rec_macro": 91.95264462082298, "seen_ner_f1_macro": 66.6113704012778, "seen_loc_prec_micro": 70.06635760385419, "seen_loc_rec_micro": 94.56508403876823, "seen_loc_f1_micro": 80.49289891395155, "seen_loc_prec_macro": 70.06635760385419, "seen_loc_rec_macro": 94.56508403876823, "seen_loc_f1_macro": 80.49289891395155, "seen_cls_prec_micro": 99.23890608875128, "seen_cls_rec_micro": 94.38105753895228, "seen_cls_f1_micro": 96.74904106143497, "seen_cls_prec_macro": 96.30196589483543, "seen_cls_rec_macro": 91.95264462082298, "seen_cls_f1_macro": 94.07254832773094, "seen_epoch": 0.0, "seen_iteration": 0.0, "seen_global_iteration": 0.0, "ner_prec_micro": 86.17366240317061, "ner_rec_micro": 88.28903654485049, "ner_f1_micro": 87.21852493390465, "ner_prec_macro": 79.51412674455369, "ner_rec_macro": 79.27451179501249, "ner_f1_macro": 79.36606890552392, "loc_prec_micro": 88.32256302903431, "loc_rec_micro": 89.55334071613142, "loc_f1_micro": 88.93369380928378, "loc_prec_macro": 88.32256302903431, "loc_rec_macro": 89.55334071613142, "loc_f1_macro": 88.93369380928378, "cls_prec_micro": 97.73214832975788, "cls_rec_micro": 88.28903654485049, "cls_f1_micro": 92.77090909090909, "cls_prec_macro": 94.94896688804948, "cls_rec_macro": 79.27451179501249, "cls_f1_macro": 86.21970948411044, "epoch": 0.0, "iteration": 0.0, "global_iteration": 0.0}}