{"test_metrics": {"seen__f1": 0.0, "seen__pr": 0.0, "seen__rec": 0.0, "seen__ner_f1": 0.594187319278717, "seen__ner_pr": 0.4346456825733185, "seen__ner_rec": 0.9387755393981934, "seen__macro_f1": 0.0, "seen__macro_pr": 0.0, "seen__macro_rec": 0.0, "seen__macro_ner_f1": 0.4942694902420044, "seen__macro_ner_pr": 0.3593041002750397, "seen__macro_ner_rec": 0.8327067494392395, "seen__samples_per_s": 235.82471159986343, "seen__samples_total_num": 165, "seen__samples_total_s": 0.6996722221374512, "seen__loc_pr": 0.5737704634666443, "seen__loc_rec": 0.9790209531784058, "seen__loc_f1": 0.723514199256897, "seen__org_pr": 0.30894309282302856, "seen__org_rec": 0.8837209343910217, "seen__org_f1": 0.45783135294914246, "seen__peop_pr": 0.4272300601005554, "seen__peop_rec": 0.9680851101875305, "seen__peop_f1": 0.5928338766098022, "seen__other_pr": 0.12727272510528564, "seen__other_rec": 0.5, "seen__other_f1": 0.2028985470533371, "unseen__f1": 0.0, "unseen__pr": 0.0, "unseen__rec": 0.0, "unseen__ner_f1": 0.7233090996742249, "unseen__ner_pr": 0.6318359375, "unseen__ner_rec": 0.8457516431808472, "unseen__macro_f1": 0.0, "unseen__macro_pr": 0.0, "unseen__macro_rec": 0.0, "unseen__macro_ner_f1": 0.7163423299789429, "unseen__macro_ner_pr": 0.6462446451187134, "unseen__macro_ner_rec": 0.8214115500450134, "unseen__samples_per_s": 518.0213277842265, "unseen__samples_total_num": 271, "unseen__samples_total_s": 0.5231444835662842, "unseen__loc_pr": 0.5714285969734192, "unseen__loc_rec": 0.8413284420967102, "unseen__loc_f1": 0.6805970668792725, "unseen__org_pr": 0.5954545736312866, "unseen__org_rec": 0.8618420958518982, "unseen__org_f1": 0.704301118850708, "unseen__peop_pr": 0.7133333086967468, "unseen__peop_rec": 0.9553571343421936, "unseen__peop_f1": 0.8167938590049744, "unseen__other_pr": 0.7047619223594666, "unseen__other_rec": 0.6271186470985413, "unseen__other_f1": 0.6636771559715271}, "test_metrics_bounds": {"seen__f1": 0.0, "seen__pr": 0.0, "seen__rec": 0.0, "seen__ner_f1": 0.5969827175140381, "seen__ner_pr": 0.4369085133075714, "seen__ner_rec": 0.942176878452301, "seen__macro_f1": 0.0, "seen__macro_pr": 0.0, "seen__macro_rec": 0.0, "seen__macro_ner_f1": 0.5969827175140381, "seen__macro_ner_pr": 0.4369085133075714, "seen__macro_ner_rec": 0.942176878452301, "seen__samples_per_s": 235.82471159986343, "seen__samples_total_num": 165, "seen__samples_total_s": 0.6996722221374512, "unseen__f1": 0.0, "unseen__pr": 0.0, "unseen__rec": 0.0, "unseen__ner_f1": 0.7527964115142822, "unseen__ner_pr": 0.6578690409660339, "unseen__ner_rec": 0.8797385692596436, "unseen__macro_f1": 0.0, "unseen__macro_pr": 0.0, "unseen__macro_rec": 0.0, "unseen__macro_ner_f1": 0.7527964115142822, "unseen__macro_ner_pr": 0.6578690409660339, "unseen__macro_ner_rec": 0.8797385692596436, "unseen__samples_per_s": 518.0213277842265, "unseen__samples_total_num": 271, "unseen__samples_total_s": 0.5231444835662842}}