{"test_metrics": {"seen__f1": 0.0, "seen__pr": 0.0, "seen__rec": 0.0, "seen__ner_f1": 0.5633478164672852, "seen__ner_pr": 0.4214053153991699, "seen__ner_rec": 0.8494789600372314, "seen__macro_f1": 0.0, "seen__macro_pr": 0.0, "seen__macro_rec": 0.0, "seen__macro_ner_f1": 0.5062339901924133, "seen__macro_ner_pr": 0.3770706057548523, "seen__macro_ner_rec": 0.8169458508491516, "seen__samples_per_s": 474.19084934989195, "seen__samples_total_num": 1854, "seen__samples_total_s": 3.909818172454834, "seen__dna_pr": 0.2587684988975525, "seen__dna_rec": 0.7942583560943604, "seen__dna_f1": 0.3903585970401764, "seen__rna_pr": 0.26213592290878296, "seen__rna_rec": 0.7941176295280457, "seen__rna_f1": 0.39416059851646423, "seen__cell_type_pr": 0.5391156673431396, "seen__cell_type_rec": 0.7788698077201843, "seen__cell_type_f1": 0.6371859312057495, "seen__protein_pr": 0.4867503345012665, "seen__protein_rec": 0.8852251172065735, "seen__protein_f1": 0.6281214952468872, "seen__cell_line_pr": 0.3385826647281647, "seen__cell_line_rec": 0.8322580456733704, "seen__cell_line_f1": 0.48134323954582214, "unseen__f1": 0.0, "unseen__pr": 0.0, "unseen__rec": 0.0, "unseen__ner_f1": 0.48096755146980286, "unseen__ner_pr": 0.36166954040527344, "unseen__ner_rec": 0.7177051901817322, "unseen__macro_f1": 0.0, "unseen__macro_pr": 0.0, "unseen__macro_rec": 0.0, "unseen__macro_ner_f1": 0.5144047141075134, "unseen__macro_ner_pr": 0.4113798141479492, "unseen__macro_ner_rec": 0.7221457958221436, "unseen__samples_per_s": 531.1232032627007, "unseen__samples_total_num": 1854, "unseen__samples_total_s": 3.490715503692627, "unseen__dna_pr": 0.4855806827545166, "unseen__dna_rec": 0.7625458836555481, "unseen__dna_f1": 0.59333336353302, "unseen__rna_pr": 0.582524299621582, "unseen__rna_rec": 0.8571428656578064, "unseen__rna_f1": 0.6936416029930115, "unseen__cell_type_pr": 0.2023809552192688, "unseen__cell_type_rec": 0.6502732038497925, "unseen__cell_type_f1": 0.30869001150131226, "unseen__protein_pr": 0.3165969252586365, "unseen__protein_rec": 0.7104851603507996, "unseen__protein_f1": 0.4380125403404236, "unseen__cell_line_pr": 0.46981626749038696, "unseen__cell_line_rec": 0.6302816867828369, "unseen__cell_line_f1": 0.5383458733558655}, "test_metrics_bounds": {"seen__f1": 0.0, "seen__pr": 0.0, "seen__rec": 0.0, "seen__ner_f1": 0.5722336173057556, "seen__ner_pr": 0.4282154440879822, "seen__ner_rec": 0.8622153401374817, "seen__macro_f1": 0.0, "seen__macro_pr": 0.0, "seen__macro_rec": 0.0, "seen__macro_ner_f1": 0.5722336173057556, "seen__macro_ner_pr": 0.4282154440879822, "seen__macro_ner_rec": 0.8622153401374817, "seen__samples_per_s": 474.19084934989195, "seen__samples_total_num": 1854, "seen__samples_total_s": 3.909818172454834, "unseen__f1": 0.0, "unseen__pr": 0.0, "unseen__rec": 0.0, "unseen__ner_f1": 0.5261816382408142, "unseen__ner_pr": 0.39582136273384094, "unseen__ner_rec": 0.7845744490623474, "unseen__macro_f1": 0.0, "unseen__macro_pr": 0.0, "unseen__macro_rec": 0.0, "unseen__macro_ner_f1": 0.5261816382408142, "unseen__macro_ner_pr": 0.39582136273384094, "unseen__macro_ner_rec": 0.7845744490623474, "unseen__samples_per_s": 531.1232032627007, "unseen__samples_total_num": 1854, "unseen__samples_total_s": 3.490715503692627}}