{"test_metrics": {"f1": 0.0, "pr": 0.0, "rec": 0.0, "ner_f1": 0.7830748558044434, "ner_pr": 0.7830748558044434, "ner_rec": 0.7830748558044434, "macro_f1": 0.0, "macro_pr": 0.0, "macro_rec": 0.0, "macro_ner_f1": 0.7791495323181152, "macro_ner_pr": 0.7884504795074463, "macro_ner_rec": 0.771480143070221, "samples_per_s": 389.4428587590467, "samples_total_num": 1854, "samples_total_s": 4.7606470584869385, "dna_pr": 0.7443491816520691, "dna_rec": 0.7732793688774109, "dna_f1": 0.7585384845733643, "rna_pr": 0.844660222530365, "rna_rec": 0.8365384340286255, "rna_f1": 0.8405796885490417, "cell_type_pr": 0.7414966225624084, "cell_type_rec": 0.7389830350875854, "cell_type_f1": 0.7402376532554626, "protein_pr": 0.8033472895622253, "protein_rec": 0.8070052266120911, "protein_f1": 0.8051721453666687, "cell_line_pr": 0.808398962020874, "cell_line_rec": 0.7015945315361023, "cell_line_f1": 0.7512195110321045}, "test_metrics_bounds": {"f1": 0.0, "pr": 0.0, "rec": 0.0, "ner_f1": 0.8235632181167603, "ner_pr": 0.8240367770195007, "ner_rec": 0.8230901956558228, "macro_f1": 0.0, "macro_pr": 0.0, "macro_rec": 0.0, "macro_ner_f1": 0.8235632181167603, "macro_ner_pr": 0.8240367770195007, "macro_ner_rec": 0.8230901956558228, "samples_per_s": 389.4428587590467, "samples_total_num": 1854, "samples_total_s": 4.7606470584869385}, "metrics": {"f1": [0.0, 0.0, 0.0, 0.0, 0.0, 0.0, 0.0, 0.0, 0.0, 0.0, 0.0, 0.0, 0.0, 0.0, 0.0, 0.0, 0.0, 0.0, 0.0, 0.0], "pr": [0.0, 0.0, 0.0, 0.0, 0.0, 0.0, 0.0, 0.0, 0.0, 0.0, 0.0, 0.0, 0.0, 0.0, 0.0, 0.0, 0.0, 0.0, 0.0, 0.0], "rec": [0.0, 0.0, 0.0, 0.0, 0.0, 0.0, 0.0, 0.0, 0.0, 0.0, 0.0, 0.0, 0.0, 0.0, 0.0, 0.0, 0.0, 0.0, 0.0, 0.0], "ner_f1": [0.6947510242462158, 0.7699539065361023, 0.7754196524620056, 0.7776802182197571, 0.7771132588386536, 0.7824640274047852, 0.7778421640396118, 0.7757812738418579, 0.7771931290626526, 0.7793228626251221, 0.7746787667274475, 0.7762230634689331, 0.7769170999526978, 0.7789123058319092, 0.7830748558044434, 0.7787425518035889, 0.7792384624481201, 0.7796381115913391, 0.779742956161499, 0.7808788418769836], "ner_pr": [0.6964216828346252, 0.7563723921775818, 0.7814505100250244, 0.7927605509757996, 0.8105635046958923, 0.8002402186393738, 0.7841992378234863, 0.7917081713676453, 0.7766730189323425, 0.7807455658912659, 0.7703521251678467, 0.7824902534484863, 0.7858961820602417, 0.7993149161338806, 0.7830748558044434, 0.776150643825531, 0.7929052710533142, 0.7837105989456177, 0.7872755527496338, 0.7878020405769348], "ner_rec": [0.6930882930755615, 0.7840321660041809, 0.7694811224937439, 0.7631629109382629, 0.7463144063949585, 0.7654604911804199, 0.7715871930122375, 0.7604824900627136, 0.7777139544487, 0.7779054045677185, 0.7790541648864746, 0.7700555324554443, 0.7681409120559692, 0.7595251798629761, 0.7830748558044434, 0.7813516855239868, 0.7660348415374756, 0.7756078839302063, 0.7723530530929565, 0.7740762233734131], "macro_f1": [0.0, 0.0, 0.0, 0.0, 0.0, 0.0, 0.0, 0.0, 0.0, 0.0, 0.0, 0.0, 0.0, 0.0, 0.0, 0.0, 0.0, 0.0, 0.0, 0.0], "macro_pr": [0.0, 0.0, 0.0, 0.0, 0.0, 0.0, 0.0, 0.0, 0.0, 0.0, 0.0, 0.0, 0.0, 0.0, 0.0, 0.0, 0.0, 0.0, 0.0, 0.0], "macro_rec": [0.0, 0.0, 0.0, 0.0, 0.0, 0.0, 0.0, 0.0, 0.0, 0.0, 0.0, 0.0, 0.0, 0.0, 0.0, 0.0, 0.0, 0.0, 0.0, 0.0], "macro_ner_f1": [0.6602133512496948, 0.7542204856872559, 0.7685531377792358, 0.7794592976570129, 0.7812620401382446, 0.7836395502090454, 0.7709808349609375, 0.7718119025230408, 0.7744966745376587, 0.7792311906814575, 0.7693988084793091, 0.775597870349884, 0.7709436416625977, 0.7759896516799927, 0.7791495323181152, 0.7733262181282043, 0.7751310467720032, 0.7787376642227173, 0.7782258987426758, 0.7789296507835388], "macro_ner_pr": [0.689028263092041, 0.7548365592956543, 0.7776669859886169, 0.8061296343803406, 0.8230282068252563, 0.8220798373222351, 0.7858666181564331, 0.8153894543647766, 0.7827374339103699, 0.7936010360717773, 0.7684608697891235, 0.802239716053009, 0.7932623028755188, 0.804364800453186, 0.7884504795074463, 0.7861138582229614, 0.8030621409416199, 0.797448992729187, 0.8026371002197266, 0.8013084530830383], "macro_ner_rec": [0.6623330116271973, 0.7565027475357056, 0.7616091966629028, 0.7568610906600952, 0.7443385124206543, 0.7498297095298767, 0.7579963803291321, 0.7376818656921387, 0.7683408856391907, 0.7661744356155396, 0.7714357972145081, 0.7522718906402588, 0.7539688944816589, 0.7504262328147888, 0.771480143070221, 0.7628648281097412, 0.7504751086235046, 0.7624439001083374, 0.7566595077514648, 0.758972704410553], "samples_per_s": [379.87175600322746, 384.965158706848, 384.42247202431395, 393.22160722558846, 385.37738195876886, 392.17029187746346, 389.73963908895956, 391.0469509913484, 388.6624040737922, 388.98601314227983, 388.032578562699, 390.22527920496054, 388.9943024295487, 392.96717642681955, 389.15500147605104, 388.05078038918856, 391.44133136692477, 389.7893581260331, 390.09067853971925, 390.5115456232844], "samples_total_num": [1854, 1854, 1854, 1854, 1854, 1854, 1854, 1854, 1854, 1854, 1854, 1854, 1854, 1854, 1854, 1854, 1854, 1854, 1854, 1854], "samples_total_s": [4.880594491958618, 4.816020250320435, 4.822818994522095, 4.714898586273193, 4.810868740081787, 4.727538108825684, 4.757021903991699, 4.741118669509888, 4.770206689834595, 4.766238212585449, 4.777949333190918, 4.751101732254028, 4.766136646270752, 4.71795129776001, 4.7641685009002686, 4.7777252197265625, 4.736341953277588, 4.756415128707886, 4.752741098403931, 4.747618913650513], "dna_pr": [0.7471655607223511, 0.7365813255310059, 0.7381874322891235, 0.7114243507385254, 0.7719756364822388, 0.7810026407241821, 0.7855274677276611, 0.7725321650505066, 0.7378336191177368, 0.7300710082054138, 0.7360890507698059, 0.7497962713241577, 0.7504065036773682, 0.7731239199638367, 0.7443491816520691, 0.745843231678009, 0.7658863067626953, 0.7483818531036377, 0.7541118264198303, 0.7611570358276367], "dna_rec": [0.5336032509803772, 0.722267210483551, 0.7716599106788635, 0.7765182256698608, 0.7182186245918274, 0.7190283536911011, 0.7295546531677246, 0.7287449240684509, 0.76113361120224, 0.7489878535270691, 0.7497975826263428, 0.7449392676353455, 0.7473683953285217, 0.7174088954925537, 0.7732793688774109, 0.7627530097961426, 0.7417004108428955, 0.7489878535270691, 0.7425101399421692, 0.7457489967346191], "dna_f1": [0.6225791573524475, 0.7293540835380554, 0.7545526623725891, 0.7425474524497986, 0.7441275119781494, 0.7487351894378662, 0.756507158279419, 0.75, 0.7493025660514832, 0.7394084930419922, 0.74288010597229, 0.7473599314689636, 0.7488844394683838, 0.7442250847816467, 0.7585384845733643, 0.7542033791542053, 0.7535993456840515, 0.7486847043037415, 0.7482660412788391, 0.7533742189407349], "rna_pr": [0.5970149040222168, 0.7565217614173889, 0.8514851331710815, 0.9333333373069763, 0.8979591727256775, 0.9340659379959106, 0.8349514603614807, 0.9230769276618958, 0.8396226167678833, 0.8947368264198303, 0.8165137767791748, 0.901098906993866, 0.8600000143051147, 0.8936170339584351, 0.844660222530365, 0.8500000238418579, 0.8924731016159058, 0.8865979313850403, 0.8936170339584351, 0.8854166865348816], "rna_rec": [0.7692307829856873, 0.8365384340286255, 0.8269230723381042, 0.807692289352417, 0.8461538553237915, 0.817307710647583, 0.8269230723381042, 0.807692289352417, 0.8557692170143127, 0.817307710647583, 0.8557692170143127, 0.7884615659713745, 0.8269230723381042, 0.807692289352417, 0.8365384340286255, 0.817307710647583, 0.7980769276618958, 0.8269230723381042, 0.807692289352417, 0.817307710647583], "rna_f1": [0.6722688674926758, 0.7945204973220825, 0.8390244245529175, 0.8659793734550476, 0.8712871670722961, 0.8717948794364929, 0.8309178948402405, 0.8615385293960571, 0.8476189970970154, 0.854271411895752, 0.8356807827949524, 0.841025710105896, 0.8431373238563538, 0.8484848737716675, 0.8405796885490417, 0.8333333730697632, 0.8426395654678345, 0.8557213544845581, 0.8484848737716675, 0.8500000238418579],