{"test_metrics": {"unseen_ner_prec_micro": 32.80231716147719, "unseen_ner_rec_micro": 70.67082683307332, "unseen_ner_f1_micro": 44.80712166172107, "unseen_ner_prec_macro": 39.43789755928498, "unseen_ner_rec_macro": 70.80908487573403, "unseen_ner_f1_macro": 49.24985685445001, "unseen_loc_prec_micro": 36.31336405529954, "unseen_loc_rec_micro": 76.83307332293292, "unseen_loc_f1_micro": 49.3178119914883, "unseen_loc_prec_macro": 36.31336405529954, "unseen_loc_rec_macro": 76.83307332293292, "unseen_loc_f1_macro": 49.3178119914883, "unseen_cls_prec_micro": 89.61424332344214, "unseen_cls_rec_micro": 70.67082683307332, "unseen_cls_f1_micro": 79.02311382468382, "unseen_cls_prec_macro": 87.86562493793944, "unseen_cls_rec_macro": 70.80908487573403, "unseen_cls_f1_macro": 77.88019725933715, "unseen_epoch": 0.0, "unseen_iteration": 0.0, "unseen_global_iteration": 0.0, "seen_ner_prec_micro": 45.63758389261745, "seen_ner_rec_micro": 85.52005438477227, "seen_ner_f1_micro": 59.51507983441751, "seen_ner_prec_macro": 39.46185575617915, "seen_ner_rec_macro": 80.63671789711962, "seen_ner_f1_macro": 51.9386026455434, "seen_loc_prec_micro": 46.7110125646711, "seen_loc_rec_micro": 85.92794017675051, "seen_loc_f1_micro": 60.52190567392866, "seen_loc_prec_macro": 46.7110125646711, "seen_loc_rec_macro": 85.92794017675051, "seen_loc_f1_macro": 60.52190567392866, "seen_cls_prec_micro": 98.39655846695346, "seen_cls_rec_micro": 85.52005438477227, "seen_cls_f1_micro": 91.50754682669576, "seen_cls_prec_macro": 96.4811604026561, "seen_cls_rec_macro": 80.63671789711962, "seen_cls_f1_macro": 87.79036881455404, "seen_epoch": 0.0, "seen_iteration": 0.0, "seen_global_iteration": 0.0, "ner_prec_micro": 78.25850832729905, "ner_rec_micro": 78.51434798401743, "ner_f1_micro": 78.38621940163192, "ner_prec_macro": 78.45049116582966, "ner_rec_macro": 75.21866088928593, "ner_f1_macro": 76.63642773685915, "loc_prec_micro": 82.90976058931861, "loc_rec_micro": 81.76534689429712, "loc_f1_micro": 82.33357717629846, "loc_prec_macro": 82.90976058931861, "loc_rec_macro": 81.76534689429712, "loc_f1_macro": 82.33357717629846, "cls_prec_micro": 94.49180327868852, "cls_rec_micro": 78.51434798401743, "cls_f1_micro": 85.76530106140264, "cls_prec_macro": 93.75661562748164, "cls_rec_macro": 75.21866088928593, "cls_f1_macro": 83.29917326020684, "epoch": 0.0, "iteration": 0.0, "global_iteration": 0.0}}