{"test_metrics": {"Eval_Ent_Precision": 64.11564624249927, "Eval_Ent_Recall": 67.20142600451405, "Eval_Ent_F1": 65.62228022556161, "Eval_Time": 23.873647689819336, "Eval_Examples": 551, "Eval_Examples_Per_Second": 23.0798413028005, "seen_Eval_Ent_Precision": 13.492063533455712, "seen_Eval_Ent_Recall": 80.134679931753, "seen_Eval_Ent_F1": 23.095584719853303, "seen_Eval_Time": 23.98465847969055, "seen_Eval_Examples": 551, "seen_Eval_Examples_Per_Second": 22.973018376166138, "unseen_Eval_Ent_Precision": 50.6235827657329, "unseen_Eval_Ent_Recall": 64.4300144091919, "unseen_Eval_Ent_F1": 56.69841268990679, "unseen_Eval_Time": 24.088594675064087, "unseen_Eval_Examples": 551, "unseen_Eval_Examples_Per_Second": 22.873895610455907}}