{"test_metrics": {"Eval_Ent_Precision": 63.43810132977793, "Eval_Ent_Recall": 58.764111694873314, "Eval_Ent_F1": 61.011721146191576, "Eval_Time": 24.281173706054688, "Eval_Examples": 551, "Eval_Examples_Per_Second": 22.69247799428263, "seen_Eval_Ent_Precision": 6.41436817650498e-08, "seen_Eval_Ent_Recall": 50.0, "seen_Eval_Ent_F1": 1.282873633655231e-07, "seen_Eval_Time": 23.74250555038452, "seen_Eval_Examples": 551, "seen_Eval_Examples_Per_Second": 23.207323204819733, "unseen_Eval_Ent_Precision": 63.43810132977793, "unseen_Eval_Ent_Recall": 58.764111694873314, "unseen_Eval_Ent_F1": 61.011721146191576, "unseen_Eval_Time": 23.49445390701294, "unseen_Eval_Examples": 551, "unseen_Eval_Examples_Per_Second": 23.452343356468912}}