{"test_metrics": {"Eval_Ent_Precision": 88.49828734865754, "Eval_Ent_Recall": 89.64572679340915, "Eval_Ent_F1": 89.06831169769815, "Eval_Time": 60.64497756958008, "Eval_Examples": 2050, "Eval_Examples_Per_Second": 33.80329389433715, "seen_Eval_Ent_Precision": 71.22769063593738, "seen_Eval_Ent_Recall": 92.94283695933059, "seen_Eval_Ent_F1": 80.64911205117407, "seen_Eval_Time": 59.95661020278931, "seen_Eval_Examples": 2050, "seen_Eval_Examples_Per_Second": 34.19139262654028, "unseen_Eval_Ent_Precision": 17.270596730747933, "unseen_Eval_Ent_Recall": 78.20408158660558, "unseen_Eval_Ent_F1": 28.292971070116373, "unseen_Eval_Time": 61.4388153553009, "unseen_Eval_Examples": 2050, "unseen_Eval_Examples_Per_Second": 33.36652876760143}}