{"test_metrics": {"Eval_Ent_Precision": 85.4500503551964, "Eval_Ent_Recall": 86.17600885840318, "Eval_Ent_F1": 85.81149424628754, "Eval_Time": 138.84311032295227, "Eval_Examples": 5000, "Eval_Examples_Per_Second": 36.01186971661673, "seen_Eval_Ent_Precision": 66.27598204994489, "seen_Eval_Ent_Recall": 91.9695044366024, "seen_Eval_Ent_F1": 77.03687935138377, "seen_Eval_Time": 135.07776474952698, "seen_Eval_Examples": 5000, "seen_Eval_Examples_Per_Second": 37.01571468310449, "unseen_Eval_Ent_Precision": 19.174068314408192, "unseen_Eval_Ent_Recall": 70.71935155642058, "unseen_Eval_Ent_F1": 30.168563613263633, "unseen_Eval_Time": 128.7167842388153, "unseen_Eval_Examples": 5000, "unseen_Eval_Examples_Per_Second": 38.84497293471243}}