{"test_metrics": {"Eval_Ent_Precision": 88.27573727581843, "Eval_Ent_Recall": 89.0978816511695, "Eval_Ent_F1": 88.68490410299559, "Eval_Time": 62.24480867385864, "Eval_Examples": 2050, "Eval_Examples_Per_Second": 32.93447347137484, "seen_Eval_Ent_Precision": 67.45069657410868, "seen_Eval_Ent_Recall": 92.96758102595133, "seen_Eval_Ent_F1": 78.17972107447638, "seen_Eval_Time": 61.380361557006836, "seen_Eval_Examples": 2050, "seen_Eval_Examples_Per_Second": 33.398304408749176, "unseen_Eval_Ent_Precision": 20.825040719802768, "unseen_Eval_Ent_Recall": 78.5129603976631, "unseen_Eval_Ent_F1": 32.91863292840347, "unseen_Eval_Time": 60.942108154296875, "unseen_Eval_Examples": 2050, "unseen_Eval_Examples_Per_Second": 33.63848186560411}}