{"test_metrics": {"Eval_Ent_Precision": 85.17179017147959, "Eval_Ent_Recall": 87.30305831825198, "Eval_Ent_F1": 86.22425622659176, "Eval_Time": 8.91740608215332, "Eval_Examples": 288, "Eval_Examples_Per_Second": 32.296387239377076, "seen_Eval_Ent_Precision": 33.001808349002154, "seen_Eval_Ent_Recall": 95.8005246939605, "seen_Eval_Ent_F1": 49.09213181145358, "seen_Eval_Time": 8.70858645439148, "seen_Eval_Examples": 288, "seen_Eval_Examples_Per_Second": 33.070809081164974, "unseen_Eval_Ent_Precision": 52.169981912893334, "unseen_Eval_Ent_Recall": 82.66475635339611, "unseen_Eval_Ent_F1": 63.96895784042359, "unseen_Eval_Time": 8.898753881454468, "unseen_Eval_Examples": 288, "unseen_Eval_Examples_Per_Second": 32.36408196435336}}