{"test_metrics": {"unseen_ner_prec_micro": 47.26971869829013, "unseen_ner_rec_micro": 58.29931972789115, "unseen_ner_f1_micro": 52.20834602497716, "unseen_ner_prec_macro": 40.946144109976416, "unseen_ner_rec_macro": 50.081269669795205, "unseen_ner_f1_macro": 44.06335082405795, "unseen_loc_prec_micro": 67.3202614379085, "unseen_loc_rec_micro": 77.07482993197279, "unseen_loc_f1_micro": 71.86806216301935, "unseen_loc_prec_macro": 67.3202614379085, "unseen_loc_rec_macro": 77.07482993197279, "unseen_loc_f1_macro": 71.86806216301935, "unseen_cls_prec_micro": 70.41906327033689, "unseen_cls_rec_micro": 58.29931972789115, "unseen_cls_f1_micro": 63.78861183475996, "unseen_cls_prec_macro": 59.04980089750941, "unseen_cls_rec_macro": 50.081269669795205, "unseen_cls_f1_macro": 53.56167061639695, "unseen_epoch": 0.0, "unseen_iteration": 0.0, "unseen_global_iteration": 0.0, "seen_ner_prec_micro": 8.430393788130893, "seen_ner_rec_micro": 70.69767441860465, "seen_ner_f1_micro": 15.06442021803766, "seen_ner_prec_macro": 11.692652333402425, "seen_ner_rec_macro": 68.83597883597884, "seen_ner_f1_macro": 14.950066437670598, "seen_loc_prec_micro": 9.827278141751044, "seen_loc_rec_micro": 76.74418604651163, "seen_loc_f1_micro": 17.423442449841605, "seen_loc_prec_macro": 9.827278141751044, "seen_loc_rec_macro": 76.74418604651163, "seen_loc_f1_macro": 17.423442449841605, "seen_cls_prec_micro": 87.86127167630057, "seen_cls_rec_micro": 70.69767441860465, "seen_cls_f1_micro": 78.35051546391753, "seen_cls_prec_macro": 79.87962962962962, "seen_cls_rec_macro": 68.83597883597884, "seen_cls_f1_macro": 71.37964478390009, "seen_epoch": 0.0, "seen_iteration": 0.0, "seen_global_iteration": 0.0, "ner_prec_micro": 56.069042316258354, "ner_rec_micro": 59.7626112759644, "ner_f1_micro": 57.8569376615915, "ner_prec_macro": 52.79552999734668, "ner_rec_macro": 56.123378385435, "ner_f1_macro": 53.93336811371453, "loc_prec_micro": 77.41162372678251, "loc_rec_micro": 76.67655786350149, "loc_f1_micro": 77.04233750745378, "loc_prec_macro": 77.41162372678251, "loc_rec_macro": 76.67655786350149, "loc_f1_macro": 77.04233750745378, "cls_prec_micro": 72.6027397260274, "cls_rec_micro": 59.7626112759644, "cls_f1_micro": 65.55989583333334, "cls_prec_macro": 66.73516002486343, "cls_rec_macro": 56.123378385435, "cls_f1_macro": 60.50941218158356, "epoch": 0.0, "iteration": 0.0, "global_iteration": 0.0}}