{"test_metrics": {"Eval_Ent_Precision": 86.2707423454076, "Eval_Ent_Recall": 90.19357193564879, "Eval_Ent_F1": 88.18855457970233, "Eval_Time": 56.67870283126831, "Eval_Examples": 2050, "Eval_Examples_Per_Second": 36.16878823255396, "seen_Eval_Ent_Precision": 71.24890828952003, "seen_Eval_Ent_Recall": 93.1491207841292, "seen_Eval_Ent_F1": 80.74030085877266, "seen_Eval_Time": 57.047229528427124, "seen_Eval_Examples": 2050, "seen_Eval_Examples_Per_Second": 35.93513684969517, "unseen_Eval_Ent_Precision": 15.021834073354817, "unseen_Eval_Ent_Recall": 78.39562437849476, "unseen_Eval_Ent_F1": 25.212547654522105, "unseen_Eval_Time": 57.00639343261719, "unseen_Eval_Examples": 2050, "unseen_Eval_Examples_Per_Second": 35.96087871131762}}