{"test_metrics": {"f1": 0.0, "pr": 0.0, "rec": 0.0, "ner_f1": 0.6226865649223328, "ner_pr": 0.6219439506530762, "ner_rec": 0.6234309673309326, "macro_f1": 0.0, "macro_pr": 0.0, "macro_rec": 0.0, "macro_ner_f1": 0.6052032709121704, "macro_ner_pr": 0.6107499003410339, "macro_ner_rec": 0.6007634997367859, "samples_per_s": 167.38707480144922, "samples_total_num": 529, "samples_total_s": 3.160339593887329, "task_pr": 0.5678571462631226, "task_rec": 0.6068702340126038, "task_f1": 0.5867158770561218, "method_pr": 0.7580246925354004, "method_rec": 0.722352921962738, "method_f1": 0.7397589683532715, "material_pr": 0.5419355034828186, "material_rec": 0.5316455960273743, "material_f1": 0.5367411971092224, "otherscientificterm_pr": 0.5557620525360107, "otherscientificterm_rec": 0.5783365368843079, "otherscientificterm_f1": 0.5668246746063232, "metric_pr": 0.5714285969734192, "metric_rec": 0.5070422291755676, "metric_f1": 0.5373134016990662, "generic_pr": 0.6694915294647217, "generic_rec": 0.6583333611488342, "generic_f1": 0.6638655662536621}, "test_metrics_bounds": {"f1": 0.0, "pr": 0.0, "rec": 0.0, "ner_f1": 0.7660591006278992, "ner_pr": 0.7658303380012512, "ner_rec": 0.7662881016731262, "macro_f1": 0.0, "macro_pr": 0.0, "macro_rec": 0.0, "macro_ner_f1": 0.7660591006278992, "macro_ner_pr": 0.7658303380012512, "macro_ner_rec": 0.7662881016731262, "samples_per_s": 167.38707480144922, "samples_total_num": 529, "samples_total_s": 3.160339593887329}, "metrics": {"f1": [0.0, 0.0, 0.0, 0.0, 0.0, 0.0, 0.0, 0.0, 0.0, 0.0, 0.0, 0.0, 0.0, 0.0, 0.0, 0.0, 0.0, 0.0, 0.0, 0.0, 0.0, 0.0, 0.0, 0.0, 0.0], "pr": [0.0, 0.0, 0.0, 0.0, 0.0, 0.0, 0.0, 0.0, 0.0, 0.0, 0.0, 0.0, 0.0, 0.0, 0.0, 0.0, 0.0, 0.0, 0.0, 0.0, 0.0, 0.0, 0.0, 0.0, 0.0], "rec": [0.0, 0.0, 0.0, 0.0, 0.0, 0.0, 0.0, 0.0, 0.0, 0.0, 0.0, 0.0, 0.0, 0.0, 0.0, 0.0, 0.0, 0.0, 0.0, 0.0, 0.0, 0.0, 0.0, 0.0, 0.0], "ner_f1": [0.29020193219184875, 0.487836092710495, 0.5607818961143494, 0.6191325187683105, 0.6233918070793152, 0.6205694079399109, 0.623979926109314, 0.6009732484817505, 0.6411365270614624, 0.6338797807693481, 0.6464020609855652, 0.6254590153694153, 0.6361952424049377, 0.6356968879699707, 0.6322115659713745, 0.6368038654327393, 0.6484184861183167, 0.643552303314209, 0.6328173279762268, 0.6386861205101013, 0.6481137871742249, 0.6446886658668518, 0.6505276560783386, 0.6489493250846863, 0.6485484838485718], "ner_pr": [0.359925776720047, 0.4986911118030548, 0.547079861164093, 0.5887005925178528, 0.5844298005104065, 0.5785481929779053, 0.6251572370529175, 0.5839243531227112, 0.6321558952331543, 0.6148409843444824, 0.640049159526825, 0.6112440228462219, 0.6272838115692139, 0.620525062084198, 0.607390284538269, 0.6159250736236572, 0.6300236582756042, 0.6252955198287964, 0.6254590153694153, 0.6205673813819885, 0.6398046612739563, 0.6285714507102966, 0.6445264220237732, 0.6402438879013062, 0.6394640803337097], "ner_rec": [0.24310776591300964, 0.4774436056613922, 0.5751879811286926, 0.6528822183609009, 0.6679198145866394, 0.6691729426383972, 0.6228070259094238, 0.6190476417541504, 0.6503759622573853, 0.6541353464126587, 0.6528822183609009, 0.640350878238678, 0.6453633904457092, 0.6516290903091431, 0.6591478586196899, 0.6591478586196899, 0.6679198145866394, 0.6629072427749634, 0.640350878238678, 0.6578947305679321, 0.6566416025161743, 0.6616541147232056, 0.6566416025161743, 0.6578947305679321, 0.6578947305679321], "macro_f1": [0.0, 0.0, 0.0, 0.0, 0.0, 0.0, 0.0, 0.0, 0.0, 0.0, 0.0, 0.0, 0.0, 0.0, 0.0, 0.0, 0.0, 0.0, 0.0, 0.0, 0.0, 0.0, 0.0, 0.0, 0.0], "macro_pr": [0.0, 0.0, 0.0, 0.0, 0.0, 0.0, 0.0, 0.0, 0.0, 0.0, 0.0, 0.0, 0.0, 0.0, 0.0, 0.0, 0.0, 0.0, 0.0, 0.0, 0.0, 0.0, 0.0, 0.0, 0.0], "macro_rec": [0.0, 0.0, 0.0, 0.0, 0.0, 0.0, 0.0, 0.0, 0.0, 0.0, 0.0, 0.0, 0.0, 0.0, 0.0, 0.0, 0.0, 0.0, 0.0, 0.0, 0.0, 0.0, 0.0, 0.0, 0.0], "macro_ner_f1": [0.19105897843837738, 0.36390140652656555, 0.522534966468811, 0.5748030543327332, 0.5825907588005066, 0.5952414870262146, 0.5978912711143494, 0.5635964274406433, 0.6058219075202942, 0.6059925556182861, 0.5978681445121765, 0.5870382189750671, 0.5957880020141602, 0.5960817337036133, 0.6018620133399963, 0.5967743396759033, 0.6249123215675354, 0.6146689653396606, 0.5978850722312927, 0.6059269309043884, 0.6151164174079895, 0.6079071164131165, 0.6158301830291748, 0.6153546571731567, 0.6161201596260071], "macro_ner_pr": [0.2218467742204666, 0.43851223587989807, 0.5141554474830627, 0.5794282555580139, 0.5770871043205261, 0.5650898218154907, 0.6355328559875488, 0.5583150386810303, 0.6027451753616333, 0.5954163670539856, 0.6052334308624268, 0.5781404376029968, 0.5919516086578369, 0.5880371928215027, 0.5958386659622192, 0.5824102759361267, 0.6207316517829895, 0.6138608455657959, 0.5970718264579773, 0.5937203764915466, 0.6169821619987488, 0.6011665463447571, 0.6157177090644836, 0.6136882305145264, 0.6110751628875732], "macro_ner_rec": [0.17544007301330566, 0.3607321083545685, 0.5566958785057068, 0.5823640823364258, 0.6060019731521606, 0.6356015801429749, 0.5779593586921692, 0.5769367218017578, 0.6163895130157471, 0.6203571557998657, 0.5989053249359131, 0.601344883441925, 0.6029022336006165, 0.6081539988517761, 0.6165700554847717, 0.613598108291626, 0.6342762112617493, 0.6194828748703003, 0.6002346277236938, 0.621998131275177, 0.6163106560707092, 0.6172806620597839, 0.6177924275398254, 0.6197986006736755, 0.6232510209083557], "samples_per_s": [160.6832595573559, 169.1655899773814, 163.77745158024084, 156.46689710397098, 173.31578538333747, 155.19631599837592, 186.19469256215984, 161.50501982308066, 187.76031424036827, 154.1263358795888, 164.91604248937364, 164.62389267645545, 166.90831957250177, 170.28193230158286, 187.78905793531388, 160.7681117116161, 177.1152913524096, 158.7805632687637, 178.82268675042954, 153.88073089883827, 164.70783409581432, 162.0622578675357, 178.71056637068367, 192.04932156085383, 193.37518297618806], "samples_total_num": [260, 260, 260, 260, 260, 260, 260, 260, 260, 260, 260, 260, 260, 260, 260, 260, 260, 260, 260, 260, 260, 260, 260, 260, 260], "samples_total_s": [1.6180901527404785, 1.5369555950164795, 1.5875201225280762, 1.6616933345794678, 1.5001518726348877, 1.675297498703003, 1.3963878154754639, 1.6098570823669434, 1.3847441673278809, 1.6869277954101562, 1.5765597820281982, 1.579357624053955, 1.557741403579712, 1.5268795490264893, 1.3845322132110596, 1.6172361373901367, 1.467970371246338, 1.6374800205230713, 1.4539542198181152, 1.6896202564239502, 1.5785527229309082, 1.6043217182159424, 1.4548664093017578, 1.3538188934326172, 1.344536542892456], "task_pr": [0.0, 0.6666666865348816, 0.5416666865348816, 0.6228070259094238, 0.5240963697433472, 0.568493127822876, 0.5833333134651184, 0.49707603454589844, 0.5681818127632141, 0.5539568066596985, 0.6062992215156555, 0.48235294222831726, 0.5833333134651184, 0.557823121547699, 0.5460526347160339, 0.5586206912994385, 0.6209677457809448, 0.604651153087616, 0.5539568066596985, 0.5481481552124023, 0.5746268630027771, 0.5602836608886719, 0.5839415788650513, 0.5608108043670654, 0.5694444179534912], "task_rec": [0.0, 0.3650793731212616, 0.6190476417541504, 0.5634920597076416, 0.6904761791229248, 0.658730149269104, 0.6111111044883728, 0.6746031641960144, 0.5952380895614624, 0.6111111044883728, 0.6111111044883728, 0.6507936716079712, 0.6111111044883728, 0.6507936716079712, 0.658730149269104, 0.6428571343421936, 0.6111111044883728, 0.6190476417541504, 0.6111111044883728, 0.5873016119003296, 0.6111111044883728, 0.6269841194152832, 0.6349206566810608, 0.658730149269104, 0.6507936716079712],