{"test_metrics": {"unseen__f1": 0.0, "unseen__pr": 0.0, "unseen__rec": 0.0, "unseen__ner_f1": 0.25902265310287476, "unseen__ner_pr": 0.15656369924545288, "unseen__ner_rec": 0.7495378851890564, "unseen__macro_f1": 0.0, "unseen__macro_pr": 0.0, "unseen__macro_rec": 0.0, "unseen__macro_ner_f1": 0.22119443118572235, "unseen__macro_ner_pr": 0.13937249779701233, "unseen__macro_ner_rec": 0.5878338813781738, "unseen__samples_per_s": 485.06097136154904, "unseen__samples_total_num": 2050, "unseen__samples_total_s": 4.226272821426392, "unseen__per_pr": 0.16147512197494507, "unseen__per_rec": 0.8757281303405762, "unseen__per_f1": 0.27267229557037354, "unseen__org_pr": 0.23641304671764374, "unseen__org_rec": 0.644444465637207, "unseen__org_f1": 0.345924437046051, "unseen__wea_pr": 0.07000000029802322, "unseen__wea_rec": 0.23333333432674408, "unseen__wea_f1": 0.10769230872392654, "unseen__gpe_pr": 0.09760956466197968, "unseen__gpe_rec": 0.7903226017951965, "unseen__gpe_f1": 0.173758864402771, "unseen__veh_pr": 0.14705882966518402, "unseen__veh_rec": 0.5357142686843872, "unseen__veh_f1": 0.23076923191547394, "unseen__fac_pr": 0.18305084109306335, "unseen__fac_rec": 0.6352941393852234, "unseen__fac_f1": 0.28421053290367126, "unseen__loc_pr": 0.07999999821186066, "unseen__loc_rec": 0.4000000059604645, "unseen__loc_f1": 0.13333334028720856, "seen__f1": 0.0, "seen__pr": 0.0, "seen__rec": 0.0, "seen__ner_f1": 0.8149105310440063, "seen__ner_pr": 0.7301158308982849, "seen__ner_rec": 0.9219892621040344, "seen__macro_f1": 0.0, "seen__macro_pr": 0.0, "seen__macro_rec": 0.0, "seen__macro_ner_f1": 0.7762552499771118, "seen__macro_ner_pr": 0.6815392374992371, "seen__macro_ner_rec": 0.9051642417907715, "seen__samples_per_s": 531.1912513778916, "seen__samples_total_num": 2050, "seen__samples_total_s": 3.85925030708313, "seen__per_pr": 0.7669172883033752, "seen__per_rec": 0.9490473866462708, "seen__per_f1": 0.8483167886734009, "seen__org_pr": 0.5991848111152649, "seen__org_rec": 0.8166666626930237, "seen__org_f1": 0.691222608089447, "seen__wea_pr": 0.7400000095367432, "seen__wea_rec": 0.9866666793823242, "seen__wea_f1": 0.845714271068573, "seen__gpe_pr": 0.7928286790847778, "seen__gpe_rec": 0.9309941530227661, "seen__gpe_f1": 0.8563744425773621, "seen__veh_pr": 0.7156862616539001, "seen__veh_rec": 0.9240506291389465, "seen__veh_f1": 0.8066298365592957, "seen__fac_pr": 0.5694915056228638, "seen__fac_rec": 0.8659793734550476, "seen__fac_f1": 0.6871165633201599, "seen__loc_pr": 0.5866666436195374, "seen__loc_rec": 0.8627451062202454, "seen__loc_f1": 0.6984126567840576}, "test_metrics_bounds": {"unseen__f1": 0.0, "unseen__pr": 0.0, "unseen__rec": 0.0, "unseen__ner_f1": 0.28900256752967834, "unseen__ner_pr": 0.17471975088119507, "unseen__ner_rec": 0.835489809513092, "unseen__macro_f1": 0.0, "unseen__macro_pr": 0.0, "unseen__macro_rec": 0.0, "unseen__macro_ner_f1": 0.28900256752967834, "unseen__macro_ner_pr": 0.17471975088119507, "unseen__macro_ner_rec": 0.835489809513092, "unseen__samples_per_s": 485.06097136154904, "unseen__samples_total_num": 2050, "unseen__samples_total_s": 4.226272821426392, "seen__f1": 0.0, "seen__pr": 0.0, "seen__rec": 0.0, "seen__ner_f1": 0.8592080473899841, "seen__ner_pr": 0.7696173191070557, "seen__ner_rec": 0.9724053740501404, "seen__macro_f1": 0.0, "seen__macro_pr": 0.0, "seen__macro_rec": 0.0, "seen__macro_ner_f1": 0.8592080473899841, "seen__macro_ner_pr": 0.7696173191070557, "seen__macro_ner_rec": 0.9724053740501404, "seen__samples_per_s": 531.1912513778916, "seen__samples_total_num": 2050, "seen__samples_total_s": 3.85925030708313}}