{"test_metrics": {"f1": 0.0, "pr": 0.0, "rec": 0.0, "ner_f1": 0.8865302801132202, "ner_pr": 0.8868725895881653, "ner_rec": 0.886188268661499, "macro_f1": 0.0, "macro_pr": 0.0, "macro_rec": 0.0, "macro_ner_f1": 0.8211049437522888, "macro_ner_pr": 0.821395993232727, "macro_ner_rec": 0.8226541876792908, "samples_per_s": 230.17273978089386, "samples_total_num": 2050, "samples_total_s": 8.906354427337646, "per_pr": 0.9283924102783203, "per_rec": 0.9354256987571716, "per_f1": 0.9318957328796387, "org_pr": 0.835597813129425, "org_rec": 0.7592592835426331, "org_f1": 0.7956016063690186, "wea_pr": 0.8100000023841858, "wea_rec": 0.7714285850524902, "wea_f1": 0.790243923664093, "gpe_pr": 0.8904382586479187, "gpe_rec": 0.9131767153739929, "gpe_f1": 0.901664137840271, "veh_pr": 0.8627451062202454, "veh_rec": 0.822429895401001, "veh_f1": 0.8421052694320679, "fac_pr": 0.7559322118759155, "fac_rec": 0.7992831468582153, "fac_f1": 0.7770034670829773, "loc_pr": 0.6666666865348816, "loc_rec": 0.7575757503509521, "loc_f1": 0.7092198729515076}, "test_metrics_bounds": {"f1": 0.0, "pr": 0.0, "rec": 0.0, "ner_f1": 0.9441546201705933, "ner_pr": 0.9443370699882507, "ner_rec": 0.9439721703529358, "macro_f1": 0.0, "macro_pr": 0.0, "macro_rec": 0.0, "macro_ner_f1": 0.9441546201705933, "macro_ner_pr": 0.9443370699882507, "macro_ner_rec": 0.9439721703529358, "samples_per_s": 230.17273978089386, "samples_total_num": 2050, "samples_total_s": 8.906354427337646}, "metrics": {"f1": [0.0, 0.0, 0.0, 0.0, 0.0, 0.0, 0.0, 0.0, 0.0, 0.0, 0.0, 0.0, 0.0, 0.0, 0.0, 0.0, 0.0, 0.0, 0.0, 0.0, 0.0, 0.0, 0.0, 0.0, 0.0], "pr": [0.0, 0.0, 0.0, 0.0, 0.0, 0.0, 0.0, 0.0, 0.0, 0.0, 0.0, 0.0, 0.0, 0.0, 0.0, 0.0, 0.0, 0.0, 0.0, 0.0, 0.0, 0.0, 0.0, 0.0, 0.0], "rec": [0.0, 0.0, 0.0, 0.0, 0.0, 0.0, 0.0, 0.0, 0.0, 0.0, 0.0, 0.0, 0.0, 0.0, 0.0, 0.0, 0.0, 0.0, 0.0, 0.0, 0.0, 0.0, 0.0, 0.0, 0.0], "ner_f1": [0.8185197114944458, 0.8499371409416199, 0.8504113554954529, 0.8696141839027405, 0.8767853379249573, 0.8663490414619446, 0.8726472854614258, 0.8661989569664001, 0.8747079372406006, 0.8625929355621338, 0.8750000596046448, 0.8804877996444702, 0.8681880235671997, 0.8759714365005493, 0.874055027961731, 0.8755385875701904, 0.8736334443092346, 0.8772671222686768, 0.8787416219711304, 0.8805666565895081, 0.8774632811546326, 0.8816906213760376, 0.8800390958786011, 0.8803244829177856, 0.8808634877204895], "ner_pr": [0.8135239481925964, 0.8767502307891846, 0.8356615900993347, 0.8599364161491394, 0.8702546954154968, 0.8605808019638062, 0.8745712637901306, 0.8593375086784363, 0.8669541478157043, 0.8763422966003418, 0.8770009875297546, 0.8804877996444702, 0.8672724366188049, 0.8722992539405823, 0.8647358417510986, 0.8754674196243286, 0.863910973072052, 0.8776240944862366, 0.8675328493118286, 0.8817870616912842, 0.8752629160881042, 0.8848673701286316, 0.8815467357635498, 0.8785424828529358, 0.8792935609817505], "ner_rec": [0.8235772252082825, 0.8247154355049133, 0.865691065788269, 0.8795121908187866, 0.883414626121521, 0.8721951246261597, 0.8707317113876343, 0.8731707334518433, 0.8826016187667847, 0.8492683172225952, 0.873008131980896, 0.8804877996444702, 0.8691056966781616, 0.8796747922897339, 0.8835772275924683, 0.8756097555160522, 0.8835772275924683, 0.8769105672836304, 0.8902438879013062, 0.8793495893478394, 0.8796747922897339, 0.878536581993103, 0.878536581993103, 0.8821138143539429, 0.8824390172958374], "macro_f1": [0.0, 0.0, 0.0, 0.0, 0.0, 0.0, 0.0, 0.0, 0.0, 0.0, 0.0, 0.0, 0.0, 0.0, 0.0, 0.0, 0.0, 0.0, 0.0, 0.0, 0.0, 0.0, 0.0, 0.0, 0.0], "macro_pr": [0.0, 0.0, 0.0, 0.0, 0.0, 0.0, 0.0, 0.0, 0.0, 0.0, 0.0, 0.0, 0.0, 0.0, 0.0, 0.0, 0.0, 0.0, 0.0, 0.0, 0.0, 0.0, 0.0, 0.0, 0.0], "macro_rec": [0.0, 0.0, 0.0, 0.0, 0.0, 0.0, 0.0, 0.0, 0.0, 0.0, 0.0, 0.0, 0.0, 0.0, 0.0, 0.0, 0.0, 0.0, 0.0, 0.0, 0.0, 0.0, 0.0, 0.0, 0.0], "macro_ner_f1": [0.7239481806755066, 0.7156153917312622, 0.7850901484489441, 0.8016619086265564, 0.7948430776596069, 0.7820695638656616, 0.8100286722183228, 0.7952452898025513, 0.8002250790596008, 0.7701473832130432, 0.8008602857589722, 0.8055810332298279, 0.796242892742157, 0.8089948296546936, 0.8100051283836365, 0.8094795346260071, 0.7985658049583435, 0.8064587712287903, 0.8024880290031433, 0.8137876391410828, 0.8100261092185974, 0.8134711980819702, 0.8130477070808411, 0.812070906162262, 0.8096493482589722], "macro_ner_pr": [0.7553273439407349, 0.8182408213615417, 0.7824316024780273, 0.8024977445602417, 0.8041476011276245, 0.770607054233551, 0.8363054394721985, 0.7897793650627136, 0.7939328551292419, 0.8103727698326111, 0.8145623803138733, 0.8158159852027893, 0.8093921542167664, 0.8191158175468445, 0.8061268925666809, 0.8195074796676636, 0.7741312384605408, 0.8200616836547852, 0.7822213172912598, 0.8161223530769348, 0.8141664862632751, 0.820196270942688, 0.8186526298522949, 0.8134154081344604, 0.8098335266113281], "macro_ner_rec": [0.7093052864074707, 0.67644864320755, 0.790898859500885, 0.8059770464897156, 0.8000116348266602, 0.800597608089447, 0.7920563817024231, 0.8026595711708069, 0.8084872961044312, 0.7423046827316284, 0.7908366322517395, 0.7986529469490051, 0.7857978940010071, 0.801786482334137, 0.8153569102287292, 0.8020249605178833, 0.8287683129310608, 0.795606791973114, 0.8248672485351562, 0.8140910267829895, 0.8074938058853149, 0.807411789894104, 0.8077679872512817, 0.8112112283706665, 0.8100777268409729], "samples_per_s": [245.16189749151087, 260.6840347545302, 255.8754996272616, 241.73849870769106, 245.8096741705801, 257.36480470356514, 255.4679662184394, 251.833655669428, 261.45571378198576, 261.70423954953384, 256.44816181105654, 256.9037474246896, 248.16780696739661, 257.95909338581527, 255.68014574516596, 247.49144539003944, 255.8312386493053, 249.00635524312096, 248.7421311547482, 255.5680402716316, 258.4235287815572, 253.83729260245818, 244.00780481444335, 240.60876374264646, 255.6911401300254], "samples_total_num": [2420, 2420, 2420, 2420, 2420, 2420, 2420, 2420, 2420, 2420, 2420, 2420, 2420, 2420, 2420, 2420, 2420, 2420, 2420, 2420, 2420, 2420, 2420, 2420, 2420], "samples_total_s": [9.871028184890747, 9.283268928527832, 9.457724571228027, 10.010817527770996, 9.845015287399292, 9.402995109558105, 9.472811937332153, 9.609517812728882, 9.255869626998901, 9.247079849243164, 9.436604976654053, 9.419870376586914, 9.751466274261475, 9.381332397460938, 9.464950799942017, 9.77811574935913, 9.459360837936401, 9.718627452850342, 9.72895097732544, 9.469102621078491, 9.364472389221191, 9.533666133880615, 9.917715549468994, 10.05782151222229, 9.46454381942749], "per_pr": [0.8312144875526428, 0.9320608377456665, 0.899512767791748, 0.9164634346961975, 0.916138768196106, 0.9320327043533325, 0.9172225594520569, 0.9254331588745117, 0.9162145853042603, 0.9329929947853088, 0.9127976298332214, 0.917664647102356, 0.9210445284843445, 0.9214133620262146, 0.9159638285636902, 0.9226993918418884, 0.9112638235092163, 0.9089020490646362, 0.914013683795929, 0.9331476092338562, 0.9229832291603088, 0.9261294007301331, 0.9238733053207397, 0.9287906885147095, 0.9293394684791565], "per_rec": [0.9306480884552002, 0.8725014925003052, 0.8946093320846558, 0.9103573560714722, 0.9197456240653992, 0.8970320820808411, 0.9161114692687988, 0.9058146476745605, 0.9206541776657104, 0.8855239152908325, 0.9288310408592224, 0.9282253384590149, 0.9079346060752869, 0.9161114692687988, 0.9209569692611694, 0.9109630584716797, 0.9236826300621033, 0.9276196360588074, 0.9303452372550964, 0.9130829572677612, 0.9182313680648804, 0.9188370704650879, 0.9188370704650879, 0.9164143204689026, 0.9161114692687988],