{"test_metrics": {"f1": 0.0, "pr": 0.0, "rec": 0.0, "ner_f1": 0.6374301314353943, "ner_pr": 0.5983219742774963, "ner_rec": 0.6820083856582642, "macro_f1": 0.0, "macro_pr": 0.0, "macro_rec": 0.0, "macro_ner_f1": 0.635781466960907, "macro_ner_pr": 0.5959615111351013, "macro_ner_rec": 0.6847029328346252, "samples_per_s": 142.8764215927815, "samples_total_num": 529, "samples_total_s": 3.702500343322754, "task_pr": 0.5508196949958801, "task_rec": 0.6412213444709778, "task_f1": 0.5925925970077515, "method_pr": 0.7410072088241577, "method_rec": 0.7270588278770447, "method_f1": 0.7339667677879333, "material_pr": 0.5641025900840759, "material_rec": 0.6962025165557861, "material_f1": 0.623229444026947, "otherscientificterm_pr": 0.5242069959640503, "otherscientificterm_rec": 0.6073501110076904, "otherscientificterm_f1": 0.5627239942550659, "metric_pr": 0.5714285969734192, "metric_rec": 0.6197183132171631, "metric_f1": 0.5945945978164673, "generic_pr": 0.6242038011550903, "generic_rec": 0.8166666626930237, "generic_f1": 0.7075812220573425}, "test_metrics_bounds": {"f1": 0.0, "pr": 0.0, "rec": 0.0, "ner_f1": 0.7825600504875183, "ner_pr": 0.7349081635475159, "ner_rec": 0.8368200659751892, "macro_f1": 0.0, "macro_pr": 0.0, "macro_rec": 0.0, "macro_ner_f1": 0.7825600504875183, "macro_ner_pr": 0.7349081635475159, "macro_ner_rec": 0.8368200659751892, "samples_per_s": 142.8764215927815, "samples_total_num": 529, "samples_total_s": 3.702500343322754}, "metrics": {"f1": [0.0, 0.0, 0.0, 0.0, 0.0, 0.0, 0.0, 0.0, 0.0, 0.0, 0.0, 0.0, 0.0, 0.0, 0.0, 0.0, 0.0, 0.0, 0.0, 0.0, 0.0, 0.0, 0.0, 0.0, 0.0], "pr": [0.0, 0.0, 0.0, 0.0, 0.0, 0.0, 0.0, 0.0, 0.0, 0.0, 0.0, 0.0, 0.0, 0.0, 0.0, 0.0, 0.0, 0.0, 0.0, 0.0, 0.0, 0.0, 0.0, 0.0, 0.0], "rec": [0.0, 0.0, 0.0, 0.0, 0.0, 0.0, 0.0, 0.0, 0.0, 0.0, 0.0, 0.0, 0.0, 0.0, 0.0, 0.0, 0.0, 0.0, 0.0, 0.0, 0.0, 0.0, 0.0, 0.0, 0.0], "ner_f1": [0.34789642691612244, 0.5224647521972656, 0.616191029548645, 0.623299777507782, 0.6329695582389832, 0.6434977650642395, 0.6401869058609009, 0.6412214040756226, 0.640545129776001, 0.6487776637077332, 0.6474249958992004, 0.631995439529419, 0.6519976258277893, 0.664298415184021, 0.658851146697998, 0.670187771320343, 0.661722719669342, 0.6654887795448303, 0.6642899513244629, 0.6619552373886108, 0.6647093892097473, 0.6557377576828003, 0.6666666865348816, 0.6709601879119873, 0.6686216592788696], "ner_pr": [0.49086758494377136, 0.5355263352394104, 0.5756256580352783, 0.5901455879211426, 0.5843054056167603, 0.5821501016616821, 0.5995623469352722, 0.6033149361610413, 0.585669755935669, 0.6188850998878479, 0.5902992486953735, 0.5756951570510864, 0.6060279607772827, 0.6296296119689941, 0.6189427375793457, 0.6302428245544434, 0.6073298454284668, 0.6277777552604675, 0.6316384077072144, 0.6244444251060486, 0.6254143714904785, 0.6153846383094788, 0.6338983178138733, 0.6296703219413757, 0.6284454464912415], "ner_rec": [0.26942354440689087, 0.5100250840187073, 0.6629072427749634, 0.6604009866714478, 0.6904761791229248, 0.719298243522644, 0.6867167949676514, 0.6842105388641357, 0.7067669034004211, 0.6817042827606201, 0.7167919874191284, 0.7005012631416321, 0.7055137753486633, 0.7030075192451477, 0.7042606472969055, 0.7155388593673706, 0.7268170714378357, 0.708020031452179, 0.7005012631416321, 0.7042606472969055, 0.7092731595039368, 0.7017543911933899, 0.7030075192451477, 0.7180451154708862, 0.7142857313156128], "macro_f1": [0.0, 0.0, 0.0, 0.0, 0.0, 0.0, 0.0, 0.0, 0.0, 0.0, 0.0, 0.0, 0.0, 0.0, 0.0, 0.0, 0.0, 0.0, 0.0, 0.0, 0.0, 0.0, 0.0, 0.0, 0.0], "macro_pr": [0.0, 0.0, 0.0, 0.0, 0.0, 0.0, 0.0, 0.0, 0.0, 0.0, 0.0, 0.0, 0.0, 0.0, 0.0, 0.0, 0.0, 0.0, 0.0, 0.0, 0.0, 0.0, 0.0, 0.0, 0.0], "macro_rec": [0.0, 0.0, 0.0, 0.0, 0.0, 0.0, 0.0, 0.0, 0.0, 0.0, 0.0, 0.0, 0.0, 0.0, 0.0, 0.0, 0.0, 0.0, 0.0, 0.0, 0.0, 0.0, 0.0, 0.0, 0.0], "macro_ner_f1": [0.2205895334482193, 0.47395649552345276, 0.587454080581665, 0.595682680606842, 0.6033122539520264, 0.6131137609481812, 0.616365373134613, 0.6048904061317444, 0.6122782230377197, 0.6186907887458801, 0.6160725951194763, 0.5935024619102478, 0.6210306286811829, 0.6320919990539551, 0.6244623064994812, 0.6373052000999451, 0.6299607753753662, 0.6372249126434326, 0.6292490363121033, 0.6284282803535461, 0.6305585503578186, 0.6225210428237915, 0.6275821328163147, 0.634766161441803, 0.6312150359153748], "macro_ner_pr": [0.30715903639793396, 0.5305594801902771, 0.5755085349082947, 0.5910701751708984, 0.5804467797279358, 0.5578265190124512, 0.608722448348999, 0.5649046897888184, 0.5743343830108643, 0.5906338691711426, 0.5695380568504333, 0.538219690322876, 0.5833885669708252, 0.5966840386390686, 0.5825902819633484, 0.6017909049987793, 0.5938442945480347, 0.6175904273986816, 0.5980866551399231, 0.6016220450401306, 0.6066953539848328, 0.5906667709350586, 0.6009262204170227, 0.6005753874778748, 0.6007289886474609], "macro_ner_rec": [0.21447396278381348, 0.48090100288391113, 0.6272578835487366, 0.6146885752677917, 0.6391422748565674, 0.6976757645606995, 0.642906665802002, 0.6585448384284973, 0.6617270112037659, 0.6515618562698364, 0.6747094988822937, 0.6622434258460999, 0.6665788292884827, 0.6765264868736267, 0.6765403747558594, 0.6808587908744812, 0.6777263283729553, 0.6659207344055176, 0.6659897565841675, 0.6615181565284729, 0.662747323513031, 0.6605636477470398, 0.6590083241462708, 0.6748570799827576, 0.6673185229301453], "samples_per_s": [176.9220800416883, 147.19990842854253, 160.4545205083193, 157.03782723922959, 152.0505538001378, 167.14902842204262, 146.21930018157425, 147.97328847217975, 151.83104486198374, 164.83619906000416, 161.2691430746575, 153.40841234560955, 149.41445627103653, 144.0603951928394, 131.4175713492764, 173.23990456323892, 161.46479847531327, 154.77720844982227, 157.3598522502643, 151.33707055126393, 150.4188467593201, 151.76176115718235, 169.23140333757917, 170.1308541621034, 152.7464237931212], "samples_total_num": [260, 260, 260, 260, 260, 260, 260, 260, 260, 260, 260, 260, 260, 260, 260, 260, 260, 260, 260, 260, 260, 260, 260, 260, 260], "samples_total_s": [1.4695734977722168, 1.7663054466247559, 1.6203968524932861, 1.6556520462036133, 1.7099575996398926, 1.5554981231689453, 1.778151035308838, 1.7570738792419434, 1.7124297618865967, 1.5773234367370605, 1.6122117042541504, 1.6948223114013672, 1.740126132965088, 1.8047986030578613, 1.978426456451416, 1.5008089542388916, 1.6102581024169922, 1.6798338890075684, 1.652263879776001, 1.7180192470550537, 1.7285068035125732, 1.7132115364074707, 1.5363578796386719, 1.5282354354858398, 1.7021675109863281], "task_pr": [0.529411792755127, 0.5121951103210449, 0.5, 0.6853932738304138, 0.5248227119445801, 0.5765765905380249, 0.6630434989929199, 0.5964912176132202, 0.5454545617103577, 0.4879518151283264, 0.48170730471611023, 0.4716981053352356, 0.5259740352630615, 0.6017699241638184, 0.5785123705863953, 0.6229507923126221, 0.5725806355476379, 0.5982906222343445, 0.5846154093742371, 0.6000000238418579, 0.5639097690582275, 0.565891444683075, 0.5757575631141663, 0.5579710006713867, 0.5620437860488892], "task_rec": [0.0714285746216774, 0.5, 0.5634920597076416, 0.4841269850730896, 0.5873016119003296, 0.5079365372657776, 0.4841269850730896, 0.5396825671195984, 0.5714285969734192, 0.6428571343421936, 0.6269841194152832, 0.5952380895614624, 0.6428571343421936, 0.5396825671195984, 0.5555555820465088, 0.60317462682724, 0.5634920597076416, 0.5555555820465088, 0.60317462682724, 0.5476190447807312, 0.5952380895614624, 0.579365074634552, 0.60317462682724, 0.6111111044883728, 0.6111111044883728],