{"test_metrics": {"unseen__f1": 0.0, "unseen__pr": 0.0, "unseen__rec": 0.0, "unseen__ner_f1": 0.720504105091095, "unseen__ner_pr": 0.6308926939964294, "unseen__ner_rec": 0.8397864103317261, "unseen__macro_f1": 0.0, "unseen__macro_pr": 0.0, "unseen__macro_rec": 0.0, "unseen__macro_ner_f1": 0.7049223780632019, "unseen__macro_ner_pr": 0.6304840445518494, "unseen__macro_ner_rec": 0.8103731870651245, "unseen__samples_per_s": 295.4764628335835, "unseen__samples_total_num": 265, "unseen__samples_total_s": 0.8968565464019775, "unseen__loc_pr": 0.5963541865348816, "unseen__loc_rec": 0.8388278484344482, "unseen__loc_f1": 0.6971080303192139, "unseen__org_pr": 0.5772727131843567, "unseen__org_rec": 0.8410596251487732, "unseen__org_f1": 0.684636116027832, "unseen__peop_pr": 0.7172414064407349, "unseen__peop_rec": 0.9541284441947937, "unseen__peop_f1": 0.8188976645469666, "unseen__other_pr": 0.6310679316520691, "unseen__other_rec": 0.6074766516685486, "unseen__other_f1": 0.6190476417541504, "seen__f1": 0.0, "seen__pr": 0.0, "seen__rec": 0.0, "seen__ner_f1": 0.5611940622329712, "seen__ner_pr": 0.4057554006576538, "seen__ner_rec": 0.9096774458885193, "seen__macro_f1": 0.0, "seen__macro_pr": 0.0, "seen__macro_rec": 0.0, "seen__macro_ner_f1": 0.5036193132400513, "seen__macro_ner_pr": 0.3607766032218933, "seen__macro_ner_rec": 0.8514055013656616, "seen__samples_per_s": 519.0187993678701, "seen__samples_total_num": 179, "seen__samples_total_s": 0.344881534576416, "seen__loc_pr": 0.49618321657180786, "seen__loc_rec": 0.9219858050346375, "seen__loc_f1": 0.6451612710952759, "seen__org_pr": 0.30158731341362, "seen__org_rec": 0.8636363744735718, "seen__org_f1": 0.4470588266849518, "seen__peop_pr": 0.41004183888435364, "seen__peop_rec": 0.9800000190734863, "seen__peop_f1": 0.5781711339950562, "seen__other_pr": 0.23529411852359772, "seen__other_rec": 0.6399999856948853, "seen__other_f1": 0.34408602118492126}, "test_metrics_bounds": {"unseen__f1": 0.0, "unseen__pr": 0.0, "unseen__rec": 0.0, "unseen__ner_f1": 0.7541547417640686, "unseen__ner_pr": 0.6606425642967224, "unseen__ner_rec": 0.8785046935081482, "unseen__macro_f1": 0.0, "unseen__macro_pr": 0.0, "unseen__macro_rec": 0.0, "unseen__macro_ner_f1": 0.7541547417640686, "unseen__macro_ner_pr": 0.6606425642967224, "unseen__macro_ner_rec": 0.8785046935081482, "unseen__samples_per_s": 295.4764628335835, "unseen__samples_total_num": 265, "unseen__samples_total_s": 0.8968565464019775, "seen__f1": 0.0, "seen__pr": 0.0, "seen__rec": 0.0, "seen__ner_f1": 0.5697211623191833, "seen__ner_pr": 0.4121037423610687, "seen__ner_rec": 0.9225806593894958, "seen__macro_f1": 0.0, "seen__macro_pr": 0.0, "seen__macro_rec": 0.0, "seen__macro_ner_f1": 0.5697211623191833, "seen__macro_ner_pr": 0.4121037423610687, "seen__macro_ner_rec": 0.9225806593894958, "seen__samples_per_s": 519.0187993678701, "seen__samples_total_num": 179, "seen__samples_total_s": 0.344881534576416}}
