{"test_metrics": {"f1": 0.0, "pr": 0.0, "rec": 0.0, "ner_f1": 0.8566054701805115, "ner_pr": 0.8529962301254272, "ner_rec": 0.8602455258369446, "macro_f1": 0.0, "macro_pr": 0.0, "macro_rec": 0.0, "macro_ner_f1": 0.8190183043479919, "macro_ner_pr": 0.8212690949440002, "macro_ner_rec": 0.8223010301589966, "samples_per_s": 171.28648283192547, "samples_total_num": 288, "samples_total_s": 1.6813936233520508, "loc_pr": 0.895261824131012, "loc_rec": 0.8671497702598572, "loc_f1": 0.8809815645217896, "org_pr": 0.72052401304245, "org_rec": 0.8461538553237915, "org_f1": 0.7783018946647644, "peop_pr": 0.9329268336296082, "peop_rec": 0.9622641801834106, "peop_f1": 0.9473684430122375, "other_pr": 0.7363636493682861, "other_rec": 0.6136363744735718, "other_f1": 0.6694214940071106}, "test_metrics_bounds": {"f1": 0.0, "pr": 0.0, "rec": 0.0, "ner_f1": 0.8880527019500732, "ner_pr": 0.8847235441207886, "ner_rec": 0.8914070129394531, "macro_f1": 0.0, "macro_pr": 0.0, "macro_rec": 0.0, "macro_ner_f1": 0.8880527019500732, "macro_ner_pr": 0.8847235441207886, "macro_ner_rec": 0.8914070129394531, "samples_per_s": 171.28648283192547, "samples_total_num": 288, "samples_total_s": 1.6813936233520508}, "metrics": {"f1": [0.0, 0.0, 0.0, 0.0, 0.0, 0.0, 0.0, 0.0, 0.0, 0.0, 0.0, 0.0, 0.0, 0.0, 0.0, 0.0, 0.0, 0.0, 0.0, 0.0, 0.0, 0.0, 0.0, 0.0, 0.0, 0.0, 0.0, 0.0, 0.0, 0.0, 0.0, 0.0, 0.0, 0.0, 0.0, 0.0], "pr": [0.0, 0.0, 0.0, 0.0, 0.0, 0.0, 0.0, 0.0, 0.0, 0.0, 0.0, 0.0, 0.0, 0.0, 0.0, 0.0, 0.0, 0.0, 0.0, 0.0, 0.0, 0.0, 0.0, 0.0, 0.0, 0.0, 0.0, 0.0, 0.0, 0.0, 0.0, 0.0, 0.0, 0.0, 0.0, 0.0], "rec": [0.0, 0.0, 0.0, 0.0, 0.0, 0.0, 0.0, 0.0, 0.0, 0.0, 0.0, 0.0, 0.0, 0.0, 0.0, 0.0, 0.0, 0.0, 0.0, 0.0, 0.0, 0.0, 0.0, 0.0, 0.0, 0.0, 0.0, 0.0, 0.0, 0.0, 0.0, 0.0, 0.0, 0.0, 0.0, 0.0], "ner_f1": [0.370612233877182, 0.7453415989875793, 0.7912477850914001, 0.7796420454978943, 0.7988795042037964, 0.7564102411270142, 0.8269896507263184, 0.8155904412269592, 0.8236672282218933, 0.8272620439529419, 0.8317059874534607, 0.8120481967926025, 0.8002350926399231, 0.8345820903778076, 0.8300803899765015, 0.7949014902114868, 0.8418046236038208, 0.8393480181694031, 0.8462441563606262, 0.8238039612770081, 0.8406305313110352, 0.8427895307540894, 0.8524026870727539, 0.8402860760688782, 0.8573105931282043, 0.8609501719474792, 0.8559814095497131, 0.857476532459259, 0.8551482558250427, 0.8484848737716675, 0.8479532599449158, 0.8483775854110718, 0.8528389930725098, 0.8564814329147339, 0.8554641604423523, 0.8490127921104431], "ner_pr": [0.6485714316368103, 0.8163265585899353, 0.8198529481887817, 0.7634173035621643, 0.7835164666175842, 0.7101303935050964, 0.8346915245056152, 0.8305687308311462, 0.8449519276618958, 0.8512696623802185, 0.8360277414321899, 0.8585987091064453, 0.8234582543373108, 0.8418604731559753, 0.8339100480079651, 0.8061104416847229, 0.8413242101669312, 0.8552787899971008, 0.8697225451469421, 0.8414779305458069, 0.8591885566711426, 0.8727050423622131, 0.8533791303634644, 0.8779576420783997, 0.8816425204277039, 0.8730905055999756, 0.8701298832893372, 0.876941442489624, 0.870853066444397, 0.8489702343940735, 0.8682634830474854, 0.8768292665481567, 0.8648648858070374, 0.8675263524055481, 0.8802902102470398, 0.8630460500717163], "ner_rec": [0.25942856073379517, 0.6857143044471741, 0.7645714282989502, 0.7965714335441589, 0.8148571252822876, 0.8091428279876709, 0.819428563117981, 0.8011428713798523, 0.803428590297699, 0.8045714497566223, 0.8274285793304443, 0.7702857255935669, 0.7782857418060303, 0.8274285793304443, 0.826285719871521, 0.7839999794960022, 0.842285692691803, 0.8240000009536743, 0.8240000009536743, 0.806857168674469, 0.822857141494751, 0.8148571252822876, 0.8514285683631897, 0.8057143092155457, 0.8342857360839844, 0.849142849445343, 0.842285692691803, 0.838857114315033, 0.8399999737739563, 0.8479999899864197, 0.8285714387893677, 0.8217142820358276, 0.8411428332328796, 0.845714271068573, 0.8320000171661377, 0.8354285955429077], "macro_f1": [0.0, 0.0, 0.0, 0.0, 0.0, 0.0, 0.0, 0.0, 0.0, 0.0, 0.0, 0.0, 0.0, 0.0, 0.0, 0.0, 0.0, 0.0, 0.0, 0.0, 0.0, 0.0, 0.0, 0.0, 0.0, 0.0, 0.0, 0.0, 0.0, 0.0, 0.0, 0.0, 0.0, 0.0, 0.0, 0.0], "macro_pr": [0.0, 0.0, 0.0, 0.0, 0.0, 0.0, 0.0, 0.0, 0.0, 0.0, 0.0, 0.0, 0.0, 0.0, 0.0, 0.0, 0.0, 0.0, 0.0, 0.0, 0.0, 0.0, 0.0, 0.0, 0.0, 0.0, 0.0, 0.0, 0.0, 0.0, 0.0, 0.0, 0.0, 0.0, 0.0, 0.0], "macro_rec": [0.0, 0.0, 0.0, 0.0, 0.0, 0.0, 0.0, 0.0, 0.0, 0.0, 0.0, 0.0, 0.0, 0.0, 0.0, 0.0, 0.0, 0.0, 0.0, 0.0, 0.0, 0.0, 0.0, 0.0, 0.0, 0.0, 0.0, 0.0, 0.0, 0.0, 0.0, 0.0, 0.0, 0.0, 0.0, 0.0], "macro_ner_f1": [0.24282751977443695, 0.6683079600334167, 0.7117475867271423, 0.7180207371711731, 0.746462345123291, 0.701514720916748, 0.7702992558479309, 0.7568080425262451, 0.7707081437110901, 0.775379478931427, 0.7822186946868896, 0.7542234659194946, 0.7486842274665833, 0.7814431190490723, 0.7800988554954529, 0.7431419491767883, 0.7928910255432129, 0.7784574031829834, 0.7915143966674805, 0.7623881101608276, 0.7878170609474182, 0.7931846380233765, 0.7965903878211975, 0.7822071313858032, 0.8050000071525574, 0.8083522915840149, 0.8025116920471191, 0.8035361170768738, 0.801794171333313, 0.800157904624939, 0.7853809595108032, 0.7930448055267334, 0.8018940687179565, 0.8085572719573975, 0.801959753036499, 0.800940752029419], "macro_ner_pr": [0.3261372745037079, 0.7618955373764038, 0.7899051308631897, 0.7066865563392639, 0.7358558177947998, 0.674411952495575, 0.8011022806167603, 0.7747493982315063, 0.8102622628211975, 0.8093310594558716, 0.7921053171157837, 0.8072813153266907, 0.7741181254386902, 0.7933606505393982, 0.7829729914665222, 0.762913167476654, 0.8021586537361145, 0.8115299344062805, 0.8267796039581299, 0.7867312431335449, 0.8211326599121094, 0.8263646364212036, 0.8175610303878784, 0.8355130553245544, 0.8469768762588501, 0.8359110951423645, 0.8433550000190735, 0.8369100093841553, 0.8273285627365112, 0.8002431392669678, 0.827057957649231, 0.8350317478179932, 0.8244994878768921, 0.8270430564880371, 0.8538360595703125, 0.8154524564743042], "macro_ner_rec": [0.19448307156562805, 0.6158707141876221, 0.6846393346786499, 0.7309204936027527, 0.7612220048904419, 0.7418559789657593, 0.7543360590934753, 0.7408002018928528, 0.7436758875846863, 0.7478322982788086, 0.7739129662513733, 0.7101733684539795, 0.7332066297531128, 0.772649347782135, 0.7787075042724609, 0.7364029884338379, 0.7905821800231934, 0.7559432983398438, 0.7638809680938721, 0.7424686551094055, 0.7634139060974121, 0.7643625736236572, 0.7861203551292419, 0.7416253089904785, 0.7759395837783813, 0.7916290760040283, 0.7777038812637329, 0.7790116667747498, 0.7814316749572754, 0.8001881241798401, 0.7577817440032959, 0.7606476545333862, 0.7839667797088623, 0.7926880121231079, 0.7678584456443787, 0.7874448299407959], "samples_per_s": [166.8841916121458, 184.77215843102255, 148.47653514579105, 159.56759491536144, 139.9529540102107, 161.28098438100818, 158.24113866226, 159.6397911418163, 163.6291548025576, 169.5217121324338, 164.38547758160576, 155.60488211240641, 149.78158863824228, 146.6890229888712, 167.47285483381128, 156.5445668101049, 158.35097613223445, 174.04954699495124, 161.49254678676436, 176.03760568969201, 173.10845674219195, 163.95849949723538, 151.20699511897308, 160.05104801361836, 171.87093203492893, 155.56398345333582, 165.56355649091822, 155.33786800956187, 162.4365347157792, 148.21415389435245, 159.18172198029953, 158.5582897355033, 173.51488681322695, 156.59542269734794, 186.73675701835384, 178.253726021641], "samples_total_num": [231, 231, 231, 231, 231, 231, 231, 231, 231, 231, 231, 231, 231, 231, 231, 231, 231, 231, 231, 231, 231, 231, 231, 231, 231, 231, 231, 231, 231, 231, 231, 231, 231, 231, 231, 231],