{"test_metrics": {"unseen_ner_prec_micro": 49.30955120828538, "unseen_ner_rec_micro": 50.86053412462908, "unseen_ner_f1_micro": 50.07303534910898, "unseen_ner_prec_macro": 44.18468728502026, "unseen_ner_rec_macro": 44.3055438400892, "unseen_ner_f1_macro": 43.14782217356674, "unseen_loc_prec_micro": 76.63854639844257, "unseen_loc_rec_micro": 70.08902077151336, "unseen_loc_f1_micro": 73.21760694358338, "unseen_loc_prec_macro": 76.63854639844257, "unseen_loc_rec_macro": 70.08902077151336, "unseen_loc_f1_macro": 73.21760694358338, "unseen_cls_prec_micro": 64.63046757164405, "unseen_cls_rec_micro": 50.86053412462908, "unseen_cls_f1_micro": 56.92460976419794, "unseen_cls_prec_macro": 56.58332846329811, "unseen_cls_rec_macro": 44.3055438400892, "unseen_cls_f1_macro": 48.81577075352761, "unseen_epoch": 0.0, "unseen_iteration": 0.0, "unseen_global_iteration": 0.0, "seen_ner_prec_micro": 0.0, "seen_ner_rec_micro": 0.0, "seen_ner_f1_micro": 0.0, "seen_ner_prec_macro": 0.0, "seen_ner_rec_macro": 0.0, "seen_ner_f1_macro": 0.0, "seen_loc_prec_micro": 0.0, "seen_loc_rec_micro": 0.0, "seen_loc_f1_micro": 0.0, "seen_loc_prec_macro": 0.0, "seen_loc_rec_macro": 0.0, "seen_loc_f1_macro": 0.0, "seen_cls_prec_micro": 0.0, "seen_cls_rec_micro": 0.0, "seen_cls_f1_micro": 0.0, "seen_cls_prec_macro": NaN, "seen_cls_rec_macro": NaN, "seen_cls_f1_macro": NaN, "seen_epoch": 0.0, "seen_iteration": 0.0, "seen_global_iteration": 0.0, "ner_prec_micro": 48.876080691642656, "ner_rec_micro": 50.326409495548965, "ner_f1_micro": 49.59064327485381, "ner_prec_macro": 43.540746889878406, "ner_rec_macro": 43.62908775085623, "ner_f1_macro": 42.49785282162554, "loc_prec_micro": 76.62760416666666, "loc_rec_micro": 69.85163204747774, "loc_f1_micro": 73.08289351133187, "loc_prec_macro": 76.62760416666666, "loc_rec_macro": 69.85163204747774, "loc_f1_macro": 73.08289351133187, "cls_prec_micro": 63.95173453996983, "cls_rec_micro": 50.326409495548965, "cls_f1_micro": 56.326801727001, "cls_prec_macro": 55.7262880945953, "cls_rec_macro": 43.62908775085623, "cls_f1_macro": 48.02221998448942, "epoch": 0.0, "iteration": 0.0, "global_iteration": 0.0}}