{"test_metrics": {"seen__f1": 0.0, "seen__pr": 0.0, "seen__rec": 0.0, "seen__ner_f1": 0.725165605545044, "seen__ner_pr": 0.6044952869415283, "seen__ner_rec": 0.9060283899307251, "seen__macro_f1": 0.0, "seen__macro_pr": 0.0, "seen__macro_rec": 0.0, "seen__macro_ner_f1": 0.5325685143470764, "seen__macro_ner_pr": 0.41144534945487976, "seen__macro_ner_rec": 0.862410843372345, "seen__samples_per_s": 524.4338459331332, "seen__samples_total_num": 4288, "seen__samples_total_s": 8.176436424255371, "seen__organization_pr": 0.2466765195131302, "seen__organization_rec": 0.7488788962364197, "seen__organization_f1": 0.371111124753952, "seen__location_pr": 0.7072856426239014, "seen__location_rec": 0.9099203944206238, "seen__location_f1": 0.7959080338478088, "seen__person_pr": 0.28037384152412415, "seen__person_rec": 0.9284332394599915, "seen__person_f1": 0.4306863844394684, "unseen__f1": 0.0, "unseen__pr": 0.0, "unseen__rec": 0.0, "unseen__ner_f1": 0.5837770700454712, "unseen__ner_pr": 0.456805557012558, "unseen__ner_rec": 0.8085054159164429, "unseen__macro_f1": 0.0, "unseen__macro_pr": 0.0, "unseen__macro_rec": 0.0, "unseen__macro_ner_f1": 0.6012450456619263, "unseen__macro_ner_pr": 0.5107905268669128, "unseen__macro_ner_rec": 0.770848274230957, "unseen__samples_per_s": 562.2061848331105, "unseen__samples_total_num": 3039, "unseen__samples_total_s": 5.405490159988403, "unseen__organization_pr": 0.46338382363319397, "unseen__organization_rec": 0.6859813332557678, "unseen__organization_f1": 0.5531273484230042, "unseen__location_pr": 0.38540175557136536, "unseen__location_rec": 0.8767442107200623, "unseen__location_f1": 0.5354353189468384, "unseen__person_pr": 0.6835860013961792, "unseen__person_rec": 0.7498192191123962, "unseen__person_f1": 0.7151724100112915}, "test_metrics_bounds": {"seen__f1": 0.0, "seen__pr": 0.0, "seen__rec": 0.0, "seen__ner_f1": 0.7302507162094116, "seen__ner_pr": 0.6087342500686646, "seen__ner_rec": 0.9123817682266235, "seen__macro_f1": 0.0, "seen__macro_pr": 0.0, "seen__macro_rec": 0.0, "seen__macro_ner_f1": 0.7302507162094116, "seen__macro_ner_pr": 0.6087342500686646, "seen__macro_ner_rec": 0.9123817682266235, "seen__samples_per_s": 524.4338459331332, "seen__samples_total_num": 4288, "seen__samples_total_s": 8.176436424255371, "unseen__f1": 0.0, "unseen__pr": 0.0, "unseen__rec": 0.0, "unseen__ner_f1": 0.6162583827972412, "unseen__ner_pr": 0.48222222924232483, "unseen__ner_rec": 0.8534906506538391, "unseen__macro_f1": 0.0, "unseen__macro_pr": 0.0, "unseen__macro_rec": 0.0, "unseen__macro_ner_f1": 0.6162583827972412, "unseen__macro_ner_pr": 0.48222222924232483, "unseen__macro_ner_rec": 0.8534906506538391, "unseen__samples_per_s": 562.2061848331105, "unseen__samples_total_num": 3039, "unseen__samples_total_s": 5.405490159988403}}