{"test_metrics": {"unseen__f1": 0.0, "unseen__pr": 0.0, "unseen__rec": 0.0, "unseen__ner_f1": 0.498557984828949, "unseen__ner_pr": 0.38004204630851746, "unseen__ner_rec": 0.7244898080825806, "unseen__macro_f1": 0.0, "unseen__macro_pr": 0.0, "unseen__macro_rec": 0.0, "unseen__macro_ner_f1": 0.5345996022224426, "unseen__macro_ner_pr": 0.4383339285850525, "unseen__macro_ner_rec": 0.7249213457107544, "unseen__samples_per_s": 479.73237088758304, "unseen__samples_total_num": 1854, "unseen__samples_total_s": 3.864654779434204, "unseen__dna_pr": 0.5197368264198303, "unseen__dna_rec": 0.7514863014221191, "unseen__dna_f1": 0.6144871115684509, "unseen__rna_pr": 0.6442307829856873, "unseen__rna_rec": 0.9054054021835327, "unseen__rna_f1": 0.7528090476989746, "unseen__cell_type_pr": 0.21311475336551666, "unseen__cell_type_rec": 0.6499999761581421, "unseen__cell_type_f1": 0.32098767161369324, "unseen__protein_pr": 0.3330009877681732, "unseen__protein_rec": 0.7394834160804749, "unseen__protein_f1": 0.4592117369174957, "unseen__cell_line_pr": 0.48158639669418335, "unseen__cell_line_rec": 0.5782312750816345, "unseen__cell_line_f1": 0.5255023241043091, "seen__f1": 0.0, "seen__pr": 0.0, "seen__rec": 0.0, "seen__ner_f1": 0.5437094569206238, "seen__ner_pr": 0.40068820118904114, "seen__ner_rec": 0.8455021977424622, "seen__macro_f1": 0.0, "seen__macro_pr": 0.0, "seen__macro_rec": 0.0, "seen__macro_ner_f1": 0.4910719394683838, "seen__macro_ner_pr": 0.36479488015174866, "seen__macro_ner_rec": 0.8122087717056274, "seen__samples_per_s": 540.022527745615, "seen__samples_total_num": 1854, "seen__samples_total_s": 3.433190107345581, "seen__dna_pr": 0.2475328892469406, "seen__dna_rec": 0.7639594078063965, "seen__dna_f1": 0.373913049697876, "seen__rna_pr": 0.24038460850715637, "seen__rna_rec": 0.8333333134651184, "seen__rna_f1": 0.3731342852115631, "seen__cell_type_pr": 0.5446265935897827, "seen__cell_type_rec": 0.7292683124542236, "seen__cell_type_f1": 0.623566210269928, "seen__protein_pr": 0.44865402579307556, "seen__protein_rec": 0.8999999761581421, "seen__protein_f1": 0.598802387714386, "seen__cell_line_pr": 0.34277620911598206, "seen__cell_line_rec": 0.834482729434967, "seen__cell_line_f1": 0.4859437346458435}, "test_metrics_bounds": {"unseen__f1": 0.0, "unseen__pr": 0.0, "unseen__rec": 0.0, "unseen__ner_f1": 0.5400251150131226, "unseen__ner_pr": 0.411787211894989, "unseen__ner_rec": 0.7842565774917603, "unseen__macro_f1": 0.0, "unseen__macro_pr": 0.0, "unseen__macro_rec": 0.0, "unseen__macro_ner_f1": 0.5400251150131226, "unseen__macro_ner_pr": 0.411787211894989, "unseen__macro_ner_rec": 0.7842565774917603, "unseen__samples_per_s": 479.73237088758304, "unseen__samples_total_num": 1854, "unseen__samples_total_s": 3.864654779434204, "seen__f1": 0.0, "seen__pr": 0.0, "seen__rec": 0.0, "seen__ner_f1": 0.5541856288909912, "seen__ner_pr": 0.4085342586040497, "seen__ner_rec": 0.8612343668937683, "seen__macro_f1": 0.0, "seen__macro_pr": 0.0, "seen__macro_rec": 0.0, "seen__macro_ner_f1": 0.5541856288909912, "seen__macro_ner_pr": 0.4085342586040497, "seen__macro_ner_rec": 0.8612343668937683, "seen__samples_per_s": 540.022527745615, "seen__samples_total_num": 1854, "seen__samples_total_s": 3.433190107345581}}