{"test_metrics": {"f1": 0.0, "pr": 0.0, "rec": 0.0, "ner_f1": 0.7813276648521423, "ner_pr": 0.7807302474975586, "ner_rec": 0.7819260954856873, "macro_f1": 0.0, "macro_pr": 0.0, "macro_rec": 0.0, "macro_ner_f1": 0.782686710357666, "macro_ner_pr": 0.8031288385391235, "macro_ner_rec": 0.7663707733154297, "samples_per_s": 377.0974668472631, "samples_total_num": 1854, "samples_total_s": 4.916500806808472, "dna_pr": 0.7672697305679321, "dna_rec": 0.755465567111969, "dna_f1": 0.7613219022750854, "rna_pr": 0.8846153616905212, "rna_rec": 0.8846153616905212, "rna_f1": 0.8846153616905212, "cell_type_pr": 0.7577413320541382, "cell_type_rec": 0.7050847411155701, "cell_type_f1": 0.730465292930603, "protein_pr": 0.7816550135612488, "protein_rec": 0.8238178491592407, "protein_f1": 0.8021827936172485, "cell_line_pr": 0.8243626356124878, "cell_line_rec": 0.6628701686859131, "cell_line_f1": 0.7348484396934509}, "test_metrics_bounds": {"f1": 0.0, "pr": 0.0, "rec": 0.0, "ner_f1": 0.8205569982528687, "ner_pr": 0.8203214406967163, "ner_rec": 0.8207926750183105, "macro_f1": 0.0, "macro_pr": 0.0, "macro_rec": 0.0, "macro_ner_f1": 0.8205569982528687, "macro_ner_pr": 0.8203214406967163, "macro_ner_rec": 0.8207926750183105, "samples_per_s": 377.0974668472631, "samples_total_num": 1854, "samples_total_s": 4.916500806808472}, "metrics": {"f1": [0.0, 0.0, 0.0, 0.0, 0.0, 0.0, 0.0, 0.0, 0.0, 0.0, 0.0, 0.0, 0.0, 0.0, 0.0, 0.0], "pr": [0.0, 0.0, 0.0, 0.0, 0.0, 0.0, 0.0, 0.0, 0.0, 0.0, 0.0, 0.0, 0.0, 0.0, 0.0, 0.0], "rec": [0.0, 0.0, 0.0, 0.0, 0.0, 0.0, 0.0, 0.0, 0.0, 0.0, 0.0, 0.0, 0.0, 0.0, 0.0, 0.0], "ner_f1": [0.6944215297698975, 0.752471387386322, 0.768168032169342, 0.7731141448020935, 0.7748357653617859, 0.7813276648521423, 0.7774022221565247, 0.7772071361541748, 0.7787152528762817, 0.7772219777107239, 0.7798669934272766, 0.7784641981124878, 0.7787021398544312, 0.7771495580673218, 0.7773262858390808, 0.7770270109176636], "ner_pr": [0.754094660282135, 0.7778459191322327, 0.7594013214111328, 0.790516197681427, 0.7822439074516296, 0.7807302474975586, 0.784294605255127, 0.8025698661804199, 0.7799116373062134, 0.7809781432151794, 0.7855477929115295, 0.7979493141174316, 0.7965558767318726, 0.7916584014892578, 0.8056696653366089, 0.7835312485694885], "ner_rec": [0.6434999108314514, 0.7286999821662903, 0.7771396040916443, 0.7564617991447449, 0.7675665616989136, 0.7819260954856873, 0.7706298828125, 0.7533984184265137, 0.7775225043296814, 0.7735018134117126, 0.7742676734924316, 0.7599080801010132, 0.7616312503814697, 0.7631629109382629, 0.7509094476699829, 0.7706298828125], "macro_f1": [0.0, 0.0, 0.0, 0.0, 0.0, 0.0, 0.0, 0.0, 0.0, 0.0, 0.0, 0.0, 0.0, 0.0, 0.0, 0.0], "macro_pr": [0.0, 0.0, 0.0, 0.0, 0.0, 0.0, 0.0, 0.0, 0.0, 0.0, 0.0, 0.0, 0.0, 0.0, 0.0, 0.0], "macro_rec": [0.0, 0.0, 0.0, 0.0, 0.0, 0.0, 0.0, 0.0, 0.0, 0.0, 0.0, 0.0, 0.0, 0.0, 0.0, 0.0], "macro_ner_f1": [0.6773999929428101, 0.7383983135223389, 0.7684314846992493, 0.7785917520523071, 0.7807338237762451, 0.782686710357666, 0.7838422656059265, 0.7790566682815552, 0.7793849110603333, 0.7814052700996399, 0.7782856822013855, 0.7811499834060669, 0.7848671674728394, 0.7832380533218384, 0.7856969833374023, 0.7807532548904419], "macro_ner_pr": [0.7502554059028625, 0.8135496377944946, 0.7889447212219238, 0.8102830052375793, 0.8040550947189331, 0.8031288385391235, 0.796732485294342, 0.822148323059082, 0.7853944897651672, 0.7957817316055298, 0.7862347960472107, 0.8051613569259644, 0.817676842212677, 0.8064621090888977, 0.8200308084487915, 0.8002775311470032], "macro_ner_rec": [0.6276386976242065, 0.6818808317184448, 0.7530695796012878, 0.7528367042541504, 0.7613959908485413, 0.7663707733154297, 0.7718826532363892, 0.7422744035720825, 0.7740395069122314, 0.7682491540908813, 0.77093905210495, 0.7592612504959106, 0.7564253807067871, 0.7619117498397827, 0.7546093463897705, 0.7628085017204285], "samples_per_s": [383.0109920669027, 386.4659777287951, 380.53740424036556, 375.9316235481805, 373.7588433827594, 373.6613220072337, 384.17627930810085, 382.21797539930986, 373.7422449912585, 383.5264493903715, 384.6524834721019, 387.4919121030386, 387.5378918498598, 381.7942212197596, 390.26961831091035, 389.1333465742684], "samples_total_num": [1854, 1854, 1854, 1854, 1854, 1854, 1854, 1854, 1854, 1854, 1854, 1854, 1854, 1854, 1854, 1854], "samples_total_s": [4.8405921459198, 4.7973175048828125, 4.872057199478149, 4.931747913360596, 4.960417747497559, 4.96171236038208, 4.825909614562988, 4.850635290145874, 4.960638046264648, 4.8340864181518555, 4.819935083389282, 4.784615993499756, 4.784048318862915, 4.856019020080566, 4.750561952590942, 4.7644336223602295], "dna_pr": [0.7588105797767639, 0.7747747898101807, 0.7615384459495544, 0.741679847240448, 0.774055004119873, 0.7672697305679321, 0.7742207050323486, 0.7758318781852722, 0.7492163181304932, 0.7538712024688721, 0.7649536728858948, 0.7981818318367004, 0.7613168954849243, 0.7672268748283386, 0.7700854539871216, 0.7566006779670715], "dna_rec": [0.557894766330719, 0.626720666885376, 0.7214574813842773, 0.75789475440979, 0.7295546531677246, 0.755465567111969, 0.7441295385360718, 0.7174088954925537, 0.7740890979766846, 0.7489878535270691, 0.7352226972579956, 0.7109311819076538, 0.7489878535270691, 0.7392712831497192, 0.7295546531677246, 0.7425101399421692], "dna_f1": [0.6430237889289856, 0.6929274797439575, 0.7409563064575195, 0.749699592590332, 0.7511463165283203, 0.7613219022750854, 0.7588769197463989, 0.7454774975776672, 0.7614496350288391, 0.7514216303825378, 0.749793529510498, 0.7520342469215393, 0.7551020979881287, 0.7529897093772888, 0.749272346496582, 0.7494891881942749], "rna_pr": [0.8513513803482056, 0.9142857193946838, 0.8712871074676514, 0.9175257682800293, 0.8640776872634888, 0.8846153616905212, 0.875, 0.9166666865348816, 0.8666666746139526, 0.9100000262260437, 0.8504672646522522, 0.8921568393707275, 0.9175257682800293, 0.9009901285171509, 0.9368420839309692, 0.9090909361839294], "rna_rec": [0.6057692170143127, 0.6153846383094788, 0.8461538553237915, 0.8557692170143127, 0.8557692170143127, 0.8846153616905212, 0.875, 0.8461538553237915, 0.875, 0.875, 0.875, 0.875, 0.8557692170143127, 0.875, 0.8557692170143127, 0.8653846383094788], "rna_f1": [0.7078651189804077, 0.7356321811676025, 0.8585365414619446, 0.8855721354484558, 0.8599033951759338, 0.8846153616905212, 0.875, 0.8799999952316284, 0.8708133697509766, 0.8921568989753723, 0.8625592589378357, 0.8834951519966125, 0.8855721354484558, 0.8878049254417419, 0.8944723010063171, 0.8866994976997375], "cell_type_pr": [0.6033755540847778, 0.8016031980514526, 0.7417103052139282, 0.7325383424758911, 0.8164557218551636, 0.7577413320541382, 0.75789475440979, 0.76752769947052, 0.7586206793785095, 0.7361111044883728, 0.7567083835601807, 0.7561837434768677, 0.7553957104682922, 0.7663551568984985, 0.7580071091651917, 0.7605893015861511], "cell_type_rec": [0.7271186709403992, 0.6779661178588867, 0.7203390002250671, 0.7288135886192322, 0.6559321880340576, 0.7050847411155701, 0.7322033643722534, 0.7050847411155701, 0.7084745764732361, 0.7186440825462341, 0.7169491648674011, 0.7254237532615662, 0.7118644118309021, 0.694915235042572, 0.7220339179039001, 0.699999988079071], "cell_type_f1": [0.6594927310943604, 0.7346189618110657, 0.7308685183525085, 0.730671226978302, 0.7274435758590698, 0.730465292930603, 0.7448275685310364, 0.7349823713302612, 0.7326906323432922, 0.7272727489471436, 0.7362923622131348, 0.7404844760894775, 0.7329843044281006, 0.7288889288902283, 0.7395833134651184, 0.7290380001068115], "protein_pr": [0.795136034488678, 0.7675602436065674, 0.7517437934875488, 0.8144329786300659, 0.7760891318321228, 0.7816550135612488, 0.7901148796081543, 0.8120057582855225, 0.798251748085022, 0.796875, 0.8012508749961853, 0.8063254952430725, 0.8099530935287476, 0.8023420572280884, 0.8262012004852295, 0.7953600883483887],