{"test_metrics": {"unseen_ner_prec_micro": 45.08975712777191, "unseen_ner_rec_micro": 53.3083645443196, "unseen_ner_f1_micro": 48.8558352402746, "unseen_ner_prec_macro": 40.86958870454864, "unseen_ner_rec_macro": 48.51007955362745, "unseen_ner_f1_macro": 44.24853919135084, "unseen_loc_prec_micro": 56.59526493799324, "unseen_loc_rec_micro": 62.67166042446941, "unseen_loc_f1_micro": 59.47867298578199, "unseen_loc_prec_macro": 56.59526493799324, "unseen_loc_rec_macro": 62.67166042446941, "unseen_loc_f1_macro": 59.47867298578199, "unseen_cls_prec_micro": 78.9279112754159, "unseen_cls_rec_micro": 53.3083645443196, "unseen_cls_f1_micro": 63.63636363636363, "unseen_cls_prec_macro": 73.2250873322302, "unseen_cls_rec_macro": 48.51007955362745, "unseen_cls_f1_macro": 57.72228843479657, "unseen_epoch": 0.0, "unseen_iteration": 0.0, "unseen_global_iteration": 0.0, "seen_ner_prec_micro": 18.91604675876727, "seen_ner_rec_micro": 64.02877697841727, "seen_ner_f1_micro": 29.204265791632483, "seen_ner_prec_macro": 16.384868809774943, "seen_ner_rec_macro": 63.65256317580796, "seen_ner_f1_macro": 25.313351233640784, "seen_loc_prec_micro": 25.141562853907136, "seen_loc_rec_micro": 79.85611510791367, "seen_loc_f1_micro": 38.24289405684754, "seen_loc_prec_macro": 25.141562853907136, "seen_loc_rec_macro": 79.85611510791367, "seen_loc_f1_macro": 38.24289405684754, "seen_cls_prec_micro": 73.25102880658436, "seen_cls_rec_micro": 64.02877697841727, "seen_cls_f1_micro": 68.33013435700576, "seen_cls_prec_macro": 63.029691711833394, "seen_cls_rec_macro": 63.65256317580796, "seen_cls_f1_macro": 60.16594902371391, "seen_epoch": 0.0, "seen_iteration": 0.0, "seen_global_iteration": 0.0, "ner_prec_micro": 63.312368972746334, "ner_rec_micro": 55.97775718257646, "ner_f1_micro": 59.41957697983276, "ner_prec_macro": 57.23873302448585, "ner_rec_macro": 51.26965463018941, "ner_f1_macro": 53.93162180241593, "loc_prec_micro": 81.92090395480226, "loc_rec_micro": 67.19184430027804, "loc_f1_micro": 73.82892057026477, "loc_prec_macro": 81.92090395480226, "loc_rec_macro": 67.19184430027804, "loc_f1_macro": 73.82892057026477, "cls_prec_micro": 76.6497461928934, "cls_rec_micro": 55.97775718257646, "cls_f1_micro": 64.7027316550616, "cls_prec_macro": 69.44404040467072, "cls_rec_macro": 51.26965463018941, "cls_f1_macro": 58.82888542614501, "epoch": 0.0, "iteration": 0.0, "global_iteration": 0.0}}