{"test_metrics": {"f1": 0.0, "pr": 0.0, "rec": 0.0, "ner_f1": 0.6554670333862305, "ner_pr": 0.6258836388587952, "ner_rec": 0.6879856586456299, "macro_f1": 0.0, "macro_pr": 0.0, "macro_rec": 0.0, "macro_ner_f1": 0.6537441611289978, "macro_ner_pr": 0.6323302984237671, "macro_ner_rec": 0.6794678568840027, "samples_per_s": 134.94618639130053, "samples_total_num": 529, "samples_total_s": 3.92008113861084, "task_pr": 0.5868055820465088, "task_rec": 0.6450381875038147, "task_f1": 0.614545464515686, "method_pr": 0.7524038553237915, "method_rec": 0.7364705801010132, "method_f1": 0.7443519234657288, "material_pr": 0.5945945978164673, "material_rec": 0.6962025165557861, "material_f1": 0.6413993835449219, "otherscientificterm_pr": 0.5348460078239441, "otherscientificterm_rec": 0.6382978558540344, "otherscientificterm_f1": 0.5820105671882629, "metric_pr": 0.6212121248245239, "metric_rec": 0.577464759349823, "metric_f1": 0.598540186882019, "generic_pr": 0.704119861125946, "generic_rec": 0.7833333611488342, "generic_f1": 0.7416173815727234}, "test_metrics_bounds": {"f1": 0.0, "pr": 0.0, "rec": 0.0, "ner_f1": 0.7809741497039795, "ner_pr": 0.7459194660186768, "ner_rec": 0.8194859623908997, "macro_f1": 0.0, "macro_pr": 0.0, "macro_rec": 0.0, "macro_ner_f1": 0.7809741497039795, "macro_ner_pr": 0.7459194660186768, "macro_ner_rec": 0.8194859623908997, "samples_per_s": 134.94618639130053, "samples_total_num": 529, "samples_total_s": 3.92008113861084}, "metrics": {"f1": [0.0, 0.0, 0.0, 0.0, 0.0, 0.0, 0.0, 0.0, 0.0, 0.0, 0.0, 0.0, 0.0, 0.0, 0.0, 0.0, 0.0, 0.0, 0.0, 0.0, 0.0, 0.0, 0.0, 0.0, 0.0], "pr": [0.0, 0.0, 0.0, 0.0, 0.0, 0.0, 0.0, 0.0, 0.0, 0.0, 0.0, 0.0, 0.0, 0.0, 0.0, 0.0, 0.0, 0.0, 0.0, 0.0, 0.0, 0.0, 0.0, 0.0, 0.0], "rec": [0.0, 0.0, 0.0, 0.0, 0.0, 0.0, 0.0, 0.0, 0.0, 0.0, 0.0, 0.0, 0.0, 0.0, 0.0, 0.0, 0.0, 0.0, 0.0, 0.0, 0.0, 0.0, 0.0, 0.0, 0.0], "ner_f1": [0.3711453378200531, 0.5701202154159546, 0.6023392081260681, 0.6401925086975098, 0.6388888359069824, 0.6408451199531555, 0.6320810914039612, 0.6614363193511963, 0.6331828236579895, 0.6509316563606262, 0.6583924889564514, 0.6431416869163513, 0.648930013179779, 0.6702127456665039, 0.6576629281044006, 0.6646919250488281, 0.6749263405799866, 0.6623981595039368, 0.67136150598526, 0.6718844175338745, 0.6743341088294983, 0.6666666865348816, 0.6722487807273865, 0.6714542508125305, 0.6674569845199585], "ner_pr": [0.33104124665260315, 0.5247629284858704, 0.5646929740905762, 0.6157407164573669, 0.616550087928772, 0.6026490330696106, 0.6029579043388367, 0.637951135635376, 0.5759753584861755, 0.6453201770782471, 0.6230425238609314, 0.589155375957489, 0.6025778651237488, 0.6342281699180603, 0.6187845468521118, 0.6303370594978333, 0.6376811861991882, 0.6184782385826111, 0.631346583366394, 0.6465817093849182, 0.6522248387336731, 0.6338983178138733, 0.6430205702781677, 0.6426116824150085, 0.6332958340644836], "ner_rec": [0.42230576276779175, 0.6240601539611816, 0.6453633904457092, 0.6666666865348816, 0.6629072427749634, 0.6842105388641357, 0.664160430431366, 0.6867167949676514, 0.7030075192451477, 0.6566416025161743, 0.6979950070381165, 0.708020031452179, 0.7030075192451477, 0.7105262875556946, 0.7017543911933899, 0.7030075192451477, 0.7167919874191284, 0.713032603263855, 0.7167919874191284, 0.6992481350898743, 0.6979950070381165, 0.7030075192451477, 0.7042606472969055, 0.7030075192451477, 0.7055137753486633], "macro_f1": [0.0, 0.0, 0.0, 0.0, 0.0, 0.0, 0.0, 0.0, 0.0, 0.0, 0.0, 0.0, 0.0, 0.0, 0.0, 0.0, 0.0, 0.0, 0.0, 0.0, 0.0, 0.0, 0.0, 0.0, 0.0], "macro_pr": [0.0, 0.0, 0.0, 0.0, 0.0, 0.0, 0.0, 0.0, 0.0, 0.0, 0.0, 0.0, 0.0, 0.0, 0.0, 0.0, 0.0, 0.0, 0.0, 0.0, 0.0, 0.0, 0.0, 0.0, 0.0], "macro_rec": [0.0, 0.0, 0.0, 0.0, 0.0, 0.0, 0.0, 0.0, 0.0, 0.0, 0.0, 0.0, 0.0, 0.0, 0.0, 0.0, 0.0, 0.0, 0.0, 0.0, 0.0, 0.0, 0.0, 0.0, 0.0], "macro_ner_f1": [0.2518174350261688, 0.5435971617698669, 0.5747036933898926, 0.6088358759880066, 0.6057239174842834, 0.61186283826828, 0.6075465679168701, 0.6308357119560242, 0.6097627282142639, 0.619405210018158, 0.6285006999969482, 0.6214885115623474, 0.6230505704879761, 0.6352550387382507, 0.6281188130378723, 0.6399706602096558, 0.6537012457847595, 0.6437346935272217, 0.6464654803276062, 0.6505044102668762, 0.6432945728302002, 0.6345078349113464, 0.639599621295929, 0.6410747170448303, 0.6339215040206909], "macro_ner_pr": [0.23868566751480103, 0.548322319984436, 0.5707499384880066, 0.6326330304145813, 0.596659243106842, 0.5845232605934143, 0.5793988108634949, 0.6139700412750244, 0.5781455636024475, 0.6429812908172607, 0.59600830078125, 0.5745063424110413, 0.5874283909797668, 0.6038658022880554, 0.6103273034095764, 0.6230095028877258, 0.6316661238670349, 0.6066016554832458, 0.6177447438240051, 0.6464759707450867, 0.6264972686767578, 0.6095507740974426, 0.6218146085739136, 0.6218149662017822, 0.6083953976631165], "macro_ner_rec": [0.3174399733543396, 0.5730661749839783, 0.5943809151649475, 0.6057133078575134, 0.6292886734008789, 0.6433797478675842, 0.6430616974830627, 0.6516163945198059, 0.6630141735076904, 0.6076016426086426, 0.6683864593505859, 0.6833264231681824, 0.6686673760414124, 0.6722832322120667, 0.6535415053367615, 0.6648114323616028, 0.6808435916900635, 0.6877539753913879, 0.683635950088501, 0.663877010345459, 0.6620740294456482, 0.6646254658699036, 0.6610122323036194, 0.6641848087310791, 0.6647444367408752], "samples_per_s": [126.17377336762856, 142.92604947894174, 149.8484626338324, 151.6732993311053, 156.1296221185067, 154.0029026321821, 143.51663441272714, 168.7231616110684, 169.22620361102705, 157.20926920229763, 143.3907662166471, 163.7814855209482, 156.31447716264577, 143.17731501728537, 164.92155436418219, 163.046227470709, 165.38715007503333, 155.8632931988192, 146.5529795561827, 178.70933634689425, 147.11710019922856, 159.4482266537804, 172.96974105430553, 138.35020169851245, 159.31836015255143], "samples_total_num": [260, 260, 260, 260, 260, 260, 260, 260, 260, 260, 260, 260, 260, 260, 260, 260, 260, 260, 260, 260, 260, 260, 260, 260, 260], "samples_total_s": [2.060650110244751, 1.819122552871704, 1.73508620262146, 1.7142107486724854, 1.665282964706421, 1.6882798671722412, 1.8116366863250732, 1.5409858226776123, 1.536405086517334, 1.6538465023040771, 1.8132269382476807, 1.5874810218811035, 1.663313627243042, 1.8159301280975342, 1.5765070915222168, 1.594639778137207, 1.5720689296722412, 1.668128490447998, 1.7741024494171143, 1.45487642288208, 1.7672996520996094, 1.6306233406066895, 1.5031530857086182, 1.879288911819458, 1.6319525241851807], "task_pr": [0.38596490025520325, 0.4794520437717438, 0.5784313678741455, 0.6734693646430969, 0.5571428537368774, 0.5214285850524902, 0.48366013169288635, 0.6363636255264282, 0.6000000238418579, 0.6818181872367859, 0.5736433863639832, 0.5234899520874023, 0.5671641826629639, 0.5748031735420227, 0.6173912882804871, 0.6065573692321777, 0.6106870174407959, 0.6048387289047241, 0.6086956262588501, 0.6068376302719116, 0.5983606576919556, 0.5966386795043945, 0.5873016119003296, 0.6016260385513306, 0.5950413346290588], "task_rec": [0.1746031790971756, 0.5555555820465088, 0.4682539701461792, 0.523809552192688, 0.6190476417541504, 0.579365074634552, 0.5873016119003296, 0.5555555820465088, 0.523809552192688, 0.4761904776096344, 0.5873016119003296, 0.6190476417541504, 0.60317462682724, 0.579365074634552, 0.5634920597076416, 0.5873016119003296, 0.6349206566810608, 0.5952380895614624, 0.5555555820465088, 0.5634920597076416, 0.579365074634552, 0.5634920597076416, 0.5873016119003296, 0.5873016119003296, 0.5714285969734192],