{"test_metrics": {"unseen__f1": 0.0, "unseen__pr": 0.0, "unseen__rec": 0.0, "unseen__ner_f1": 0.6952264308929443, "unseen__ner_pr": 0.5978947281837463, "unseen__ner_rec": 0.8304093480110168, "unseen__macro_f1": 0.0, "unseen__macro_pr": 0.0, "unseen__macro_rec": 0.0, "unseen__macro_ner_f1": 0.681614339351654, "unseen__macro_ner_pr": 0.6063854098320007, "unseen__macro_ner_rec": 0.7935137152671814, "unseen__samples_per_s": 304.30136113921344, "unseen__samples_total_num": 252, "unseen__samples_total_s": 0.8281264305114746, "unseen__loc_pr": 0.5288220643997192, "unseen__loc_rec": 0.8902953863143921, "unseen__loc_f1": 0.6635220646858215, "unseen__org_pr": 0.6052631735801697, "unseen__org_rec": 0.7986111044883728, "unseen__org_f1": 0.688622772693634, "unseen__peop_pr": 0.6996197700500488, "unseen__peop_rec": 0.9108911156654358, "unseen__peop_f1": 0.7913978695869446, "unseen__other_pr": 0.5918367505073547, "unseen__other_rec": 0.5742574334144592, "unseen__other_f1": 0.5829145908355713, "seen__f1": 0.0, "seen__pr": 0.0, "seen__rec": 0.0, "seen__ner_f1": 0.6134969592094421, "seen__ner_pr": 0.4569190740585327, "seen__ner_rec": 0.9333333373069763, "seen__macro_f1": 0.0, "seen__macro_pr": 0.0, "seen__macro_rec": 0.0, "seen__macro_ner_f1": 0.5649227499961853, "seen__macro_ner_pr": 0.41498056054115295, "seen__macro_ner_rec": 0.894543468952179, "seen__samples_per_s": 546.3862899490505, "seen__samples_total_num": 198, "seen__samples_total_s": 0.3623809814453125, "seen__loc_pr": 0.52173912525177, "seen__loc_rec": 0.9491525292396545, "seen__loc_f1": 0.6733466982841492, "seen__org_pr": 0.3916666805744171, "seen__org_rec": 0.9215686321258545, "seen__org_f1": 0.5497076511383057, "seen__peop_pr": 0.4590163826942444, "seen__peop_rec": 0.9655172228813171, "seen__peop_f1": 0.6222221851348877, "seen__other_pr": 0.2874999940395355, "seen__other_rec": 0.7419354915618896, "seen__other_f1": 0.4144144058227539}, "test_metrics_bounds": {"unseen__f1": 0.0, "unseen__pr": 0.0, "unseen__rec": 0.0, "unseen__ner_f1": 0.7189221978187561, "unseen__ner_pr": 0.6185458302497864, "unseen__ner_rec": 0.8581871390342712, "unseen__macro_f1": 0.0, "unseen__macro_pr": 0.0, "unseen__macro_rec": 0.0, "unseen__macro_ner_f1": 0.7189221978187561, "unseen__macro_ner_pr": 0.6185458302497864, "unseen__macro_ner_rec": 0.8581871390342712, "unseen__samples_per_s": 304.30136113921344, "unseen__samples_total_num": 252, "unseen__samples_total_s": 0.8281264305114746, "seen__f1": 0.0, "seen__pr": 0.0, "seen__rec": 0.0, "seen__ner_f1": 0.6140350699424744, "seen__ner_pr": 0.4575163424015045, "seen__ner_rec": 0.9333333373069763, "seen__macro_f1": 0.0, "seen__macro_pr": 0.0, "seen__macro_rec": 0.0, "seen__macro_ner_f1": 0.6140350699424744, "seen__macro_ner_pr": 0.4575163424015045, "seen__macro_ner_rec": 0.9333333373069763, "seen__samples_per_s": 546.3862899490505, "seen__samples_total_num": 198, "seen__samples_total_s": 0.3623809814453125}}
