{"test_metrics": {"f1": 0.0, "pr": 0.0, "rec": 0.0, "ner_f1": 0.8668555021286011, "ner_pr": 0.8668555021286011, "ner_rec": 0.8668555021286011, "macro_f1": 0.0, "macro_pr": 0.0, "macro_rec": 0.0, "macro_ner_f1": 0.8314435482025146, "macro_ner_pr": 0.8451046943664551, "macro_ner_rec": 0.822670578956604, "samples_per_s": 167.49040392051594, "samples_total_num": 288, "samples_total_s": 1.7195014953613281, "loc_pr": 0.8692660331726074, "loc_rec": 0.9154589176177979, "loc_f1": 0.8917646408081055, "org_pr": 0.8059701323509216, "org_rec": 0.8307692408561707, "org_f1": 0.8181818127632141, "peop_pr": 0.9337539672851562, "peop_rec": 0.9308176040649414, "peop_f1": 0.9322834610939026, "other_pr": 0.7714285850524902, "other_rec": 0.6136363744735718, "other_f1": 0.6835442781448364}, "test_metrics_bounds": {"f1": 0.0, "pr": 0.0, "rec": 0.0, "ner_f1": 0.8852148652076721, "ner_pr": 0.8856332898139954, "ner_rec": 0.8847969770431519, "macro_f1": 0.0, "macro_pr": 0.0, "macro_rec": 0.0, "macro_ner_f1": 0.8852148652076721, "macro_ner_pr": 0.8856332898139954, "macro_ner_rec": 0.8847969770431519, "samples_per_s": 167.49040392051594, "samples_total_num": 288, "samples_total_s": 1.7195014953613281}, "metrics": {"f1": [0.0, 0.0, 0.0, 0.0, 0.0, 0.0, 0.0, 0.0, 0.0, 0.0, 0.0, 0.0, 0.0, 0.0, 0.0, 0.0, 0.0, 0.0, 0.0, 0.0, 0.0, 0.0, 0.0, 0.0, 0.0, 0.0, 0.0, 0.0, 0.0, 0.0, 0.0, 0.0, 0.0, 0.0, 0.0, 0.0], "pr": [0.0, 0.0, 0.0, 0.0, 0.0, 0.0, 0.0, 0.0, 0.0, 0.0, 0.0, 0.0, 0.0, 0.0, 0.0, 0.0, 0.0, 0.0, 0.0, 0.0, 0.0, 0.0, 0.0, 0.0, 0.0, 0.0, 0.0, 0.0, 0.0, 0.0, 0.0, 0.0, 0.0, 0.0, 0.0, 0.0], "rec": [0.0, 0.0, 0.0, 0.0, 0.0, 0.0, 0.0, 0.0, 0.0, 0.0, 0.0, 0.0, 0.0, 0.0, 0.0, 0.0, 0.0, 0.0, 0.0, 0.0, 0.0, 0.0, 0.0, 0.0, 0.0, 0.0, 0.0, 0.0, 0.0, 0.0, 0.0, 0.0, 0.0, 0.0, 0.0, 0.0], "ner_f1": [0.5136897563934326, 0.7448789477348328, 0.7737306952476501, 0.7671554684638977, 0.799045979976654, 0.8098591566085815, 0.8155784010887146, 0.8133174180984497, 0.8162564039230347, 0.8228636384010315, 0.835518479347229, 0.83556067943573, 0.8437321186065674, 0.8317972421646118, 0.8413792848587036, 0.829971194267273, 0.8499137163162231, 0.8464635014533997, 0.8456299901008606, 0.8374999761581421, 0.8420441746711731, 0.8404133319854736, 0.8321085572242737, 0.8433874845504761, 0.8486212491989136, 0.8551723957061768, 0.8527042269706726, 0.845668375492096, 0.8522139191627502, 0.8526862859725952, 0.8535469174385071, 0.8343697190284729, 0.8359062671661377, 0.8429379463195801, 0.8497409224510193, 0.8376362323760986], "ner_pr": [0.5978755950927734, 0.8152173757553101, 0.7481323480606079, 0.7879518270492554, 0.8354114890098572, 0.8323280811309814, 0.8174511790275574, 0.8475836515426636, 0.8176605701446533, 0.8150224089622498, 0.8729763627052307, 0.8498817682266235, 0.8451834917068481, 0.8385598063468933, 0.8462427854537964, 0.8372092843055725, 0.8553240895271301, 0.8518518805503845, 0.8399097919464111, 0.8327683806419373, 0.8559622168540955, 0.8442906737327576, 0.8232662081718445, 0.8563015460968018, 0.8359201550483704, 0.8601155877113342, 0.8586326837539673, 0.849078357219696, 0.8576388955116272, 0.8621495366096497, 0.8545246124267578, 0.8255033493041992, 0.8363844156265259, 0.8335195779800415, 0.8561484813690186, 0.8410138487815857], "ner_rec": [0.4502857029438019, 0.6857143044471741, 0.8011428713798523, 0.7474285960197449, 0.7657142877578735, 0.7885714173316956, 0.8137142658233643, 0.7817142605781555, 0.8148571252822876, 0.8308571577072144, 0.8011428713798523, 0.8217142820358276, 0.842285692691803, 0.8251428604125977, 0.836571455001831, 0.822857141494751, 0.8445714116096497, 0.8411428332328796, 0.8514285683631897, 0.842285692691803, 0.8285714387893677, 0.836571455001831, 0.8411428332328796, 0.8308571577072144, 0.8617143034934998, 0.8502857089042664, 0.8468571305274963, 0.842285692691803, 0.8468571305274963, 0.8434285521507263, 0.852571427822113, 0.8434285521507263, 0.8354285955429077, 0.852571427822113, 0.8434285521507263, 0.8342857360839844], "macro_f1": [0.0, 0.0, 0.0, 0.0, 0.0, 0.0, 0.0, 0.0, 0.0, 0.0, 0.0, 0.0, 0.0, 0.0, 0.0, 0.0, 0.0, 0.0, 0.0, 0.0, 0.0, 0.0, 0.0, 0.0, 0.0, 0.0, 0.0, 0.0, 0.0, 0.0, 0.0, 0.0, 0.0, 0.0, 0.0, 0.0], "macro_pr": [0.0, 0.0, 0.0, 0.0, 0.0, 0.0, 0.0, 0.0, 0.0, 0.0, 0.0, 0.0, 0.0, 0.0, 0.0, 0.0, 0.0, 0.0, 0.0, 0.0, 0.0, 0.0, 0.0, 0.0, 0.0, 0.0, 0.0, 0.0, 0.0, 0.0, 0.0, 0.0, 0.0, 0.0, 0.0, 0.0], "macro_rec": [0.0, 0.0, 0.0, 0.0, 0.0, 0.0, 0.0, 0.0, 0.0, 0.0, 0.0, 0.0, 0.0, 0.0, 0.0, 0.0, 0.0, 0.0, 0.0, 0.0, 0.0, 0.0, 0.0, 0.0, 0.0, 0.0, 0.0, 0.0, 0.0, 0.0, 0.0, 0.0, 0.0, 0.0, 0.0, 0.0], "macro_ner_f1": [0.3445362150669098, 0.6672136783599854, 0.7198933959007263, 0.7025799751281738, 0.7329371571540833, 0.7502354979515076, 0.7624473571777344, 0.7529918551445007, 0.7608702778816223, 0.7792119979858398, 0.7862449884414673, 0.7768043279647827, 0.8003782033920288, 0.787407398223877, 0.7914507389068604, 0.7781926393508911, 0.8082517385482788, 0.8011440634727478, 0.7997655868530273, 0.7860814929008484, 0.7879918813705444, 0.7911081910133362, 0.7894384860992432, 0.794960618019104, 0.8059325814247131, 0.808165967464447, 0.8045873641967773, 0.8032707571983337, 0.8052356839179993, 0.8038358688354492, 0.8015734553337097, 0.7917444705963135, 0.7918450832366943, 0.7997481822967529, 0.8006720542907715, 0.7926775217056274], "macro_ner_pr": [0.6144992113113403, 0.7728254795074463, 0.7156128883361816, 0.7584335207939148, 0.8236405849456787, 0.8020357489585876, 0.799725353717804, 0.8289205431938171, 0.7694524526596069, 0.7784961462020874, 0.824069619178772, 0.8313623070716858, 0.8236514925956726, 0.7974435687065125, 0.8085095882415771, 0.8082646131515503, 0.8385964035987854, 0.8310213685035706, 0.8029110431671143, 0.7939449548721313, 0.815365195274353, 0.8116101026535034, 0.7985125184059143, 0.8103712797164917, 0.8024743795394897, 0.8265734910964966, 0.8350548148155212, 0.8219876289367676, 0.8303215503692627, 0.8165674209594727, 0.8137300610542297, 0.813211977481842, 0.8201236128807068, 0.805050253868103, 0.8267295956611633, 0.8195432424545288], "macro_ner_rec": [0.3428349494934082, 0.6078485250473022, 0.7334114909172058, 0.6732046604156494, 0.688058614730835, 0.7179775238037109, 0.7443920373916626, 0.7133557796478271, 0.75527423620224, 0.7814218997955322, 0.7524604797363281, 0.748004138469696, 0.786163330078125, 0.7815535664558411, 0.7794232368469238, 0.762788712978363, 0.7896086573600769, 0.78312087059021, 0.799022376537323, 0.7845752835273743, 0.7674075365066528, 0.7779583930969238, 0.7863556742668152, 0.7817345857620239, 0.8122063875198364, 0.7960804104804993, 0.788027286529541, 0.7901244163513184, 0.7891603112220764, 0.7922345399856567, 0.7962017059326172, 0.7838500738143921, 0.7780433893203735, 0.7989674210548401, 0.7846400737762451, 0.7771440744400024], "samples_per_s": [158.47996510079892, 185.85332291356156, 161.79888150047069, 156.699261096531, 191.2522009955383, 162.20169051433624, 159.36853962154908, 158.03277133383364, 153.85095317211406, 147.64586785228224, 152.04506595605483, 166.21646027801094, 150.15326668872484, 152.6074938760698, 164.14708183955474, 163.42979497314894, 191.16722106523844, 173.58455231780985, 164.41457243539466, 141.1205999958926, 166.19601740583846, 160.28110676989849, 157.30251329316363, 161.9005120276878, 161.96847205358938, 170.7826063658583, 169.1692785403818, 153.52058491201933, 150.2832493725041, 154.22346195844224, 168.2017662427846, 155.55736473923207, 161.45769627828034, 171.50487829487142, 164.79335250652747, 163.22118591244637], "samples_total_num": [231, 231, 231, 231, 231, 231, 231, 231, 231, 231, 231, 231, 231, 231, 231, 231, 231, 231, 231, 231, 231, 231, 231, 231, 231, 231, 231, 231, 231, 231, 231, 231, 231, 231, 231, 231],