{"test_metrics": {"unseen_ner_prec_micro": 79.88505747126436, "unseen_ner_rec_micro": 83.73493975903614, "unseen_ner_f1_micro": 81.76470588235294, "unseen_ner_prec_macro": 79.27385557704707, "unseen_ner_rec_macro": 81.97177757374956, "unseen_ner_f1_macro": 80.14317375886526, "unseen_loc_prec_micro": 82.55813953488372, "unseen_loc_rec_micro": 85.54216867469879, "unseen_loc_f1_micro": 84.02366863905326, "unseen_loc_prec_macro": 82.55813953488372, "unseen_loc_rec_macro": 85.54216867469879, "unseen_loc_f1_macro": 84.02366863905326, "unseen_cls_prec_micro": 96.5277777777778, "unseen_cls_rec_micro": 83.73493975903614, "unseen_cls_f1_micro": 89.6774193548387, "unseen_cls_prec_macro": 95.25641025641026, "unseen_cls_rec_macro": 81.97177757374956, "unseen_cls_f1_macro": 87.9466276477146, "unseen_epoch": 0.0, "unseen_iteration": 0.0, "unseen_global_iteration": 0.0, "seen_ner_prec_micro": 87.75510204081633, "seen_ner_rec_micro": 89.48521358159913, "seen_ner_f1_micro": 88.6117136659436, "seen_ner_prec_macro": 84.63036392122078, "seen_ner_rec_macro": 85.48125963288997, "seen_ner_f1_macro": 85.02438414412768, "seen_loc_prec_micro": 90.48140043763676, "seen_loc_rec_micro": 90.58050383351588, "seen_loc_f1_micro": 90.53092501368364, "seen_loc_prec_macro": 90.48140043763676, "seen_loc_rec_macro": 90.58050383351588, "seen_loc_f1_macro": 90.53092501368364, "seen_cls_prec_micro": 97.37783075089392, "seen_cls_rec_micro": 89.48521358159913, "seen_cls_f1_micro": 93.2648401826484, "seen_cls_prec_macro": 95.95042427997626, "seen_cls_rec_macro": 85.48125963288997, "seen_cls_f1_macro": 90.18222209091331, "seen_epoch": 0.0, "seen_iteration": 0.0, "seen_global_iteration": 0.0, "ner_prec_micro": 86.62420382165605, "ner_rec_micro": 88.22984244670991, "ner_f1_micro": 87.41965105601469, "ner_prec_macro": 83.29108157939315, "ner_rec_macro": 84.49269588515071, "ner_f1_macro": 83.82390534581997, "loc_prec_micro": 89.20664206642066, "loc_rec_micro": 89.62001853568118, "loc_f1_micro": 89.41285251964864, "loc_prec_macro": 89.20664206642066, "loc_rec_macro": 89.62001853568118, "loc_f1_macro": 89.41285251964864, "cls_prec_micro": 97.44114636642784, "cls_rec_micro": 88.22984244670991, "cls_f1_micro": 92.60700389105058, "cls_prec_macro": 96.22583435340404, "cls_rec_macro": 84.49269588515071, "cls_f1_macro": 89.70499659227274, "epoch": 0.0, "iteration": 0.0, "global_iteration": 0.0}}