{"test_metrics": {"seen__f1": 0.0, "seen__pr": 0.0, "seen__rec": 0.0, "seen__ner_f1": 0.4357863962650299, "seen__ner_pr": 0.29783037304878235, "seen__ner_rec": 0.8118279576301575, "seen__macro_f1": 0.0, "seen__macro_pr": 0.0, "seen__macro_rec": 0.0, "seen__macro_ner_f1": 0.3974476754665375, "seen__macro_ner_pr": 0.2988716959953308, "seen__macro_ner_rec": 0.7816469669342041, "seen__samples_per_s": 248.42954446557374, "seen__samples_total_num": 274, "seen__samples_total_s": 1.1029284000396729, "seen__task_pr": 0.13414634764194489, "seen__task_rec": 0.8148148059844971, "seen__task_f1": 0.23036649823188782, "seen__method_pr": 0.12093023210763931, "seen__method_rec": 0.7428571581840515, "seen__method_f1": 0.20799998939037323, "seen__material_pr": 0.25999999046325684, "seen__material_rec": 0.8125, "seen__material_f1": 0.39393937587738037, "seen__otherscientificterm_pr": 0.16961130499839783, "seen__otherscientificterm_rec": 0.6760563254356384, "seen__otherscientificterm_f1": 0.2711864411830902, "seen__metric_pr": 0.31707316637039185, "seen__metric_rec": 0.7647058963775635, "seen__metric_f1": 0.4482758641242981, "seen__generic_pr": 0.7914692163467407, "seen__generic_rec": 0.878947377204895, "seen__generic_f1": 0.8329177498817444, "unseen__f1": 0.0, "unseen__pr": 0.0, "unseen__rec": 0.0, "unseen__ner_f1": 0.5381578803062439, "unseen__ner_pr": 0.47038528323173523, "unseen__ner_rec": 0.6287471055984497, "unseen__macro_f1": 0.0, "unseen__macro_pr": 0.0, "unseen__macro_rec": 0.0, "unseen__macro_ner_f1": 0.48344072699546814, "unseen__macro_ner_pr": 0.43794378638267517, "unseen__macro_ner_rec": 0.5733869075775146, "unseen__samples_per_s": 401.77749046735113, "unseen__samples_total_num": 505, "unseen__samples_total_s": 1.2569146156311035, "unseen__task_pr": 0.5068965554237366, "unseen__task_rec": 0.6255319118499756, "unseen__task_f1": 0.5600000023841858, "unseen__method_pr": 0.6712962985038757, "unseen__method_rec": 0.7435897588729858, "unseen__method_f1": 0.7055961489677429, "unseen__material_pr": 0.45604395866394043, "unseen__material_rec": 0.658730149269104, "unseen__material_f1": 0.5389610528945923, "unseen__otherscientificterm_pr": 0.48846152424812317, "unseen__otherscientificterm_rec": 0.5695067048072815, "unseen__otherscientificterm_f1": 0.5258799195289612, "unseen__metric_pr": 0.43103447556495667, "unseen__metric_rec": 0.46296295523643494, "unseen__metric_f1": 0.4464285671710968, "unseen__generic_pr": 0.07392995804548264, "unseen__generic_rec": 0.3799999952316284, "unseen__generic_f1": 0.12377849966287613}, "test_metrics_bounds": {"seen__f1": 0.0, "seen__pr": 0.0, "seen__rec": 0.0, "seen__ner_f1": 0.47186145186424255, "seen__ner_pr": 0.32248520851135254, "seen__ner_rec": 0.8790322542190552, "seen__macro_f1": 0.0, "seen__macro_pr": 0.0, "seen__macro_rec": 0.0, "seen__macro_ner_f1": 0.47186145186424255, "seen__macro_ner_pr": 0.32248520851135254, "seen__macro_ner_rec": 0.8790322542190552, "seen__samples_per_s": 248.42954446557374, "seen__samples_total_num": 274, "seen__samples_total_s": 1.1029284000396729, "unseen__f1": 0.0, "unseen__pr": 0.0, "unseen__rec": 0.0, "unseen__ner_f1": 0.6831193566322327, "unseen__ner_pr": 0.5972381830215454, "unseen__ner_rec": 0.7978478074073792, "unseen__macro_f1": 0.0, "unseen__macro_pr": 0.0, "unseen__macro_rec": 0.0, "unseen__macro_ner_f1": 0.6831193566322327, "unseen__macro_ner_pr": 0.5972381830215454, "unseen__macro_ner_rec": 0.7978478074073792, "unseen__samples_per_s": 401.77749046735113, "unseen__samples_total_num": 505, "unseen__samples_total_s": 1.2569146156311035}}