{"test_metrics": {"f1": 0.0, "pr": 0.0, "rec": 0.0, "ner_f1": 0.6479606628417969, "ner_pr": 0.6278026700019836, "ner_rec": 0.6694560647010803, "macro_f1": 0.0, "macro_pr": 0.0, "macro_rec": 0.0, "macro_ner_f1": 0.6423735022544861, "macro_ner_pr": 0.6272388696670532, "macro_ner_rec": 0.6621319651603699, "samples_per_s": 191.52387165718162, "samples_total_num": 529, "samples_total_s": 2.7620577812194824, "task_pr": 0.5767918229103088, "task_rec": 0.6450381875038147, "task_f1": 0.6090090274810791, "method_pr": 0.7264367938041687, "method_rec": 0.7435294389724731, "method_f1": 0.7348837852478027, "material_pr": 0.5860214829444885, "material_rec": 0.6898733973503113, "material_f1": 0.6337209343910217, "otherscientificterm_pr": 0.5644859671592712, "otherscientificterm_rec": 0.5841392874717712, "otherscientificterm_f1": 0.5741444826126099, "metric_pr": 0.6333333253860474, "metric_rec": 0.5352112650871277, "metric_f1": 0.5801527500152588, "generic_pr": 0.6763636469841003, "generic_rec": 0.7749999761581421, "generic_f1": 0.7223300933837891}, "test_metrics_bounds": {"f1": 0.0, "pr": 0.0, "rec": 0.0, "ner_f1": 0.7899305820465088, "ner_pr": 0.7655636668205261, "ner_rec": 0.8158996105194092, "macro_f1": 0.0, "macro_pr": 0.0, "macro_rec": 0.0, "macro_ner_f1": 0.7899305820465088, "macro_ner_pr": 0.7655636668205261, "macro_ner_rec": 0.8158996105194092, "samples_per_s": 191.52387165718162, "samples_total_num": 529, "samples_total_s": 2.7620577812194824}, "metrics": {"f1": [0.0, 0.0, 0.0, 0.0, 0.0, 0.0, 0.0, 0.0, 0.0, 0.0, 0.0, 0.0, 0.0, 0.0, 0.0, 0.0, 0.0, 0.0, 0.0, 0.0, 0.0, 0.0, 0.0, 0.0, 0.0], "pr": [0.0, 0.0, 0.0, 0.0, 0.0, 0.0, 0.0, 0.0, 0.0, 0.0, 0.0, 0.0, 0.0, 0.0, 0.0, 0.0, 0.0, 0.0, 0.0, 0.0, 0.0, 0.0, 0.0, 0.0, 0.0], "rec": [0.0, 0.0, 0.0, 0.0, 0.0, 0.0, 0.0, 0.0, 0.0, 0.0, 0.0, 0.0, 0.0, 0.0, 0.0, 0.0, 0.0, 0.0, 0.0, 0.0, 0.0, 0.0, 0.0, 0.0, 0.0], "ner_f1": [0.3599439859390259, 0.5707376003265381, 0.6206896305084229, 0.6426858305931091, 0.6466076970100403, 0.6293785572052002, 0.6332573890686035, 0.6220204830169678, 0.628242015838623, 0.6448979377746582, 0.6357466578483582, 0.643796443939209, 0.6517118811607361, 0.6567872166633606, 0.6367300152778625, 0.6428989171981812, 0.6610475778579712, 0.6507288813591003, 0.6545240879058838, 0.6569598317146301, 0.6565597057342529, 0.6599882245063782, 0.6584795713424683, 0.6587677597999573, 0.6569257974624634], "ner_pr": [0.4079365134239197, 0.5514018535614014, 0.5653964877128601, 0.6160919666290283, 0.6109253168106079, 0.5730452537536621, 0.5803757905960083, 0.5684647560119629, 0.5816435217857361, 0.6030534505844116, 0.5793814659118652, 0.5920084118843079, 0.6160714030265808, 0.6231721043586731, 0.5889244079589844, 0.6024096608161926, 0.636152982711792, 0.6085060238838196, 0.616150438785553, 0.6137105822563171, 0.6139585375785828, 0.6229143738746643, 0.6173245906829834, 0.6247190833091736, 0.6155531406402588], "ner_rec": [0.3220551311969757, 0.591478705406189, 0.6879699230194092, 0.6716791987419128, 0.6867167949676514, 0.6979950070381165, 0.6967418789863586, 0.6867167949676514, 0.6829574108123779, 0.6929824352264404, 0.7042606472969055, 0.7055137753486633, 0.6917293071746826, 0.6942355632781982, 0.6929824352264404, 0.689223051071167, 0.6879699230194092, 0.6992481350898743, 0.6979950070381165, 0.7067669034004211, 0.7055137753486633, 0.7017543911933899, 0.7055137753486633, 0.6967418789863586, 0.7042606472969055], "macro_f1": [0.0, 0.0, 0.0, 0.0, 0.0, 0.0, 0.0, 0.0, 0.0, 0.0, 0.0, 0.0, 0.0, 0.0, 0.0, 0.0, 0.0, 0.0, 0.0, 0.0, 0.0, 0.0, 0.0, 0.0, 0.0], "macro_pr": [0.0, 0.0, 0.0, 0.0, 0.0, 0.0, 0.0, 0.0, 0.0, 0.0, 0.0, 0.0, 0.0, 0.0, 0.0, 0.0, 0.0, 0.0, 0.0, 0.0, 0.0, 0.0, 0.0, 0.0, 0.0], "macro_rec": [0.0, 0.0, 0.0, 0.0, 0.0, 0.0, 0.0, 0.0, 0.0, 0.0, 0.0, 0.0, 0.0, 0.0, 0.0, 0.0, 0.0, 0.0, 0.0, 0.0, 0.0, 0.0, 0.0, 0.0, 0.0], "macro_ner_f1": [0.2136927843093872, 0.5289446115493774, 0.5869777202606201, 0.6098296046257019, 0.6096756458282471, 0.6003766655921936, 0.6017662882804871, 0.5863837003707886, 0.5950760841369629, 0.6129970550537109, 0.6068108081817627, 0.6184709072113037, 0.6110984683036804, 0.6185451149940491, 0.6059796214103699, 0.6036251783370972, 0.6202776432037354, 0.6192719340324402, 0.6194024682044983, 0.628409206867218, 0.6234692931175232, 0.6259786486625671, 0.6288555264472961, 0.6253119111061096, 0.6284053325653076], "macro_ner_pr": [0.19716942310333252, 0.5254883766174316, 0.5526864528656006, 0.5806823372840881, 0.5860773921012878, 0.5373845100402832, 0.5605156421661377, 0.5441677570343018, 0.5484888553619385, 0.584244430065155, 0.5530921816825867, 0.5829474329948425, 0.5826084017753601, 0.5968254208564758, 0.573123037815094, 0.5800937414169312, 0.6088953018188477, 0.5852904915809631, 0.6030024886131287, 0.6000218391418457, 0.6015366315841675, 0.5999674201011658, 0.601977527141571, 0.6027610898017883, 0.6002979874610901], "macro_ner_rec": [0.24861620366573334, 0.5402841567993164, 0.6357836127281189, 0.6434642672538757, 0.6437718272209167, 0.6942936778068542, 0.6554657816886902, 0.6587364673614502, 0.658103883266449, 0.6521034240722656, 0.6754239201545715, 0.6677781939506531, 0.6529716849327087, 0.6463308930397034, 0.6588810682296753, 0.6376601457595825, 0.6384470462799072, 0.6617761850357056, 0.6483822464942932, 0.6651768684387207, 0.6545906662940979, 0.6620470285415649, 0.6656774878501892, 0.6542371511459351, 0.6648769974708557], "samples_per_s": [187.70091478716586, 213.85007341959613, 171.42011184161404, 181.51898359133656, 197.85299951159013, 189.61555053361806, 218.80933682566067, 198.31192129345487, 200.08726991971145, 207.04688329157977, 202.37798611345664, 196.01203624101313, 195.99558447001598, 186.18016530393018, 202.71287361347188, 189.49828403220286, 197.04512281632464, 189.77400320791645, 183.09566123747, 205.0600605823905, 202.83065935087882, 198.3652009665428, 207.2152673467313, 191.73512777635267, 205.4201026762353], "samples_total_num": [260, 260, 260, 260, 260, 260, 260, 260, 260, 260, 260, 260, 260, 260, 260, 260, 260, 260, 260, 260, 260, 260, 260, 260, 260], "samples_total_s": [1.3851823806762695, 1.2158050537109375, 1.5167415142059326, 1.4323570728302002, 1.3141069412231445, 1.3711955547332764, 1.188249111175537, 1.311065912246704, 1.2994329929351807, 1.2557542324066162, 1.2847247123718262, 1.3264491558074951, 1.3265604972839355, 1.3964967727661133, 1.282602310180664, 1.3720440864562988, 1.3194947242736816, 1.3700506687164307, 1.42002272605896, 1.2679212093353271, 1.2818574905395508, 1.310713768005371, 1.2547338008880615, 1.3560373783111572, 1.2656989097595215], "task_pr": [0.0, 0.4503311216831207, 0.5882353186607361, 0.5714285969734192, 0.6206896305084229, 0.5755395889282227, 0.5704225301742554, 0.4753086566925049, 0.5379310250282288, 0.5891472697257996, 0.4606741666793823, 0.5853658318519592, 0.6796116232872009, 0.5586206912994385, 0.6458333134651184, 0.5098039507865906, 0.5769230723381042, 0.5492957830429077, 0.6600000262260437, 0.6460176706314087, 0.5853658318519592, 0.6698113083839417, 0.6574074029922485, 0.6111111044883728, 0.634782612323761], "task_rec": [0.0, 0.5396825671195984, 0.5555555820465088, 0.60317462682724, 0.5714285969734192, 0.6349206566810608, 0.6428571343421936, 0.6111111044883728, 0.6190476417541504, 0.60317462682724, 0.6507936716079712, 0.5714285969734192, 0.5555555820465088, 0.6428571343421936, 0.4920634925365448, 0.6190476417541504, 0.5952380895614624, 0.6190476417541504, 0.523809552192688, 0.579365074634552, 0.5714285969734192, 0.5634920597076416, 0.5634920597076416, 0.6111111044883728, 0.579365074634552],