{"test_metrics": {"unseen_ner_prec_micro": 52.20588235294118, "unseen_ner_rec_micro": 71.0, "unseen_ner_f1_micro": 60.16949152542372, "unseen_ner_prec_macro": 36.76706827309238, "unseen_ner_rec_macro": 47.77777777777777, "unseen_ner_f1_macro": 36.49380300065231, "unseen_loc_prec_micro": 60.629921259842526, "unseen_loc_rec_micro": 77.0, "unseen_loc_f1_micro": 67.84140969162996, "unseen_loc_prec_macro": 60.629921259842526, "unseen_loc_rec_macro": 77.0, "unseen_loc_f1_macro": 67.84140969162996, "unseen_cls_prec_micro": 86.58536585365853, "unseen_cls_rec_micro": 71.0, "unseen_cls_f1_micro": 78.02197802197803, "unseen_cls_prec_macro": 79.81818181818181, "unseen_cls_rec_macro": 66.88888888888889, "unseen_cls_f1_macro": 70.6863599677159, "unseen_epoch": 0.0, "unseen_iteration": 0.0, "unseen_global_iteration": 0.0, "seen_ner_prec_micro": 87.05795223106833, "seen_ner_rec_micro": 87.46279761904762, "seen_ner_f1_micro": 87.25990535399461, "seen_ner_prec_macro": 80.45442011004972, "seen_ner_rec_macro": 82.7007312761039, "seen_ner_f1_macro": 81.47232081301931, "seen_loc_prec_micro": 94.4954128440367, "seen_loc_rec_micro": 93.88020833333334, "seen_loc_f1_micro": 94.18680600914436, "seen_loc_prec_macro": 94.4954128440367, "seen_loc_rec_macro": 93.88020833333334, "seen_loc_f1_macro": 94.18680600914436, "seen_cls_prec_micro": 92.3046721633294, "seen_cls_rec_micro": 87.46279761904762, "seen_cls_f1_micro": 89.81852913085004, "seen_cls_prec_macro": 89.4736531426173, "seen_cls_rec_macro": 82.7007312761039, "seen_cls_f1_macro": 85.89775169074639, "seen_epoch": 0.0, "seen_iteration": 0.0, "seen_global_iteration": 0.0, "ner_prec_micro": 86.24052004333694, "ner_rec_micro": 87.21694667640614, "ner_f1_micro": 86.72598510986018, "ner_prec_macro": 79.70759971465708, "ner_rec_macro": 82.54601233976506, "ner_f1_macro": 81.02148767442678, "loc_prec_micro": 93.67690058479532, "loc_rec_micro": 93.60847333820308, "loc_f1_micro": 93.6426744610888, "loc_prec_macro": 93.67690058479532, "loc_rec_macro": 93.60847333820308, "loc_f1_macro": 93.6426744610888, "cls_prec_micro": 92.28985507246377, "cls_rec_micro": 87.21694667640614, "cls_f1_micro": 89.68172002628862, "cls_prec_macro": 89.69156862387867, "cls_rec_macro": 82.54601233976506, "cls_f1_macro": 85.90414178417744, "epoch": 0.0, "iteration": 0.0, "global_iteration": 0.0}}