{"test_metrics": {"Eval_Ent_Precision": 82.77087027927021, "Eval_Ent_Recall": 86.37627426065565, "Eval_Ent_F1": 84.53514732964146, "Eval_Time": 8.60240650177002, "Eval_Examples": 288, "Eval_Examples_Per_Second": 33.47900380442862, "seen_Eval_Ent_Precision": 26.021314429802285, "seen_Eval_Ent_Recall": 95.75163368789782, "seen_Eval_Ent_F1": 40.92178773485534, "seen_Eval_Time": 8.781385660171509, "seen_Eval_Examples": 288, "seen_Eval_Examples_Per_Second": 32.79664635459993, "unseen_Eval_Ent_Precision": 56.74955593827787, "unseen_Eval_Ent_Recall": 82.66494170073754, "unseen_Eval_Ent_F1": 67.2985781626149, "unseen_Eval_Time": 8.342875957489014, "unseen_Eval_Examples": 288, "unseen_Eval_Examples_Per_Second": 34.52047009538428}}