{"test_metrics": {"unseen__f1": 0.0, "unseen__pr": 0.0, "unseen__rec": 0.0, "unseen__ner_f1": 0.5944210290908813, "unseen__ner_pr": 0.47354117035865784, "unseen__ner_rec": 0.7981675863265991, "unseen__macro_f1": 0.0, "unseen__macro_pr": 0.0, "unseen__macro_rec": 0.0, "unseen__macro_ner_f1": 0.6311131119728088, "unseen__macro_ner_pr": 0.5734453797340393, "unseen__macro_ner_rec": 0.7566626071929932, "unseen__samples_per_s": 549.9755818564535, "unseen__samples_total_num": 2848, "unseen__samples_total_s": 5.1784117221832275, "unseen__organization_pr": 0.5727272629737854, "unseen__organization_rec": 0.6468172669410706, "unseen__organization_f1": 0.607521653175354, "unseen__location_pr": 0.37136363983154297, "unseen__location_rec": 0.8677642345428467, "unseen__location_f1": 0.5201337337493896, "unseen__person_pr": 0.7762452363967896, "unseen__person_rec": 0.7554064393043518, "unseen__person_f1": 0.7656840682029724, "seen__f1": 0.0, "seen__pr": 0.0, "seen__rec": 0.0, "seen__ner_f1": 0.777731716632843, "seen__ner_pr": 0.6732704043388367, "seen__ner_rec": 0.9205614328384399, "seen__macro_f1": 0.0, "seen__macro_pr": 0.0, "seen__macro_rec": 0.0, "seen__macro_ner_f1": 0.6141875386238098, "seen__macro_ner_pr": 0.5001241564750671, "seen__macro_ner_rec": 0.8494195938110352, "seen__samples_per_s": 583.3383304285676, "seen__samples_total_num": 4418, "seen__samples_total_s": 7.5736494064331055, "seen__organization_pr": 0.41983121633529663, "seen__organization_rec": 0.7343173623085022, "seen__organization_f1": 0.5342282056808472, "seen__location_pr": 0.7581082582473755, "seen__location_rec": 0.9320095181465149, "seen__location_f1": 0.8361122608184814, "seen__person_pr": 0.3224329650402069, "seen__person_rec": 0.8819320201873779, "seen__person_f1": 0.4722222089767456}, "test_metrics_bounds": {"unseen__f1": 0.0, "unseen__pr": 0.0, "unseen__rec": 0.0, "unseen__ner_f1": 0.6231185793876648, "unseen__ner_pr": 0.49640288949012756, "unseen__ner_rec": 0.8367016911506653, "unseen__macro_f1": 0.0, "unseen__macro_pr": 0.0, "unseen__macro_rec": 0.0, "unseen__macro_ner_f1": 0.6231185793876648, "unseen__macro_ner_pr": 0.49640288949012756, "unseen__macro_ner_rec": 0.8367016911506653, "unseen__samples_per_s": 549.9755818564535, "unseen__samples_total_num": 2848, "unseen__samples_total_s": 5.1784117221832275, "seen__f1": 0.0, "seen__pr": 0.0, "seen__rec": 0.0, "seen__ner_f1": 0.7820003032684326, "seen__ner_pr": 0.6769657135009766, "seen__ner_rec": 0.925614058971405, "seen__macro_f1": 0.0, "seen__macro_pr": 0.0, "seen__macro_rec": 0.0, "seen__macro_ner_f1": 0.7820003032684326, "seen__macro_ner_pr": 0.6769657135009766, "seen__macro_ner_rec": 0.925614058971405, "seen__samples_per_s": 583.3383304285676, "seen__samples_total_num": 4418, "seen__samples_total_s": 7.5736494064331055}}