{"test_metrics": {"f1": 0.0, "pr": 0.0, "rec": 0.0, "ner_f1": 0.8723657727241516, "ner_pr": 0.8661754131317139, "ner_rec": 0.8786452412605286, "macro_f1": 0.0, "macro_pr": 0.0, "macro_rec": 0.0, "macro_ner_f1": 0.7960126996040344, "macro_ner_pr": 0.7963410019874573, "macro_ner_rec": 0.7959828972816467, "samples_per_s": 246.8833704481117, "samples_total_num": 5000, "samples_total_s": 20.252477884292603, "organization_pr": 0.707988977432251, "organization_rec": 0.6781002879142761, "organization_f1": 0.6927223205566406, "location_pr": 0.8995083570480347, "location_rec": 0.9172168970108032, "location_f1": 0.9082763195037842, "person_pr": 0.7815256714820862, "person_rec": 0.7926315665245056, "person_f1": 0.7870393991470337}, "test_metrics_bounds": {"f1": 0.0, "pr": 0.0, "rec": 0.0, "ner_f1": 0.8887667059898376, "ner_pr": 0.8824599981307983, "ner_rec": 0.8951642513275146, "macro_f1": 0.0, "macro_pr": 0.0, "macro_rec": 0.0, "macro_ner_f1": 0.8887667059898376, "macro_ner_pr": 0.8824599981307983, "macro_ner_rec": 0.8951642513275146, "samples_per_s": 246.8833704481117, "samples_total_num": 5000, "samples_total_s": 20.252477884292603}, "metrics": {"f1": [0.0, 0.0, 0.0, 0.0, 0.0], "pr": [0.0, 0.0, 0.0, 0.0, 0.0], "rec": [0.0, 0.0, 0.0, 0.0, 0.0], "ner_f1": [0.789233386516571, 0.820329487323761, 0.8674356937408447, 0.8466060757637024, 0.8481160998344421], "ner_pr": [0.7469750642776489, 0.7780717611312866, 0.8615202903747559, 0.8435841202735901, 0.8297178149223328], "ner_rec": [0.8365597128868103, 0.8674409985542297, 0.8734328746795654, 0.8496497273445129, 0.867348849773407], "macro_f1": [0.0, 0.0, 0.0, 0.0, 0.0], "macro_pr": [0.0, 0.0, 0.0, 0.0, 0.0], "macro_rec": [0.0, 0.0, 0.0, 0.0, 0.0], "macro_ner_f1": [0.6798087954521179, 0.7341603636741638, 0.7883505821228027, 0.7720912098884583, 0.7706742882728577], "macro_ner_pr": [0.6185526251792908, 0.6996962428092957, 0.7935866713523865, 0.7738146781921387, 0.7643944621086121], "macro_ner_rec": [0.7723324298858643, 0.7723814845085144, 0.7837982773780823, 0.7724997997283936, 0.7775390148162842], "samples_per_s": [265.31598526179744, 270.9413399994111, 272.23877013385624, 272.8663621497537, 268.82005534779375], "samples_total_num": [5000, 5000, 5000, 5000, 5000], "samples_total_s": [18.8454532623291, 18.454179048538208, 18.366230487823486, 18.32398819923401, 18.59980273246765], "organization_pr": [0.39865872263908386, 0.5914633870124817, 0.7094972133636475, 0.7017291188240051, 0.6679946780204773], "organization_rec": [0.695708692073822, 0.6306892037391663, 0.6605981588363647, 0.6332899928092957, 0.654096245765686], "organization_f1": [0.5068687796592712, 0.6104468107223511, 0.6841750741004944, 0.6657552719116211, 0.6609724164009094], "location_pr": [0.8365327715873718, 0.8147783279418945, 0.8935433626174927, 0.8830244541168213, 0.8574063181877136], "location_rec": [0.8697196245193481, 0.9113505482673645, 0.9167380928993225, 0.8808619976043701, 0.9107383489608765], "location_f1": [0.8528034687042236, 0.8603630065917969, 0.9049921035766602, 0.8819419145584106, 0.8832680583000183], "person_pr": [0.6204662919044495, 0.6928471326828003, 0.7777193784713745, 0.7366906404495239, 0.76778244972229], "person_rec": [0.7515690326690674, 0.7751045823097229, 0.7740585803985596, 0.8033472895622253, 0.76778244972229], "person_f1": [0.6797540187835693, 0.731671154499054, 0.7758846879005432, 0.7685765027999878, 0.76778244972229]}}