{"test_metrics": {"unseen__f1": 0.0, "unseen__pr": 0.0, "unseen__rec": 0.0, "unseen__ner_f1": 0.7512089610099792, "unseen__ner_pr": 0.6907114386558533, "unseen__ner_rec": 0.8233215808868408, "unseen__macro_f1": 0.0, "unseen__macro_pr": 0.0, "unseen__macro_rec": 0.0, "unseen__macro_ner_f1": 0.723297119140625, "unseen__macro_ner_pr": 0.7161980867385864, "unseen__macro_ner_rec": 0.774925172328949, "unseen__samples_per_s": 312.0913957424633, "unseen__samples_total_num": 281, "unseen__samples_total_s": 0.9003772735595703, "unseen__loc_pr": 0.6423529386520386, "unseen__loc_rec": 0.8778135180473328, "unseen__loc_f1": 0.741847813129425, "unseen__org_pr": 0.6893203854560852, "unseen__org_rec": 0.8352941274642944, "unseen__org_f1": 0.7553191184997559, "unseen__peop_pr": 0.7331189513206482, "unseen__peop_rec": 0.942148745059967, "unseen__peop_f1": 0.8245930671691895, "unseen__other_pr": 0.800000011920929, "unseen__other_rec": 0.4444444477558136, "unseen__other_f1": 0.5714285373687744, "seen__f1": 0.0, "seen__pr": 0.0, "seen__rec": 0.0, "seen__ner_f1": 0.5108107924461365, "seen__ner_pr": 0.3566037714481354, "seen__ner_rec": 0.8999999761581421, "seen__macro_f1": 0.0, "seen__macro_pr": 0.0, "seen__macro_rec": 0.0, "seen__macro_ner_f1": 0.38001298904418945, "seen__macro_ner_pr": 0.2646416425704956, "seen__macro_ner_rec": 0.6955105662345886, "seen__samples_per_s": 502.4352745418473, "seen__samples_total_num": 137, "seen__samples_total_s": 0.2726719379425049, "seen__loc_pr": 0.43421053886413574, "seen__loc_rec": 0.9611650705337524, "seen__loc_f1": 0.5981873273849487, "seen__org_pr": 0.20930232107639313, "seen__org_rec": 0.7200000286102295, "seen__org_f1": 0.3243243396282196, "seen__peop_pr": 0.3817204236984253, "seen__peop_rec": 0.9342105388641357, "seen__peop_f1": 0.5419846773147583, "seen__other_pr": 0.03333333507180214, "seen__other_rec": 0.1666666716337204, "seen__other_f1": 0.055555559694767}, "test_metrics_bounds": {"unseen__f1": 0.0, "unseen__pr": 0.0, "unseen__rec": 0.0, "unseen__ner_f1": 0.7827957272529602, "unseen__ner_pr": 0.7200791239738464, "unseen__ner_rec": 0.8574793934822083, "unseen__macro_f1": 0.0, "unseen__macro_pr": 0.0, "unseen__macro_rec": 0.0, "unseen__macro_ner_f1": 0.7827957272529602, "unseen__macro_ner_pr": 0.7200791239738464, "unseen__macro_ner_rec": 0.8574793934822083, "unseen__samples_per_s": 312.0913957424633, "unseen__samples_total_num": 281, "unseen__samples_total_s": 0.9003772735595703, "seen__f1": 0.0, "seen__pr": 0.0, "seen__rec": 0.0, "seen__ner_f1": 0.5196211338043213, "seen__ner_pr": 0.3629489541053772, "seen__ner_rec": 0.9142857193946838, "seen__macro_f1": 0.0, "seen__macro_pr": 0.0, "seen__macro_rec": 0.0, "seen__macro_ner_f1": 0.5196211338043213, "seen__macro_ner_pr": 0.3629489541053772, "seen__macro_ner_rec": 0.9142857193946838, "seen__samples_per_s": 502.4352745418473, "seen__samples_total_num": 137, "seen__samples_total_s": 0.2726719379425049}}
