{"test_metrics": {"f1": 0.0, "pr": 0.0, "rec": 0.0, "ner_f1": 0.8821133971214294, "ner_pr": 0.8662822842597961, "ner_rec": 0.8985339403152466, "macro_f1": 0.0, "macro_pr": 0.0, "macro_rec": 0.0, "macro_ner_f1": 0.8322481513023376, "macro_ner_pr": 0.8286870121955872, "macro_ner_rec": 0.8370768427848816, "samples_per_s": 223.87263224795552, "samples_total_num": 2050, "samples_total_s": 9.156992435455322, "per_pr": 0.9031593203544617, "per_rec": 0.9487734436988831, "per_f1": 0.9254046678543091, "org_pr": 0.7911392450332642, "org_rec": 0.7716049551963806, "org_f1": 0.7812500596046448, "wea_pr": 0.8526315689086914, "wea_rec": 0.7714285850524902, "wea_f1": 0.8100000023841858, "gpe_pr": 0.8579599857330322, "gpe_rec": 0.9193053841590881, "gpe_f1": 0.8875739574432373, "veh_pr": 0.8396226167678833, "veh_rec": 0.8317757248878479, "veh_f1": 0.8356807231903076, "fac_pr": 0.7937062978744507, "fac_rec": 0.8136200904846191, "fac_f1": 0.8035398125648499, "loc_pr": 0.7625899314880371, "loc_rec": 0.8030303120613098, "loc_f1": 0.7822878360748291}, "test_metrics_bounds": {"f1": 0.0, "pr": 0.0, "rec": 0.0, "ner_f1": 0.935786783695221, "ner_pr": 0.9191354513168335, "ner_rec": 0.9530525207519531, "macro_f1": 0.0, "macro_pr": 0.0, "macro_rec": 0.0, "macro_ner_f1": 0.935786783695221, "macro_ner_pr": 0.9191354513168335, "macro_ner_rec": 0.9530525207519531, "samples_per_s": 223.87263224795552, "samples_total_num": 2050, "samples_total_s": 9.156992435455322}, "metrics": {"f1": [0.0, 0.0, 0.0, 0.0, 0.0, 0.0, 0.0, 0.0, 0.0, 0.0, 0.0, 0.0, 0.0, 0.0, 0.0, 0.0, 0.0, 0.0, 0.0, 0.0, 0.0, 0.0, 0.0, 0.0, 0.0], "pr": [0.0, 0.0, 0.0, 0.0, 0.0, 0.0, 0.0, 0.0, 0.0, 0.0, 0.0, 0.0, 0.0, 0.0, 0.0, 0.0, 0.0, 0.0, 0.0, 0.0, 0.0, 0.0, 0.0, 0.0, 0.0], "rec": [0.0, 0.0, 0.0, 0.0, 0.0, 0.0, 0.0, 0.0, 0.0, 0.0, 0.0, 0.0, 0.0, 0.0, 0.0, 0.0, 0.0, 0.0, 0.0, 0.0, 0.0, 0.0, 0.0, 0.0, 0.0], "ner_f1": [0.8329078555107117, 0.8229183554649353, 0.8605520725250244, 0.8509459495544434, 0.8619654774665833, 0.8395552635192871, 0.8555706143379211, 0.8554363250732422, 0.8663247227668762, 0.8630310893058777, 0.8649856448173523, 0.8632956743240356, 0.8666291832923889, 0.8643192052841187, 0.8655319809913635, 0.8631479144096375, 0.8627797365188599, 0.8715471029281616, 0.8689126372337341, 0.8621677756309509, 0.8659088611602783, 0.8695443868637085, 0.8700708746910095, 0.87012779712677, 0.8684147596359253], "ner_pr": [0.8438177704811096, 0.821451723575592, 0.8423921465873718, 0.829091489315033, 0.8603596091270447, 0.820652186870575, 0.839568018913269, 0.8493348360061646, 0.8541403412818909, 0.8419424891471863, 0.8492635488510132, 0.8383637070655823, 0.8570519685745239, 0.845436155796051, 0.8588122129440308, 0.839532732963562, 0.8512423038482666, 0.863411545753479, 0.8535131812095642, 0.8442955017089844, 0.8469911217689514, 0.8551886677742004, 0.8528814911842346, 0.8551020622253418, 0.8516492247581482], "ner_rec": [0.8222764134407043, 0.8243902325630188, 0.8795121908187866, 0.8739837408065796, 0.8635772466659546, 0.8593496084213257, 0.8721951246261597, 0.8616260290145874, 0.8788617849349976, 0.8852032423019409, 0.8813008069992065, 0.8897560834884644, 0.8764227628707886, 0.8840650320053101, 0.8723577260971069, 0.8881300687789917, 0.8746341466903687, 0.8798373937606812, 0.8848780393600464, 0.8808130025863647, 0.8856910467147827, 0.8843902349472046, 0.8879674673080444, 0.8856910467147827, 0.88585364818573], "macro_f1": [0.0, 0.0, 0.0, 0.0, 0.0, 0.0, 0.0, 0.0, 0.0, 0.0, 0.0, 0.0, 0.0, 0.0, 0.0, 0.0, 0.0, 0.0, 0.0, 0.0, 0.0, 0.0, 0.0, 0.0, 0.0], "macro_pr": [0.0, 0.0, 0.0, 0.0, 0.0, 0.0, 0.0, 0.0, 0.0, 0.0, 0.0, 0.0, 0.0, 0.0, 0.0, 0.0, 0.0, 0.0, 0.0, 0.0, 0.0, 0.0, 0.0, 0.0, 0.0], "macro_rec": [0.0, 0.0, 0.0, 0.0, 0.0, 0.0, 0.0, 0.0, 0.0, 0.0, 0.0, 0.0, 0.0, 0.0, 0.0, 0.0, 0.0, 0.0, 0.0, 0.0, 0.0, 0.0, 0.0, 0.0, 0.0], "macro_ner_f1": [0.7286915183067322, 0.7270657420158386, 0.7916960716247559, 0.7871114611625671, 0.8018767237663269, 0.7734927535057068, 0.7953417897224426, 0.7944993376731873, 0.7954517602920532, 0.7935553193092346, 0.809678852558136, 0.81025630235672, 0.8076305389404297, 0.8169708251953125, 0.801719069480896, 0.8067010641098022, 0.8032526969909668, 0.8141421675682068, 0.8098750114440918, 0.8074026703834534, 0.80865478515625, 0.813867449760437, 0.8174636960029602, 0.8164267539978027, 0.8128731846809387], "macro_ner_pr": [0.8066418766975403, 0.7460067868232727, 0.782955527305603, 0.7662572860717773, 0.826155960559845, 0.7547861337661743, 0.8347207307815552, 0.8123875856399536, 0.8116689920425415, 0.7812477946281433, 0.8050176501274109, 0.7988360524177551, 0.8227779269218445, 0.8128447532653809, 0.8219453692436218, 0.8024698495864868, 0.8004928827285767, 0.831632673740387, 0.8041492700576782, 0.8096376061439514, 0.7950590252876282, 0.8185142874717712, 0.815325915813446, 0.818011462688446, 0.8081845641136169], "macro_ner_rec": [0.6713970899581909, 0.7393636107444763, 0.8034706711769104, 0.8143998384475708, 0.7846068143844604, 0.7994157075881958, 0.7677826881408691, 0.786382257938385, 0.7859634160995483, 0.8143324851989746, 0.8159851431846619, 0.8240452408790588, 0.7963545918464661, 0.8245088458061218, 0.7866345643997192, 0.8126034140586853, 0.8083801865577698, 0.8010859489440918, 0.8172925114631653, 0.8099418878555298, 0.8248962163925171, 0.8133357167243958, 0.822398841381073, 0.8176555633544922, 0.819425642490387], "samples_per_s": [244.2823426077787, 251.56639955261292, 239.18638767585216, 249.3524817230357, 249.3299352473212, 237.94820706670998, 253.00027473002703, 247.8174565108527, 243.42476157111204, 238.69375630379167, 236.76742955554707, 246.68044872237311, 239.9380495484001, 244.35907685365413, 211.11748683928832, 248.95609726760668, 252.17583820225255, 244.2404378832403, 251.45008504777772, 256.0940815669819, 256.87287831307094, 253.02864313119858, 246.7891152314373, 244.79159501439332, 235.6826949861929], "samples_total_num": [2420, 2420, 2420, 2420, 2420, 2420, 2420, 2420, 2420, 2420, 2420, 2420, 2420, 2420, 2420, 2420, 2420, 2420, 2420, 2420, 2420, 2420, 2420, 2420, 2420], "samples_total_s": [9.906569480895996, 9.619726657867432, 10.117632627487183, 9.705137014389038, 9.706014633178711, 10.170280456542969, 9.56520700454712, 9.765252351760864, 9.9414701461792, 10.138514041900635, 10.22100043296814, 9.810262680053711, 10.085936784744263, 9.903458595275879, 11.462811708450317, 9.720589399337769, 9.596478462219238, 9.908269166946411, 9.624176502227783, 9.449652194976807, 9.421002388000488, 9.56413459777832, 9.805943012237549, 9.885960340499878, 10.268042802810669], "per_pr": [0.8534482717514038, 0.9326029419898987, 0.9041218757629395, 0.922835648059845, 0.9149460792541504, 0.9126182794570923, 0.8752498030662537, 0.9207488298416138, 0.9032544493675232, 0.9129646420478821, 0.8953143358230591, 0.8886297345161438, 0.8993487358093262, 0.8938547372817993, 0.9073577523231506, 0.882537841796875, 0.9090087413787842, 0.9052132964134216, 0.9052006006240845, 0.9047333598136902, 0.90724116563797, 0.907706081867218, 0.9064726829528809, 0.9063892960548401, 0.9028065204620361], "per_rec": [0.9294366836547852, 0.8506965637207031, 0.9167171120643616, 0.8909751772880554, 0.8991520404815674, 0.8761356472969055, 0.9285281896591187, 0.8937007784843445, 0.9245911836624146, 0.9149000644683838, 0.9142943620681763, 0.9230769276618958, 0.9200484752655029, 0.9206541776657104, 0.9224712252616882, 0.9351907968521118, 0.9136886596679688, 0.925499677658081, 0.9224712252616882, 0.91459721326828, 0.9182313680648804, 0.9203513264656067, 0.9245911836624146, 0.9236826300621033, 0.925499677658081],