{"test_metrics": {"unseen_ner_prec_micro": 40.630198649574325, "unseen_ner_rec_micro": 72.37232002788913, "unseen_ner_f1_micro": 52.04311857608423, "unseen_ner_prec_macro": 43.219701346710586, "unseen_ner_rec_macro": 71.6243636291021, "unseen_ner_f1_macro": 53.53790201093598, "unseen_loc_prec_micro": 43.07829711223579, "unseen_loc_rec_micro": 75.66672476904306, "unseen_loc_f1_micro": 54.9007208802327, "unseen_loc_prec_macro": 43.07829711223579, "unseen_loc_rec_macro": 75.66672476904306, "unseen_loc_f1_macro": 54.9007208802327, "unseen_cls_prec_micro": 94.68643101482326, "unseen_cls_rec_micro": 72.37232002788913, "unseen_cls_f1_micro": 82.03912270302311, "unseen_cls_prec_macro": 91.81317129894518, "unseen_cls_rec_macro": 71.6243636291021, "unseen_cls_f1_macro": 80.38776871870641, "unseen_epoch": 0.0, "unseen_iteration": 0.0, "unseen_global_iteration": 0.0, "seen_ner_prec_micro": 36.69465052713783, "seen_ner_rec_micro": 73.72033732104335, "seen_ner_f1_micro": 48.99954376588672, "seen_ner_prec_macro": 22.6635212710534, "seen_ner_rec_macro": 74.36349700177344, "seen_ner_f1_macro": 30.684623932255565, "seen_loc_prec_micro": 38.05748265609515, "seen_loc_rec_micro": 75.30888409492057, "seen_loc_f1_micro": 50.562907367173615, "seen_loc_prec_macro": 38.05748265609515, "seen_loc_rec_macro": 75.30888409492057, "seen_loc_f1_macro": 50.562907367173615, "seen_cls_prec_micro": 96.9814241486068, "seen_cls_rec_micro": 73.72033732104335, "seen_cls_f1_micro": 83.76601671309191, "seen_cls_prec_macro": 80.11781407106788, "seen_cls_rec_macro": 74.36349700177344, "seen_cls_f1_macro": 75.63384123518124, "seen_epoch": 0.0, "seen_iteration": 0.0, "seen_global_iteration": 0.0, "ner_prec_micro": 77.2207563764292, "ner_rec_micro": 72.9235880398671, "ner_f1_micro": 75.01067919692439, "ner_prec_macro": 65.85346764257109, "ner_rec_macro": 72.05098812451514, "ner_f1_macro": 67.93392641300746, "loc_prec_micro": 80.95709897949074, "loc_rec_micro": 75.40605389442598, "loc_f1_micro": 78.08304266806823, "loc_prec_macro": 80.95709897949074, "loc_rec_macro": 75.40605389442598, "loc_f1_macro": 78.08304266806823, "cls_prec_micro": 95.83990297149788, "cls_rec_micro": 72.9235880398671, "cls_f1_micro": 82.8258477019024, "cls_prec_macro": 89.52994450608801, "cls_rec_macro": 72.05098812451514, "cls_f1_macro": 79.59471027629675, "epoch": 0.0, "iteration": 0.0, "global_iteration": 0.0}}