{"test_metrics": {"unseen_ner_prec_micro": 41.93872425916625, "unseen_ner_rec_micro": 62.87650602409639, "unseen_ner_f1_micro": 50.31636034950287, "unseen_ner_prec_macro": 39.79118926825401, "unseen_ner_rec_macro": 58.82309845949422, "unseen_ner_f1_macro": 44.93861758697196, "unseen_loc_prec_micro": 57.45826602046312, "unseen_loc_rec_micro": 80.34638554216868, "unseen_loc_f1_micro": 67.00156985871271, "unseen_loc_prec_macro": 57.45826602046312, "unseen_loc_rec_macro": 80.34638554216868, "unseen_loc_f1_macro": 67.00156985871271, "unseen_cls_prec_micro": 72.60869565217392, "unseen_cls_rec_micro": 62.87650602409639, "unseen_cls_f1_micro": 67.39305891848265, "unseen_cls_prec_macro": 64.38458927258426, "unseen_cls_rec_macro": 58.82309845949422, "unseen_cls_f1_macro": 60.0828856874736, "unseen_epoch": 0.0, "unseen_iteration": 0.0, "unseen_global_iteration": 0.0, "seen_ner_prec_micro": 15.207603801900952, "seen_ner_rec_micro": 85.15406162464986, "seen_ner_f1_micro": 25.806451612903224, "seen_ner_prec_macro": 15.501237412964116, "seen_ner_rec_macro": 78.49390950078806, "seen_ner_f1_macro": 23.36194176760706, "seen_loc_prec_micro": 17.2859450726979, "seen_loc_rec_micro": 89.91596638655463, "seen_loc_f1_micro": 28.997289972899733, "seen_loc_prec_macro": 17.2859450726979, "seen_loc_rec_macro": 89.91596638655463, "seen_loc_f1_macro": 28.997289972899733, "seen_cls_prec_micro": 90.74626865671642, "seen_cls_rec_micro": 85.15406162464986, "seen_cls_f1_micro": 87.86127167630057, "seen_cls_prec_macro": 85.98114131747104, "seen_cls_rec_macro": 78.49390950078806, "seen_cls_f1_macro": 81.81894042993126, "seen_epoch": 0.0, "seen_iteration": 0.0, "seen_global_iteration": 0.0, "ner_prec_micro": 57.26495726495726, "ner_rec_micro": 67.59643916913947, "ner_f1_micro": 62.00326619488297, "ner_prec_macro": 55.31548485233352, "ner_rec_macro": 66.44266191575538, "ner_f1_macro": 59.244665499466585, "loc_prec_micro": 74.78448275862068, "loc_rec_micro": 82.37388724035608, "loc_f1_micro": 78.39593335216041, "loc_prec_macro": 74.78448275862068, "loc_rec_macro": 82.37388724035608, "loc_f1_macro": 78.39593335216041, "cls_prec_micro": 76.90749493585415, "cls_rec_micro": 67.59643916913947, "cls_f1_micro": 71.95198989260896, "cls_prec_macro": 72.85931301875695, "cls_rec_macro": 66.44266191575538, "cls_f1_macro": 68.37383726110949, "epoch": 0.0, "iteration": 0.0, "global_iteration": 0.0}}