{"test_metrics": {"f1": 0.0, "pr": 0.0, "rec": 0.0, "ner_f1": 0.6323431134223938, "ner_pr": 0.7151508331298828, "ner_rec": 0.56672203540802, "macro_f1": 0.0, "macro_pr": 0.0, "macro_rec": 0.0, "macro_ner_f1": 0.5956094861030579, "macro_ner_pr": 0.614286482334137, "macro_ner_rec": 0.6429457664489746, "samples_per_s": 245.5232944444974, "samples_total_num": 5000, "samples_total_s": 20.36466646194458, "organization_pr": 0.3567052483558655, "organization_rec": 0.6912928819656372, "organization_f1": 0.47058820724487305, "location_pr": 0.8623555898666382, "location_rec": 0.5201760530471802, "location_f1": 0.6489207148551941, "person_pr": 0.6237986087799072, "person_rec": 0.7173684239387512, "person_f1": 0.6673194766044617}, "test_metrics_bounds": {"f1": 0.0, "pr": 0.0, "rec": 0.0, "ner_f1": 0.6723986864089966, "ner_pr": 0.7604518532752991, "ner_rec": 0.6026208996772766, "macro_f1": 0.0, "macro_pr": 0.0, "macro_rec": 0.0, "macro_ner_f1": 0.6723986864089966, "macro_ner_pr": 0.7604518532752991, "macro_ner_rec": 0.6026208996772766, "samples_per_s": 245.5232944444974, "samples_total_num": 5000, "samples_total_s": 20.36466646194458}, "metrics": {"f1": [0.0, 0.0, 0.0, 0.0, 0.0], "pr": [0.0, 0.0, 0.0, 0.0, 0.0], "rec": [0.0, 0.0, 0.0, 0.0, 0.0], "ner_f1": [0.5992540717124939, 0.6200640201568604, 0.6286766529083252, 0.5661137700080872, 0.6153134107589722], "ner_pr": [0.6722458004951477, 0.736188530921936, 0.7062406539916992, 0.6246523261070251, 0.6951927542686462], "ner_rec": [0.5405604839324951, 0.5355826020240784, 0.5664638876914978, 0.5176069140434265, 0.5518989562988281], "macro_f1": [0.0, 0.0, 0.0, 0.0, 0.0], "macro_pr": [0.0, 0.0, 0.0, 0.0, 0.0], "macro_rec": [0.0, 0.0, 0.0, 0.0, 0.0], "macro_ner_f1": [0.5626425743103027, 0.6119646430015564, 0.5916722416877747, 0.5379977822303772, 0.5723552107810974], "macro_ner_pr": [0.5753619074821472, 0.6501913666725159, 0.608558714389801, 0.5638723373413086, 0.5969713926315308], "macro_ner_rec": [0.6030448079109192, 0.6327652931213379, 0.6428647637367249, 0.640089213848114, 0.6165562272071838], "samples_per_s": [208.76487722707708, 207.8628077240582, 248.97632971830947, 248.7357855488839, 243.47144167985394], "samples_total_num": [5000, 5000, 5000, 5000, 5000], "samples_total_s": [23.95038890838623, 24.054327249526978, 20.08223032951355, 20.101651191711426, 20.53628945350647], "organization_pr": [0.386435329914093, 0.41750580072402954, 0.3451612889766693, 0.24104095995426178, 0.298321932554245], "organization_rec": [0.6371911764144897, 0.7009102702140808, 0.695708692073822, 0.7347204089164734, 0.6241872310638428], "organization_f1": [0.4810996353626251, 0.5233009457588196, 0.46140578389167786, 0.36299389600753784, 0.4037005603313446], "location_pr": [0.8223115801811218, 0.848517894744873, 0.8529825210571289, 0.8402312397956848, 0.8493009805679321], "location_rec": [0.5009183287620544, 0.4766744077205658, 0.5200195908546448, 0.44496142864227295, 0.5058161020278931], "location_f1": [0.6225841045379639, 0.6104272603988647, 0.6461281180381775, 0.58181232213974, 0.6340265274047852], "person_pr": [0.5173386931419373, 0.684550404548645, 0.6275322437286377, 0.6103448271751404, 0.6432912349700928], "person_rec": [0.6710250973701477, 0.7207112908363342, 0.7128661274909973, 0.7405857443809509, 0.7196652889251709], "person_f1": [0.5842440724372864, 0.7021655440330505, 0.6674829125404358, 0.6691871285438538, 0.6793384552001953]}}