{"test_metrics": {"unseen_ner_prec_micro": 46.3130659767141, "unseen_ner_rec_micro": 44.14303329223181, "unseen_ner_f1_micro": 45.20202020202021, "unseen_ner_prec_macro": 43.97939434934119, "unseen_ner_rec_macro": 38.22046790172924, "unseen_ner_f1_macro": 38.99350061007284, "unseen_loc_prec_micro": 57.23860589812333, "unseen_loc_rec_micro": 52.65104808877928, "unseen_loc_f1_micro": 54.8490687219011, "unseen_loc_prec_macro": 57.23860589812333, "unseen_loc_rec_macro": 52.65104808877928, "unseen_loc_f1_macro": 54.8490687219011, "unseen_cls_prec_micro": 80.63063063063063, "unseen_cls_rec_micro": 44.14303329223181, "unseen_cls_f1_micro": 57.05179282868526, "unseen_cls_prec_macro": 75.158442523929, "unseen_cls_rec_macro": 38.22046790172924, "unseen_cls_f1_macro": 48.97398362058872, "unseen_epoch": 0.0, "unseen_iteration": 0.0, "unseen_global_iteration": 0.0, "seen_ner_prec_micro": 19.090909090909093, "seen_ner_rec_micro": 54.85074626865672, "seen_ner_f1_micro": 28.32369942196532, "seen_ner_prec_macro": 15.926827651182954, "seen_ner_rec_macro": 43.53278881086025, "seen_ner_f1_macro": 23.07890647644533, "seen_loc_prec_micro": 22.35772357723577, "seen_loc_rec_micro": 61.56716417910447, "seen_loc_f1_micro": 32.80318091451292, "seen_loc_prec_macro": 22.35772357723577, "seen_loc_rec_macro": 61.56716417910447, "seen_loc_f1_macro": 32.80318091451292, "seen_cls_prec_micro": 85.46511627906976, "seen_cls_rec_micro": 54.85074626865672, "seen_cls_f1_micro": 66.81818181818183, "seen_cls_prec_macro": 74.59019942439447, "seen_cls_rec_macro": 43.53278881086025, "seen_cls_f1_macro": 53.963043014133824, "seen_epoch": 0.0, "seen_iteration": 0.0, "seen_global_iteration": 0.0, "ner_prec_micro": 65.25759577278731, "ner_rec_micro": 45.78313253012048, "ner_f1_micro": 53.81263616557735, "ner_prec_macro": 59.408884244410565, "ner_rec_macro": 38.52320243877983, "ner_f1_macro": 45.3436764894613, "loc_prec_micro": 80.13793103448276, "loc_rec_micro": 53.84615384615385, "loc_f1_micro": 64.41241685144125, "loc_prec_macro": 80.13793103448276, "loc_rec_macro": 53.84615384615385, "loc_f1_macro": 64.41241685144125, "cls_prec_micro": 80.98360655737706, "cls_rec_micro": 45.78313253012048, "cls_f1_micro": 58.496151568975726, "cls_prec_macro": 73.39141538968528, "cls_rec_macro": 38.52320243877983, "cls_f1_macro": 49.16651836359021, "epoch": 0.0, "iteration": 0.0, "global_iteration": 0.0}}