{"test_metrics": {"Eval_Ent_Precision": 83.23446198170403, "Eval_Ent_Recall": 84.21830269937792, "Eval_Ent_F1": 83.72349214473084, "Eval_Time": 132.1781451702118, "Eval_Examples": 5000, "Eval_Examples_Per_Second": 37.82773614776689, "seen_Eval_Ent_Precision": 54.46746372100621, "seen_Eval_Ent_Recall": 88.21877308552291, "seen_Eval_Ent_F1": 67.35131474611188, "seen_Eval_Time": 136.5706377029419, "seen_Eval_Examples": 5000, "seen_Eval_Examples_Per_Second": 36.61109067144888, "unseen_Eval_Ent_Precision": 28.77612485556701, "unseen_Eval_Ent_Recall": 77.50737461774465, "unseen_Eval_Ent_F1": 41.97004991894308, "unseen_Eval_Time": 132.69830083847046, "unseen_Eval_Examples": 5000, "unseen_Eval_Examples_Per_Second": 37.679457599734796}}