{"test_metrics": {"unseen_ner_prec_micro": 19.502762430939228, "unseen_ner_rec_micro": 75.85959885386819, "unseen_ner_f1_micro": 31.028420744213303, "unseen_ner_prec_macro": 19.12044587623829, "unseen_ner_rec_macro": 61.78943167508811, "unseen_ner_f1_macro": 28.817778740423066, "unseen_loc_prec_micro": 21.82056564899794, "unseen_loc_rec_micro": 83.45272206303726, "unseen_loc_f1_micro": 34.59539717891611, "unseen_loc_prec_macro": 21.82056564899794, "unseen_loc_rec_macro": 83.45272206303726, "unseen_loc_f1_macro": 34.59539717891611, "unseen_cls_prec_micro": 88.9168765743073, "unseen_cls_rec_micro": 75.85959885386819, "unseen_cls_f1_micro": 81.8708929261693, "unseen_cls_prec_macro": 77.54140978920941, "unseen_cls_rec_macro": 61.78943167508811, "unseen_cls_f1_macro": 68.2364233322318, "unseen_epoch": 0.0, "unseen_iteration": 0.0, "unseen_global_iteration": 0.0, "seen_ner_prec_micro": 67.31052244297277, "seen_ner_rec_micro": 89.68137254901961, "seen_ner_f1_micro": 76.90205968894493, "seen_ner_prec_macro": 58.33598644434848, "seen_ner_rec_macro": 86.63678121846552, "seen_ner_f1_macro": 69.33678567266355, "seen_loc_prec_micro": 72.54681647940075, "seen_loc_rec_micro": 94.95098039215686, "seen_loc_f1_micro": 82.25053078556263, "seen_loc_prec_macro": 72.54681647940075, "seen_loc_rec_macro": 94.95098039215686, "seen_loc_f1_macro": 82.25053078556263, "seen_cls_prec_micro": 93.29423763386028, "seen_cls_rec_micro": 89.68137254901961, "seen_cls_f1_micro": 91.45213696575856, "seen_cls_prec_macro": 89.35497529639377, "seen_cls_rec_macro": 86.63678121846552, "seen_cls_f1_macro": 87.91604725143077, "seen_epoch": 0.0, "seen_iteration": 0.0, "seen_global_iteration": 0.0, "ner_prec_micro": 86.7255010112153, "ner_rec_micro": 86.13951789627465, "ner_f1_micro": 86.43151626202473, "ner_prec_macro": 77.54964945388484, "ner_rec_macro": 77.508491280393, "ner_f1_macro": 77.45338783279013, "loc_prec_micro": 94.34456928838952, "loc_rec_micro": 92.00146092037984, "loc_f1_micro": 93.15828402366864, "loc_prec_macro": 94.34456928838952, "loc_rec_macro": 92.00146092037984, "loc_f1_macro": 93.15828402366864, "cls_prec_micro": 92.14690369212737, "cls_rec_micro": 86.13951789627465, "cls_f1_micro": 89.04200094384144, "cls_prec_macro": 85.81048158614452, "cls_rec_macro": 77.508491280393, "cls_f1_macro": 81.3486070029388, "epoch": 0.0, "iteration": 0.0, "global_iteration": 0.0}}