{"test_metrics": {"f1": 0.0, "pr": 0.0, "rec": 0.0, "ner_f1": 0.8326097130775452, "ner_pr": 0.85108482837677, "ner_rec": 0.8149197101593018, "macro_f1": 0.0, "macro_pr": 0.0, "macro_rec": 0.0, "macro_ner_f1": 0.7876557111740112, "macro_ner_pr": 0.8130286335945129, "macro_ner_rec": 0.7671633362770081, "samples_per_s": 146.70307226922762, "samples_total_num": 288, "samples_total_s": 1.963149070739746, "loc_pr": 0.8849104642868042, "loc_rec": 0.8357487916946411, "loc_f1": 0.859627366065979, "org_pr": 0.7447916865348816, "org_rec": 0.7333333492279053, "org_f1": 0.7390180826187134, "peop_pr": 0.9204893112182617, "peop_rec": 0.946540892124176, "peop_f1": 0.9333333969116211, "other_pr": 0.7019230723381042, "other_rec": 0.5530303120613098, "other_f1": 0.6186440587043762}, "test_metrics_bounds": {"f1": 0.0, "pr": 0.0, "rec": 0.0, "ner_f1": 0.868598997592926, "ner_pr": 0.8892185688018799, "ner_rec": 0.8489140868186951, "macro_f1": 0.0, "macro_pr": 0.0, "macro_rec": 0.0, "macro_ner_f1": 0.868598997592926, "macro_ner_pr": 0.8892185688018799, "macro_ner_rec": 0.8489140868186951, "samples_per_s": 146.70307226922762, "samples_total_num": 288, "samples_total_s": 1.963149070739746}, "metrics": {"f1": [0.0, 0.0, 0.0, 0.0, 0.0, 0.0, 0.0, 0.0, 0.0, 0.0, 0.0, 0.0, 0.0, 0.0, 0.0, 0.0, 0.0, 0.0, 0.0, 0.0, 0.0, 0.0, 0.0, 0.0, 0.0, 0.0], "pr": [0.0, 0.0, 0.0, 0.0, 0.0, 0.0, 0.0, 0.0, 0.0, 0.0, 0.0, 0.0, 0.0, 0.0, 0.0, 0.0, 0.0, 0.0, 0.0, 0.0, 0.0, 0.0, 0.0, 0.0, 0.0, 0.0], "rec": [0.0, 0.0, 0.0, 0.0, 0.0, 0.0, 0.0, 0.0, 0.0, 0.0, 0.0, 0.0, 0.0, 0.0, 0.0, 0.0, 0.0, 0.0, 0.0, 0.0, 0.0, 0.0, 0.0, 0.0, 0.0, 0.0], "ner_f1": [0.3947368264198303, 0.6599866151809692, 0.7039312124252319, 0.7749120593070984, 0.7842200398445129, 0.7493796348571777, 0.7900943160057068, 0.7887154221534729, 0.794487714767456, 0.798138439655304, 0.7853341102600098, 0.8064709305763245, 0.797553539276123, 0.8038858771324158, 0.801448404788971, 0.8200836777687073, 0.8049940466880798, 0.7858450412750244, 0.7965580821037292, 0.8088147640228271, 0.8004708886146545, 0.8004764914512634, 0.7868264317512512, 0.765721321105957, 0.7896360754966736, 0.7919143438339233], "ner_pr": [0.6115108132362366, 0.7942122220993042, 0.7609561681747437, 0.7954272031784058, 0.8220551609992981, 0.8195386528968811, 0.8160779476165771, 0.8305941820144653, 0.8350126147270203, 0.8127962350845337, 0.813725471496582, 0.8476070761680603, 0.8578947186470032, 0.8575129508972168, 0.8491048812866211, 0.859649121761322, 0.8389095664024353, 0.8429319262504578, 0.8617021441459656, 0.8445273637771606, 0.8252426981925964, 0.8358209133148193, 0.8264151215553284, 0.8313252925872803, 0.8579088449478149, 0.8252788186073303], "ner_rec": [0.2914285659790039, 0.5645714402198792, 0.6548571586608887, 0.7554285526275635, 0.7497143149375916, 0.6902857422828674, 0.7657142877578735, 0.7508571147918701, 0.7577142715454102, 0.7839999794960022, 0.7588571310043335, 0.7691428661346436, 0.7451428771018982, 0.7565714120864868, 0.7588571310043335, 0.7839999794960022, 0.7737143039703369, 0.7360000014305115, 0.7405714392662048, 0.7760000228881836, 0.7771428823471069, 0.7680000066757202, 0.7508571147918701, 0.7097142934799194, 0.7314285635948181, 0.7611428499221802], "macro_f1": [0.0, 0.0, 0.0, 0.0, 0.0, 0.0, 0.0, 0.0, 0.0, 0.0, 0.0, 0.0, 0.0, 0.0, 0.0, 0.0, 0.0, 0.0, 0.0, 0.0, 0.0, 0.0, 0.0, 0.0, 0.0, 0.0], "macro_pr": [0.0, 0.0, 0.0, 0.0, 0.0, 0.0, 0.0, 0.0, 0.0, 0.0, 0.0, 0.0, 0.0, 0.0, 0.0, 0.0, 0.0, 0.0, 0.0, 0.0, 0.0, 0.0, 0.0, 0.0, 0.0, 0.0], "macro_rec": [0.0, 0.0, 0.0, 0.0, 0.0, 0.0, 0.0, 0.0, 0.0, 0.0, 0.0, 0.0, 0.0, 0.0, 0.0, 0.0, 0.0, 0.0, 0.0, 0.0, 0.0, 0.0, 0.0, 0.0, 0.0, 0.0], "macro_ner_f1": [0.2617133557796478, 0.5608751773834229, 0.651757538318634, 0.7162612676620483, 0.7281484603881836, 0.6910438537597656, 0.7370181679725647, 0.7409799695014954, 0.7411476373672485, 0.752417266368866, 0.7361199855804443, 0.7504831552505493, 0.7234358787536621, 0.7367668747901917, 0.7452559471130371, 0.7632346153259277, 0.7485008835792542, 0.7337354421615601, 0.741416871547699, 0.75157231092453, 0.7453643083572388, 0.7496305704116821, 0.732894778251648, 0.7113850116729736, 0.732488751411438, 0.7393321394920349], "macro_ner_pr": [0.45301976799964905, 0.7630926370620728, 0.7222899794578552, 0.7470490336418152, 0.7702016830444336, 0.7635272741317749, 0.7655957341194153, 0.7799999713897705, 0.7876886129379272, 0.764577329158783, 0.7634656429290771, 0.8110327124595642, 0.8181827068328857, 0.8252987265586853, 0.8200812339782715, 0.8236439228057861, 0.7865012288093567, 0.7939767837524414, 0.8211855292320251, 0.7907541990280151, 0.7723104357719421, 0.7959853410720825, 0.7838943004608154, 0.7912439703941345, 0.8100162744522095, 0.7718474864959717], "macro_ner_rec": [0.21770094335079193, 0.48668771982192993, 0.6066411733627319, 0.6959471702575684, 0.6935002207756042, 0.6389691233634949, 0.7144678235054016, 0.7083102464675903, 0.7085558772087097, 0.7411803603172302, 0.7127796411514282, 0.7081141471862793, 0.6741316318511963, 0.6939579248428345, 0.6968899369239807, 0.7227824926376343, 0.7162802219390869, 0.6857457160949707, 0.6829518675804138, 0.7190439105033875, 0.724545419216156, 0.7132071852684021, 0.6951411962509155, 0.6582521200180054, 0.6747620105743408, 0.7121488451957703], "samples_per_s": [226.50791855494526, 253.27988916046897, 256.2925417100485, 223.9988606828782, 189.06216380867042, 205.82370633158783, 152.20335163866721, 154.6012572546812, 139.24969850778058, 119.05336034164657, 139.4544339718778, 150.57734803624606, 141.4971964434833, 134.19229768820952, 149.7148624822878, 126.88782587809926, 150.8852641298198, 159.06260772690104, 153.62949429877673, 130.66274209041944, 123.82908726034962, 137.0193865295121, 132.34243003726246, 141.36022056580316, 138.4518467953713, 138.37253652457485], "samples_total_num": [231, 231, 231, 231, 231, 231, 231, 231, 231, 231, 231, 231, 231, 231, 231, 231, 231, 231, 231, 231, 231, 231, 231, 231, 231, 231], "samples_total_s": [1.019831895828247, 0.9120345115661621, 0.9013137817382812, 1.0312552452087402, 1.22182035446167, 1.1223196983337402, 1.5177063941955566, 1.494166374206543, 1.6588904857635498, 1.9403064250946045, 1.6564550399780273, 1.534095287322998, 1.6325411796569824, 1.7214102745056152, 1.5429329872131348, 1.8205056190490723, 1.5309646129608154, 1.4522583484649658, 1.503617525100708, 1.7679102420806885, 1.8654744625091553, 1.6858928203582764, 1.7454719543457031, 1.6341230869293213, 1.668450117111206, 1.6694064140319824], "loc_pr": [0.4885496199131012, 0.7801724076271057, 0.804780900478363, 0.8333333134651184, 0.8817204236984253, 0.9137930870056152, 0.9014598727226257, 0.9203187227249146, 0.9288537502288818, 0.8636363744735718, 0.885185182094574, 0.8509933948516846, 0.8937729001045227, 0.9312977194786072, 0.9068100452423096, 0.9184397459030151, 0.8958333134651184, 0.9195402264595032, 0.9007353186607361, 0.9145907759666443, 0.9133573770523071, 0.8610169291496277, 0.8493150472640991, 0.9270386099815369, 0.9108527302742004, 0.9144981503486633], "loc_rec": [0.4089456796646118, 0.5782747864723206, 0.6453673839569092, 0.7987220287322998, 0.7859424948692322, 0.6773163080215454, 0.7891373634338379, 0.7380191683769226, 0.7507987022399902, 0.7891373634338379, 0.7635782957077026, 0.8210862874984741, 0.779552698135376, 0.779552698135376, 0.8083066940307617, 0.8274760246276855, 0.8242811560630798, 0.7667731642723083, 0.7827476263046265, 0.8210862874984741, 0.8083066940307617, 0.8115016222000122, 0.7923322916030884, 0.690095841884613, 0.7507987022399902, 0.7859424948692322],