{"test_metrics": {"f1": 0.0, "pr": 0.0, "rec": 0.0, "ner_f1": 0.6601436734199524, "ner_pr": 0.7169342041015625, "ner_rec": 0.6116898059844971, "macro_f1": 0.0, "macro_pr": 0.0, "macro_rec": 0.0, "macro_ner_f1": 0.5188159346580505, "macro_ner_pr": 0.5916739702224731, "macro_ner_rec": 0.4786703884601593, "samples_per_s": 120.92051961523462, "samples_total_num": 2050, "samples_total_s": 16.953284740447998, "per_pr": 0.8953251838684082, "per_rec": 0.6356421113014221, "per_f1": 0.743459939956665, "org_pr": 0.5397436022758484, "org_rec": 0.519753098487854, "org_f1": 0.5295597910881042, "wea_pr": 0.35555556416511536, "wea_rec": 0.15238095819950104, "wea_f1": 0.2133333384990692, "gpe_pr": 0.5985401272773743, "gpe_rec": 0.7538304328918457, "gpe_f1": 0.6672694683074951, "veh_pr": 0.746666669845581, "veh_rec": 0.5233644843101501, "veh_f1": 0.615384578704834, "fac_pr": 0.6008230447769165, "fac_rec": 0.5232974886894226, "fac_f1": 0.5593870282173157, "loc_pr": 0.40506330132484436, "loc_rec": 0.24242424964904785, "loc_f1": 0.3033175766468048}, "test_metrics_bounds": {"f1": 0.0, "pr": 0.0, "rec": 0.0, "ner_f1": 0.8151164054870605, "ner_pr": 0.8866682052612305, "ner_rec": 0.7542504072189331, "macro_f1": 0.0, "macro_pr": 0.0, "macro_rec": 0.0, "macro_ner_f1": 0.8151164054870605, "macro_ner_pr": 0.8866682052612305, "macro_ner_rec": 0.7542504072189331, "samples_per_s": 120.92051961523462, "samples_total_num": 2050, "samples_total_s": 16.953284740447998}, "metrics": {"f1": [0.0, 0.0, 0.0, 0.0, 0.0, 0.0, 0.0, 0.0, 0.0, 0.0, 0.0, 0.0, 0.0, 0.0, 0.0, 0.0, 0.0, 0.0], "pr": [0.0, 0.0, 0.0, 0.0, 0.0, 0.0, 0.0, 0.0, 0.0, 0.0, 0.0, 0.0, 0.0, 0.0, 0.0, 0.0, 0.0, 0.0], "rec": [0.0, 0.0, 0.0, 0.0, 0.0, 0.0, 0.0, 0.0, 0.0, 0.0, 0.0, 0.0, 0.0, 0.0, 0.0, 0.0, 0.0, 0.0], "ner_f1": [0.3743114769458771, 0.5376797318458557, 0.44766169786453247, 0.6108888983726501, 0.5882452130317688, 0.5858964920043945, 0.5652213096618652, 0.6742358207702637, 0.6303862929344177, 0.6041392087936401, 0.5824293494224548, 0.5933536291122437, 0.6260170340538025, 0.608177125453949, 0.612783670425415, 0.6446672677993774, 0.6150677800178528, 0.6214084625244141], "ner_pr": [0.670163631439209, 0.6153846383094788, 0.6227180361747742, 0.6566941142082214, 0.6128634214401245, 0.6920691132545471, 0.6375331878662109, 0.7283018827438354, 0.7349501848220825, 0.7167410850524902, 0.642660915851593, 0.6584060192108154, 0.7149717807769775, 0.7275815010070801, 0.6900835037231445, 0.7336099743843079, 0.6511628031730652, 0.702027440071106], "ner_rec": [0.2596747875213623, 0.4773983657360077, 0.3494308888912201, 0.5710569024085999, 0.5655284523963928, 0.507967472076416, 0.5076422691345215, 0.6276422739028931, 0.5518699288368225, 0.5221138000488281, 0.5325203537940979, 0.5400000214576721, 0.5567479729652405, 0.5224390029907227, 0.5510569214820862, 0.5749593377113342, 0.582764208316803, 0.5573983788490295], "macro_f1": [0.0, 0.0, 0.0, 0.0, 0.0, 0.0, 0.0, 0.0, 0.0, 0.0, 0.0, 0.0, 0.0, 0.0, 0.0, 0.0, 0.0, 0.0], "macro_pr": [0.0, 0.0, 0.0, 0.0, 0.0, 0.0, 0.0, 0.0, 0.0, 0.0, 0.0, 0.0, 0.0, 0.0, 0.0, 0.0, 0.0, 0.0], "macro_rec": [0.0, 0.0, 0.0, 0.0, 0.0, 0.0, 0.0, 0.0, 0.0, 0.0, 0.0, 0.0, 0.0, 0.0, 0.0, 0.0, 0.0, 0.0], "macro_ner_f1": [0.13644574582576752, 0.2886095643043518, 0.3135305345058441, 0.4023623466491699, 0.48791319131851196, 0.40244436264038086, 0.4221998155117035, 0.5428525805473328, 0.4774060845375061, 0.46987026929855347, 0.4388052523136139, 0.4908755421638489, 0.4832117259502411, 0.44606494903564453, 0.46685442328453064, 0.48294973373413086, 0.4905705153942108, 0.47171708941459656], "macro_ner_pr": [0.4401812255382538, 0.4703671336174011, 0.6230972409248352, 0.551237165927887, 0.5901344418525696, 0.5689647793769836, 0.49325937032699585, 0.6084069013595581, 0.5581355094909668, 0.5364412665367126, 0.5059695839881897, 0.5874900221824646, 0.5777748227119446, 0.5692656636238098, 0.566069483757019, 0.6111267805099487, 0.5236285328865051, 0.561372697353363], "macro_ner_rec": [0.10080472379922867, 0.26682227849960327, 0.2593782842159271, 0.40717974305152893, 0.4849633276462555, 0.360964298248291, 0.4055042564868927, 0.5038576722145081, 0.4453972280025482, 0.43455225229263306, 0.4460298717021942, 0.4896877706050873, 0.44807761907577515, 0.40191689133644104, 0.4478881061077118, 0.41939592361450195, 0.5068461298942566, 0.4332755506038666], "samples_per_s": [241.3841754180245, 237.6662095611342, 237.6238234944334, 160.81788176993444, 116.36890194195392, 121.54547911856517, 104.32316471316699, 124.12610420816829, 129.16086452973815, 132.94725502431385, 129.70295714925143, 134.00510597453098, 132.85834599900227, 130.63666142312118, 138.02083578094147, 133.37867954391402, 126.2701817448347, 130.1477125916429], "samples_total_num": [2420, 2420, 2420, 2420, 2420, 2420, 2420, 2420, 2420, 2420, 2420, 2420, 2420, 2420, 2420, 2420, 2420, 2420], "samples_total_s": [10.025512218475342, 10.182347774505615, 10.184164047241211, 15.048077821731567, 20.795933961868286, 19.910242795944214, 23.19714903831482, 19.496301889419556, 18.73632550239563, 18.202707529067993, 18.6580171585083, 18.05901336669922, 18.21488881111145, 18.524662017822266, 17.533584594726562, 18.143829345703125, 19.165253162384033, 18.59425687789917], "per_pr": [0.8375157117843628, 0.7992733716964722, 0.9211309552192688, 0.8582930564880371, 0.8798751831054688, 0.8194200396537781, 0.9012273550033569, 0.9110150933265686, 0.8203251957893372, 0.8896725177764893, 0.8754940629005432, 0.9350574612617493, 0.8893740773200989, 0.8188314437866211, 0.8295549750328064, 0.8497615456581116, 0.8406104445457458, 0.8276998996734619], "per_rec": [0.40430042147636414, 0.5330103039741516, 0.37492430210113525, 0.6456692814826965, 0.5124167203903198, 0.5648092031478882, 0.4669896960258484, 0.6387038230895996, 0.6111447811126709, 0.5348273515701294, 0.536644458770752, 0.4927316904067993, 0.5551180839538574, 0.5899454951286316, 0.5984252095222473, 0.6474863886833191, 0.6005451083183289, 0.6081162691116333], "per_f1": [0.5453431606292725, 0.6395348906517029, 0.5329315662384033, 0.7369512915611267, 0.6476554870605469, 0.6686984896659851, 0.6152005195617676, 0.7509347200393677, 0.7004512548446655, 0.6680536866188049, 0.6654149293899536, 0.6453787684440613, 0.6835726499557495, 0.6857947707176208, 0.6952850222587585, 0.7349604964256287, 0.7005829811096191, 0.7011173367500305], "org_pr": [0.3118440806865692, 0.33066362142562866, 0.8999999761581421, 0.4132862985134125, 0.34769538044929504, 0.6594911813735962, 0.3801843225955963, 0.5501432418823242, 0.662420392036438, 0.6102502942085266, 0.5647558569908142, 0.39666467905044556, 0.4728940725326538, 0.6033254265785217, 0.6338797807693481, 0.48892533779144287, 0.4939662218093872, 0.5439453125], "org_rec": [0.2135523557662964, 0.5934291481971741, 0.14784394204616547, 0.72176593542099, 0.7125256657600403, 0.3459959030151367, 0.6776180863380432, 0.5913757681846619, 0.533880889415741, 0.5256673693656921, 0.546201229095459, 0.6837782263755798, 0.5821354985237122, 0.521560549736023, 0.47638604044914246, 0.6119096279144287, 0.6303901672363281, 0.5718685984611511], "org_f1": [0.2535039484500885, 0.4246877431869507, 0.2539682388305664, 0.5256075263023376, 0.46734002232551575, 0.45387205481529236, 0.48708483576774597, 0.5700147747993469, 0.5912450551986694, 0.5648097395896912, 0.5553235411643982, 0.5020731091499329, 0.5218591690063477, 0.5594713091850281, 0.5439624190330505, 0.5435476303100586, 0.5539016723632812, 0.5575575828552246], "wea_pr": [0.0, 0.29411765933036804, 0.7241379022598267, 0.7727272510528564, 0.8399999737739563, 0.8181818127632141, 0.5111111402511597, 0.5666666626930237, 0.4109589159488678, 0.6299999952316284, 0.5362318754196167, 0.662162184715271, 0.5735294222831726, 0.5283018946647644, 0.7567567825317383, 0.5897436141967773, 0.5765765905380249, 0.6133333444595337],