{"test_metrics": {"seen__f1": 0.0, "seen__pr": 0.0, "seen__rec": 0.0, "seen__ner_f1": 0.0, "seen__ner_pr": 0.0, "seen__ner_rec": 0.0, "seen__macro_f1": 0.0, "seen__macro_pr": 0.0, "seen__macro_rec": 0.0, "seen__macro_ner_f1": 0.0, "seen__macro_ner_pr": 0.0, "seen__macro_ner_rec": 0.0, "seen__samples_per_s": 107.05887539937169, "seen__samples_total_num": 2050, "seen__samples_total_s": 19.14834237098694, "seen__per_pr": 0.0, "seen__per_rec": 0.0, "seen__per_f1": 0.0, "seen__org_pr": 0.0, "seen__org_rec": 0.0, "seen__org_f1": 0.0, "seen__wea_pr": 0.0, "seen__wea_rec": 0.0, "seen__wea_f1": 0.0, "seen__gpe_pr": 0.0, "seen__gpe_rec": 0.0, "seen__gpe_f1": 0.0, "seen__veh_pr": 0.0, "seen__veh_rec": 0.0, "seen__veh_f1": 0.0, "seen__fac_pr": 0.0, "seen__fac_rec": 0.0, "seen__fac_f1": 0.0, "seen__loc_pr": 0.0, "seen__loc_rec": 0.0, "seen__loc_f1": 0.0, "unseen__f1": 0.0, "unseen__pr": 0.0, "unseen__rec": 0.0, "unseen__ner_f1": 0.6597959399223328, "unseen__ner_pr": 0.7166440486907959, "unseen__ner_rec": 0.611303985118866, "unseen__macro_f1": 0.0, "unseen__macro_pr": 0.0, "unseen__macro_rec": 0.0, "unseen__macro_ner_f1": 0.5170215964317322, "unseen__macro_ner_pr": 0.5895918011665344, "unseen__macro_ner_rec": 0.47682327032089233, "unseen__samples_per_s": 111.56662063602832, "unseen__samples_total_num": 2050, "unseen__samples_total_s": 18.374671459197998, "unseen__per_pr": 0.8953251838684082, "unseen__per_rec": 0.6356421113014221, "unseen__per_f1": 0.743459939956665, "unseen__org_pr": 0.5404364466667175, "unseen__org_rec": 0.519753098487854, "unseen__org_f1": 0.5298930406570435, "unseen__wea_pr": 0.3478260934352875, "unseen__wea_rec": 0.15238095819950104, "unseen__wea_f1": 0.21192052960395813, "unseen__gpe_pr": 0.5985401272773743, "unseen__gpe_rec": 0.7538304328918457, "unseen__gpe_f1": 0.6672694683074951, "unseen__veh_pr": 0.7432432174682617, "unseen__veh_rec": 0.514018714427948, "unseen__veh_f1": 0.6077347993850708, "unseen__fac_pr": 0.596707820892334, "unseen__fac_rec": 0.519713282585144, "unseen__fac_f1": 0.5555555820465088, "unseen__loc_pr": 0.40506330132484436, "unseen__loc_rec": 0.24242424964904785, "unseen__loc_f1": 0.3033175766468048}, "test_metrics_bounds": {"seen__f1": 0.0, "seen__pr": 0.0, "seen__rec": 0.0, "seen__ner_f1": 0.0, "seen__ner_pr": 0.0, "seen__ner_rec": 0.0, "seen__macro_f1": 0.0, "seen__macro_pr": 0.0, "seen__macro_rec": 0.0, "seen__macro_ner_f1": 0.0, "seen__macro_ner_pr": 0.0, "seen__macro_ner_rec": 0.0, "seen__samples_per_s": 107.05887539937169, "seen__samples_total_num": 2050, "seen__samples_total_s": 19.14834237098694, "unseen__f1": 0.0, "unseen__pr": 0.0, "unseen__rec": 0.0, "unseen__ner_f1": 0.8149926662445068, "unseen__ner_pr": 0.8866424560546875, "unseen__ner_rec": 0.7540571689605713, "unseen__macro_f1": 0.0, "unseen__macro_pr": 0.0, "unseen__macro_rec": 0.0, "unseen__macro_ner_f1": 0.8149926662445068, "unseen__macro_ner_pr": 0.8866424560546875, "unseen__macro_ner_rec": 0.7540571689605713, "unseen__samples_per_s": 111.56662063602832, "unseen__samples_total_num": 2050, "unseen__samples_total_s": 18.374671459197998}}