{"test_metrics": {"unseen__f1": 0.0, "unseen__pr": 0.0, "unseen__rec": 0.0, "unseen__ner_f1": 0.2612893283367157, "unseen__ner_pr": 0.15688107907772064, "unseen__ner_rec": 0.7811918258666992, "unseen__macro_f1": 0.0, "unseen__macro_pr": 0.0, "unseen__macro_rec": 0.0, "unseen__macro_ner_f1": 0.2465042620897293, "unseen__macro_ner_pr": 0.15392319858074188, "unseen__macro_ner_rec": 0.6607308387756348, "unseen__samples_per_s": 468.1224156713088, "unseen__samples_total_num": 2050, "unseen__samples_total_s": 4.379196405410767, "unseen__per_pr": 0.15850144624710083, "unseen__per_rec": 0.8610567450523376, "unseen__per_f1": 0.2677213251590729, "unseen__org_pr": 0.2132352888584137, "unseen__org_rec": 0.7190082669258118, "unseen__org_f1": 0.32892245054244995, "unseen__wea_pr": 0.06557376682758331, "unseen__wea_rec": 0.3333333432674408, "unseen__wea_f1": 0.10958903282880783, "unseen__gpe_pr": 0.10401459783315659, "unseen__gpe_rec": 0.8085106611251831, "unseen__gpe_f1": 0.18431688845157623, "unseen__veh_pr": 0.12389380484819412, "unseen__veh_rec": 0.48275861144065857, "unseen__veh_f1": 0.19718308746814728, "unseen__fac_pr": 0.21969696879386902, "unseen__fac_rec": 0.6823529601097107, "unseen__fac_f1": 0.33237823843955994, "unseen__loc_pr": 0.19254659116268158, "unseen__loc_rec": 0.738095223903656, "unseen__loc_f1": 0.3054187297821045, "seen__f1": 0.0, "seen__pr": 0.0, "seen__rec": 0.0, "seen__ner_f1": 0.7963628768920898, "seen__ner_pr": 0.7041884660720825, "seen__ner_rec": 0.9163017272949219, "seen__macro_f1": 0.0, "seen__macro_pr": 0.0, "seen__macro_rec": 0.0, "seen__macro_ner_f1": 0.7316986918449402, "seen__macro_ner_pr": 0.6256459951400757, "seen__macro_ner_rec": 0.8870531916618347, "seen__samples_per_s": 524.6014173589807, "seen__samples_total_num": 2050, "seen__samples_total_s": 3.907728672027588, "seen__per_pr": 0.7608069181442261, "seen__per_rec": 0.9340999722480774, "seen__per_f1": 0.838594377040863, "seen__org_pr": 0.5845588445663452, "seen__org_rec": 0.8397887349128723, "seen__org_f1": 0.689306378364563, "seen__wea_pr": 0.6229507923126221, "seen__wea_rec": 0.9382715821266174, "seen__wea_f1": 0.7487685084342957, "seen__gpe_pr": 0.7299270033836365, "seen__gpe_rec": 0.9546539187431335, "seen__gpe_f1": 0.8273009061813354, "seen__veh_pr": 0.6283186078071594, "seen__veh_rec": 0.9102563858032227, "seen__veh_f1": 0.7434555292129517, "seen__fac_pr": 0.5871211886405945, "seen__fac_rec": 0.7989690899848938, "seen__fac_f1": 0.6768558621406555, "seen__loc_pr": 0.4658385217189789, "seen__loc_rec": 0.8333333134651184, "seen__loc_f1": 0.5976095795631409}, "test_metrics_bounds": {"unseen__f1": 0.0, "unseen__pr": 0.0, "unseen__rec": 0.0, "unseen__ner_f1": 0.29075026512145996, "unseen__ner_pr": 0.17462994158267975, "unseen__ner_rec": 0.8677839636802673, "unseen__macro_f1": 0.0, "unseen__macro_pr": 0.0, "unseen__macro_rec": 0.0, "unseen__macro_ner_f1": 0.29075026512145996, "unseen__macro_ner_pr": 0.17462994158267975, "unseen__macro_ner_rec": 0.8677839636802673, "unseen__samples_per_s": 468.1224156713088, "unseen__samples_total_num": 2050, "unseen__samples_total_s": 4.379196405410767, "seen__f1": 0.0, "seen__pr": 0.0, "seen__rec": 0.0, "seen__ner_f1": 0.8506355881690979, "seen__ner_pr": 0.7522953152656555, "seen__ner_rec": 0.9785522818565369, "seen__macro_f1": 0.0, "seen__macro_pr": 0.0, "seen__macro_rec": 0.0, "seen__macro_ner_f1": 0.8506355881690979, "seen__macro_ner_pr": 0.7522953152656555, "seen__macro_ner_rec": 0.9785522818565369, "seen__samples_per_s": 524.6014173589807, "seen__samples_total_num": 2050, "seen__samples_total_s": 3.907728672027588}}