{"test_metrics": {"unseen_ner_prec_micro": 21.998149861239597, "unseen_ner_rec_micro": 76.5122265122265, "unseen_ner_f1_micro": 34.17157637591608, "unseen_ner_prec_macro": 22.471678427470817, "unseen_ner_rec_macro": 64.2375849702213, "unseen_ner_f1_macro": 32.79280816961932, "unseen_loc_prec_micro": 24.625187406296853, "unseen_loc_rec_micro": 84.55598455598455, "unseen_loc_f1_micro": 38.14223512336719, "unseen_loc_prec_macro": 24.625187406296853, "unseen_loc_rec_macro": 84.55598455598455, "unseen_loc_f1_macro": 38.14223512336719, "unseen_cls_prec_micro": 89.33132982719759, "unseen_cls_rec_micro": 76.5122265122265, "unseen_cls_f1_micro": 82.4263431542461, "unseen_cls_prec_macro": 87.37750420212065, "unseen_cls_rec_macro": 64.2375849702213, "unseen_cls_f1_macro": 72.85216281959255, "unseen_epoch": 0.0, "unseen_iteration": 0.0, "unseen_global_iteration": 0.0, "seen_ner_prec_micro": 64.72324723247233, "seen_ner_rec_micro": 89.44416114227435, "seen_ner_f1_micro": 75.10169128666239, "seen_ner_prec_macro": 57.43919411304573, "seen_ner_rec_macro": 87.14792402110388, "seen_ner_f1_macro": 68.87108608657923, "seen_loc_prec_micro": 69.37781109445277, "seen_loc_rec_micro": 94.39061703212649, "seen_loc_f1_micro": 79.97407647440052, "seen_loc_prec_macro": 69.37781109445277, "seen_loc_rec_macro": 94.39061703212649, "seen_loc_f1_macro": 79.97407647440052, "seen_cls_prec_micro": 93.74665954035277, "seen_cls_rec_micro": 89.44416114227435, "seen_cls_f1_micro": 91.54488517745304, "seen_cls_prec_macro": 91.60069761066964, "seen_cls_rec_macro": 87.14792402110388, "seen_cls_f1_macro": 89.28193401628137, "seen_epoch": 0.0, "seen_iteration": 0.0, "seen_global_iteration": 0.0, "ner_prec_micro": 86.75655707425194, "ner_rec_micro": 85.77428780131483, "ner_f1_micro": 86.26262626262627, "ner_prec_macro": 79.86384487615452, "ner_rec_macro": 78.2357570857384, "ner_f1_macro": 78.94047852540186, "loc_prec_micro": 93.97974493623406, "loc_rec_micro": 91.50840029218408, "loc_f1_micro": 92.7276091783864, "loc_prec_macro": 93.97974493623406, "loc_rec_macro": 91.50840029218408, "loc_f1_macro": 92.7276091783864, "cls_prec_micro": 92.4970460811343, "cls_rec_micro": 85.77428780131483, "cls_f1_micro": 89.0089065757059, "cls_prec_macro": 89.62215308219143, "cls_rec_macro": 78.2357570857384, "cls_f1_macro": 83.36098756957195, "epoch": 0.0, "iteration": 0.0, "global_iteration": 0.0}}