{"test_metrics": {"unseen_ner_prec_micro": 34.5607476635514, "unseen_ner_rec_micro": 71.2798766383963, "unseen_ner_f1_micro": 46.55085599194361, "unseen_ner_prec_macro": 39.42523513527787, "unseen_ner_rec_macro": 70.71548645155572, "unseen_ner_f1_macro": 49.39113378955389, "unseen_loc_prec_micro": 37.922521838207366, "unseen_loc_rec_micro": 76.98535080956053, "unseen_loc_f1_micro": 50.81424936386768, "unseen_loc_prec_macro": 37.922521838207366, "unseen_loc_rec_macro": 76.98535080956053, "unseen_loc_f1_macro": 50.81424936386768, "unseen_cls_prec_micro": 90.6817067189799, "unseen_cls_rec_micro": 71.2798766383963, "unseen_cls_f1_micro": 79.81869199222966, "unseen_cls_prec_macro": 87.85961208118152, "unseen_cls_rec_macro": 70.71548645155572, "unseen_cls_f1_macro": 78.1879511807323, "unseen_epoch": 0.0, "unseen_iteration": 0.0, "unseen_global_iteration": 0.0, "seen_ner_prec_micro": 45.680164209740624, "seen_ner_rec_micro": 84.06593406593407, "seen_ner_f1_micro": 59.19477693144722, "seen_ner_prec_macro": 38.82574542307985, "seen_ner_rec_macro": 80.06432537991356, "seen_ner_f1_macro": 51.03964829750909, "seen_loc_prec_micro": 46.86788154897494, "seen_loc_rec_micro": 84.78708791208791, "seen_loc_f1_micro": 60.36674816625917, "seen_loc_prec_macro": 46.86788154897494, "seen_loc_rec_macro": 84.78708791208791, "seen_loc_f1_macro": 60.36674816625917, "seen_cls_prec_micro": 98.23434991974318, "seen_cls_rec_micro": 84.06593406593407, "seen_cls_f1_micro": 90.59955588452998, "seen_cls_prec_macro": 94.56750186271668, "seen_cls_rec_macro": 80.06432537991356, "seen_cls_f1_macro": 86.57597128490362, "seen_epoch": 0.0, "seen_iteration": 0.0, "seen_global_iteration": 0.0, "ner_prec_micro": 80.01118776804027, "ner_rec_micro": 77.93316382128587, "ner_f1_micro": 78.9585058423038, "ner_prec_macro": 78.11278293560925, "ner_rec_macro": 75.61881323277488, "ner_f1_macro": 76.78129494903054, "loc_prec_micro": 84.56286743789114, "loc_rec_micro": 80.98438067562658, "loc_f1_micro": 82.73494758326375, "loc_prec_macro": 84.56286743789114, "loc_rec_macro": 80.98438067562658, "loc_f1_macro": 82.73494758326375, "cls_prec_micro": 94.84969053934572, "cls_rec_micro": 77.93316382128587, "cls_f1_micro": 85.56331006979063, "cls_prec_macro": 92.69466846206026, "cls_rec_macro": 75.61881323277488, "cls_f1_macro": 83.22774010868214, "epoch": 0.0, "iteration": 0.0, "global_iteration": 0.0}}