{"test_metrics": {"Eval_Ent_Precision": 84.87901411624017, "Eval_Ent_Recall": 87.13639301188726, "Eval_Ent_F1": 85.99289163656377, "Eval_Time": 121.33993864059448, "Eval_Examples": 5000, "Eval_Examples_Per_Second": 41.206547951288, "seen_Eval_Ent_Precision": 61.74327606157357, "seen_Eval_Ent_Recall": 92.25806450476934, "seen_Eval_Ent_F1": 73.97747480218192, "seen_Eval_Time": 122.47086024284363, "seen_Eval_Examples": 5000, "seen_Eval_Examples_Per_Second": 40.82603804762746, "unseen_Eval_Ent_Precision": 23.153728528712108, "unseen_Eval_Ent_Recall": 75.83971713268137, "unseen_Eval_Ent_F1": 35.476535046385074, "unseen_Eval_Time": 121.36078476905823, "unseen_Eval_Examples": 5000, "unseen_Eval_Examples_Per_Second": 41.1994699071424}}