{"test_metrics": {"seen__f1": 0.0, "seen__pr": 0.0, "seen__rec": 0.0, "seen__ner_f1": 0.7246747612953186, "seen__ner_pr": 0.6035216450691223, "seen__ner_rec": 0.9066860675811768, "seen__macro_f1": 0.0, "seen__macro_pr": 0.0, "seen__macro_rec": 0.0, "seen__macro_ner_f1": 0.6519891023635864, "seen__macro_ner_pr": 0.5293510556221008, "seen__macro_ner_rec": 0.8701582551002502, "seen__samples_per_s": 466.19195456019224, "seen__samples_total_num": 2050, "seen__samples_total_s": 4.397330284118652, "seen__per_pr": 0.6287197470664978, "seen__per_rec": 0.9448778033256531, "seen__per_f1": 0.7550384402275085, "seen__org_pr": 0.4955882430076599, "seen__org_rec": 0.7505567669868469, "seen__org_f1": 0.5969884991645813, "seen__wea_pr": 0.604651153087616, "seen__wea_rec": 0.9285714030265808, "seen__wea_f1": 0.7323943376541138, "seen__gpe_pr": 0.7214137315750122, "seen__gpe_rec": 0.9143610000610352, "seen__gpe_f1": 0.8065078258514404, "seen__veh_pr": 0.38947367668151855, "seen__veh_rec": 0.804347813129425, "seen__veh_f1": 0.5248227119445801, "seen__fac_pr": 0.35779815912246704, "seen__fac_rec": 0.8931297659873962, "seen__fac_f1": 0.510917067527771, "seen__loc_pr": 0.5078125, "seen__loc_rec": 0.8552631735801697, "seen__loc_f1": 0.6372548937797546, "unseen__f1": 0.0, "unseen__pr": 0.0, "unseen__rec": 0.0, "unseen__ner_f1": 0.394965261220932, "unseen__ner_pr": 0.26412537693977356, "unseen__ner_rec": 0.7826834917068481, "unseen__macro_f1": 0.0, "unseen__macro_pr": 0.0, "unseen__macro_rec": 0.0, "unseen__macro_ner_f1": 0.390097439289093, "unseen__macro_ner_pr": 0.28537312150001526, "unseen__macro_ner_rec": 0.6658886671066284, "unseen__samples_per_s": 504.75333793609434, "unseen__samples_total_num": 2050, "unseen__samples_total_s": 4.061389684677124, "unseen__per_pr": 0.26539793610572815, "unseen__per_rec": 0.9034157991409302, "unseen__per_f1": 0.41027015447616577, "unseen__org_pr": 0.3338235318660736, "unseen__org_rec": 0.628808856010437, "unseen__org_f1": 0.43611910939216614, "unseen__wea_pr": 0.25581395626068115, "unseen__wea_rec": 0.44897958636283875, "unseen__wea_f1": 0.32592591643333435, "unseen__gpe_pr": 0.18711018562316895, "unseen__gpe_rec": 0.8181818127632141, "unseen__gpe_f1": 0.3045685291290283, "unseen__veh_pr": 0.410526305437088, "unseen__veh_rec": 0.6393442749977112, "unseen__veh_f1": 0.5, "unseen__fac_pr": 0.302752286195755, "unseen__fac_rec": 0.6689189076423645, "unseen__fac_f1": 0.41684210300445557, "unseen__loc_pr": 0.2421875, "unseen__loc_rec": 0.5535714030265808, "unseen__loc_f1": 0.3369565010070801}, "test_metrics_bounds": {"seen__f1": 0.0, "seen__pr": 0.0, "seen__rec": 0.0, "seen__ner_f1": 0.776678740978241, "seen__ner_pr": 0.6467054486274719, "seen__ner_rec": 0.9720361232757568, "seen__macro_f1": 0.0, "seen__macro_pr": 0.0, "seen__macro_rec": 0.0, "seen__macro_ner_f1": 0.776678740978241, "seen__macro_ner_pr": 0.6467054486274719, "seen__macro_ner_rec": 0.9720361232757568, "seen__samples_per_s": 466.19195456019224, "seen__samples_total_num": 2050, "seen__samples_total_s": 4.397330284118652, "unseen__f1": 0.0, "unseen__pr": 0.0, "unseen__rec": 0.0, "unseen__ner_f1": 0.43482041358947754, "unseen__ner_pr": 0.29089146852493286, "unseen__ner_rec": 0.8606651425361633, "unseen__macro_f1": 0.0, "unseen__macro_pr": 0.0, "unseen__macro_rec": 0.0, "unseen__macro_ner_f1": 0.43482041358947754, "unseen__macro_ner_pr": 0.29089146852493286, "unseen__macro_ner_rec": 0.8606651425361633, "unseen__samples_per_s": 504.75333793609434, "unseen__samples_total_num": 2050, "unseen__samples_total_s": 4.061389684677124}}