{"test_metrics": {"f1": 0.0, "pr": 0.0, "rec": 0.0, "ner_f1": 0.8663060069084167, "ner_pr": 0.8676470518112183, "ner_rec": 0.8649691343307495, "macro_f1": 0.0, "macro_pr": 0.0, "macro_rec": 0.0, "macro_ner_f1": 0.7927203178405762, "macro_ner_pr": 0.8147241473197937, "macro_ner_rec": 0.7768187522888184, "samples_per_s": 118.93833035922604, "samples_total_num": 2050, "samples_total_s": 17.235822916030884, "per_pr": 0.8941176533699036, "per_rec": 0.9321789145469666, "per_f1": 0.9127516746520996, "org_pr": 0.8294117450714111, "org_rec": 0.6962962746620178, "org_f1": 0.7570469975471497, "wea_pr": 0.8604651093482971, "wea_rec": 0.7047619223594666, "wea_f1": 0.7748690843582153, "gpe_pr": 0.9085239171981812, "gpe_rec": 0.892747700214386, "gpe_f1": 0.9005666971206665, "veh_pr": 0.800000011920929, "veh_rec": 0.7102803587913513, "veh_f1": 0.7524752616882324, "fac_pr": 0.6605504751205444, "fac_rec": 0.774193525314331, "fac_f1": 0.7128713130950928, "loc_pr": 0.75, "loc_rec": 0.7272727489471436, "loc_f1": 0.7384615540504456}, "test_metrics_bounds": {"f1": 0.0, "pr": 0.0, "rec": 0.0, "ner_f1": 0.9359520673751831, "ner_pr": 0.9374030828475952, "ner_rec": 0.9345054030418396, "macro_f1": 0.0, "macro_pr": 0.0, "macro_rec": 0.0, "macro_ner_f1": 0.9359520673751831, "macro_ner_pr": 0.9374030828475952, "macro_ner_rec": 0.9345054030418396, "samples_per_s": 118.93833035922604, "samples_total_num": 2050, "samples_total_s": 17.235822916030884}, "metrics": {"f1": [0.0, 0.0, 0.0, 0.0, 0.0, 0.0, 0.0, 0.0, 0.0, 0.0, 0.0, 0.0, 0.0, 0.0, 0.0, 0.0, 0.0, 0.0, 0.0, 0.0, 0.0, 0.0, 0.0, 0.0], "pr": [0.0, 0.0, 0.0, 0.0, 0.0, 0.0, 0.0, 0.0, 0.0, 0.0, 0.0, 0.0, 0.0, 0.0, 0.0, 0.0, 0.0, 0.0, 0.0, 0.0, 0.0, 0.0, 0.0, 0.0], "rec": [0.0, 0.0, 0.0, 0.0, 0.0, 0.0, 0.0, 0.0, 0.0, 0.0, 0.0, 0.0, 0.0, 0.0, 0.0, 0.0, 0.0, 0.0, 0.0, 0.0, 0.0, 0.0, 0.0, 0.0], "ner_f1": [0.7294055819511414, 0.8046450018882751, 0.8218663334846497, 0.830108642578125, 0.8316095471382141, 0.8155163526535034, 0.8456845879554749, 0.8515234589576721, 0.8517428040504456, 0.8510224223136902, 0.8447611331939697, 0.8584843277931213, 0.850913941860199, 0.8621624112129211, 0.8586404919624329, 0.8601393103599548, 0.8586697578430176, 0.8593661189079285, 0.8518124222755432, 0.8610883355140686, 0.8583415746688843, 0.8575643301010132, 0.8583831787109375, 0.8577269315719604], "ner_pr": [0.7900626063346863, 0.8152536749839783, 0.8260512351989746, 0.8335793018341064, 0.8265339136123657, 0.8262683749198914, 0.8461663722991943, 0.8443094491958618, 0.8572134375572205, 0.8493683338165283, 0.8512464761734009, 0.8699499368667603, 0.8578747510910034, 0.8706682324409485, 0.865016520023346, 0.8668868541717529, 0.868451714515686, 0.8658194541931152, 0.8573546409606934, 0.870678186416626, 0.8686313629150391, 0.8645076155662537, 0.8648291826248169, 0.8626644611358643], "ner_rec": [0.6773983836174011, 0.7943089604377747, 0.8177235722541809, 0.8266666531562805, 0.836747944355011, 0.8050406575202942, 0.8452032804489136, 0.8588618040084839, 0.8463414907455444, 0.8526829481124878, 0.8383739590644836, 0.847317099571228, 0.8440650701522827, 0.8538211584091187, 0.8523577451705933, 0.8534959554672241, 0.849105715751648, 0.8530081510543823, 0.8463414907455444, 0.8517073392868042, 0.8482927083969116, 0.8507317304611206, 0.8520325422286987, 0.8528455495834351], "macro_f1": [0.0, 0.0, 0.0, 0.0, 0.0, 0.0, 0.0, 0.0, 0.0, 0.0, 0.0, 0.0, 0.0, 0.0, 0.0, 0.0, 0.0, 0.0, 0.0, 0.0, 0.0, 0.0, 0.0, 0.0], "macro_pr": [0.0, 0.0, 0.0, 0.0, 0.0, 0.0, 0.0, 0.0, 0.0, 0.0, 0.0, 0.0, 0.0, 0.0, 0.0, 0.0, 0.0, 0.0, 0.0, 0.0, 0.0, 0.0, 0.0, 0.0], "macro_rec": [0.0, 0.0, 0.0, 0.0, 0.0, 0.0, 0.0, 0.0, 0.0, 0.0, 0.0, 0.0, 0.0, 0.0, 0.0, 0.0, 0.0, 0.0, 0.0, 0.0, 0.0, 0.0, 0.0, 0.0], "macro_ner_f1": [0.5072067975997925, 0.6471943259239197, 0.6690180897712708, 0.7408689856529236, 0.729284942150116, 0.7041503190994263, 0.7580908536911011, 0.7603880167007446, 0.7675118446350098, 0.7722121477127075, 0.7570615410804749, 0.778321385383606, 0.765571653842926, 0.7840374708175659, 0.7685186266899109, 0.7834604382514954, 0.7819548845291138, 0.7792654037475586, 0.7696194052696228, 0.7860851287841797, 0.7849170565605164, 0.7840797305107117, 0.7881909012794495, 0.7823673486709595], "macro_ner_pr": [0.737185537815094, 0.699184000492096, 0.7653231024742126, 0.7500845789909363, 0.7739086151123047, 0.74683678150177, 0.7673627138137817, 0.7758445739746094, 0.8202484250068665, 0.7970601916313171, 0.7733017802238464, 0.8341107964515686, 0.8007622957229614, 0.8176183104515076, 0.7967478632926941, 0.8269914984703064, 0.8365756869316101, 0.8183809518814087, 0.7848277688026428, 0.823612630367279, 0.8170641660690308, 0.8044606447219849, 0.8215670585632324, 0.8056035041809082], "macro_ner_rec": [0.4436943531036377, 0.6177774667739868, 0.6398202776908875, 0.7382027506828308, 0.7209397554397583, 0.692911684513092, 0.7539688348770142, 0.7628918290138245, 0.7279300689697266, 0.7578708529472351, 0.7458787560462952, 0.7349982261657715, 0.742287278175354, 0.7574100494384766, 0.7451702952384949, 0.7516903877258301, 0.7409132719039917, 0.7483624815940857, 0.7602617144584656, 0.7557393312454224, 0.75799959897995, 0.7673693299293518, 0.761724591255188, 0.7632266283035278], "samples_per_s": [110.98723949415475, 117.15604897992952, 101.2882643464144, 105.20687814064362, 102.9168706286988, 107.96313159735782, 106.51285599644038, 102.69491614612159, 103.10969153923315, 103.3592885903841, 102.70431803186524, 108.74331661975144, 115.12189295023366, 116.51495360742892, 113.30823339517636, 113.54485720236585, 112.75345541173816, 103.45872580433398, 108.9986115160589, 111.05067836080953, 105.83999524595613, 119.4537780779554, 113.83324813030339, 116.47255079150997], "samples_total_num": [2420, 2420, 2420, 2420, 2420, 2420, 2420, 2420, 2420, 2420, 2420, 2420, 2420, 2420, 2420, 2420, 2420, 2420, 2420, 2420, 2420, 2420, 2420, 2420], "samples_total_s": [21.80430841445923, 20.65621042251587, 23.892205238342285, 23.00229835510254, 23.51412343978882, 22.415059328079224, 22.720262050628662, 23.56494450569153, 23.47015070915222, 23.4134738445282, 23.562787294387817, 22.254241228103638, 21.021197080612183, 20.769866228103638, 21.35767126083374, 21.313162565231323, 21.462756872177124, 23.390970468521118, 22.202117681503296, 21.791852474212646, 22.864702463150024, 20.25888204574585, 21.259166717529297, 20.777427673339844], "per_pr": [0.9349406957626343, 0.8837693333625793, 0.9218449592590332, 0.9138801097869873, 0.9224555492401123, 0.9017160534858704, 0.8996645212173462, 0.8870684504508972, 0.8933845162391663, 0.9100984930992126, 0.9433023929595947, 0.9087313413619995, 0.9293597936630249, 0.9044051766395569, 0.9066827297210693, 0.9108338356018066, 0.9085144996643066, 0.9117826819419861, 0.918380081653595, 0.9189189076423645, 0.9183865189552307, 0.9209946393966675, 0.9176065325737, 0.920550525188446], "per_rec": [0.739854633808136, 0.9003634452819824, 0.8715929985046387, 0.8773470520973206, 0.864627480506897, 0.875227153301239, 0.8933979272842407, 0.9182313680648804, 0.9161114692687988, 0.8952150344848633, 0.8615990281105042, 0.9046032428741455, 0.8924893736839294, 0.9139915108680725, 0.9121744632720947, 0.9064203500747681, 0.9112659096717834, 0.9046032428741455, 0.8927922248840332, 0.8958207368850708, 0.8894609212875366, 0.88612961769104, 0.8870381712913513, 0.8912780284881592], "per_f1": [0.8260354399681091, 0.8919892311096191, 0.896014928817749, 0.8952410221099854, 0.8926059007644653, 0.8882741928100586, 0.8965203166007996, 0.9023809432983398, 0.9046052694320679, 0.9025954008102417, 0.9006015062332153, 0.9066625833511353, 0.9105515480041504, 0.9091730713844299, 0.9094203114509583, 0.9086217284202576, 0.9098881483078003, 0.9081787467002869, 0.9054054617881775, 0.9072228074073792, 0.9036922454833984, 0.9032257795333862, 0.9020634889602661, 0.9056777954101562],