{"test_metrics": {"f1": 0.0, "pr": 0.0, "rec": 0.0, "ner_f1": 0.7814077138900757, "ner_pr": 0.7774829268455505, "ner_rec": 0.7853723764419556, "macro_f1": 0.0, "macro_pr": 0.0, "macro_rec": 0.0, "macro_ner_f1": 0.7720561623573303, "macro_ner_pr": 0.7835928201675415, "macro_ner_rec": 0.7638273239135742, "samples_per_s": 383.2040576590009, "samples_total_num": 1854, "samples_total_s": 4.83815336227417, "dna_pr": 0.7739204168319702, "dna_rec": 0.7400809526443481, "dna_f1": 0.7566224932670593, "rna_pr": 0.8316831588745117, "rna_rec": 0.807692289352417, "rna_f1": 0.819512128829956, "cell_type_pr": 0.7084639668464661, "cell_type_rec": 0.7661017179489136, "cell_type_f1": 0.7361563444137573, "protein_pr": 0.7869565486907959, "protein_rec": 0.8241681456565857, "protein_f1": 0.8051326274871826, "cell_line_pr": 0.8169398903846741, "cell_line_rec": 0.6810933947563171, "cell_line_f1": 0.7428570985794067}, "test_metrics_bounds": {"f1": 0.0, "pr": 0.0, "rec": 0.0, "ner_f1": 0.8190912008285522, "ner_pr": 0.8151308298110962, "ner_rec": 0.8230901956558228, "macro_f1": 0.0, "macro_pr": 0.0, "macro_rec": 0.0, "macro_ner_f1": 0.8190912008285522, "macro_ner_pr": 0.8151308298110962, "macro_ner_rec": 0.8230901956558228, "samples_per_s": 383.2040576590009, "samples_total_num": 1854, "samples_total_s": 4.83815336227417}, "metrics": {"f1": [0.0, 0.0, 0.0, 0.0, 0.0, 0.0, 0.0, 0.0, 0.0, 0.0, 0.0, 0.0, 0.0, 0.0, 0.0], "pr": [0.0, 0.0, 0.0, 0.0, 0.0, 0.0, 0.0, 0.0, 0.0, 0.0, 0.0, 0.0, 0.0, 0.0, 0.0], "rec": [0.0, 0.0, 0.0, 0.0, 0.0, 0.0, 0.0, 0.0, 0.0, 0.0, 0.0, 0.0, 0.0, 0.0, 0.0], "ner_f1": [0.707831859588623, 0.7495502233505249, 0.7714583277702332, 0.775426983833313, 0.7814077138900757, 0.771642804145813, 0.7786829471588135, 0.7712442874908447, 0.7690567374229431, 0.7700107097625732, 0.7751606106758118, 0.7744738459587097, 0.7756291627883911, 0.7752600908279419, 0.7798594832420349], "ner_pr": [0.7300101518630981, 0.7069404125213623, 0.7627245783805847, 0.786262571811676, 0.7774829268455505, 0.7851763963699341, 0.7796545028686523, 0.7753483057022095, 0.7571428418159485, 0.7844656109809875, 0.788358747959137, 0.7811100482940674, 0.7874901294708252, 0.7877470254898071, 0.7952238917350769], "ner_rec": [0.6869615316390991, 0.7976258993148804, 0.780394434928894, 0.7648860812187195, 0.7853723764419556, 0.7585678696632385, 0.7777139544487, 0.7671836018562317, 0.7813516855239868, 0.7560788989067078, 0.7623971104621887, 0.7679494619369507, 0.7641202211380005, 0.7631629109382629, 0.765077531337738], "macro_f1": [0.0, 0.0, 0.0, 0.0, 0.0, 0.0, 0.0, 0.0, 0.0, 0.0, 0.0, 0.0, 0.0, 0.0, 0.0], "macro_pr": [0.0, 0.0, 0.0, 0.0, 0.0, 0.0, 0.0, 0.0, 0.0, 0.0, 0.0, 0.0, 0.0, 0.0, 0.0], "macro_rec": [0.0, 0.0, 0.0, 0.0, 0.0, 0.0, 0.0, 0.0, 0.0, 0.0, 0.0, 0.0, 0.0, 0.0, 0.0], "macro_ner_f1": [0.6787857413291931, 0.742045521736145, 0.7615988850593567, 0.7673353552818298, 0.7720561623573303, 0.761176347732544, 0.7693406343460083, 0.7759721875190735, 0.7655004262924194, 0.7722161412239075, 0.77125483751297, 0.7711940407752991, 0.7740643620491028, 0.7797979116439819, 0.7823984026908875], "macro_ner_pr": [0.719032883644104, 0.731897234916687, 0.7734493613243103, 0.8040443658828735, 0.7835928201675415, 0.7959941625595093, 0.7796754837036133, 0.7850338220596313, 0.7711465954780579, 0.7961878180503845, 0.8009768724441528, 0.7929779887199402, 0.7946120500564575, 0.8065205812454224, 0.8062210083007812], "macro_ner_rec": [0.649804413318634, 0.7569290399551392, 0.7532812356948853, 0.7357762455940247, 0.7638273239135742, 0.7331111431121826, 0.7609916925430298, 0.7677424550056458, 0.7637864351272583, 0.7504445910453796, 0.7457994222640991, 0.7522481679916382, 0.7578221559524536, 0.7558935880661011, 0.7603561878204346], "samples_per_s": [376.99313298304173, 370.2433158761879, 370.0366540085926, 385.66612152998596, 384.6349605192491, 376.1846653743135, 373.67999619411734, 381.9089573013306, 379.0296796050102, 383.70969703115253, 374.06090761139023, 386.03047680244765, 386.7960962453931, 385.76980015597, 384.70782158240354], "samples_total_num": [1854, 1854, 1854, 1854, 1854, 1854, 1854, 1854, 1854, 1854, 1854, 1854, 1854, 1854, 1854], "samples_total_s": [4.917861461639404, 5.0075178146362305, 5.010314464569092, 4.8072669506073, 4.820154666900635, 4.928430557250977, 4.9614644050598145, 4.854560136795044, 4.891437530517578, 4.831777811050415, 4.956412076950073, 4.802729606628418, 4.793223142623901, 4.805974960327148, 4.819241762161255], "dna_pr": [0.7325327396392822, 0.6965944170951843, 0.7574999928474426, 0.7862253785133362, 0.7739204168319702, 0.7742214798927307, 0.7655986547470093, 0.738170325756073, 0.7741659283638, 0.76606684923172, 0.7718405723571777, 0.7597672343254089, 0.7492038011550903, 0.7735849022865295, 0.7560166120529175], "dna_rec": [0.543319821357727, 0.7287449240684509, 0.7360323667526245, 0.7117409110069275, 0.7400809526443481, 0.7246963381767273, 0.7352226972579956, 0.75789475440979, 0.7327935099601746, 0.7238866686820984, 0.7368420958518982, 0.7400809526443481, 0.7619433403015137, 0.7303643822669983, 0.7376518249511719], "dna_f1": [0.6238958239555359, 0.7123070955276489, 0.7466118931770325, 0.74713134765625, 0.7566224932670593, 0.7486407160758972, 0.7501032948493958, 0.7479024529457092, 0.7529118061065674, 0.7443796992301941, 0.7539353370666504, 0.7497949004173279, 0.7555198669433594, 0.7513536214828491, 0.7467213273048401], "rna_pr": [0.7528089880943298, 0.7864077687263489, 0.8764045238494873, 0.8965517282485962, 0.8316831588745117, 0.8494623899459839, 0.801886796951294, 0.8899999856948853, 0.822429895401001, 0.8673469424247742, 0.8585858345031738, 0.8349514603614807, 0.8543689250946045, 0.8865979313850403, 0.8585858345031738], "rna_rec": [0.6442307829856873, 0.7788461446762085, 0.75, 0.75, 0.807692289352417, 0.7596153616905212, 0.817307710647583, 0.8557692170143127, 0.8461538553237915, 0.817307710647583, 0.817307710647583, 0.8269230723381042, 0.8461538553237915, 0.8269230723381042, 0.817307710647583], "rna_f1": [0.6943005323410034, 0.7826086282730103, 0.8082901835441589, 0.8167539834976196, 0.819512128829956, 0.8020305037498474, 0.8095237612724304, 0.8725489974021912, 0.8341231942176819, 0.8415841460227966, 0.8374384045600891, 0.8309178948402405, 0.8502415418624878, 0.8557213544845581, 0.8374384045600891], "cell_type_pr": [0.7230443954467773, 0.7030497789382935, 0.7639405131340027, 0.7553191781044006, 0.7084639668464661, 0.72295081615448, 0.7283333539962769, 0.7274247407913208, 0.6940063238143921, 0.7461140155792236, 0.7345132827758789, 0.7732341885566711, 0.7304492592811584, 0.7583187222480774, 0.797373354434967], "cell_type_rec": [0.5796610116958618, 0.7423728704452515, 0.696610152721405, 0.7220339179039001, 0.7661017179489136, 0.7474576234817505, 0.7406779527664185, 0.7372881174087524, 0.7457627058029175, 0.7322033643722534, 0.7033898234367371, 0.7050847411155701, 0.7440677881240845, 0.7338982820510864, 0.7203390002250671], "cell_type_f1": [0.6434618830680847, 0.7221764326095581, 0.728723406791687, 0.7383015751838684, 0.7361563444137573, 0.7350000143051147, 0.7344537973403931, 0.7323232293128967, 0.7189542651176453, 0.7390932440757751, 0.7186146974563599, 0.73758864402771, 0.737195611000061, 0.7459086775779724, 0.756901204586029], "protein_pr": [0.7440677881240845, 0.7020057439804077, 0.7714850306510925, 0.787930428981781, 0.7869565486907959, 0.7945301532745361, 0.7908874750137329, 0.7990003824234009, 0.7552133202552795, 0.7940234541893005, 0.7966398596763611, 0.7856164574623108, 0.8095582723617554, 0.7915206551551819, 0.8070993423461914], "protein_rec": [0.7688266038894653, 0.8581436276435852, 0.8206654787063599, 0.8094570636749268, 0.8241681456565857, 0.7936952710151672, 0.8147110342979431, 0.7838879227638245, 0.8245183825492859, 0.781786322593689, 0.7971978783607483, 0.80350261926651, 0.7831873893737793, 0.7912434339523315, 0.7884413599967957],