{"test_metrics": {"seen__f1": 0.0, "seen__pr": 0.0, "seen__rec": 0.0, "seen__ner_f1": 0.5502958297729492, "seen__ner_pr": 0.40542078018188477, "seen__ner_rec": 0.856285035610199, "seen__macro_f1": 0.0, "seen__macro_pr": 0.0, "seen__macro_rec": 0.0, "seen__macro_ner_f1": 0.491732120513916, "seen__macro_ner_pr": 0.35919249057769775, "seen__macro_ner_rec": 0.817841649055481, "seen__samples_per_s": 475.4672695262386, "seen__samples_total_num": 1854, "seen__samples_total_s": 3.899322032928467, "seen__dna_pr": 0.2455546110868454, "seen__dna_rec": 0.7816711664199829, "seen__dna_f1": 0.37371134757995605, "seen__rna_pr": 0.2673267424106598, "seen__rna_rec": 0.8181818127632141, "seen__rna_f1": 0.4029850661754608, "seen__cell_type_pr": 0.4937303960323334, "seen__cell_type_rec": 0.7875000238418579, "seen__cell_type_f1": 0.6069363951683044, "seen__protein_pr": 0.4642140567302704, "seen__protein_rec": 0.8978008031845093, "seen__protein_f1": 0.6119929552078247, "seen__cell_line_pr": 0.32513660192489624, "seen__cell_line_rec": 0.8040540814399719, "seen__cell_line_f1": 0.463034987449646, "unseen__f1": 0.0, "unseen__pr": 0.0, "unseen__rec": 0.0, "unseen__ner_f1": 0.49068862199783325, "unseen__ner_pr": 0.37206217646598816, "unseen__ner_rec": 0.7203669548034668, "unseen__macro_f1": 0.0, "unseen__macro_pr": 0.0, "unseen__macro_rec": 0.0, "unseen__macro_ner_f1": 0.5201728940010071, "unseen__macro_ner_pr": 0.424400269985199, "unseen__macro_ner_rec": 0.7203704714775085, "unseen__samples_per_s": 550.534720530468, "unseen__samples_total_num": 1854, "unseen__samples_total_s": 3.3676350116729736, "unseen__dna_pr": 0.5283657908439636, "unseen__dna_rec": 0.7222222089767456, "unseen__dna_f1": 0.6102690100669861, "unseen__rna_pr": 0.5643564462661743, "unseen__rna_rec": 0.8028169274330139, "unseen__rna_f1": 0.6627906560897827, "unseen__cell_type_pr": 0.2147335410118103, "unseen__cell_type_rec": 0.7210526466369629, "unseen__cell_type_f1": 0.3309178650379181, "unseen__protein_pr": 0.3227424621582031, "unseen__protein_rec": 0.7372039556503296, "unseen__protein_f1": 0.44894158840179443, "unseen__cell_line_pr": 0.49180328845977783, "unseen__cell_line_rec": 0.6185566782951355, "unseen__cell_line_f1": 0.5479452610015869}, "test_metrics_bounds": {"seen__f1": 0.0, "seen__pr": 0.0, "seen__rec": 0.0, "seen__ner_f1": 0.5563561320304871, "seen__ner_pr": 0.40993553400039673, "seen__ner_rec": 0.8654924035072327, "seen__macro_f1": 0.0, "seen__macro_pr": 0.0, "seen__macro_rec": 0.0, "seen__macro_ner_f1": 0.5563561320304871, "seen__macro_ner_pr": 0.40993553400039673, "seen__macro_ner_rec": 0.8654924035072327, "seen__samples_per_s": 475.4672695262386, "seen__samples_total_num": 1854, "seen__samples_total_s": 3.899322032928467, "unseen__f1": 0.0, "unseen__pr": 0.0, "unseen__rec": 0.0, "unseen__ner_f1": 0.5343167781829834, "unseen__ner_pr": 0.40519529581069946, "unseen__ner_rec": 0.7842201590538025, "unseen__macro_f1": 0.0, "unseen__macro_pr": 0.0, "unseen__macro_rec": 0.0, "unseen__macro_ner_f1": 0.5343167781829834, "unseen__macro_ner_pr": 0.40519529581069946, "unseen__macro_ner_rec": 0.7842201590538025, "unseen__samples_per_s": 550.534720530468, "unseen__samples_total_num": 1854, "unseen__samples_total_s": 3.3676350116729736}}