{"test_metrics": {"f1": 0.0, "pr": 0.0, "rec": 0.0, "ner_f1": 0.8699650764465332, "ner_pr": 0.8669354915618896, "ner_rec": 0.8730158805847168, "macro_f1": 0.0, "macro_pr": 0.0, "macro_rec": 0.0, "macro_ner_f1": 0.7898058891296387, "macro_ner_pr": 0.7797351479530334, "macro_ner_rec": 0.8009579181671143, "samples_per_s": 219.63517189034428, "samples_total_num": 5000, "samples_total_s": 22.765024185180664, "organization_pr": 0.6919060349464417, "organization_rec": 0.6992084383964539, "organization_f1": 0.6955380439758301, "location_pr": 0.9194148182868958, "location_rec": 0.9068231582641602, "location_f1": 0.9130756258964539, "person_pr": 0.7278845906257629, "person_rec": 0.796842098236084, "person_f1": 0.7608040571212769}, "test_metrics_bounds": {"f1": 0.0, "pr": 0.0, "rec": 0.0, "ner_f1": 0.8882656097412109, "ner_pr": 0.8851723074913025, "ner_rec": 0.8913806080818176, "macro_f1": 0.0, "macro_pr": 0.0, "macro_rec": 0.0, "macro_ner_f1": 0.8882656097412109, "macro_ner_pr": 0.8851723074913025, "macro_ner_rec": 0.8913806080818176, "samples_per_s": 219.63517189034428, "samples_total_num": 5000, "samples_total_s": 22.765024185180664}, "metrics": {"f1": [0.0, 0.0, 0.0, 0.0, 0.0, 0.0, 0.0], "pr": [0.0, 0.0, 0.0, 0.0, 0.0, 0.0, 0.0], "rec": [0.0, 0.0, 0.0, 0.0, 0.0, 0.0, 0.0], "ner_f1": [0.8000181317329407, 0.8311700224876404, 0.8547831773757935, 0.8462858200073242, 0.8615117073059082, 0.8386906385421753, 0.858955442905426], "ner_pr": [0.7881742715835571, 0.8078127503395081, 0.8757373690605164, 0.8092354536056519, 0.8557525873184204, 0.7714396119117737, 0.8567498326301575], "ner_rec": [0.8122234344482422, 0.8559181690216064, 0.8348082304000854, 0.8868916034698486, 0.867348849773407, 0.918786883354187, 0.8611725568771362], "macro_f1": [0.0, 0.0, 0.0, 0.0, 0.0, 0.0, 0.0], "macro_pr": [0.0, 0.0, 0.0, 0.0, 0.0, 0.0, 0.0], "macro_rec": [0.0, 0.0, 0.0, 0.0, 0.0, 0.0, 0.0], "macro_ner_f1": [0.6819307208061218, 0.7510066032409668, 0.7689865231513977, 0.7662180066108704, 0.7794287800788879, 0.7471376061439514, 0.7855582237243652], "macro_ner_pr": [0.6667640805244446, 0.7542999386787415, 0.8128060698509216, 0.7474963068962097, 0.7647174000740051, 0.6703710556030273, 0.7997153401374817], "macro_ner_rec": [0.6993661522865295, 0.7508789896965027, 0.7317648530006409, 0.7891032099723816, 0.7952715754508972, 0.8550987839698792, 0.7730674743652344], "samples_per_s": [210.4554349011779, 211.501000235448, 214.8763318036996, 213.8851890611601, 214.5456480661672, 217.75905847849222, 221.92429167127918], "samples_total_num": [5000, 5000, 5000, 5000, 5000, 5000, 5000], "samples_total_s": [23.757998943328857, 23.640550136566162, 23.269198417663574, 23.37702775001526, 23.305063724517822, 22.96115732192993, 22.530205965042114], "organization_pr": [0.4772475063800812, 0.6626825928688049, 0.7250803709030151, 0.6338028311729431, 0.6625766754150391, 0.47239747643470764, 0.7094133496284485], "organization_rec": [0.559167742729187, 0.6488946676254272, 0.5864759683609009, 0.7022106647491455, 0.7022106647491455, 0.7789337038993835, 0.6762028336524963], "organization_f1": [0.514970064163208, 0.6557161211967468, 0.6484543681144714, 0.6662554144859314, 0.6818181872367859, 0.5881198048591614, 0.6924101114273071], "location_pr": [0.8468694090843201, 0.8262889981269836, 0.9009110331535339, 0.8315334916114807, 0.9090573191642761, 0.8255789279937744, 0.8789997696876526], "location_rec": [0.8694747090339661, 0.9144116640090942, 0.8839231133460999, 0.9428186416625977, 0.9032692313194275, 0.9516346454620361, 0.9081670045852661], "location_f1": [0.8580231666564941, 0.8681197166442871, 0.8923362493515015, 0.8836862444877625, 0.9061539769172668, 0.8841363191604614, 0.8933453559875488], "person_pr": [0.6761753559112549, 0.7739283442497253, 0.812426745891571, 0.7771524786949158, 0.7225181460380554, 0.7131367325782776, 0.8107328414916992], "person_rec": [0.6694560647010803, 0.689330518245697, 0.7248954176902771, 0.7222803235054016, 0.7803347110748291, 0.8347280621528625, 0.7348326444625854], "person_f1": [0.6727989315986633, 0.7291839718818665, 0.7661691308021545, 0.7487123012542725, 0.7503142952919006, 0.7691566348075867, 0.7709190845489502]}}