{"test_metrics": {"f1": 0.0, "pr": 0.0, "rec": 0.0, "ner_f1": 0.7910847067832947, "ner_pr": 0.790479838848114, "ner_rec": 0.7916905879974365, "macro_f1": 0.0, "macro_pr": 0.0, "macro_rec": 0.0, "macro_ner_f1": 0.7886826992034912, "macro_ner_pr": 0.7910619974136353, "macro_ner_rec": 0.7881003618240356, "samples_per_s": 385.0773466611416, "samples_total_num": 1854, "samples_total_s": 4.814617156982422, "dna_pr": 0.7936371564865112, "dna_rec": 0.7473683953285217, "dna_f1": 0.7698081731796265, "rna_pr": 0.8571428656578064, "rna_rec": 0.8653846383094788, "rna_f1": 0.8612440824508667, "cell_type_pr": 0.7846441864967346, "cell_type_rec": 0.7101694941520691, "cell_type_f1": 0.745551586151123, "protein_pr": 0.7993890047073364, "protein_rec": 0.8248686790466309, "protein_f1": 0.8119289875030518, "cell_line_pr": 0.7204968929290771, "cell_line_rec": 0.7927107214927673, "cell_line_f1": 0.7548806667327881}, "test_metrics_bounds": {"f1": 0.0, "pr": 0.0, "rec": 0.0, "ner_f1": 0.8291236162185669, "ner_pr": 0.8286479115486145, "ner_rec": 0.8295998573303223, "macro_f1": 0.0, "macro_pr": 0.0, "macro_rec": 0.0, "macro_ner_f1": 0.8291236162185669, "macro_ner_pr": 0.8286479115486145, "macro_ner_rec": 0.8295998573303223, "samples_per_s": 385.0773466611416, "samples_total_num": 1854, "samples_total_s": 4.814617156982422}, "metrics": {"f1": [0.0, 0.0, 0.0, 0.0, 0.0, 0.0, 0.0, 0.0, 0.0, 0.0, 0.0, 0.0, 0.0], "pr": [0.0, 0.0, 0.0, 0.0, 0.0, 0.0, 0.0, 0.0, 0.0, 0.0, 0.0, 0.0, 0.0], "rec": [0.0, 0.0, 0.0, 0.0, 0.0, 0.0, 0.0, 0.0, 0.0, 0.0, 0.0, 0.0, 0.0], "ner_f1": [0.7066088914871216, 0.7623172998428345, 0.7910847067832947, 0.7879658937454224, 0.7862673401832581, 0.7877304553985596, 0.7847982048988342, 0.7855325937271118, 0.7811504006385803, 0.7812411785125732, 0.7860829830169678, 0.7869921326637268, 0.78673255443573], "ner_pr": [0.6813011169433594, 0.7209421396255493, 0.790479838848114, 0.7886459827423096, 0.7667394280433655, 0.7744680643081665, 0.7677655816078186, 0.7730811834335327, 0.7648137807846069, 0.7642857432365417, 0.7848826050758362, 0.7665638327598572, 0.7662432193756104], "ner_rec": [0.7338694334030151, 0.8087306022644043, 0.7916905879974365, 0.7872869968414307, 0.8068159818649292, 0.8014550805091858, 0.8026038408279419, 0.7983916997909546, 0.798200249671936, 0.798966109752655, 0.7872869968414307, 0.8085391521453857, 0.8083477020263672], "macro_f1": [0.0, 0.0, 0.0, 0.0, 0.0, 0.0, 0.0, 0.0, 0.0, 0.0, 0.0, 0.0, 0.0], "macro_pr": [0.0, 0.0, 0.0, 0.0, 0.0, 0.0, 0.0, 0.0, 0.0, 0.0, 0.0, 0.0, 0.0], "macro_rec": [0.0, 0.0, 0.0, 0.0, 0.0, 0.0, 0.0, 0.0, 0.0, 0.0, 0.0, 0.0, 0.0], "macro_ner_f1": [0.6910744905471802, 0.758324921131134, 0.7886826992034912, 0.7864254117012024, 0.7872165441513062, 0.7824787497520447, 0.7838377952575684, 0.786306619644165, 0.7814926505088806, 0.7797082662582397, 0.7811476588249207, 0.7815749049186707, 0.782509446144104], "macro_ner_pr": [0.7037250399589539, 0.730941891670227, 0.7910619974136353, 0.8090718388557434, 0.7885868549346924, 0.7942647933959961, 0.7782630324363708, 0.7891502976417542, 0.7852336168289185, 0.7711575031280518, 0.7949203848838806, 0.7819807529449463, 0.7743483185768127], "macro_ner_rec": [0.687836229801178, 0.7922283411026001, 0.7881003618240356, 0.7676241993904114, 0.7879678010940552, 0.7746546864509583, 0.7914160490036011, 0.7846901416778564, 0.7792092561721802, 0.7893527746200562, 0.7692674398422241, 0.7825843095779419, 0.7919372916221619], "samples_per_s": [362.3750874804104, 369.878721284566, 381.9747098879477, 381.7114043420003, 380.9221871372478, 377.6043990333897, 372.64878684897013, 379.6596768344233, 382.5611421459631, 376.6564303167115, 384.7913155830386, 381.61764856570954, 379.7391579045549], "samples_total_num": [1854, 1854, 1854, 1854, 1854, 1854, 1854, 1854, 1854, 1854, 1854, 1854, 1854], "samples_total_s": [5.116245746612549, 5.01245379447937, 4.853724479675293, 4.857072591781616, 4.867135763168335, 4.909900426864624, 4.975193977355957, 4.8833208084106445, 4.8462841510772705, 4.922257661819458, 4.818196058273315, 4.8582658767700195, 4.882298707962036], "dna_pr": [0.7272727489471436, 0.7269890904426575, 0.7936371564865112, 0.7976080775260925, 0.7478329539299011, 0.7539808750152588, 0.7575516700744629, 0.7523511052131653, 0.7249240279197693, 0.7522559762001038, 0.7530072331428528, 0.7494145035743713, 0.7341867685317993], "dna_rec": [0.5700404644012451, 0.7546558976173401, 0.7473683953285217, 0.7020242810249329, 0.7684210538864136, 0.7668015956878662, 0.7716599106788635, 0.7773279547691345, 0.7724696397781372, 0.7425101399421692, 0.7603238821029663, 0.7773279547691345, 0.7894737124443054], "dna_f1": [0.6391284465789795, 0.7405641674995422, 0.7698081731796265, 0.7467699646949768, 0.7579872608184814, 0.7603371739387512, 0.7645407319068909, 0.7646356225013733, 0.7479420304298401, 0.7473512887954712, 0.7566478252410889, 0.7631161212921143, 0.7608271837234497], "rna_pr": [0.7727272510528564, 0.7627118825912476, 0.8571428656578064, 0.9157894849777222, 0.8979591727256775, 0.8613861203193665, 0.8230088353157043, 0.918367326259613, 0.8969072103500366, 0.8440366983413696, 0.9021739363670349, 0.8613861203193665, 0.8725489974021912], "rna_rec": [0.6538461446762085, 0.8653846383094788, 0.8653846383094788, 0.8365384340286255, 0.8461538553237915, 0.8365384340286255, 0.8942307829856873, 0.8653846383094788, 0.8365384340286255, 0.8846153616905212, 0.7980769276618958, 0.8365384340286255, 0.8557692170143127], "rna_f1": [0.7083333134651184, 0.8108108043670654, 0.8612440824508667, 0.8743718266487122, 0.8712871670722961, 0.8487804532051086, 0.8571428656578064, 0.8910890817642212, 0.8656716346740723, 0.8638498187065125, 0.8469387888908386, 0.8487804532051086, 0.8640776872634888], "cell_type_pr": [0.6884681582450867, 0.6600284576416016, 0.7846441864967346, 0.7335526347160339, 0.7259615659713745, 0.7332214713096619, 0.7413793206214905, 0.6998368501663208, 0.7526690363883972, 0.7038834691047668, 0.7142857313156128, 0.73591548204422, 0.6980830430984497], "cell_type_rec": [0.6779661178588867, 0.7864406704902649, 0.7101694941520691, 0.7559322118759155, 0.7677966356277466, 0.7406779527664185, 0.7288135886192322, 0.7271186709403992, 0.7169491648674011, 0.7372881174087524, 0.7372881174087524, 0.7084745764732361, 0.7406779527664185], "cell_type_f1": [0.6831767559051514, 0.7177107930183411, 0.745551586151123, 0.7445743680000305, 0.746293306350708, 0.7369309067726135, 0.7350427508354187, 0.71321702003479, 0.7343750596046448, 0.7201986908912659, 0.7256047129631042, 0.7219343185424805, 0.71875], "protein_pr": [0.6677098274230957, 0.7227015495300293, 0.7993890047073364, 0.7900098562240601, 0.7747429013252258, 0.7800387740135193, 0.7708868980407715, 0.7905427813529968, 0.7789404988288879, 0.776235044002533, 0.8081052899360657, 0.7729437947273254, 0.78914475440979], "protein_rec": [0.8220665454864502, 0.8507881164550781, 0.8248686790466309, 0.8420315384864807, 0.8444833755493164, 0.8458844423294067, 0.8402802348136902, 0.8315236568450928, 0.8343257308006287, 0.8420315384864807, 0.8171628713607788, 0.8525394201278687, 0.8402802348136902], "protein_f1": [0.7368916869163513, 0.7815315127372742, 0.8119289875030518, 0.8151915669441223, 0.8081112504005432, 0.8116283416748047, 0.8040891885757446, 0.8105154633522034, 0.8056824207305908, 0.8077957034111023, 0.8126088380813599, 0.8107928037643433, 0.8139100670814514], "cell_line_pr": [0.6624472737312317, 0.7822784781455994, 0.7204968929290771, 0.808398962020874, 0.796437680721283, 0.8426966071128845, 0.7984886765480042, 0.7846534848213196, 0.7727272510528564, 0.7793765068054199, 0.7970296740531921, 0.790243923664093, 0.7777777910232544], "cell_line_rec": [0.7152619361877441, 0.7038724422454834, 0.7927107214927673, 0.7015945315361023, 0.712984025478363, 0.6833713054656982, 0.7220956683158875, 0.7220956683158875, 0.7357630729675293, 0.7403188943862915, 0.733485221862793, 0.7380409836769104, 0.733485221862793],