{"test_metrics": {"f1": 0.0, "pr": 0.0, "rec": 0.0, "ner_f1": 0.7600039839744568, "ner_pr": 0.7852184772491455, "ner_rec": 0.7363584041595459, "macro_f1": 0.0, "macro_pr": 0.0, "macro_rec": 0.0, "macro_ner_f1": 0.7624675631523132, "macro_ner_pr": 0.804195761680603, "macro_ner_rec": 0.7265740633010864, "samples_per_s": 387.8589725186245, "samples_total_num": 1854, "samples_total_s": 4.780087947845459, "dna_pr": 0.7588339447975159, "dna_rec": 0.695546567440033, "dna_f1": 0.7258133292198181, "rna_pr": 0.9042553305625916, "rna_rec": 0.817307710647583, "rna_f1": 0.8585858345031738, "cell_type_pr": 0.7437276244163513, "cell_type_rec": 0.7033898234367371, "cell_type_f1": 0.7229964733123779, "protein_pr": 0.7962427735328674, "protein_rec": 0.7719789743423462, "protein_f1": 0.7839231491088867, "cell_line_pr": 0.8179190754890442, "cell_line_rec": 0.644646942615509, "cell_line_f1": 0.7210190892219543}, "test_metrics_bounds": {"f1": 0.0, "pr": 0.0, "rec": 0.0, "ner_f1": 0.8030048608779907, "ner_pr": 0.8299959301948547, "ner_rec": 0.7777139544487, "macro_f1": 0.0, "macro_pr": 0.0, "macro_rec": 0.0, "macro_ner_f1": 0.8030048608779907, "macro_ner_pr": 0.8299959301948547, "macro_ner_rec": 0.7777139544487, "samples_per_s": 387.8589725186245, "samples_total_num": 1854, "samples_total_s": 4.780087947845459}, "metrics": {"f1": [0.0, 0.0, 0.0, 0.0, 0.0, 0.0, 0.0, 0.0, 0.0, 0.0, 0.0, 0.0, 0.0, 0.0, 0.0, 0.0, 0.0, 0.0, 0.0, 0.0], "pr": [0.0, 0.0, 0.0, 0.0, 0.0, 0.0, 0.0, 0.0, 0.0, 0.0, 0.0, 0.0, 0.0, 0.0, 0.0, 0.0, 0.0, 0.0, 0.0, 0.0], "rec": [0.0, 0.0, 0.0, 0.0, 0.0, 0.0, 0.0, 0.0, 0.0, 0.0, 0.0, 0.0, 0.0, 0.0, 0.0, 0.0, 0.0, 0.0, 0.0, 0.0], "ner_f1": [0.6820418834686279, 0.7397585511207581, 0.7546225190162659, 0.7515974640846252, 0.7523618340492249, 0.7493639588356018, 0.7418776750564575, 0.7459744215011597, 0.7482525110244751, 0.7563456892967224, 0.749113142490387, 0.7581071853637695, 0.7531923651695251, 0.7488464713096619, 0.751018762588501, 0.7572283148765564, 0.7583431005477905, 0.7600039839744568, 0.7590109705924988, 0.7594134211540222], "ner_pr": [0.6875486373901367, 0.765513002872467, 0.7591552138328552, 0.7853119373321533, 0.7918341159820557, 0.7997393608093262, 0.7736437320709229, 0.7607483863830566, 0.7701662182807922, 0.7811097502708435, 0.7717766761779785, 0.7762840986251831, 0.7862945199012756, 0.7863913774490356, 0.7809011936187744, 0.7757028341293335, 0.7780463099479675, 0.7852184772491455, 0.7883663177490234, 0.7870199084281921], "ner_rec": [0.6766226291656494, 0.7156806588172913, 0.7501435875892639, 0.7206586003303528, 0.7166379690170288, 0.7049588561058044, 0.7126172780990601, 0.7317633628845215, 0.7275512218475342, 0.7331035733222961, 0.7277426719665527, 0.7407619953155518, 0.7227646708488464, 0.7147233486175537, 0.7233390808105469, 0.7396132349967957, 0.7396132349967957, 0.7363584041595459, 0.7317633628845215, 0.7336779832839966], "macro_f1": [0.0, 0.0, 0.0, 0.0, 0.0, 0.0, 0.0, 0.0, 0.0, 0.0, 0.0, 0.0, 0.0, 0.0, 0.0, 0.0, 0.0, 0.0, 0.0, 0.0], "macro_pr": [0.0, 0.0, 0.0, 0.0, 0.0, 0.0, 0.0, 0.0, 0.0, 0.0, 0.0, 0.0, 0.0, 0.0, 0.0, 0.0, 0.0, 0.0, 0.0, 0.0], "macro_rec": [0.0, 0.0, 0.0, 0.0, 0.0, 0.0, 0.0, 0.0, 0.0, 0.0, 0.0, 0.0, 0.0, 0.0, 0.0, 0.0, 0.0, 0.0, 0.0, 0.0], "macro_ner_f1": [0.6227278709411621, 0.7353870868682861, 0.7559844255447388, 0.7500267028808594, 0.7619266510009766, 0.7547318935394287, 0.7416136860847473, 0.7474477887153625, 0.7469583749771118, 0.7568598389625549, 0.7426853179931641, 0.7566494941711426, 0.7462285757064819, 0.7417084574699402, 0.749962329864502, 0.7558445334434509, 0.7553020715713501, 0.7624675631523132, 0.7602101564407349, 0.7606351375579834], "macro_ner_pr": [0.7074288129806519, 0.7777857184410095, 0.786860466003418, 0.7909590005874634, 0.8015928268432617, 0.8169698715209961, 0.765626847743988, 0.7747017741203308, 0.7874358892440796, 0.792688250541687, 0.7849198579788208, 0.7900971174240112, 0.7912020087242126, 0.8039741516113281, 0.8036856651306152, 0.7862826585769653, 0.794418454170227, 0.804195761680603, 0.8066681623458862, 0.807747483253479], "macro_ner_rec": [0.6055613160133362, 0.6989076733589172, 0.7292283177375793, 0.7142924070358276, 0.7263718843460083, 0.7032066583633423, 0.7213874459266663, 0.7235785126686096, 0.7133626937866211, 0.7244843244552612, 0.7075487375259399, 0.7289277911186218, 0.7074854969978333, 0.6933541893959045, 0.7069284319877625, 0.729714572429657, 0.7224313616752625, 0.7265740633010864, 0.7198489904403687, 0.7201015949249268], "samples_per_s": [368.4457199189046, 381.47389179632216, 373.2497970732761, 383.4258824021325, 385.83373023630594, 388.03035186072935, 385.5954017975154, 385.0468387915606, 384.9529049187703, 384.6485259229833, 389.791253365831, 381.3334596559572, 385.76807778225907, 384.8387515930527, 387.0773324423927, 386.93717346029155, 386.9035403966395, 391.07119911730064, 388.978872185111, 387.4055437141003], "samples_total_num": [1854, 1854, 1854, 1854, 1854, 1854, 1854, 1854, 1854, 1854, 1854, 1854, 1854, 1854, 1854, 1854, 1854, 1854, 1854, 1854], "samples_total_s": [5.031948804855347, 4.86009669303894, 4.967182874679565, 4.835354328155518, 4.805178642272949, 4.777976751327515, 4.808148622512817, 4.814998626708984, 4.816173553466797, 4.819984674453735, 4.756392002105713, 4.861886501312256, 4.805996417999268, 4.817602157592773, 4.789740562438965, 4.791475534439087, 4.791892051696777, 4.7408246994018555, 4.7663257122039795, 4.785682678222656], "dna_pr": [0.6987366080284119, 0.6897394061088562, 0.7725204825401306, 0.7511071562767029, 0.7433930039405823, 0.7752596735954285, 0.7035573124885559, 0.6912225484848022, 0.7517985701560974, 0.7523892521858215, 0.7294727563858032, 0.7477954030036926, 0.7777777910232544, 0.7515695095062256, 0.7663896679878235, 0.7680642008781433, 0.7491379380226135, 0.7588339447975159, 0.758436918258667, 0.7643369436264038], "dna_rec": [0.582186222076416, 0.6858299374580383, 0.6874493956565857, 0.686639666557312, 0.7060728669166565, 0.6647773385047913, 0.7206477522850037, 0.7141700387001038, 0.6769230961799622, 0.7012145519256592, 0.6834008097648621, 0.686639666557312, 0.6688259243965149, 0.6785424947738647, 0.6720647811889648, 0.6971659660339355, 0.7036437392234802, 0.695546567440033, 0.6914979815483093, 0.6906882524490356], "dna_f1": [0.6351589560508728, 0.6877791285514832, 0.7275064587593079, 0.7174281477928162, 0.7242525219917297, 0.7157803177833557, 0.7120000123977661, 0.7025089263916016, 0.7123988270759583, 0.7259011268615723, 0.7056856751441956, 0.7159138917922974, 0.7191988825798035, 0.7131915092468262, 0.7161346673965454, 0.7308997511863708, 0.7256784439086914, 0.7258133292198181, 0.7234222292900085, 0.7256487011909485], "rna_pr": [0.77173912525177, 0.8539325594902039, 0.8913043737411499, 0.8736842274665833, 0.8913043737411499, 0.9411764740943909, 0.8349514603614807, 0.8556700944900513, 0.8829787373542786, 0.901098906993866, 0.8526315689086914, 0.8645833134651184, 0.8586956262588501, 0.8977272510528564, 0.9032257795333862, 0.8673469424247742, 0.8829787373542786, 0.9042553305625916, 0.9120879173278809, 0.9213483333587646], "rna_rec": [0.682692289352417, 0.7307692170143127, 0.7884615659713745, 0.7980769276618958, 0.7884615659713745, 0.7692307829856873, 0.8269230723381042, 0.7980769276618958, 0.7980769276618958, 0.7884615659713745, 0.7788461446762085, 0.7980769276618958, 0.7596153616905212, 0.7596153616905212, 0.807692289352417, 0.817307710647583, 0.7980769276618958, 0.817307710647583, 0.7980769276618958, 0.7884615659713745], "rna_f1": [0.7244898080825806, 0.787564754486084, 0.8367347717285156, 0.8341708779335022, 0.8367347717285156, 0.8465608358383179, 0.8309178948402405, 0.8258705735206604, 0.8383838534355164, 0.841025710105896, 0.8140703439712524, 0.8299999833106995, 0.8061224222183228, 0.822916567325592, 0.8527918457984924, 0.8415841460227966, 0.8383838534355164, 0.8585858345031738, 0.8512820601463318, 0.8497409820556641],