{"test_metrics": {"f1": 0.0, "pr": 0.0, "rec": 0.0, "ner_f1": 0.866223931312561, "ner_pr": 0.8703527450561523, "ner_rec": 0.8621340990066528, "macro_f1": 0.0, "macro_pr": 0.0, "macro_rec": 0.0, "macro_ner_f1": 0.8269890546798706, "macro_ner_pr": 0.8308841586112976, "macro_ner_rec": 0.8238363265991211, "samples_per_s": 177.40526594057312, "samples_total_num": 288, "samples_total_s": 1.6234016418457031, "loc_pr": 0.9131513833999634, "loc_rec": 0.8888888955116272, "loc_f1": 0.9008567929267883, "org_pr": 0.8097561001777649, "org_rec": 0.8512820601463318, "org_f1": 0.8299999833106995, "peop_pr": 0.9339622855186462, "peop_rec": 0.9339622855186462, "peop_f1": 0.9339622855186462, "other_pr": 0.6666666865348816, "other_rec": 0.6212121248245239, "other_f1": 0.6431372761726379}, "test_metrics_bounds": {"f1": 0.0, "pr": 0.0, "rec": 0.0, "ner_f1": 0.8836104869842529, "ner_pr": 0.8891013264656067, "ner_rec": 0.8781869411468506, "macro_f1": 0.0, "macro_pr": 0.0, "macro_rec": 0.0, "macro_ner_f1": 0.8836104869842529, "macro_ner_pr": 0.8891013264656067, "macro_ner_rec": 0.8781869411468506, "samples_per_s": 177.40526594057312, "samples_total_num": 288, "samples_total_s": 1.6234016418457031}, "metrics": {"f1": [0.0, 0.0, 0.0, 0.0, 0.0, 0.0, 0.0, 0.0, 0.0, 0.0, 0.0, 0.0, 0.0, 0.0, 0.0, 0.0, 0.0, 0.0, 0.0, 0.0, 0.0, 0.0, 0.0, 0.0, 0.0, 0.0, 0.0, 0.0, 0.0, 0.0], "pr": [0.0, 0.0, 0.0, 0.0, 0.0, 0.0, 0.0, 0.0, 0.0, 0.0, 0.0, 0.0, 0.0, 0.0, 0.0, 0.0, 0.0, 0.0, 0.0, 0.0, 0.0, 0.0, 0.0, 0.0, 0.0, 0.0, 0.0, 0.0, 0.0, 0.0], "rec": [0.0, 0.0, 0.0, 0.0, 0.0, 0.0, 0.0, 0.0, 0.0, 0.0, 0.0, 0.0, 0.0, 0.0, 0.0, 0.0, 0.0, 0.0, 0.0, 0.0, 0.0, 0.0, 0.0, 0.0, 0.0, 0.0, 0.0, 0.0, 0.0, 0.0], "ner_f1": [0.5137227177619934, 0.7643236517906189, 0.7541738748550415, 0.7799885869026184, 0.7818396091461182, 0.8325688242912292, 0.7985739707946777, 0.8278688788414001, 0.8207762837409973, 0.8393172025680542, 0.8133640289306641, 0.8232662677764893, 0.8343057632446289, 0.8344748616218567, 0.8306818604469299, 0.819101095199585, 0.835702121257782, 0.8426396250724792, 0.8414424061775208, 0.8528037667274475, 0.8263888955116272, 0.8377143740653992, 0.8418046236038208, 0.8444961905479431, 0.8489124178886414, 0.8473412990570068, 0.8451025485992432, 0.8457996845245361, 0.8508415222167969, 0.8451688289642334], "ner_pr": [0.668498158454895, 0.790953516960144, 0.7598608136177063, 0.7760180830955505, 0.8075517416000366, 0.8354430198669434, 0.8316831588745117, 0.848739504814148, 0.8198403716087341, 0.8652912378311157, 0.8199767470359802, 0.8061336278915405, 0.8522049784660339, 0.8335233926773071, 0.8259887099266052, 0.8055248856544495, 0.831447958946228, 0.8318485617637634, 0.8428899049758911, 0.8721624612808228, 0.8370457291603088, 0.8377143144607544, 0.8413242101669312, 0.8610451221466064, 0.8740919828414917, 0.8478260636329651, 0.8422247171401978, 0.8516801595687866, 0.864386796951294, 0.8612099885940552], "ner_rec": [0.4171428680419922, 0.7394285798072815, 0.7485714554786682, 0.7839999794960022, 0.7577142715454102, 0.829714298248291, 0.7680000066757202, 0.8080000281333923, 0.8217142820358276, 0.8148571252822876, 0.806857168674469, 0.8411428332328796, 0.8171428442001343, 0.8354285955429077, 0.8354285955429077, 0.833142876625061, 0.8399999737739563, 0.8537142872810364, 0.8399999737739563, 0.8342857360839844, 0.8159999847412109, 0.8377143144607544, 0.842285692691803, 0.8285714387893677, 0.8251428604125977, 0.8468571305274963, 0.8479999899864197, 0.8399999737739563, 0.8377143144607544, 0.829714298248291], "macro_f1": [0.0, 0.0, 0.0, 0.0, 0.0, 0.0, 0.0, 0.0, 0.0, 0.0, 0.0, 0.0, 0.0, 0.0, 0.0, 0.0, 0.0, 0.0, 0.0, 0.0, 0.0, 0.0, 0.0, 0.0, 0.0, 0.0, 0.0, 0.0, 0.0, 0.0], "macro_pr": [0.0, 0.0, 0.0, 0.0, 0.0, 0.0, 0.0, 0.0, 0.0, 0.0, 0.0, 0.0, 0.0, 0.0, 0.0, 0.0, 0.0, 0.0, 0.0, 0.0, 0.0, 0.0, 0.0, 0.0, 0.0, 0.0, 0.0, 0.0, 0.0, 0.0], "macro_rec": [0.0, 0.0, 0.0, 0.0, 0.0, 0.0, 0.0, 0.0, 0.0, 0.0, 0.0, 0.0, 0.0, 0.0, 0.0, 0.0, 0.0, 0.0, 0.0, 0.0, 0.0, 0.0, 0.0, 0.0, 0.0, 0.0, 0.0, 0.0, 0.0, 0.0], "macro_ner_f1": [0.35565388202667236, 0.6804347634315491, 0.6746129989624023, 0.71639484167099, 0.7378180027008057, 0.7802399396896362, 0.7363486289978027, 0.7692540884017944, 0.7641630172729492, 0.7792477011680603, 0.7573732733726501, 0.7738379836082458, 0.7796475291252136, 0.7856200933456421, 0.7819749116897583, 0.7639962434768677, 0.7811970710754395, 0.7950618267059326, 0.794715404510498, 0.7997115254402161, 0.7714670300483704, 0.7902397513389587, 0.7979329824447632, 0.7879345417022705, 0.7981544137001038, 0.8024804592132568, 0.8020539283752441, 0.799583911895752, 0.7999290227890015, 0.7856274843215942], "macro_ner_pr": [0.7152026891708374, 0.7631725072860718, 0.7508727312088013, 0.7457929849624634, 0.7689251899719238, 0.8014864921569824, 0.7853147983551025, 0.7938744425773621, 0.7684520483016968, 0.8156923651695251, 0.7980347275733948, 0.7681050896644592, 0.8070455193519592, 0.7906421422958374, 0.7998515367507935, 0.7541782259941101, 0.7869743704795837, 0.7893940210342407, 0.8034393787384033, 0.8336670398712158, 0.808023989200592, 0.8025301694869995, 0.8099918365478516, 0.8246361017227173, 0.8441125154495239, 0.8061040639877319, 0.8088381886482239, 0.8134414553642273, 0.8251955509185791, 0.8270456194877625], "macro_ner_rec": [0.32068997621536255, 0.6527580618858337, 0.6560441255569458, 0.7063790559768677, 0.7114444971084595, 0.7675837874412537, 0.7010027170181274, 0.7475041747093201, 0.7610912322998047, 0.7509400248527527, 0.7363726496696472, 0.7836428284645081, 0.7573935985565186, 0.7825149893760681, 0.7736760377883911, 0.7769965529441833, 0.7785959243774414, 0.8019011616706848, 0.7890369892120361, 0.7757908701896667, 0.7491937875747681, 0.7874842286109924, 0.7897776961326599, 0.7633905410766602, 0.7658536434173584, 0.8012227416038513, 0.7991856932640076, 0.7882025241851807, 0.7797559499740601, 0.7600898742675781], "samples_per_s": [190.69719944724665, 184.602049118015, 182.90890954007543, 149.8633240934931, 170.48840188407797, 163.40102002078763, 164.6025840427182, 157.13477514554137, 171.35643213439062, 173.8420001862431, 173.45754258094846, 161.98629020945876, 167.55163014013937, 156.93960423816722, 173.76542738041798, 172.37681484304363, 186.33306255077173, 179.82544713493067, 167.39814471666162, 178.17669148320306, 169.16535016784988, 185.01328359337586, 198.8988889892512, 177.1331322781348, 201.44191095369922, 189.53886940346027, 171.01604565773852, 155.2284885523334, 193.61892920134338, 182.43881948543844], "samples_total_num": [231, 231, 231, 231, 231, 231, 231, 231, 231, 231, 231, 231, 231, 231, 231, 231, 231, 231, 231, 231, 231, 231, 231, 231, 231, 231, 231, 231, 231, 231], "samples_total_s": [1.2113444805145264, 1.251340389251709, 1.2629237174987793, 1.5414044857025146, 1.3549308776855469, 1.4136998653411865, 1.4033801555633545, 1.4700756072998047, 1.348067283630371, 1.3287928104400635, 1.331737995147705, 1.42604660987854, 1.3786795139312744, 1.4719038009643555, 1.329378366470337, 1.3400874137878418, 1.239715576171875, 1.2845790386199951, 1.379943609237671, 1.2964658737182617, 1.365527868270874, 1.2485589981079102, 1.1613941192626953, 1.3041038513183594, 1.1467325687408447, 1.2187473773956299, 1.35075044631958, 1.488128900527954, 1.1930651664733887, 1.2661778926849365], "loc_pr": [0.5608108043670654, 0.7514451146125793, 0.6756097674369812, 0.7401574850082397, 0.8253424763679504, 0.818443775177002, 0.8501628637313843, 0.8976897597312927, 0.8477612137794495, 0.9117646813392639, 0.7801608443260193, 0.7994505763053894, 0.8850931525230408, 0.869300901889801, 0.8027027249336243, 0.8814102411270142, 0.8424068689346313, 0.8550295829772949, 0.8687499761581421, 0.9134615659713745, 0.8284883499145508, 0.8670886158943176, 0.8333333134651184, 0.8483964800834656, 0.8680981397628784, 0.9084967374801636, 0.847305417060852, 0.8650306463241577, 0.8727272748947144, 0.843478262424469],