{"test_metrics": {"unseen_ner_prec_micro": 58.17916260954236, "unseen_ner_rec_micro": 44.11221853082319, "unseen_ner_f1_micro": 50.17845895444047, "unseen_ner_prec_macro": 52.27142332232676, "unseen_ner_rec_macro": 58.42207643121584, "unseen_ner_f1_macro": 50.25852558787264, "unseen_loc_prec_micro": 67.26060761440841, "unseen_loc_rec_micro": 48.421926910299, "unseen_loc_f1_micro": 56.30734560283307, "unseen_loc_prec_macro": 67.26060761440841, "unseen_loc_rec_macro": 48.421926910299, "unseen_loc_f1_macro": 56.30734560283307, "unseen_cls_prec_micro": 87.14676390154969, "unseen_cls_rec_micro": 44.11221853082319, "unseen_cls_f1_micro": 58.574842227804666, "unseen_cls_prec_macro": 80.40406061326419, "unseen_cls_rec_macro": 58.42207643121584, "unseen_cls_f1_macro": 64.21865882064091, "unseen_epoch": 0.0, "unseen_iteration": 0.0, "unseen_global_iteration": 0.0, "seen_ner_prec_micro": 0.0, "seen_ner_rec_micro": 0.0, "seen_ner_f1_micro": 0.0, "seen_ner_prec_macro": 0.0, "seen_ner_rec_macro": 0.0, "seen_ner_f1_macro": 0.0, "seen_loc_prec_micro": 0.0, "seen_loc_rec_micro": 0.0, "seen_loc_f1_micro": 0.0, "seen_loc_prec_macro": 0.0, "seen_loc_rec_macro": 0.0, "seen_loc_f1_macro": 0.0, "seen_cls_prec_micro": 0.0, "seen_cls_rec_micro": 0.0, "seen_cls_f1_micro": 0.0, "seen_cls_prec_macro": NaN, "seen_cls_rec_macro": NaN, "seen_cls_f1_macro": NaN, "seen_epoch": 0.0, "seen_iteration": 0.0, "seen_global_iteration": 0.0, "ner_prec_micro": 58.16276803118908, "ner_rec_micro": 44.05684754521964, "ner_f1_micro": 50.13652593992859, "ner_prec_macro": 52.25061030895776, "ner_rec_macro": 58.33078540953802, "ner_f1_macro": 50.21954886755466, "loc_prec_micro": 67.18409236690187, "loc_rec_micro": 48.3296419342931, "loc_f1_micro": 56.21813107186946, "loc_prec_macro": 67.18409236690187, "loc_rec_macro": 48.3296419342931, "loc_f1_macro": 56.21813107186946, "cls_prec_micro": 87.24415204678363, "cls_rec_micro": 44.05684754521964, "cls_f1_micro": 58.54795192543537, "cls_prec_macro": 80.49564946617421, "cls_rec_macro": 58.33078540953802, "cls_f1_macro": 64.19518836311194, "epoch": 0.0, "iteration": 0.0, "global_iteration": 0.0}}