{"test_metrics": {"f1": 0.0, "pr": 0.0, "rec": 0.0, "ner_f1": 0.8855386972427368, "ner_pr": 0.8816443681716919, "ner_rec": 0.8894675970077515, "macro_f1": 0.0, "macro_pr": 0.0, "macro_rec": 0.0, "macro_ner_f1": 0.82390958070755, "macro_ner_pr": 0.8212190866470337, "macro_ner_rec": 0.8282032012939453, "samples_per_s": 218.31975669764248, "samples_total_num": 2050, "samples_total_s": 9.389896869659424, "per_pr": 0.9149982333183289, "per_rec": 0.9397546648979187, "per_f1": 0.9272112250328064, "org_pr": 0.8260869383811951, "org_rec": 0.7740740776062012, "org_f1": 0.7992351055145264, "wea_pr": 0.7830188870429993, "wea_rec": 0.7904762029647827, "wea_f1": 0.7867298722267151, "gpe_pr": 0.9013091921806335, "gpe_rec": 0.9141981601715088, "gpe_f1": 0.9077078700065613, "veh_pr": 0.8653846383094788, "veh_rec": 0.84112149477005, "veh_f1": 0.8530805706977844, "fac_pr": 0.7649253606796265, "fac_rec": 0.7347670197486877, "fac_f1": 0.7495429515838623, "loc_pr": 0.6928104758262634, "loc_rec": 0.8030303120613098, "loc_f1": 0.7438596487045288}, "test_metrics_bounds": {"f1": 0.0, "pr": 0.0, "rec": 0.0, "ner_f1": 0.9430660009384155, "ner_pr": 0.9389122724533081, "ner_rec": 0.9472565650939941, "macro_f1": 0.0, "macro_pr": 0.0, "macro_rec": 0.0, "macro_ner_f1": 0.9430660009384155, "macro_ner_pr": 0.9389122724533081, "macro_ner_rec": 0.9472565650939941, "samples_per_s": 218.31975669764248, "samples_total_num": 2050, "samples_total_s": 9.389896869659424}, "metrics": {"f1": [0.0, 0.0, 0.0, 0.0, 0.0, 0.0, 0.0, 0.0, 0.0, 0.0, 0.0, 0.0, 0.0, 0.0, 0.0, 0.0, 0.0, 0.0, 0.0, 0.0, 0.0, 0.0, 0.0, 0.0, 0.0], "pr": [0.0, 0.0, 0.0, 0.0, 0.0, 0.0, 0.0, 0.0, 0.0, 0.0, 0.0, 0.0, 0.0, 0.0, 0.0, 0.0, 0.0, 0.0, 0.0, 0.0, 0.0, 0.0, 0.0, 0.0, 0.0], "rec": [0.0, 0.0, 0.0, 0.0, 0.0, 0.0, 0.0, 0.0, 0.0, 0.0, 0.0, 0.0, 0.0, 0.0, 0.0, 0.0, 0.0, 0.0, 0.0, 0.0, 0.0, 0.0, 0.0, 0.0, 0.0], "ner_f1": [0.7839019894599915, 0.8301143050193787, 0.8573275208473206, 0.8509653806686401, 0.8577947616577148, 0.8682634830474854, 0.864493191242218, 0.8706932067871094, 0.8753453493118286, 0.8795063495635986, 0.8665738701820374, 0.8697001934051514, 0.8719497323036194, 0.8706532120704651, 0.876914381980896, 0.875836193561554, 0.8790035247802734, 0.8778169751167297, 0.8809891939163208, 0.8781003952026367, 0.8802868723869324, 0.8787040114402771, 0.8805051445960999, 0.8822336196899414, 0.8820379376411438], "ner_pr": [0.7672427296638489, 0.8392887115478516, 0.8519588708877563, 0.8353696465492249, 0.8598268032073975, 0.8642074465751648, 0.8602479696273804, 0.8682295680046082, 0.8749187588691711, 0.8783652186393738, 0.873081386089325, 0.8739123344421387, 0.8753072023391724, 0.8700876832008362, 0.8740106821060181, 0.8788474202156067, 0.874476969242096, 0.8848505020141602, 0.8814911246299744, 0.8783146142959595, 0.8823721408843994, 0.8798500299453735, 0.8768139481544495, 0.8807324767112732, 0.8801813721656799], "ner_rec": [0.8013008236885071, 0.8211382031440735, 0.8627642393112183, 0.8671544790267944, 0.8557723760604858, 0.8723577260971069, 0.8687804937362671, 0.8731707334518433, 0.8757723569869995, 0.8806504011154175, 0.860162615776062, 0.8655284643173218, 0.8686178922653198, 0.8712195158004761, 0.8798373937606812, 0.8728455305099487, 0.8835772275924683, 0.8708943128585815, 0.8804877996444702, 0.877886176109314, 0.8782113790512085, 0.8775609731674194, 0.8842276334762573, 0.8837398290634155, 0.8839024305343628], "macro_f1": [0.0, 0.0, 0.0, 0.0, 0.0, 0.0, 0.0, 0.0, 0.0, 0.0, 0.0, 0.0, 0.0, 0.0, 0.0, 0.0, 0.0, 0.0, 0.0, 0.0, 0.0, 0.0, 0.0, 0.0, 0.0], "macro_pr": [0.0, 0.0, 0.0, 0.0, 0.0, 0.0, 0.0, 0.0, 0.0, 0.0, 0.0, 0.0, 0.0, 0.0, 0.0, 0.0, 0.0, 0.0, 0.0, 0.0, 0.0, 0.0, 0.0, 0.0, 0.0], "macro_rec": [0.0, 0.0, 0.0, 0.0, 0.0, 0.0, 0.0, 0.0, 0.0, 0.0, 0.0, 0.0, 0.0, 0.0, 0.0, 0.0, 0.0, 0.0, 0.0, 0.0, 0.0, 0.0, 0.0, 0.0, 0.0], "macro_ner_f1": [0.5127161145210266, 0.6977590918540955, 0.7598184943199158, 0.7835091948509216, 0.7721155285835266, 0.7838349938392639, 0.7888623476028442, 0.7940120100975037, 0.8015512824058533, 0.7973394989967346, 0.7879682183265686, 0.8009858727455139, 0.7894188761711121, 0.795742392539978, 0.8069859147071838, 0.8008350729942322, 0.8076338171958923, 0.8115059733390808, 0.8080077767372131, 0.8026747703552246, 0.8073938488960266, 0.8052434921264648, 0.8054947853088379, 0.811082661151886, 0.8104609251022339], "macro_ner_pr": [0.5325641632080078, 0.7814878225326538, 0.7758001685142517, 0.7639420628547668, 0.7672186493873596, 0.8068762421607971, 0.7742425203323364, 0.7942814230918884, 0.8093889951705933, 0.7963195443153381, 0.8010058403015137, 0.8120623826980591, 0.7968050837516785, 0.7991820573806763, 0.8036696314811707, 0.8192166090011597, 0.8071414828300476, 0.8224274516105652, 0.8279513120651245, 0.8129822015762329, 0.8180577158927917, 0.8193123936653137, 0.8016025424003601, 0.8158131241798401, 0.8156977295875549], "macro_ner_rec": [0.572097659111023, 0.6690405607223511, 0.7527569532394409, 0.8063499331474304, 0.7806931138038635, 0.7651743292808533, 0.8089972734451294, 0.7992172837257385, 0.7960524559020996, 0.8011974692344666, 0.7782095670700073, 0.7931452989578247, 0.7834404706954956, 0.7964476943016052, 0.8133819699287415, 0.7852187156677246, 0.8086044192314148, 0.8024688363075256, 0.7910591959953308, 0.7939725518226624, 0.7978376150131226, 0.7931195497512817, 0.8103763461112976, 0.8079612851142883, 0.8065212368965149], "samples_per_s": [194.82898169815437, 211.48154278320297, 195.24752012064693, 202.34907088563955, 211.44486266354286, 221.6002679406876, 219.97974105488728, 219.20287090486448, 213.17311904184604, 208.96492955375757, 220.7387518869772, 214.77980089467957, 173.91153618261427, 171.4578288244655, 166.9527036988186, 156.7321470397949, 161.33753637031097, 163.05376407720462, 156.55191598507622, 157.08322064334843, 157.71344172890284, 159.81958248359803, 162.32160962300097, 164.70305068515907, 179.56355555033485], "samples_total_num": [2420, 2420, 2420, 2420, 2420, 2420, 2420, 2420, 2420, 2420, 2420, 2420, 2420, 2420, 2420, 2420, 2420, 2420, 2420, 2420, 2420, 2420, 2420, 2420, 2420], "samples_total_s": [12.421149969100952, 11.443078994750977, 12.394523620605469, 11.95953106880188, 11.445064067840576, 10.920564413070679, 11.001013040542603, 11.040001392364502, 11.352275609970093, 11.580890655517578, 10.963186025619507, 11.267353773117065, 13.915120601654053, 14.1142578125, 14.495123147964478, 15.440355062484741, 14.999609231948853, 14.84173035621643, 15.458130836486816, 15.40584659576416, 15.344285011291504, 15.142074346542358, 14.908674240112305, 14.69310975074768, 13.47712230682373], "per_pr": [0.9227509498596191, 0.9357976913452148, 0.8795796632766724, 0.9111525416374207, 0.9288874864578247, 0.8988829851150513, 0.917862594127655, 0.9152337908744812, 0.9162635803222656, 0.9265244007110596, 0.9176362752914429, 0.9407621026039124, 0.9333125352859497, 0.9160839319229126, 0.9097923040390015, 0.9171686768531799, 0.9120095372200012, 0.9337292909622192, 0.9209891557693481, 0.9220266938209534, 0.9163669347763062, 0.9278698563575745, 0.9190003275871277, 0.922400712966919, 0.9221448302268982], "per_rec": [0.8573591709136963, 0.874015748500824, 0.9379163980484009, 0.8882495164871216, 0.8900666236877441, 0.9261053800582886, 0.9103573560714722, 0.9188370704650879, 0.9179285168647766, 0.9203513264656067, 0.9076317548751831, 0.8897637724876404, 0.9070260524749756, 0.9124773144721985, 0.9285281896591187, 0.9221683740615845, 0.9291338324546814, 0.9046032428741455, 0.9248939752578735, 0.9203513264656067, 0.9258025288581848, 0.9155057668685913, 0.9242883324623108, 0.921562671661377, 0.9218655228614807],