{"test_metrics": {"seen__f1": 0.0, "seen__pr": 0.0, "seen__rec": 0.0, "seen__ner_f1": 0.7869822978973389, "seen__ner_pr": 0.6866157054901123, "seen__ner_rec": 0.9217146039009094, "seen__macro_f1": 0.0, "seen__macro_pr": 0.0, "seen__macro_rec": 0.0, "seen__macro_ner_f1": 0.734266459941864, "seen__macro_ner_pr": 0.6270846724510193, "seen__macro_ner_rec": 0.8905079960823059, "seen__samples_per_s": 465.4761146862317, "seen__samples_total_num": 2050, "seen__samples_total_s": 4.404092788696289, "seen__per_pr": 0.7193537354469299, "seen__per_rec": 0.9552238583564758, "seen__per_f1": 0.8206772208213806, "seen__org_pr": 0.5520421862602234, "seen__org_rec": 0.8104448914527893, "seen__org_f1": 0.6567398309707642, "seen__wea_pr": 0.6320754885673523, "seen__wea_rec": 0.9305555820465088, "seen__wea_f1": 0.7528089880943298, "seen__gpe_pr": 0.7633433938026428, "seen__gpe_rec": 0.9323493242263794, "seen__gpe_f1": 0.8394241333007812, "seen__veh_pr": 0.6346153616905212, "seen__veh_rec": 0.9041095972061157, "seen__veh_f1": 0.7457627058029175, "seen__fac_pr": 0.5783582329750061, "seen__fac_rec": 0.8244680762290955, "seen__fac_f1": 0.6798245906829834, "seen__loc_pr": 0.5098039507865906, "seen__loc_rec": 0.8764045238494873, "seen__loc_f1": 0.64462810754776, "unseen__f1": 0.0, "unseen__pr": 0.0, "unseen__rec": 0.0, "unseen__ner_f1": 0.31297945976257324, "unseen__ner_pr": 0.19502867758274078, "unseen__ner_rec": 0.7919254899024963, "unseen__macro_f1": 0.0, "unseen__macro_pr": 0.0, "unseen__macro_rec": 0.0, "unseen__macro_ner_f1": 0.29924729466438293, "unseen__macro_ner_pr": 0.19413448870182037, "unseen__macro_ner_rec": 0.6876407861709595, "unseen__samples_per_s": 486.7731364091657, "unseen__samples_total_num": 2050, "unseen__samples_total_s": 4.211407423019409, "unseen__per_pr": 0.1956445425748825, "unseen__per_rec": 0.8869426846504211, "unseen__per_f1": 0.3205755352973938, "unseen__org_pr": 0.27404478192329407, "unseen__org_rec": 0.7098976373672485, "unseen__org_f1": 0.3954372704029083, "unseen__wea_pr": 0.15094339847564697, "unseen__wea_rec": 0.4848484992980957, "unseen__wea_f1": 0.23021584749221802, "unseen__gpe_pr": 0.13796575367450714, "unseen__gpe_rec": 0.8253012299537659, "unseen__gpe_f1": 0.2364106923341751, "unseen__veh_pr": 0.23076923191547394, "unseen__veh_rec": 0.7058823704719543, "unseen__veh_f1": 0.3478260934352875, "unseen__fac_pr": 0.18656715750694275, "unseen__fac_rec": 0.5494505763053894, "unseen__fac_f1": 0.27855154871940613, "unseen__loc_pr": 0.18300653994083405, "unseen__loc_rec": 0.6511628031730652, "unseen__loc_f1": 0.2857142984867096}, "test_metrics_bounds": {"seen__f1": 0.0, "seen__pr": 0.0, "seen__rec": 0.0, "seen__ner_f1": 0.8334980010986328, "seen__ner_pr": 0.727116048336029, "seen__ner_rec": 0.9763435125350952, "seen__macro_f1": 0.0, "seen__macro_pr": 0.0, "seen__macro_rec": 0.0, "seen__macro_ner_f1": 0.8334980010986328, "seen__macro_ner_pr": 0.727116048336029, "seen__macro_ner_rec": 0.9763435125350952, "seen__samples_per_s": 465.4761146862317, "seen__samples_total_num": 2050, "seen__samples_total_s": 4.404092788696289, "unseen__f1": 0.0, "unseen__pr": 0.0, "unseen__rec": 0.0, "unseen__ner_f1": 0.34009218215942383, "unseen__ner_pr": 0.21198774874210358, "unseen__ner_rec": 0.8594720363616943, "unseen__macro_f1": 0.0, "unseen__macro_pr": 0.0, "unseen__macro_rec": 0.0, "unseen__macro_ner_f1": 0.34009218215942383, "unseen__macro_ner_pr": 0.21198774874210358, "unseen__macro_ner_rec": 0.8594720363616943, "unseen__samples_per_s": 486.7731364091657, "unseen__samples_total_num": 2050, "unseen__samples_total_s": 4.211407423019409}}