{"test_metrics": {"Eval_Ent_Precision": 88.04005190504725, "Eval_Ent_Recall": 86.70562453005638, "Eval_Ent_F1": 87.36774310889032, "Eval_Time": 55.82698392868042, "Eval_Examples": 2050, "Eval_Examples_Per_Second": 36.72059380135773, "seen_Eval_Ent_Precision": 62.7109215602778, "seen_Eval_Ent_Recall": 91.0118406668397, "seen_Eval_Ent_F1": 74.25623009144529, "seen_Eval_Time": 54.98850345611572, "seen_Eval_Examples": 2050, "seen_Eval_Examples_Per_Second": 37.28051994788381, "unseen_Eval_Ent_Precision": 25.329130363312018, "unseen_Eval_Ent_Recall": 77.61363633225723, "unseen_Eval_Ent_F1": 38.19376486050956, "unseen_Eval_Time": 55.30954623222351, "unseen_Eval_Examples": 2050, "unseen_Eval_Examples_Per_Second": 37.06412617078503}}