{"test_metrics": {"seen__f1": 0.0, "seen__pr": 0.0, "seen__rec": 0.0, "seen__ner_f1": 0.6309623718261719, "seen__ner_pr": 0.4772152006626129, "seen__ner_rec": 0.9308642148971558, "seen__macro_f1": 0.0, "seen__macro_pr": 0.0, "seen__macro_rec": 0.0, "seen__macro_ner_f1": 0.5682321786880493, "seen__macro_ner_pr": 0.42392152547836304, "seen__macro_ner_rec": 0.8950737714767456, "seen__samples_per_s": 269.6472639577512, "seen__samples_total_num": 205, "seen__samples_total_s": 0.7602524757385254, "seen__loc_pr": 0.5737704634666443, "seen__loc_rec": 0.9459459185600281, "seen__loc_f1": 0.7142857313156128, "seen__org_pr": 0.3767123222351074, "seen__org_rec": 0.8870967626571655, "seen__org_f1": 0.5288461446762085, "seen__peop_pr": 0.5060728788375854, "seen__peop_rec": 0.9615384340286255, "seen__peop_f1": 0.663129985332489, "seen__other_pr": 0.239130437374115, "seen__other_rec": 0.7857142686843872, "seen__other_f1": 0.36666667461395264, "unseen__f1": 0.0, "unseen__pr": 0.0, "unseen__rec": 0.0, "unseen__ner_f1": 0.6758620738983154, "unseen__ner_pr": 0.5727949142456055, "unseen__ner_rec": 0.8241590261459351, "unseen__macro_f1": 0.0, "unseen__macro_pr": 0.0, "unseen__macro_rec": 0.0, "unseen__macro_ner_f1": 0.6672419905662537, "unseen__macro_ner_pr": 0.5796188712120056, "unseen__macro_ner_rec": 0.7991511821746826, "unseen__samples_per_s": 524.4212371029225, "unseen__samples_total_num": 246, "unseen__samples_total_s": 0.4690885543823242, "unseen__loc_pr": 0.5121293663978577, "unseen__loc_rec": 0.8296943306922913, "unseen__loc_f1": 0.6333333253860474, "unseen__org_pr": 0.5522388219833374, "unseen__org_rec": 0.8345864415168762, "unseen__org_f1": 0.6646706461906433, "unseen__peop_pr": 0.6692014932632446, "unseen__peop_rec": 0.936170220375061, "unseen__peop_f1": 0.7804877758026123, "unseen__other_pr": 0.5849056839942932, "unseen__other_rec": 0.5961538553237915, "unseen__other_f1": 0.5904762148857117}, "test_metrics_bounds": {"seen__f1": 0.0, "seen__pr": 0.0, "seen__rec": 0.0, "seen__ner_f1": 0.6359832882881165, "seen__ner_pr": 0.4810126721858978, "seen__ner_rec": 0.9382715821266174, "seen__macro_f1": 0.0, "seen__macro_pr": 0.0, "seen__macro_rec": 0.0, "seen__macro_ner_f1": 0.6359832882881165, "seen__macro_ner_pr": 0.4810126721858978, "seen__macro_ner_rec": 0.9382715821266174, "seen__samples_per_s": 269.6472639577512, "seen__samples_total_num": 205, "seen__samples_total_s": 0.7602524757385254, "unseen__f1": 0.0, "unseen__pr": 0.0, "unseen__rec": 0.0, "unseen__ner_f1": 0.6996864676475525, "unseen__ner_pr": 0.5929861664772034, "unseen__ner_rec": 0.853210985660553, "unseen__macro_f1": 0.0, "unseen__macro_pr": 0.0, "unseen__macro_rec": 0.0, "unseen__macro_ner_f1": 0.6996864676475525, "unseen__macro_ner_pr": 0.5929861664772034, "unseen__macro_ner_rec": 0.853210985660553, "unseen__samples_per_s": 524.4212371029225, "unseen__samples_total_num": 246, "unseen__samples_total_s": 0.4690885543823242}}
