{"test_metrics": {"f1": 0.0, "pr": 0.0, "rec": 0.0, "ner_f1": 0.8214803338050842, "ner_pr": 0.8422619104385376, "ner_rec": 0.801699697971344, "macro_f1": 0.0, "macro_pr": 0.0, "macro_rec": 0.0, "macro_ner_f1": 0.7826581001281738, "macro_ner_pr": 0.8116762638092041, "macro_ner_rec": 0.7616845965385437, "samples_per_s": 159.8492962359391, "samples_total_num": 288, "samples_total_s": 1.801697015762329, "loc_pr": 0.8877005577087402, "loc_rec": 0.8019323945045471, "loc_f1": 0.842639684677124, "org_pr": 0.7303921580314636, "org_rec": 0.764102578163147, "org_f1": 0.7468671798706055, "peop_pr": 0.8912386894226074, "peop_rec": 0.9276729822158813, "peop_f1": 0.9090909361839294, "other_pr": 0.7373737096786499, "other_rec": 0.5530303120613098, "other_f1": 0.6320345997810364}, "test_metrics_bounds": {"f1": 0.0, "pr": 0.0, "rec": 0.0, "ner_f1": 0.8561742901802063, "ner_pr": 0.8787276148796082, "ner_rec": 0.8347497582435608, "macro_f1": 0.0, "macro_pr": 0.0, "macro_rec": 0.0, "macro_ner_f1": 0.8561742901802063, "macro_ner_pr": 0.8787276148796082, "macro_ner_rec": 0.8347497582435608, "samples_per_s": 159.8492962359391, "samples_total_num": 288, "samples_total_s": 1.801697015762329}, "metrics": {"f1": [0.0, 0.0, 0.0, 0.0, 0.0, 0.0, 0.0, 0.0, 0.0, 0.0, 0.0, 0.0, 0.0, 0.0, 0.0, 0.0, 0.0, 0.0, 0.0, 0.0, 0.0, 0.0, 0.0, 0.0, 0.0, 0.0, 0.0, 0.0, 0.0, 0.0, 0.0, 0.0, 0.0, 0.0, 0.0, 0.0], "pr": [0.0, 0.0, 0.0, 0.0, 0.0, 0.0, 0.0, 0.0, 0.0, 0.0, 0.0, 0.0, 0.0, 0.0, 0.0, 0.0, 0.0, 0.0, 0.0, 0.0, 0.0, 0.0, 0.0, 0.0, 0.0, 0.0, 0.0, 0.0, 0.0, 0.0, 0.0, 0.0, 0.0, 0.0, 0.0, 0.0], "rec": [0.0, 0.0, 0.0, 0.0, 0.0, 0.0, 0.0, 0.0, 0.0, 0.0, 0.0, 0.0, 0.0, 0.0, 0.0, 0.0, 0.0, 0.0, 0.0, 0.0, 0.0, 0.0, 0.0, 0.0, 0.0, 0.0, 0.0, 0.0, 0.0, 0.0, 0.0, 0.0, 0.0, 0.0, 0.0, 0.0], "ner_f1": [0.4129793345928192, 0.7049275040626526, 0.7401774525642395, 0.7555831074714661, 0.7714807987213135, 0.7348951697349548, 0.7330036759376526, 0.7895050048828125, 0.7844566106796265, 0.7873528003692627, 0.8056536912918091, 0.8009592294692993, 0.7667268514633179, 0.7990314364433289, 0.8022791743278503, 0.7938838005065918, 0.8085106611251831, 0.8153181076049805, 0.8195576071739197, 0.7902736067771912, 0.789824366569519, 0.8121284246444702, 0.8071034550666809, 0.8134991526603699, 0.8084606528282166, 0.8228299617767334, 0.8123924136161804, 0.8174837231636047, 0.8017082810401917, 0.7788578271865845, 0.7596803903579712, 0.8225616812705994, 0.819517970085144, 0.8182350397109985, 0.8049353361129761, 0.7983142733573914], "ner_pr": [0.5821205973625183, 0.7152941226959229, 0.8307254910469055, 0.8263229131698608, 0.8263707756996155, 0.7978581190109253, 0.7981157302856445, 0.8254364132881165, 0.8367875814437866, 0.8604335784912109, 0.8311057090759277, 0.8423707485198975, 0.8112244606018066, 0.8494208455085754, 0.800000011920929, 0.8539473414421082, 0.8136574029922485, 0.8870967626571655, 0.8351126909255981, 0.8441558480262756, 0.8402062058448792, 0.8463444709777832, 0.8693931102752686, 0.8439803719520569, 0.8319225907325745, 0.8574969172477722, 0.8156682252883911, 0.8459657430648804, 0.8599476218223572, 0.8313878178596497, 0.8218085169792175, 0.8464328646659851, 0.84382563829422, 0.8373205661773682, 0.8282950520515442, 0.8435114622116089], "ner_rec": [0.3199999928474426, 0.694857120513916, 0.6674285531044006, 0.6959999799728394, 0.7234285473823547, 0.6811428666114807, 0.6777142882347107, 0.7565714120864868, 0.7382857203483582, 0.7257142663002014, 0.7817142605781555, 0.7634285688400269, 0.7268571257591248, 0.7542856931686401, 0.8045714497566223, 0.7417142987251282, 0.803428590297699, 0.7542856931686401, 0.8045714497566223, 0.7428571581840515, 0.7451428771018982, 0.7805714011192322, 0.7531428337097168, 0.7851428389549255, 0.7862856984138489, 0.7908571362495422, 0.8091428279876709, 0.7908571362495422, 0.7508571147918701, 0.7325714230537415, 0.7062857151031494, 0.800000011920929, 0.7965714335441589, 0.800000011920929, 0.7828571200370789, 0.7577142715454102], "macro_f1": [0.0, 0.0, 0.0, 0.0, 0.0, 0.0, 0.0, 0.0, 0.0, 0.0, 0.0, 0.0, 0.0, 0.0, 0.0, 0.0, 0.0, 0.0, 0.0, 0.0, 0.0, 0.0, 0.0, 0.0, 0.0, 0.0, 0.0, 0.0, 0.0, 0.0, 0.0, 0.0, 0.0, 0.0, 0.0, 0.0], "macro_pr": [0.0, 0.0, 0.0, 0.0, 0.0, 0.0, 0.0, 0.0, 0.0, 0.0, 0.0, 0.0, 0.0, 0.0, 0.0, 0.0, 0.0, 0.0, 0.0, 0.0, 0.0, 0.0, 0.0, 0.0, 0.0, 0.0, 0.0, 0.0, 0.0, 0.0, 0.0, 0.0, 0.0, 0.0, 0.0, 0.0], "macro_rec": [0.0, 0.0, 0.0, 0.0, 0.0, 0.0, 0.0, 0.0, 0.0, 0.0, 0.0, 0.0, 0.0, 0.0, 0.0, 0.0, 0.0, 0.0, 0.0, 0.0, 0.0, 0.0, 0.0, 0.0, 0.0, 0.0, 0.0, 0.0, 0.0, 0.0, 0.0, 0.0, 0.0, 0.0, 0.0, 0.0], "macro_ner_f1": [0.2783131003379822, 0.6418330669403076, 0.6600804924964905, 0.6890968680381775, 0.6989893913269043, 0.6725581884384155, 0.6788580417633057, 0.7291433215141296, 0.7217182517051697, 0.7185547351837158, 0.7483662962913513, 0.7321606278419495, 0.7115403413772583, 0.7352844476699829, 0.757086992263794, 0.7341817021369934, 0.7518372535705566, 0.7395524382591248, 0.7585448026657104, 0.7367149591445923, 0.7305746078491211, 0.7460083365440369, 0.7377147674560547, 0.7589977979660034, 0.7478370666503906, 0.7649480700492859, 0.7610987424850464, 0.7541976571083069, 0.7353412508964539, 0.7188570499420166, 0.6995212435722351, 0.769079327583313, 0.765803873538971, 0.7682622075080872, 0.7515765428543091, 0.7415841221809387], "macro_ner_pr": [0.5923947095870972, 0.6687415242195129, 0.7816072106361389, 0.7733435034751892, 0.7691770792007446, 0.7443926334381104, 0.7414095401763916, 0.7649804353713989, 0.7763744592666626, 0.8160054683685303, 0.7766364216804504, 0.7877851724624634, 0.7556742429733276, 0.8170912265777588, 0.7547563910484314, 0.8145162463188171, 0.7592236995697021, 0.8407158255577087, 0.781507134437561, 0.8169152140617371, 0.7929286360740662, 0.788569450378418, 0.8327569365501404, 0.7921150922775269, 0.7803036570549011, 0.8128806352615356, 0.7681934833526611, 0.8003666996955872, 0.8235775828361511, 0.7827529907226562, 0.7757899165153503, 0.7986036539077759, 0.7967116236686707, 0.7892963886260986, 0.7841299176216125, 0.7894102931022644], "macro_ner_rec": [0.24231480062007904, 0.6296656131744385, 0.5946398377418518, 0.6291234493255615, 0.6534041166305542, 0.6211258172988892, 0.6267337203025818, 0.6977742314338684, 0.6782424449920654, 0.6556499600410461, 0.7276988625526428, 0.6920020580291748, 0.6780845522880554, 0.6845352649688721, 0.7599698305130005, 0.6817525625228882, 0.7453562617301941, 0.6782858371734619, 0.7416498064994812, 0.688029408454895, 0.6852371692657471, 0.7121138572692871, 0.6823241114616394, 0.7313286662101746, 0.7225543856620789, 0.7305780649185181, 0.7552717328071594, 0.7249511480331421, 0.6797692775726318, 0.6710600852966309, 0.6437499523162842, 0.7451142072677612, 0.7417716979980469, 0.7498730421066284, 0.7302272319793701, 0.7011707425117493], "samples_per_s": [155.34297365828317, 172.69299839602684, 170.62290684601882, 190.54853343680693, 149.2575780379973, 165.9118216281028, 175.14879013582976, 170.5954181645437, 158.81856081387764, 173.3434949687703, 156.0580508677961, 151.0305950661808, 182.67010079730227, 195.27845803087422, 170.80639135521184, 181.94021470008482, 173.92063855349667, 167.3485869617973, 161.79131636219603, 165.87523664442062, 151.74131419921835, 175.82404896223287, 154.97406617367614, 168.55592315227847, 165.0962851282614, 161.16921762540264, 149.5152017569904, 176.32340229451637, 142.98407020249937, 163.10657754944242, 166.18304720076745, 179.43845608927435, 157.37185598348455, 173.20138613418902, 169.81368809297297, 186.20468242542418], "samples_total_num": [231, 231, 231, 231, 231, 231, 231, 231, 231, 231, 231, 231, 231, 231, 231, 231, 231, 231, 231, 231, 231, 231, 231, 231, 231, 231, 231, 231, 231, 231, 231, 231, 231, 231, 231, 231],