{"test_metrics": {"unseen__f1": 0.0, "unseen__pr": 0.0, "unseen__rec": 0.0, "unseen__ner_f1": 0.33202770352363586, "unseen__ner_pr": 0.2112325131893158, "unseen__ner_rec": 0.7755101919174194, "unseen__macro_f1": 0.0, "unseen__macro_pr": 0.0, "unseen__macro_rec": 0.0, "unseen__macro_ner_f1": 0.300593763589859, "unseen__macro_ner_pr": 0.20113885402679443, "unseen__macro_ner_rec": 0.6315693259239197, "unseen__samples_per_s": 461.4398130525243, "unseen__samples_total_num": 2050, "unseen__samples_total_s": 4.44261622428894, "unseen__per_pr": 0.20665499567985535, "unseen__per_rec": 0.8702064752578735, "unseen__per_f1": 0.3339937627315521, "unseen__org_pr": 0.2810457646846771, "unseen__org_rec": 0.7026143670082092, "unseen__org_f1": 0.40149393677711487, "unseen__wea_pr": 0.08602150529623032, "unseen__wea_rec": 0.22857142984867096, "unseen__wea_f1": 0.125, "unseen__gpe_pr": 0.1644398719072342, "unseen__gpe_rec": 0.8247422575950623, "unseen__gpe_f1": 0.27420735359191895, "unseen__veh_pr": 0.18018017709255219, "unseen__veh_rec": 0.5, "unseen__veh_f1": 0.26490065455436707, "unseen__fac_pr": 0.29629629850387573, "unseen__fac_rec": 0.6504064798355103, "unseen__fac_f1": 0.40712469816207886, "unseen__loc_pr": 0.19333332777023315, "unseen__loc_rec": 0.644444465637207, "unseen__loc_f1": 0.2974359095096588, "seen__f1": 0.0, "seen__pr": 0.0, "seen__rec": 0.0, "seen__ner_f1": 0.7746102213859558, "seen__ner_pr": 0.6666666865348816, "seen__ner_rec": 0.9242625832557678, "seen__macro_f1": 0.0, "seen__macro_pr": 0.0, "seen__macro_rec": 0.0, "seen__macro_ner_f1": 0.7227149605751038, "seen__macro_ner_pr": 0.607589840888977, "seen__macro_ner_rec": 0.9001359343528748, "seen__samples_per_s": 501.0002556182258, "seen__samples_total_num": 2050, "seen__samples_total_s": 4.091814279556274, "seen__per_pr": 0.7019264698028564, "seen__per_rec": 0.9570200443267822, "seen__per_f1": 0.8098605871200562, "seen__org_pr": 0.5424836874008179, "seen__org_rec": 0.8234127163887024, "seen__org_f1": 0.6540583372116089, "seen__wea_pr": 0.6881720423698425, "seen__wea_rec": 0.9142857193946838, "seen__wea_f1": 0.7852760553359985, "seen__gpe_pr": 0.7410072088241577, "seen__gpe_rec": 0.9184713363647461, "seen__gpe_f1": 0.8202503323554993, "seen__veh_pr": 0.5765765905380249, "seen__veh_rec": 0.9552238583564758, "seen__veh_f1": 0.7191011309623718, "seen__fac_pr": 0.4962962865829468, "seen__fac_rec": 0.8589743375778198, "seen__fac_f1": 0.6291079521179199, "seen__loc_pr": 0.5066666603088379, "seen__loc_rec": 0.8735632300376892, "seen__loc_f1": 0.6413502097129822}, "test_metrics_bounds": {"unseen__f1": 0.0, "unseen__pr": 0.0, "unseen__rec": 0.0, "unseen__ner_f1": 0.3706388771533966, "unseen__ner_pr": 0.23596154153347015, "unseen__ner_rec": 0.8634763956069946, "unseen__macro_f1": 0.0, "unseen__macro_pr": 0.0, "unseen__macro_rec": 0.0, "unseen__macro_ner_f1": 0.3706388771533966, "unseen__macro_ner_pr": 0.23596154153347015, "unseen__macro_ner_rec": 0.8634763956069946, "unseen__samples_per_s": 461.4398130525243, "unseen__samples_total_num": 2050, "unseen__samples_total_s": 4.44261622428894, "seen__f1": 0.0, "seen__pr": 0.0, "seen__rec": 0.0, "seen__ner_f1": 0.8175525069236755, "seen__ner_pr": 0.7040384411811829, "seen__ner_rec": 0.9747071266174316, "seen__macro_f1": 0.0, "seen__macro_pr": 0.0, "seen__macro_rec": 0.0, "seen__macro_ner_f1": 0.8175525069236755, "seen__macro_ner_pr": 0.7040384411811829, "seen__macro_ner_rec": 0.9747071266174316, "seen__samples_per_s": 501.0002556182258, "seen__samples_total_num": 2050, "seen__samples_total_s": 4.091814279556274}}