{"test_metrics": {"seen__f1": 0.0, "seen__pr": 0.0, "seen__rec": 0.0, "seen__ner_f1": 0.5446887016296387, "seen__ner_pr": 0.40323522686958313, "seen__ner_rec": 0.8390105366706848, "seen__macro_f1": 0.0, "seen__macro_pr": 0.0, "seen__macro_rec": 0.0, "seen__macro_ner_f1": 0.48316970467567444, "seen__macro_ner_pr": 0.35758090019226074, "seen__macro_ner_rec": 0.7929642200469971, "seen__samples_per_s": 487.4324295050005, "seen__samples_total_num": 1854, "seen__samples_total_s": 3.8036041259765625, "seen__dna_pr": 0.24476110935211182, "seen__dna_rec": 0.7487179636955261, "seen__dna_f1": 0.3689197897911072, "seen__rna_pr": 0.24210526049137115, "seen__rna_rec": 0.7666666507720947, "seen__rna_f1": 0.36800000071525574, "seen__cell_type_pr": 0.5243902206420898, "seen__cell_type_rec": 0.7506234645843506, "seen__cell_type_f1": 0.617435872554779, "seen__protein_pr": 0.46113988757133484, "seen__protein_rec": 0.8905937075614929, "seen__protein_f1": 0.6076467633247375, "seen__cell_line_pr": 0.31550800800323486, "seen__cell_line_rec": 0.8082191944122314, "seen__cell_line_f1": 0.45384615659713745, "unseen__f1": 0.0, "unseen__pr": 0.0, "unseen__rec": 0.0, "unseen__ner_f1": 0.5038032531738281, "unseen__ner_pr": 0.38725394010543823, "unseen__ner_rec": 0.7207109332084656, "unseen__macro_f1": 0.0, "unseen__macro_pr": 0.0, "unseen__macro_rec": 0.0, "unseen__macro_ner_f1": 0.5370534062385559, "unseen__macro_ner_pr": 0.44387397170066833, "unseen__macro_ner_rec": 0.7199583053588867, "unseen__samples_per_s": 566.750910155257, "unseen__samples_total_num": 1854, "unseen__samples_total_s": 3.2712783813476562, "unseen__dna_pr": 0.5230511426925659, "unseen__dna_rec": 0.7384615540504456, "unseen__dna_f1": 0.6123650074005127, "unseen__rna_pr": 0.6315789222717285, "unseen__rna_rec": 0.8108108043670654, "unseen__rna_f1": 0.7100591659545898, "unseen__cell_type_pr": 0.22648084163665771, "unseen__cell_type_rec": 0.6878306865692139, "unseen__cell_type_f1": 0.34076017141342163, "unseen__protein_pr": 0.3409326374530792, "unseen__protein_rec": 0.7278761267662048, "unseen__protein_f1": 0.464361310005188, "unseen__cell_line_pr": 0.49732619524002075, "unseen__cell_line_rec": 0.6348122954368591, "unseen__cell_line_f1": 0.5577211380004883}, "test_metrics_bounds": {"seen__f1": 0.0, "seen__pr": 0.0, "seen__rec": 0.0, "seen__ner_f1": 0.5514880418777466, "seen__ner_pr": 0.4083463251590729, "seen__ner_rec": 0.8491483926773071, "seen__macro_f1": 0.0, "seen__macro_pr": 0.0, "seen__macro_rec": 0.0, "seen__macro_ner_f1": 0.5514880418777466, "seen__macro_ner_pr": 0.4083463251590729, "seen__macro_ner_rec": 0.8491483926773071, "seen__samples_per_s": 487.4324295050005, "seen__samples_total_num": 1854, "seen__samples_total_s": 3.8036041259765625, "unseen__f1": 0.0, "unseen__pr": 0.0, "unseen__rec": 0.0, "unseen__ner_f1": 0.5491439700126648, "unseen__ner_pr": 0.42219188809394836, "unseen__ner_rec": 0.7852738499641418, "unseen__macro_f1": 0.0, "unseen__macro_pr": 0.0, "unseen__macro_rec": 0.0, "unseen__macro_ner_f1": 0.5491439700126648, "unseen__macro_ner_pr": 0.42219188809394836, "unseen__macro_ner_rec": 0.7852738499641418, "unseen__samples_per_s": 566.750910155257, "unseen__samples_total_num": 1854, "unseen__samples_total_s": 3.2712783813476562}}