{"test_metrics": {"f1": 0.0, "pr": 0.0, "rec": 0.0, "ner_f1": 0.7703527808189392, "ner_pr": 0.7938249111175537, "ner_rec": 0.7482289671897888, "macro_f1": 0.0, "macro_pr": 0.0, "macro_rec": 0.0, "macro_ner_f1": 0.7729412317276001, "macro_ner_pr": 0.8098651766777039, "macro_ner_rec": 0.7407122850418091, "samples_per_s": 389.1267843685542, "samples_total_num": 1854, "samples_total_s": 4.764513969421387, "dna_pr": 0.7755101919174194, "dna_rec": 0.7384615540504456, "dna_f1": 0.7565325498580933, "rna_pr": 0.9130434989929199, "rna_rec": 0.807692289352417, "rna_f1": 0.8571428060531616, "cell_type_pr": 0.7318339347839355, "cell_type_rec": 0.7169491648674011, "cell_type_f1": 0.7243150472640991, "protein_pr": 0.80721116065979, "protein_rec": 0.7684763669967651, "protein_f1": 0.7873676419258118, "cell_line_pr": 0.8217270374298096, "cell_line_rec": 0.6719817519187927, "cell_line_f1": 0.7393483519554138}, "test_metrics_bounds": {"f1": 0.0, "pr": 0.0, "rec": 0.0, "ner_f1": 0.8125801086425781, "ner_pr": 0.8376016020774841, "ner_rec": 0.7890101671218872, "macro_f1": 0.0, "macro_pr": 0.0, "macro_rec": 0.0, "macro_ner_f1": 0.8125801086425781, "macro_ner_pr": 0.8376016020774841, "macro_ner_rec": 0.7890101671218872, "samples_per_s": 389.1267843685542, "samples_total_num": 1854, "samples_total_s": 4.764513969421387}, "metrics": {"f1": [0.0, 0.0, 0.0, 0.0, 0.0, 0.0, 0.0, 0.0, 0.0, 0.0, 0.0, 0.0, 0.0, 0.0, 0.0, 0.0, 0.0, 0.0, 0.0, 0.0], "pr": [0.0, 0.0, 0.0, 0.0, 0.0, 0.0, 0.0, 0.0, 0.0, 0.0, 0.0, 0.0, 0.0, 0.0, 0.0, 0.0, 0.0, 0.0, 0.0, 0.0], "rec": [0.0, 0.0, 0.0, 0.0, 0.0, 0.0, 0.0, 0.0, 0.0, 0.0, 0.0, 0.0, 0.0, 0.0, 0.0, 0.0, 0.0, 0.0, 0.0, 0.0], "ner_f1": [0.647793710231781, 0.7483240962028503, 0.7601985931396484, 0.7614035606384277, 0.7640716433525085, 0.7602443099021912, 0.7673325538635254, 0.7567992210388184, 0.7527786493301392, 0.7659408450126648, 0.7662607431411743, 0.7619611024856567, 0.7599407434463501, 0.7660487294197083, 0.7680169343948364, 0.7652190923690796, 0.7692004442214966, 0.7688997387886047, 0.7693066596984863, 0.7703527808189392], "ner_pr": [0.6836062073707581, 0.7486108541488647, 0.7733755707740784, 0.7754615545272827, 0.7904216051101685, 0.7829174399375916, 0.7853277325630188, 0.7767029404640198, 0.7890428304672241, 0.7815862894058228, 0.7933579087257385, 0.7859177589416504, 0.7839983701705933, 0.7809826731681824, 0.7719535827636719, 0.7840498089790344, 0.7918102741241455, 0.7858856320381165, 0.7933279275894165, 0.7938249111175537], "ner_rec": [0.6155466437339783, 0.7480375170707703, 0.7474631667137146, 0.7478460669517517, 0.7394217848777771, 0.7388474345207214, 0.7501435875892639, 0.7378901243209839, 0.71970134973526, 0.7509094476699829, 0.7409534454345703, 0.7394217848777771, 0.7373157143592834, 0.7516753077507019, 0.7641202211380005, 0.7472716569900513, 0.7478460669517517, 0.7526325583457947, 0.7466973066329956, 0.7482289671897888], "macro_f1": [0.0, 0.0, 0.0, 0.0, 0.0, 0.0, 0.0, 0.0, 0.0, 0.0, 0.0, 0.0, 0.0, 0.0, 0.0, 0.0, 0.0, 0.0, 0.0, 0.0], "macro_pr": [0.0, 0.0, 0.0, 0.0, 0.0, 0.0, 0.0, 0.0, 0.0, 0.0, 0.0, 0.0, 0.0, 0.0, 0.0, 0.0, 0.0, 0.0, 0.0, 0.0], "macro_rec": [0.0, 0.0, 0.0, 0.0, 0.0, 0.0, 0.0, 0.0, 0.0, 0.0, 0.0, 0.0, 0.0, 0.0, 0.0, 0.0, 0.0, 0.0, 0.0, 0.0], "macro_ner_f1": [0.628454327583313, 0.7426623106002808, 0.7609752416610718, 0.7541075944900513, 0.7709276676177979, 0.7590686082839966, 0.7627139091491699, 0.7540701627731323, 0.7471712231636047, 0.7733580470085144, 0.7696454524993896, 0.7689658999443054, 0.7609474658966064, 0.7713872194290161, 0.7691642045974731, 0.7700101733207703, 0.7779009938240051, 0.7716904282569885, 0.7741563320159912, 0.7729412317276001], "macro_ner_pr": [0.7513442039489746, 0.7546210885047913, 0.7796107530593872, 0.801784336566925, 0.7975608110427856, 0.7929459810256958, 0.7900417447090149, 0.7956683039665222, 0.7988365888595581, 0.8054848909378052, 0.8047764897346497, 0.8124569058418274, 0.8074194192886353, 0.7968358993530273, 0.7883377075195312, 0.8074003458023071, 0.8141428828239441, 0.8025956153869629, 0.8141069412231445, 0.8098651766777039], "macro_ner_rec": [0.5740667581558228, 0.734430193901062, 0.746058464050293, 0.7166522741317749, 0.7471739053726196, 0.7317924499511719, 0.738547682762146, 0.7200496196746826, 0.7064367532730103, 0.7448064088821411, 0.7377094030380249, 0.7326549887657166, 0.7210502028465271, 0.748444139957428, 0.7529469132423401, 0.7373185753822327, 0.7466426491737366, 0.744774341583252, 0.7400999069213867, 0.7407122850418091], "samples_per_s": [385.54896425085576, 378.9297210332846, 389.6478924236164, 389.57726638208095, 381.8050749738266, 381.11395529547553, 389.40311419750753, 384.3054992244444, 394.7174472070261, 390.6903614543181, 392.1455315344682, 381.4604371099729, 391.9266216623507, 389.2837342934035, 372.7599852952251, 388.0935226661643, 387.24931364464976, 387.2320739383316, 388.8862775233208, 388.6800045044705], "samples_total_num": [1854, 1854, 1854, 1854, 1854, 1854, 1854, 1854, 1854, 1854, 1854, 1854, 1854, 1854, 1854, 1854, 1854, 1854, 1854, 1854], "samples_total_s": [4.808727741241455, 4.892727851867676, 4.758141994476318, 4.759004592895508, 4.855880975723267, 4.864686727523804, 4.7611329555511475, 4.824286937713623, 4.697030782699585, 4.745445966720581, 4.727836608886719, 4.8602681159973145, 4.730477333068848, 4.762593030929565, 4.97370982170105, 4.777199029922485, 4.787613391876221, 4.7878265380859375, 4.767460584640503, 4.769990682601929], "dna_pr": [0.8083941340446472, 0.7442713379859924, 0.7353184223175049, 0.7512997984886169, 0.7448218464851379, 0.730980396270752, 0.7621483206748962, 0.7684859037399292, 0.7819343209266663, 0.7539749145507812, 0.7812223434448242, 0.7572734951972961, 0.7754545211791992, 0.7668918967247009, 0.741706132888794, 0.7522633671760559, 0.7652542591094971, 0.7787306904792786, 0.7723024487495422, 0.7755101919174194], "dna_rec": [0.35870444774627686, 0.6574898958206177, 0.7198380827903748, 0.7020242810249329, 0.7279351949691772, 0.7546558976173401, 0.7238866686820984, 0.7068825960159302, 0.6939271092414856, 0.7295546531677246, 0.7141700387001038, 0.7376518249511719, 0.6906882524490356, 0.7352226972579956, 0.7603238821029663, 0.7400809526443481, 0.731174111366272, 0.7352226972579956, 0.7360323667526245, 0.7384615540504456], "dna_f1": [0.4969153106212616, 0.6981943249702454, 0.7274959087371826, 0.7258266806602478, 0.73628169298172, 0.7426295280456543, 0.7425249218940735, 0.7363981008529663, 0.7353066802024841, 0.7415638566017151, 0.7461929321289062, 0.7473339438438416, 0.7306209802627563, 0.7507234811782837, 0.750899612903595, 0.746122419834137, 0.7478261590003967, 0.7563514709472656, 0.7537313103675842, 0.7565325498580933], "rna_pr": [0.7526881694793701, 0.8350515365600586, 0.9081632494926453, 0.8888888955116272, 0.8811880946159363, 0.8571428656578064, 0.8526315689086914, 0.8936170339584351, 0.9101123809814453, 0.9545454382896423, 0.8958333134651184, 0.9438202381134033, 0.9101123809814453, 0.907216489315033, 0.8775510191917419, 0.9438202381134033, 0.9450549483299255, 0.8958333134651184, 0.9333333373069763, 0.9130434989929199], "rna_rec": [0.6730769276618958, 0.7788461446762085, 0.8557692170143127, 0.7692307829856873, 0.8557692170143127, 0.807692289352417, 0.7788461446762085, 0.807692289352417, 0.7788461446762085, 0.807692289352417, 0.8269230723381042, 0.807692289352417, 0.7788461446762085, 0.8461538553237915, 0.8269230723381042, 0.807692289352417, 0.8269230723381042, 0.8269230723381042, 0.807692289352417, 0.807692289352417], "rna_f1": [0.7106599807739258, 0.8059701323509216, 0.8811880946159363, 0.8247422575950623, 0.8682926893234253, 0.8316831588745117, 0.8140703439712524, 0.8484848737716675, 0.8393782377243042, 0.8749999403953552, 0.8600000143051147, 0.8704663515090942, 0.8393782377243042, 0.8756219148635864, 0.8514851331710815, 0.8704663515090942, 0.8820512890815735, 0.8600000143051147, 0.8659793734550476, 0.8571428060531616],