{"test_metrics": {"seen__f1": 0.0, "seen__pr": 0.0, "seen__rec": 0.0, "seen__ner_f1": 0.7887292504310608, "seen__ner_pr": 0.6885528564453125, "seen__ner_rec": 0.923017680644989, "seen__macro_f1": 0.0, "seen__macro_pr": 0.0, "seen__macro_rec": 0.0, "seen__macro_ner_f1": 0.7353819012641907, "seen__macro_ner_pr": 0.6247158646583557, "seen__macro_ner_rec": 0.9002953171730042, "seen__samples_per_s": 462.13714756111153, "seen__samples_total_num": 2050, "seen__samples_total_s": 4.435912609100342, "seen__per_pr": 0.7270175218582153, "seen__per_rec": 0.9574861526489258, "seen__per_f1": 0.8264858722686768, "seen__org_pr": 0.5420054197311401, "seen__org_rec": 0.7782101035118103, "seen__org_f1": 0.6389776468276978, "seen__wea_pr": 0.686274528503418, "seen__wea_rec": 0.9589040875434875, "seen__wea_f1": 0.8000000715255737, "seen__gpe_pr": 0.7657029032707214, "seen__gpe_rec": 0.9400244951248169, "seen__gpe_f1": 0.8439561128616333, "seen__veh_pr": 0.6160714030265808, "seen__veh_rec": 0.9324324131011963, "seen__veh_f1": 0.7419354319572449, "seen__fac_pr": 0.5257353186607361, "seen__fac_rec": 0.8313953280448914, "seen__fac_f1": 0.6441441774368286, "seen__loc_pr": 0.5102040767669678, "seen__loc_rec": 0.9036144614219666, "seen__loc_f1": 0.6521738767623901, "unseen__f1": 0.0, "unseen__pr": 0.0, "unseen__rec": 0.0, "unseen__ner_f1": 0.30655813217163086, "unseen__ner_pr": 0.19104135036468506, "unseen__ner_rec": 0.7754467725753784, "unseen__macro_f1": 0.0, "unseen__macro_pr": 0.0, "unseen__macro_rec": 0.0, "unseen__macro_ner_f1": 0.28761500120162964, "unseen__macro_ner_pr": 0.1888515204191208, "unseen__macro_ner_rec": 0.6462839245796204, "unseen__samples_per_s": 519.5562366157966, "unseen__samples_total_num": 2050, "unseen__samples_total_s": 3.9456748962402344, "unseen__per_pr": 0.18666666746139526, "unseen__per_rec": 0.875, "unseen__per_f1": 0.307692289352417, "unseen__org_pr": 0.29403793811798096, "unseen__org_rec": 0.7331081032752991, "unseen__org_f1": 0.41972917318344116, "unseen__wea_pr": 0.11764705926179886, "unseen__wea_rec": 0.375, "unseen__wea_f1": 0.17910447716712952, "unseen__gpe_pr": 0.12662014365196228, "unseen__gpe_rec": 0.7839506268501282, "unseen__gpe_f1": 0.21802577376365662, "unseen__veh_pr": 0.1785714328289032, "unseen__veh_rec": 0.6060606241226196, "unseen__veh_f1": 0.27586206793785095, "unseen__fac_pr": 0.22794117033481598, "unseen__fac_rec": 0.5794392228126526, "unseen__fac_f1": 0.3271767795085907, "unseen__loc_pr": 0.190476194024086, "unseen__loc_rec": 0.5714285969734192, "unseen__loc_f1": 0.2857142984867096}, "test_metrics_bounds": {"seen__f1": 0.0, "seen__pr": 0.0, "seen__rec": 0.0, "seen__ner_f1": 0.8351648449897766, "seen__ner_pr": 0.7293666005134583, "seen__ner_rec": 0.9768637418746948, "seen__macro_f1": 0.0, "seen__macro_pr": 0.0, "seen__macro_rec": 0.0, "seen__macro_ner_f1": 0.8351648449897766, "seen__macro_ner_pr": 0.7293666005134583, "seen__macro_ner_rec": 0.9768637418746948, "seen__samples_per_s": 462.13714756111153, "seen__samples_total_num": 2050, "seen__samples_total_s": 4.435912609100342, "unseen__f1": 0.0, "unseen__pr": 0.0, "unseen__rec": 0.0, "unseen__ner_f1": 0.341696172952652, "unseen__ner_pr": 0.21305182576179504, "unseen__ner_rec": 0.8624708652496338, "unseen__macro_f1": 0.0, "unseen__macro_pr": 0.0, "unseen__macro_rec": 0.0, "unseen__macro_ner_f1": 0.341696172952652, "unseen__macro_ner_pr": 0.21305182576179504, "unseen__macro_ner_rec": 0.8624708652496338, "unseen__samples_per_s": 519.5562366157966, "unseen__samples_total_num": 2050, "unseen__samples_total_s": 3.9456748962402344}}