{"test_metrics": {"Eval_Ent_Precision": 83.71886114996644, "Eval_Ent_Recall": 87.21037991249234, "Eval_Ent_F1": 85.42896044406908, "Eval_Time": 8.008305549621582, "Eval_Examples": 288, "Eval_Examples_Per_Second": 35.96266378892211, "seen_Eval_Ent_Precision": 21.97508901783792, "seen_Eval_Ent_Recall": 92.16417878981956, "seen_Eval_Ent_F1": 35.48850578882613, "seen_Eval_Time": 7.962534189224243, "seen_Eval_Examples": 288, "seen_Eval_Examples_Per_Second": 36.16938943756782, "unseen_Eval_Ent_Precision": 61.74377222109649, "unseen_Eval_Ent_Recall": 85.57336612682278, "unseen_Eval_Ent_F1": 71.73126610494829, "unseen_Eval_Time": 8.12202787399292, "unseen_Eval_Examples": 288, "unseen_Eval_Examples_Per_Second": 35.4591247984002}}