{"test_metrics": {"unseen_ner_prec_micro": 59.760512392091336, "unseen_ner_rec_micro": 39.18918918918919, "unseen_ner_f1_micro": 47.33649498180214, "unseen_ner_prec_macro": 50.63748631123338, "unseen_ner_rec_macro": 28.71672341944925, "unseen_ner_f1_macro": 34.855668850066685, "unseen_loc_prec_micro": 89.70326409495549, "unseen_loc_rec_micro": 55.20452885317751, "unseen_loc_f1_micro": 68.34727560479313, "unseen_loc_prec_macro": 89.70326409495549, "unseen_loc_rec_macro": 55.20452885317751, "unseen_loc_f1_macro": 68.34727560479313, "unseen_cls_prec_micro": 66.64596273291924, "unseen_cls_rec_micro": 39.18918918918919, "unseen_cls_f1_micro": 49.35602575896964, "unseen_cls_prec_macro": 56.3491237814062, "unseen_cls_rec_macro": 28.71672341944925, "unseen_cls_f1_macro": 36.30743921552927, "unseen_epoch": 0.0, "unseen_iteration": 0.0, "unseen_global_iteration": 0.0, "seen_ner_prec_micro": 0.0, "seen_ner_rec_micro": 0.0, "seen_ner_f1_micro": 0.0, "seen_ner_prec_macro": 0.0, "seen_ner_rec_macro": 0.0, "seen_ner_f1_macro": 0.0, "seen_loc_prec_micro": 0.0, "seen_loc_rec_micro": 0.0, "seen_loc_f1_micro": 0.0, "seen_loc_prec_macro": 0.0, "seen_loc_rec_macro": 0.0, "seen_loc_f1_macro": 0.0, "seen_cls_prec_micro": 0.0, "seen_cls_rec_micro": 0.0, "seen_cls_f1_micro": 0.0, "seen_cls_prec_macro": NaN, "seen_cls_rec_macro": NaN, "seen_cls_f1_macro": NaN, "seen_epoch": 0.0, "seen_iteration": 0.0, "seen_global_iteration": 0.0, "ner_prec_micro": 60.01121704991588, "ner_rec_micro": 39.07962016070124, "ner_f1_micro": 47.33466047334661, "ner_prec_macro": 51.976580254996406, "ner_rec_macro": 28.832149310816025, "ner_f1_macro": 35.27794903431051, "loc_prec_micro": 89.89838613269575, "loc_rec_micro": 54.93060628195763, "loc_f1_micro": 68.19315347993651, "loc_prec_macro": 89.89838613269575, "loc_rec_macro": 54.93060628195763, "loc_f1_macro": 68.19315347993651, "cls_prec_micro": 66.74984404242046, "cls_rec_micro": 39.07962016070124, "cls_f1_micro": 49.297396913153655, "cls_prec_macro": 57.2221944843056, "cls_rec_macro": 28.832149310816025, "cls_f1_macro": 36.59458771640182, "epoch": 0.0, "iteration": 0.0, "global_iteration": 0.0}}