{"test_metrics": {"Eval_Ent_Precision": 89.00218498215506, "Eval_Ent_Recall": 89.2622351938414, "Eval_Ent_F1": 89.13202040877752, "Eval_Time": 59.365182399749756, "Eval_Examples": 2050, "Eval_Examples_Per_Second": 34.53202562734216, "seen_Eval_Ent_Precision": 70.22942461025877, "seen_Eval_Ent_Recall": 92.47182927716527, "seen_Eval_Ent_F1": 79.83028043885739, "seen_Eval_Time": 58.77404522895813, "seen_Eval_Examples": 2050, "seen_Eval_Examples_Per_Second": 34.87934158715962, "unseen_Eval_Ent_Precision": 18.772760390104597, "unseen_Eval_Ent_Recall": 79.00383137317421, "unseen_Eval_Ent_F1": 30.33691335569403, "unseen_Eval_Time": 56.89308476448059, "unseen_Eval_Examples": 2050, "unseen_Eval_Examples_Per_Second": 36.032498650518825}}