{"test_metrics": {"f1": 0.0, "pr": 0.0, "rec": 0.0, "ner_f1": 0.7827433347702026, "ner_pr": 0.791006863117218, "ner_rec": 0.7746505737304688, "macro_f1": 0.0, "macro_pr": 0.0, "macro_rec": 0.0, "macro_ner_f1": 0.7834405899047852, "macro_ner_pr": 0.8107436895370483, "macro_ner_rec": 0.7594308257102966, "samples_per_s": 387.73713468892885, "samples_total_num": 1854, "samples_total_s": 4.781589984893799, "dna_pr": 0.7597348690032959, "dna_rec": 0.7425101399421692, "dna_f1": 0.7510237693786621, "rna_pr": 0.9247311949729919, "rna_rec": 0.8269230723381042, "rna_f1": 0.8730964660644531, "cell_type_pr": 0.7560975551605225, "cell_type_rec": 0.7355931997299194, "cell_type_f1": 0.7457044720649719, "protein_pr": 0.80452960729599, "protein_rec": 0.8087565898895264, "protein_f1": 0.8066375255584717, "cell_line_pr": 0.808625340461731, "cell_line_rec": 0.6833713054656982, "cell_line_f1": 0.7407407760620117}, "test_metrics_bounds": {"f1": 0.0, "pr": 0.0, "rec": 0.0, "ner_f1": 0.8208203911781311, "ner_pr": 0.8296499252319336, "ner_rec": 0.8121768832206726, "macro_f1": 0.0, "macro_pr": 0.0, "macro_rec": 0.0, "macro_ner_f1": 0.8208203911781311, "macro_ner_pr": 0.8296499252319336, "macro_ner_rec": 0.8121768832206726, "samples_per_s": 387.73713468892885, "samples_total_num": 1854, "samples_total_s": 4.781589984893799}, "metrics": {"f1": [0.0, 0.0, 0.0, 0.0, 0.0, 0.0, 0.0, 0.0, 0.0, 0.0, 0.0, 0.0, 0.0, 0.0, 0.0, 0.0, 0.0, 0.0, 0.0, 0.0], "pr": [0.0, 0.0, 0.0, 0.0, 0.0, 0.0, 0.0, 0.0, 0.0, 0.0, 0.0, 0.0, 0.0, 0.0, 0.0, 0.0, 0.0, 0.0, 0.0, 0.0], "rec": [0.0, 0.0, 0.0, 0.0, 0.0, 0.0, 0.0, 0.0, 0.0, 0.0, 0.0, 0.0, 0.0, 0.0, 0.0, 0.0, 0.0, 0.0, 0.0, 0.0], "ner_f1": [0.710010290145874, 0.7464170455932617, 0.7587006688117981, 0.7766721844673157, 0.7803552746772766, 0.7794963717460632, 0.7801117897033691, 0.7794445157051086, 0.7736955881118774, 0.7744745016098022, 0.7790893912315369, 0.7761538028717041, 0.7763639688491821, 0.7756453156471252, 0.782341718673706, 0.774971067905426, 0.7801791429519653, 0.7807507514953613, 0.7813640832901001, 0.7827433347702026], "ner_pr": [0.6961000561714172, 0.7449933290481567, 0.76625657081604, 0.7485349178314209, 0.7913385629653931, 0.8083487749099731, 0.7852570414543152, 0.7880626320838928, 0.790061891078949, 0.7660610675811768, 0.7627958059310913, 0.7796021103858948, 0.7817899584770203, 0.7661561369895935, 0.7842986583709717, 0.7805399298667908, 0.7936224937438965, 0.7849816083908081, 0.7840755581855774, 0.791006863117218], "ner_rec": [0.724487841129303, 0.7478460669517517, 0.75129234790802, 0.8070074915885925, 0.7696725726127625, 0.7526325583457947, 0.7750335335731506, 0.7710128426551819, 0.7579935193061829, 0.7830748558044434, 0.7960941791534424, 0.7727359533309937, 0.7710128426551819, 0.7853723764419556, 0.780394434928894, 0.7694811224937439, 0.7671836018562317, 0.7765651941299438, 0.7786712646484375, 0.7746505737304688], "macro_f1": [0.0, 0.0, 0.0, 0.0, 0.0, 0.0, 0.0, 0.0, 0.0, 0.0, 0.0, 0.0, 0.0, 0.0, 0.0, 0.0, 0.0, 0.0, 0.0, 0.0], "macro_pr": [0.0, 0.0, 0.0, 0.0, 0.0, 0.0, 0.0, 0.0, 0.0, 0.0, 0.0, 0.0, 0.0, 0.0, 0.0, 0.0, 0.0, 0.0, 0.0, 0.0], "macro_rec": [0.0, 0.0, 0.0, 0.0, 0.0, 0.0, 0.0, 0.0, 0.0, 0.0, 0.0, 0.0, 0.0, 0.0, 0.0, 0.0, 0.0, 0.0, 0.0, 0.0], "macro_ner_f1": [0.6818647384643555, 0.7421682476997375, 0.7404055595397949, 0.7711210250854492, 0.7821128368377686, 0.7829457521438599, 0.7761930227279663, 0.7759802937507629, 0.7716315984725952, 0.7705191373825073, 0.7788613438606262, 0.7793198227882385, 0.7783143520355225, 0.774217426776886, 0.7872156500816345, 0.7784184813499451, 0.7789161205291748, 0.7814050912857056, 0.784664511680603, 0.7834405899047852], "macro_ner_pr": [0.7027903199195862, 0.7594369649887085, 0.786171555519104, 0.7635123133659363, 0.7971776127815247, 0.8225046396255493, 0.7895313501358032, 0.8026889562606812, 0.8162806630134583, 0.7869861721992493, 0.7788406610488892, 0.7950860857963562, 0.7998270392417908, 0.7855547070503235, 0.8089953660964966, 0.8020857572555542, 0.8123944401741028, 0.8051382303237915, 0.8070898056030273, 0.8107436895370483], "macro_ner_rec": [0.6718353629112244, 0.7291423678398132, 0.7065128087997437, 0.7821391820907593, 0.7684637904167175, 0.748242974281311, 0.7643752098083496, 0.7527245879173279, 0.7368313670158386, 0.7589136362075806, 0.7813127040863037, 0.7659510970115662, 0.7597956657409668, 0.7662245035171509, 0.7684122323989868, 0.7585703134536743, 0.7502259016036987, 0.7613924741744995, 0.765605092048645, 0.7594308257102966], "samples_per_s": [369.55484726392416, 381.70919338585503, 383.2832351183878, 376.17503868180256, 384.77258053367046, 387.2326524270762, 382.9472772800038, 393.5022920194972, 396.3240050731579, 391.34947120381196, 390.45166303633795, 394.8973489472775, 396.1722672674279, 393.21112860403986, 395.72459699139495, 384.03918027150377, 397.4292199909937, 384.0370370973977, 382.8877877921645, 385.2750403471015], "samples_total_num": [1854, 1854, 1854, 1854, 1854, 1854, 1854, 1854, 1854, 1854, 1854, 1854, 1854, 1854, 1854, 1854, 1854, 1854, 1854, 1854], "samples_total_s": [5.016846656799316, 4.85710072517395, 4.837153911590576, 4.928556680679321, 4.818430662155151, 4.7878193855285645, 4.841397523880005, 4.711535453796387, 4.677990674972534, 4.7374536991119385, 4.748347043991089, 4.694890975952148, 4.679782390594482, 4.71502423286438, 4.685076475143433, 4.827632427215576, 4.6649816036224365, 4.827659368515015, 4.84214973449707, 4.8121466636657715], "dna_pr": [0.6802120208740234, 0.6453201770782471, 0.7629696130752563, 0.6942321062088013, 0.7321981191635132, 0.7944954037666321, 0.7620252966880798, 0.7626556158065796, 0.7391999959945679, 0.7329093813896179, 0.7094395160675049, 0.7357755303382874, 0.7577276229858398, 0.7347254157066345, 0.7460691928863525, 0.7186312079429626, 0.7709923386573792, 0.7495999932289124, 0.7475883960723877, 0.7597348690032959], "dna_rec": [0.623481810092926, 0.7425101399421692, 0.6906882524490356, 0.8089068531990051, 0.7659919261932373, 0.7012145519256592, 0.731174111366272, 0.7441295385360718, 0.7481781244277954, 0.7465587258338928, 0.7789473533630371, 0.7643724679946899, 0.7344129681587219, 0.7692307829856873, 0.7684210538864136, 0.7651821970939636, 0.7360323667526245, 0.758704423904419, 0.7530364394187927, 0.7425101399421692], "dna_f1": [0.6506126523017883, 0.6905120611190796, 0.725031852722168, 0.7471951246261597, 0.7487138509750366, 0.7449462413787842, 0.7462810277938843, 0.7532787322998047, 0.7436619400978088, 0.7396711111068726, 0.7425704598426819, 0.7498013973236084, 0.7458881735801697, 0.7515822649002075, 0.7570801973342896, 0.7411764860153198, 0.7531068325042725, 0.7541247606277466, 0.7503024935722351, 0.7510237693786621], "rna_pr": [0.7948718070983887, 0.8387096524238586, 0.8651685118675232, 0.8556700944900513, 0.8627451062202454, 0.907216489315033, 0.8543689250946045, 0.932584285736084, 0.9444444179534912, 0.8673469424247742, 0.8799999952316284, 0.90625, 0.945652186870575, 0.9052631855010986, 0.936170220375061, 0.9347826242446899, 0.9052631855010986, 0.9157894849777222, 0.936170220375061, 0.9247311949729919], "rna_rec": [0.5961538553237915, 0.75, 0.7403846383094788, 0.7980769276618958, 0.8461538553237915, 0.8461538553237915, 0.8461538553237915, 0.7980769276618958, 0.817307710647583, 0.817307710647583, 0.8461538553237915, 0.8365384340286255, 0.8365384340286255, 0.8269230723381042, 0.8461538553237915, 0.8269230723381042, 0.8269230723381042, 0.8365384340286255, 0.8461538553237915, 0.8269230723381042], "rna_f1": [0.6813187003135681, 0.7918782234191895, 0.7979274392127991, 0.8258705735206604, 0.8543689250946045, 0.8756219148635864, 0.8502415418624878, 0.8601036667823792, 0.8762887120246887, 0.8415841460227966, 0.8627451062202454, 0.8700000047683716, 0.8877550959587097, 0.8643215894699097, 0.8888888955116272, 0.8775510787963867, 0.8643215894699097, 0.8743718266487122, 0.8888888955116272, 0.8730964660644531],