{"test_metrics": {"unseen__f1": 0.0, "unseen__pr": 0.0, "unseen__rec": 0.0, "unseen__ner_f1": 0.6435768008232117, "unseen__ner_pr": 0.5295336842536926, "unseen__ner_rec": 0.8202247023582458, "unseen__macro_f1": 0.0, "unseen__macro_pr": 0.0, "unseen__macro_rec": 0.0, "unseen__macro_ner_f1": 0.635725736618042, "unseen__macro_ner_pr": 0.5460646748542786, "unseen__macro_ner_rec": 0.7872734665870667, "unseen__samples_per_s": 288.6632862204086, "unseen__samples_total_num": 251, "unseen__samples_total_s": 0.8695251941680908, "unseen__loc_pr": 0.43686869740486145, "unseen__loc_rec": 0.8480392098426819, "unseen__loc_f1": 0.5766666531562805, "unseen__org_pr": 0.5024875402450562, "unseen__org_rec": 0.7952755689620972, "unseen__org_f1": 0.6158536076545715, "unseen__peop_pr": 0.6691449880599976, "unseen__peop_rec": 0.9523809552192688, "unseen__peop_f1": 0.7860261797904968, "unseen__other_pr": 0.5757575631141663, "unseen__other_rec": 0.553398072719574, "unseen__other_f1": 0.5643564462661743, "seen__f1": 0.0, "seen__pr": 0.0, "seen__rec": 0.0, "seen__ner_f1": 0.6484801173210144, "seen__ner_pr": 0.49114522337913513, "seen__ner_rec": 0.9541284441947937, "seen__macro_f1": 0.0, "seen__macro_pr": 0.0, "seen__macro_rec": 0.0, "seen__macro_ner_f1": 0.5804514288902283, "seen__macro_ner_pr": 0.4332548677921295, "seen__macro_ner_rec": 0.9087589979171753, "seen__samples_per_s": 530.0861208957612, "seen__samples_total_num": 218, "seen__samples_total_s": 0.4112539291381836, "seen__loc_pr": 0.6058823466300964, "seen__loc_rec": 0.9809523820877075, "seen__loc_f1": 0.7490909695625305, "seen__org_pr": 0.40645161271095276, "seen__org_rec": 0.9264705777168274, "seen__org_f1": 0.5650224089622498, "seen__peop_pr": 0.4789271950721741, "seen__peop_rec": 0.9689922332763672, "seen__peop_f1": 0.6410256624221802, "seen__other_pr": 0.24175824224948883, "seen__other_rec": 0.7586206793785095, "seen__other_f1": 0.36666664481163025}, "test_metrics_bounds": {"unseen__f1": 0.0, "unseen__pr": 0.0, "unseen__rec": 0.0, "unseen__ner_f1": 0.6717076301574707, "unseen__ner_pr": 0.5529045462608337, "unseen__ner_rec": 0.8555377125740051, "unseen__macro_f1": 0.0, "unseen__macro_pr": 0.0, "unseen__macro_rec": 0.0, "unseen__macro_ner_f1": 0.6717076301574707, "unseen__macro_ner_pr": 0.5529045462608337, "unseen__macro_ner_rec": 0.8555377125740051, "unseen__samples_per_s": 288.6632862204086, "unseen__samples_total_num": 251, "unseen__samples_total_s": 0.8695251941680908, "seen__f1": 0.0, "seen__pr": 0.0, "seen__rec": 0.0, "seen__ner_f1": 0.6536661386489868, "seen__ner_pr": 0.49527186155319214, "seen__ner_rec": 0.96100914478302, "seen__macro_f1": 0.0, "seen__macro_pr": 0.0, "seen__macro_rec": 0.0, "seen__macro_ner_f1": 0.6536661386489868, "seen__macro_ner_pr": 0.49527186155319214, "seen__macro_ner_rec": 0.96100914478302, "seen__samples_per_s": 530.0861208957612, "seen__samples_total_num": 218, "seen__samples_total_s": 0.4112539291381836}}