{"test_metrics": {"unseen_ner_prec_micro": 62.53968253968254, "unseen_ner_rec_micro": 71.8978102189781, "unseen_ner_f1_micro": 66.893039049236, "unseen_ner_prec_macro": 67.46438189721043, "unseen_ner_rec_macro": 76.70272029485359, "unseen_ner_f1_macro": 71.4283898151175, "unseen_loc_prec_micro": 68.64951768488746, "unseen_loc_rec_micro": 77.91970802919708, "unseen_loc_f1_micro": 72.99145299145299, "unseen_loc_prec_macro": 68.64951768488746, "unseen_loc_rec_macro": 77.91970802919708, "unseen_loc_f1_macro": 72.99145299145299, "unseen_cls_prec_micro": 90.99307159353349, "unseen_cls_rec_micro": 71.8978102189781, "unseen_cls_f1_micro": 80.32619775739042, "unseen_cls_prec_macro": 90.28176064828642, "unseen_cls_rec_macro": 76.70272029485359, "unseen_cls_f1_macro": 82.44487365444864, "unseen_epoch": 0.0, "unseen_iteration": 0.0, "unseen_global_iteration": 0.0, "seen_ner_prec_micro": 82.56159728122346, "seen_ner_rec_micro": 78.39854780153289, "seen_ner_f1_micro": 80.42623629215808, "seen_ner_prec_macro": 83.01511831944224, "seen_ner_rec_macro": 76.49223382643343, "seen_ner_f1_macro": 79.56589000382725, "seen_loc_prec_micro": 85.98930481283422, "seen_loc_rec_micro": 81.08108108108108, "seen_loc_f1_micro": 83.4630956088446, "seen_loc_prec_macro": 85.98930481283422, "seen_loc_rec_macro": 81.08108108108108, "seen_loc_f1_macro": 83.4630956088446, "seen_cls_prec_micro": 95.90426844312854, "seen_cls_rec_micro": 78.39854780153289, "seen_cls_f1_micro": 86.27233381422705, "seen_cls_prec_macro": 94.76338639537845, "seen_cls_rec_macro": 76.49223382643343, "seen_cls_f1_macro": 84.60150853377621, "seen_epoch": 0.0, "seen_iteration": 0.0, "seen_global_iteration": 0.0, "ner_prec_micro": 80.32602585722316, "ner_rec_micro": 77.86051580094443, "ner_f1_micro": 79.0740569952965, "ner_prec_macro": 81.64266080468965, "ner_rec_macro": 76.85217946862572, "ner_f1_macro": 79.12049281252823, "loc_prec_micro": 84.04456193353475, "loc_rec_micro": 80.8390846349437, "loc_f1_micro": 82.41066469172375, "loc_prec_macro": 84.04456193353475, "loc_rec_macro": 80.8390846349437, "loc_f1_macro": 82.41066469172375, "cls_prec_micro": 95.52139037433156, "cls_rec_micro": 77.86051580094443, "cls_f1_micro": 85.79147488493096, "cls_prec_macro": 94.50158077434978, "cls_rec_macro": 76.85217946862572, "cls_f1_macro": 84.69472103252652, "epoch": 0.0, "iteration": 0.0, "global_iteration": 0.0}}