{"test_metrics": {"unseen__f1": 0.0, "unseen__pr": 0.0, "unseen__rec": 0.0, "unseen__ner_f1": 0.5787261724472046, "unseen__ner_pr": 0.5317884683609009, "unseen__ner_rec": 0.6347517967224121, "unseen__macro_f1": 0.0, "unseen__macro_pr": 0.0, "unseen__macro_rec": 0.0, "unseen__macro_ner_f1": 0.53648841381073, "unseen__macro_ner_pr": 0.49970725178718567, "unseen__macro_ner_rec": 0.6068663597106934, "unseen__samples_per_s": 292.20210575468764, "unseen__samples_total_num": 518, "unseen__samples_total_s": 1.7727456092834473, "unseen__task_pr": 0.5633803009986877, "unseen__task_rec": 0.6451612710952759, "unseen__task_f1": 0.6015037298202515, "unseen__method_pr": 0.7093595862388611, "unseen__method_rec": 0.7111111283302307, "unseen__method_f1": 0.7102342844009399, "unseen__material_pr": 0.5411764979362488, "unseen__material_rec": 0.6715328693389893, "unseen__material_f1": 0.5993485450744629, "unseen__otherscientificterm_pr": 0.5615079402923584, "unseen__otherscientificterm_rec": 0.5895833373069763, "unseen__otherscientificterm_f1": 0.5752032399177551, "unseen__metric_pr": 0.4516128897666931, "unseen__metric_rec": 0.5, "unseen__metric_f1": 0.47457626461982727, "unseen__generic_pr": 0.17120622098445892, "unseen__generic_rec": 0.523809552192688, "unseen__generic_f1": 0.25806450843811035, "seen__f1": 0.0, "seen__pr": 0.0, "seen__rec": 0.0, "seen__ner_f1": 0.37728583812713623, "seen__ner_pr": 0.2525773048400879, "seen__ner_rec": 0.7452471256256104, "seen__macro_f1": 0.0, "seen__macro_pr": 0.0, "seen__macro_rec": 0.0, "seen__macro_ner_f1": 0.2838437855243683, "seen__macro_ner_pr": 0.21791791915893555, "seen__macro_ner_rec": 0.6101318001747131, "seen__samples_per_s": 436.3764916341274, "seen__samples_total_num": 211, "seen__samples_total_s": 0.48352742195129395, "seen__task_pr": 0.08799999952316284, "seen__task_rec": 0.7857142686843872, "seen__task_f1": 0.158273383975029, "seen__method_pr": 0.07096774131059647, "seen__method_rec": 0.550000011920929, "seen__method_f1": 0.1257142871618271, "seen__material_pr": 0.15294118225574493, "seen__material_rec": 0.6190476417541504, "seen__material_f1": 0.24528303742408752, "seen__otherscientificterm_pr": 0.10552763938903809, "seen__otherscientificterm_rec": 0.5675675868988037, "seen__otherscientificterm_f1": 0.17796610295772552, "seen__metric_pr": 0.1666666716337204, "seen__metric_rec": 0.2666666805744171, "seen__metric_f1": 0.20512822270393372, "seen__generic_pr": 0.7234042286872864, "seen__generic_rec": 0.8717948794364929, "seen__generic_f1": 0.7906976938247681}, "test_metrics_bounds": {"unseen__f1": 0.0, "unseen__pr": 0.0, "unseen__rec": 0.0, "unseen__ner_f1": 0.7134540677070618, "unseen__ner_pr": 0.6557669639587402, "unseen__ner_rec": 0.7822694778442383, "unseen__macro_f1": 0.0, "unseen__macro_pr": 0.0, "unseen__macro_rec": 0.0, "unseen__macro_ner_f1": 0.7134540677070618, "unseen__macro_ner_pr": 0.6557669639587402, "unseen__macro_ner_rec": 0.7822694778442383, "unseen__samples_per_s": 292.20210575468764, "unseen__samples_total_num": 518, "unseen__samples_total_s": 1.7727456092834473, "seen__f1": 0.0, "seen__pr": 0.0, "seen__rec": 0.0, "seen__ner_f1": 0.41233140230178833, "seen__ner_pr": 0.2761290371417999, "seen__ner_rec": 0.8136882185935974, "seen__macro_f1": 0.0, "seen__macro_pr": 0.0, "seen__macro_rec": 0.0, "seen__macro_ner_f1": 0.41233140230178833, "seen__macro_ner_pr": 0.2761290371417999, "seen__macro_ner_rec": 0.8136882185935974, "seen__samples_per_s": 436.3764916341274, "seen__samples_total_num": 211, "seen__samples_total_s": 0.48352742195129395}}