{"test_metrics": {"seen__f1": 0.0, "seen__pr": 0.0, "seen__rec": 0.0, "seen__ner_f1": 0.5922421813011169, "seen__ner_pr": 0.4347222149372101, "seen__ner_rec": 0.9287833571434021, "seen__macro_f1": 0.0, "seen__macro_pr": 0.0, "seen__macro_rec": 0.0, "seen__macro_ner_f1": 0.526753306388855, "seen__macro_ner_pr": 0.38347122073173523, "seen__macro_ner_rec": 0.8739368319511414, "seen__samples_per_s": 267.7414701094762, "seen__samples_total_num": 190, "seen__samples_total_s": 0.7096397876739502, "seen__loc_pr": 0.5365853905677795, "seen__loc_rec": 0.95652174949646, "seen__loc_f1": 0.6875000596046448, "seen__org_pr": 0.3983739912509918, "seen__org_rec": 0.9074074029922485, "seen__org_f1": 0.5536723136901855, "seen__peop_pr": 0.4203539788722992, "seen__peop_rec": 0.949999988079071, "seen__peop_f1": 0.5828220844268799, "seen__other_pr": 0.1785714328289032, "seen__other_rec": 0.6818181872367859, "seen__other_f1": 0.28301888704299927, "unseen__f1": 0.0, "unseen__pr": 0.0, "unseen__rec": 0.0, "unseen__ner_f1": 0.7158145308494568, "unseen__ner_pr": 0.6270833611488342, "unseen__ner_rec": 0.8337950110435486, "unseen__macro_f1": 0.0, "unseen__macro_pr": 0.0, "unseen__macro_rec": 0.0, "unseen__macro_ner_f1": 0.7026777863502502, "unseen__macro_ner_pr": 0.6343415975570679, "unseen__macro_ner_rec": 0.8008613586425781, "unseen__samples_per_s": 506.96405725609225, "unseen__samples_total_num": 261, "unseen__samples_total_s": 0.5148293972015381, "unseen__loc_pr": 0.5575447678565979, "unseen__loc_rec": 0.8616600632667542, "unseen__loc_f1": 0.6770186424255371, "unseen__org_pr": 0.6042780876159668, "unseen__org_rec": 0.8014184236526489, "unseen__org_f1": 0.6890243887901306, "unseen__peop_pr": 0.7347670197486877, "unseen__peop_rec": 0.9403669834136963, "unseen__peop_f1": 0.8249497413635254, "unseen__other_pr": 0.6407766938209534, "unseen__other_rec": 0.6000000238418579, "unseen__other_f1": 0.6197182536125183}, "test_metrics_bounds": {"seen__f1": 0.0, "seen__pr": 0.0, "seen__rec": 0.0, "seen__ner_f1": 0.5971564650535583, "seen__ner_pr": 0.43871867656707764, "seen__ner_rec": 0.9347180724143982, "seen__macro_f1": 0.0, "seen__macro_pr": 0.0, "seen__macro_rec": 0.0, "seen__macro_ner_f1": 0.5971564650535583, "seen__macro_ner_pr": 0.43871867656707764, "seen__macro_ner_rec": 0.9347180724143982, "seen__samples_per_s": 267.7414701094762, "seen__samples_total_num": 190, "seen__samples_total_s": 0.7096397876739502, "unseen__f1": 0.0, "unseen__pr": 0.0, "unseen__rec": 0.0, "unseen__ner_f1": 0.7369046807289124, "unseen__ner_pr": 0.6461377739906311, "unseen__ner_rec": 0.8573406934738159, "unseen__macro_f1": 0.0, "unseen__macro_pr": 0.0, "unseen__macro_rec": 0.0, "unseen__macro_ner_f1": 0.7369046807289124, "unseen__macro_ner_pr": 0.6461377739906311, "unseen__macro_ner_rec": 0.8573406934738159, "unseen__samples_per_s": 506.96405725609225, "unseen__samples_total_num": 261, "unseen__samples_total_s": 0.5148293972015381}}