{"test_metrics": {"unseen_ner_prec_micro": 53.12568787145059, "unseen_ner_rec_micro": 44.54595791805095, "unseen_ner_f1_micro": 48.45899006123883, "unseen_ner_prec_macro": 47.782378629915776, "unseen_ner_rec_macro": 58.66802309901728, "unseen_ner_f1_macro": 47.818936690598754, "unseen_loc_prec_micro": 63.711846567652906, "unseen_loc_rec_micro": 50.27685492801772, "unseen_loc_f1_micro": 56.20260999638933, "unseen_loc_prec_macro": 63.711846567652906, "unseen_loc_rec_macro": 50.27685492801772, "unseen_loc_f1_macro": 56.20260999638933, "unseen_cls_prec_micro": 83.67134685387416, "unseen_cls_rec_micro": 44.54595791805095, "unseen_cls_f1_micro": 58.13911472448058, "unseen_cls_prec_macro": 75.98391412849766, "unseen_cls_rec_macro": 58.66802309901728, "unseen_cls_f1_macro": 62.41290994134023, "unseen_epoch": 0.0, "unseen_iteration": 0.0, "unseen_global_iteration": 0.0, "seen_ner_prec_micro": 0.0, "seen_ner_rec_micro": 0.0, "seen_ner_f1_micro": 0.0, "seen_ner_prec_macro": 0.0, "seen_ner_rec_macro": 0.0, "seen_ner_f1_macro": 0.0, "seen_loc_prec_micro": 0.0, "seen_loc_rec_micro": 0.0, "seen_loc_f1_micro": 0.0, "seen_loc_prec_macro": 0.0, "seen_loc_rec_macro": 0.0, "seen_loc_f1_macro": 0.0, "seen_cls_prec_micro": 0.0, "seen_cls_rec_micro": 0.0, "seen_cls_f1_micro": 0.0, "seen_cls_prec_macro": NaN, "seen_cls_rec_macro": NaN, "seen_cls_f1_macro": NaN, "seen_epoch": 0.0, "seen_iteration": 0.0, "seen_global_iteration": 0.0, "ner_prec_micro": 53.018805674694825, "ner_rec_micro": 44.49058693244739, "ner_f1_micro": 48.3817552310703, "ner_prec_macro": 47.66922649551117, "ner_rec_macro": 58.563768446650734, "ner_f1_macro": 47.69609594730452, "loc_prec_micro": 63.74166374166374, "loc_rec_micro": 50.27685492801772, "loc_f1_micro": 56.21420832688438, "loc_prec_macro": 63.74166374166374, "loc_rec_macro": 50.27685492801772, "loc_f1_macro": 56.21420832688438, "cls_prec_micro": 83.37945347630577, "cls_rec_micro": 44.49058693244739, "cls_f1_micro": 58.02142255385726, "cls_prec_macro": 75.65870801314281, "cls_rec_macro": 58.563768446650734, "cls_f1_macro": 62.19332709784996, "epoch": 0.0, "iteration": 0.0, "global_iteration": 0.0}}