{"test_metrics": {"unseen_ner_prec_micro": 38.095238095238095, "unseen_ner_rec_micro": 54.00313971742543, "unseen_ner_f1_micro": 44.675324675324674, "unseen_ner_prec_macro": 38.117245268830686, "unseen_ner_rec_macro": 50.26230211704943, "unseen_ner_f1_macro": 42.44788166452157, "unseen_loc_prec_micro": 43.2183908045977, "unseen_loc_rec_micro": 59.02668759811617, "unseen_loc_f1_micro": 49.90046449900464, "unseen_loc_prec_macro": 43.2183908045977, "unseen_loc_rec_macro": 59.02668759811617, "unseen_loc_f1_macro": 49.90046449900464, "unseen_cls_prec_micro": 86.4321608040201, "unseen_cls_rec_micro": 54.00313971742543, "unseen_cls_f1_micro": 66.47342995169082, "unseen_cls_prec_macro": 83.45224199180281, "unseen_cls_rec_macro": 50.26230211704944, "unseen_cls_f1_macro": 61.76236822546891, "unseen_epoch": 0.0, "unseen_iteration": 0.0, "unseen_global_iteration": 0.0, "seen_ner_prec_micro": 35.4120267260579, "seen_ner_rec_micro": 71.94570135746606, "seen_ner_f1_micro": 47.46268656716418, "seen_ner_prec_macro": 31.02849729141834, "seen_ner_rec_macro": 66.93416271240777, "seen_ner_f1_macro": 42.10041263198131, "seen_loc_prec_micro": 39.81588032220944, "seen_loc_rec_micro": 78.28054298642535, "seen_loc_f1_micro": 52.78413424866514, "seen_loc_prec_macro": 39.81588032220944, "seen_loc_rec_macro": 78.28054298642535, "seen_loc_f1_macro": 52.78413424866514, "seen_cls_prec_micro": 89.32584269662921, "seen_cls_rec_micro": 71.94570135746606, "seen_cls_f1_micro": 79.69924812030075, "seen_cls_prec_macro": 84.2577030812325, "seen_cls_rec_macro": 66.93416271240777, "seen_cls_f1_macro": 74.36584142581701, "seen_epoch": 0.0, "seen_iteration": 0.0, "seen_global_iteration": 0.0, "ner_prec_micro": 73.63128491620111, "ner_rec_micro": 61.07506950880445, "ner_f1_micro": 66.76798378926038, "ner_prec_macro": 68.78631587529756, "ner_rec_macro": 55.42419161031725, "ner_f1_macro": 60.97115122346688, "loc_prec_micro": 83.39100346020761, "loc_rec_micro": 67.0064874884152, "loc_f1_micro": 74.30626927029805, "loc_prec_macro": 83.39100346020761, "loc_rec_macro": 67.0064874884152, "loc_f1_macro": 74.30626927029805, "cls_prec_micro": 88.10160427807486, "cls_rec_micro": 61.07506950880445, "cls_f1_micro": 72.1401204159825, "cls_prec_macro": 83.8245196371199, "cls_rec_macro": 55.42419161031725, "cls_f1_macro": 65.90058408664672, "epoch": 0.0, "iteration": 0.0, "global_iteration": 0.0}}