{"test_metrics": {"unseen_ner_prec_micro": 38.54527461652647, "unseen_ner_rec_micro": 60.200927357032455, "unseen_ner_f1_micro": 46.99849170437405, "unseen_ner_prec_macro": 33.45116089992694, "unseen_ner_rec_macro": 53.87229182419151, "unseen_ner_f1_macro": 39.80588701232491, "unseen_loc_prec_micro": 54.26151402858656, "unseen_loc_rec_micro": 79.21174652241113, "unseen_loc_f1_micro": 64.40464970153943, "unseen_loc_prec_macro": 54.26151402858656, "unseen_loc_rec_macro": 79.21174652241113, "unseen_loc_f1_macro": 64.40464970153943, "unseen_cls_prec_micro": 70.6896551724138, "unseen_cls_rec_micro": 60.200927357032455, "unseen_cls_f1_micro": 65.02504173622704, "unseen_cls_prec_macro": 63.48839288578584, "unseen_cls_rec_macro": 53.87229182419151, "unseen_cls_f1_macro": 57.85694689205469, "unseen_epoch": 0.0, "unseen_iteration": 0.0, "unseen_global_iteration": 0.0, "seen_ner_prec_micro": 16.329551060680807, "seen_ner_rec_micro": 84.65473145780051, "seen_ner_f1_micro": 27.37799834574028, "seen_ner_prec_macro": 17.11385528553696, "seen_ner_rec_macro": 80.50697973378385, "seen_ner_f1_macro": 25.30784962911988, "seen_loc_prec_micro": 18.56763925729443, "seen_loc_rec_micro": 89.51406649616368, "seen_loc_f1_micro": 30.755711775043935, "seen_loc_prec_macro": 18.56763925729443, "seen_loc_rec_macro": 89.51406649616368, "seen_loc_f1_macro": 30.755711775043935, "seen_cls_prec_micro": 89.21832884097036, "seen_cls_rec_micro": 84.65473145780051, "seen_cls_f1_micro": 86.8766404199475, "seen_cls_prec_macro": 81.55909727926614, "seen_cls_rec_macro": 80.50697973378385, "seen_cls_f1_macro": 80.72058843441513, "seen_epoch": 0.0, "seen_iteration": 0.0, "seen_global_iteration": 0.0, "ner_prec_micro": 54.5274616526472, "ner_rec_micro": 65.40059347181008, "ner_f1_micro": 59.47112790070157, "ner_prec_macro": 50.25694806385334, "ner_rec_macro": 63.30713536484684, "ner_f1_macro": 55.71077484266801, "loc_prec_micro": 72.31668437832094, "loc_rec_micro": 80.77151335311574, "loc_f1_micro": 76.31062517521727, "loc_prec_macro": 72.31668437832094, "loc_rec_macro": 80.77151335311574, "loc_f1_macro": 76.31062517521727, "cls_prec_micro": 75.84308327598073, "cls_rec_micro": 65.40059347181008, "cls_f1_micro": 70.23581899298917, "cls_prec_macro": 71.29881512290297, "cls_rec_macro": 63.30713536484684, "cls_f1_macro": 66.90705191821905, "epoch": 0.0, "iteration": 0.0, "global_iteration": 0.0}}