{"test_metrics": {"unseen__f1": 0.0, "unseen__pr": 0.0, "unseen__rec": 0.0, "unseen__ner_f1": 0.726711094379425, "unseen__ner_pr": 0.7328660488128662, "unseen__ner_rec": 0.7206586003303528, "unseen__macro_f1": 0.0, "unseen__macro_pr": 0.0, "unseen__macro_rec": 0.0, "unseen__macro_ner_f1": 0.7224199175834656, "unseen__macro_ner_pr": 0.746878981590271, "unseen__macro_ner_rec": 0.7027748227119446, "unseen__samples_per_s": 563.7464097978079, "unseen__samples_total_num": 1854, "unseen__samples_total_s": 3.288712739944458, "unseen__dna_pr": 0.7808358669281006, "unseen__dna_rec": 0.6202428936958313, "unseen__dna_f1": 0.6913357377052307, "unseen__rna_pr": 0.8350515365600586, "unseen__rna_rec": 0.7788461446762085, "unseen__rna_f1": 0.8059701323509216, "unseen__cell_type_pr": 0.7052441239356995, "unseen__cell_type_rec": 0.6610169410705566, "unseen__cell_type_f1": 0.6824147701263428, "unseen__protein_pr": 0.7256177067756653, "unseen__protein_rec": 0.781786322593689, "unseen__protein_f1": 0.752655565738678, "unseen__cell_line_pr": 0.687645673751831, "unseen__cell_line_rec": 0.6719817519187927, "unseen__cell_line_f1": 0.6797234416007996, "seen__f1": 0.0, "seen__pr": 0.0, "seen__rec": 0.0, "seen__ner_f1": 0.0, "seen__ner_pr": 0.0, "seen__ner_rec": 0.0, "seen__macro_f1": 0.0, "seen__macro_pr": 0.0, "seen__macro_rec": 0.0, "seen__macro_ner_f1": 0.0, "seen__macro_ner_pr": 0.0, "seen__macro_ner_rec": 0.0, "seen__samples_per_s": 631.6743929317684, "seen__samples_total_num": 1854, "seen__samples_total_s": 2.935056447982788, "seen__dna_pr": 0.0, "seen__dna_rec": 0.0, "seen__dna_f1": 0.0, "seen__rna_pr": 0.0, "seen__rna_rec": 0.0, "seen__rna_f1": 0.0, "seen__cell_type_pr": 0.0, "seen__cell_type_rec": 0.0, "seen__cell_type_f1": 0.0, "seen__protein_pr": 0.0, "seen__protein_rec": 0.0, "seen__protein_f1": 0.0, "seen__cell_line_pr": 0.0, "seen__cell_line_rec": 0.0, "seen__cell_line_f1": 0.0}, "test_metrics_bounds": {"unseen__f1": 0.0, "unseen__pr": 0.0, "unseen__rec": 0.0, "unseen__ner_f1": 0.7833478450775146, "unseen__ner_pr": 0.7904483675956726, "unseen__ner_rec": 0.7763737440109253, "unseen__macro_f1": 0.0, "unseen__macro_pr": 0.0, "unseen__macro_rec": 0.0, "unseen__macro_ner_f1": 0.7833478450775146, "unseen__macro_ner_pr": 0.7904483675956726, "unseen__macro_ner_rec": 0.7763737440109253, "unseen__samples_per_s": 563.7464097978079, "unseen__samples_total_num": 1854, "unseen__samples_total_s": 3.288712739944458, "seen__f1": 0.0, "seen__pr": 0.0, "seen__rec": 0.0, "seen__ner_f1": 0.0, "seen__ner_pr": 0.0, "seen__ner_rec": 0.0, "seen__macro_f1": 0.0, "seen__macro_pr": 0.0, "seen__macro_rec": 0.0, "seen__macro_ner_f1": 0.0, "seen__macro_ner_pr": 0.0, "seen__macro_ner_rec": 0.0, "seen__samples_per_s": 631.6743929317684, "seen__samples_total_num": 1854, "seen__samples_total_s": 2.935056447982788}}