{"test_metrics": {"unseen_ner_prec_micro": 64.83337848821458, "unseen_ner_rec_micro": 43.69978086194302, "unseen_ner_f1_micro": 52.20901058143341, "unseen_ner_prec_macro": 53.407694177116674, "unseen_ner_rec_macro": 34.332945724061936, "unseen_ner_f1_macro": 39.8810679175679, "unseen_loc_prec_micro": 92.22253760999148, "unseen_loc_rec_micro": 59.33162892622352, "unseen_loc_f1_micro": 72.2080231136793, "unseen_loc_prec_macro": 92.22253760999148, "unseen_loc_rec_macro": 59.33162892622352, "unseen_loc_f1_macro": 72.2080231136793, "unseen_cls_prec_micro": 70.4860088365243, "unseen_cls_rec_micro": 43.69978086194302, "unseen_cls_f1_micro": 53.95107654153984, "unseen_cls_prec_macro": 58.50717268525933, "unseen_cls_rec_macro": 34.332945724061936, "unseen_cls_f1_macro": 41.3774244516592, "unseen_epoch": 0.0, "unseen_iteration": 0.0, "unseen_global_iteration": 0.0, "seen_ner_prec_micro": 0.0, "seen_ner_rec_micro": 0.0, "seen_ner_f1_micro": 0.0, "seen_ner_prec_macro": 0.0, "seen_ner_rec_macro": 0.0, "seen_ner_f1_macro": 0.0, "seen_loc_prec_micro": 0.0, "seen_loc_rec_micro": 0.0, "seen_loc_f1_micro": 0.0, "seen_loc_prec_macro": 0.0, "seen_loc_rec_macro": 0.0, "seen_loc_f1_macro": 0.0, "seen_cls_prec_micro": 0.0, "seen_cls_rec_micro": 0.0, "seen_cls_f1_micro": 0.0, "seen_cls_prec_macro": NaN, "seen_cls_rec_macro": NaN, "seen_cls_f1_macro": NaN, "seen_epoch": 0.0, "seen_iteration": 0.0, "seen_global_iteration": 0.0, "ner_prec_micro": 64.95402920497565, "ner_rec_micro": 43.86413440467494, "ner_f1_micro": 52.36538042293438, "ner_prec_macro": 54.39321231210133, "ner_rec_macro": 34.6424706707009, "ner_f1_macro": 40.38391001705477, "loc_prec_micro": 92.07696661007355, "loc_rec_micro": 59.42293644996348, "loc_f1_micro": 72.23085460599334, "loc_prec_macro": 92.07696661007355, "loc_rec_macro": 59.42293644996348, "loc_f1_macro": 72.23085460599334, "cls_prec_micro": 70.62628638635695, "cls_rec_micro": 43.86413440467494, "cls_f1_micro": 54.117381998422886, "cls_prec_macro": 59.69016133673406, "cls_rec_macro": 34.6424706707009, "cls_f1_macro": 41.86834588418274, "epoch": 0.0, "iteration": 0.0, "global_iteration": 0.0}}