{"test_metrics": {"f1": 0.0, "pr": 0.0, "rec": 0.0, "ner_f1": 0.8873700499534607, "ner_pr": 0.8856648802757263, "ner_rec": 0.8890817761421204, "macro_f1": 0.0, "macro_pr": 0.0, "macro_rec": 0.0, "macro_ner_f1": 0.8278661966323853, "macro_ner_pr": 0.8340209722518921, "macro_ner_rec": 0.8233075141906738, "samples_per_s": 256.9350492132549, "samples_total_num": 2050, "samples_total_s": 7.978670120239258, "per_pr": 0.9288808703422546, "per_rec": 0.9282106757164001, "per_f1": 0.9285456538200378, "org_pr": 0.7990135550498962, "org_rec": 0.800000011920929, "org_f1": 0.7995064854621887, "wea_pr": 0.8279569745063782, "wea_rec": 0.7333333492279053, "wea_f1": 0.7777777910232544, "gpe_pr": 0.8945273756980896, "gpe_rec": 0.9182839393615723, "gpe_f1": 0.90625, "veh_pr": 0.8775510191917419, "veh_rec": 0.8037382960319519, "veh_f1": 0.8390243649482727, "fac_pr": 0.7797203063964844, "fac_rec": 0.7992831468582153, "fac_f1": 0.7893805503845215, "loc_pr": 0.7304964661598206, "loc_rec": 0.7803030014038086, "loc_f1": 0.7545787692070007}, "test_metrics_bounds": {"f1": 0.0, "pr": 0.0, "rec": 0.0, "ner_f1": 0.9486981630325317, "ner_pr": 0.9470542669296265, "ner_rec": 0.9503477811813354, "macro_f1": 0.0, "macro_pr": 0.0, "macro_rec": 0.0, "macro_ner_f1": 0.9486981630325317, "macro_ner_pr": 0.9470542669296265, "macro_ner_rec": 0.9503477811813354, "samples_per_s": 256.9350492132549, "samples_total_num": 2050, "samples_total_s": 7.978670120239258}, "metrics": {"f1": [0.0, 0.0, 0.0, 0.0, 0.0, 0.0, 0.0, 0.0, 0.0, 0.0, 0.0, 0.0, 0.0, 0.0, 0.0, 0.0, 0.0, 0.0, 0.0, 0.0, 0.0, 0.0, 0.0, 0.0, 0.0], "pr": [0.0, 0.0, 0.0, 0.0, 0.0, 0.0, 0.0, 0.0, 0.0, 0.0, 0.0, 0.0, 0.0, 0.0, 0.0, 0.0, 0.0, 0.0, 0.0, 0.0, 0.0, 0.0, 0.0, 0.0, 0.0], "rec": [0.0, 0.0, 0.0, 0.0, 0.0, 0.0, 0.0, 0.0, 0.0, 0.0, 0.0, 0.0, 0.0, 0.0, 0.0, 0.0, 0.0, 0.0, 0.0, 0.0, 0.0, 0.0, 0.0, 0.0, 0.0], "ner_f1": [0.8106546998023987, 0.8566626906394958, 0.8574733734130859, 0.8687565326690674, 0.8605220317840576, 0.8649930953979492, 0.8713570833206177, 0.8677558898925781, 0.8675383925437927, 0.8678645491600037, 0.872343897819519, 0.874959409236908, 0.8720301985740662, 0.8657324314117432, 0.8686119914054871, 0.8745613694190979, 0.8754870295524597, 0.8742815852165222, 0.8788713812828064, 0.8789435029029846, 0.8785046339035034, 0.8765754699707031, 0.8786155581474304, 0.8782637119293213, 0.8787409663200378], "ner_pr": [0.8001267313957214, 0.8434988260269165, 0.871661365032196, 0.8568717241287231, 0.8633387684822083, 0.8700444102287292, 0.8799535632133484, 0.8675442934036255, 0.8666234016418457, 0.8490976691246033, 0.8769306540489197, 0.8749593496322632, 0.8787978887557983, 0.8675702214241028, 0.8612532019615173, 0.8779289126396179, 0.8740680813789368, 0.8705465197563171, 0.8764553666114807, 0.8813143968582153, 0.8706483840942383, 0.8824983239173889, 0.878044843673706, 0.8814281225204468, 0.8814002871513367], "ner_rec": [0.821463406085968, 0.8702439069747925, 0.8437398076057434, 0.880975604057312, 0.857723593711853, 0.8600000143051147, 0.8629268407821655, 0.8679674863815308, 0.8684552907943726, 0.8874796628952026, 0.8678048849105835, 0.8749593496322632, 0.8653658628463745, 0.8639024496078491, 0.876097559928894, 0.8712195158004761, 0.8769105672836304, 0.8780487775802612, 0.8813008069992065, 0.8765853643417358, 0.886504054069519, 0.8707317113876343, 0.8791869878768921, 0.8751219511032104, 0.876097559928894], "macro_f1": [0.0, 0.0, 0.0, 0.0, 0.0, 0.0, 0.0, 0.0, 0.0, 0.0, 0.0, 0.0, 0.0, 0.0, 0.0, 0.0, 0.0, 0.0, 0.0, 0.0, 0.0, 0.0, 0.0, 0.0, 0.0], "macro_pr": [0.0, 0.0, 0.0, 0.0, 0.0, 0.0, 0.0, 0.0, 0.0, 0.0, 0.0, 0.0, 0.0, 0.0, 0.0, 0.0, 0.0, 0.0, 0.0, 0.0, 0.0, 0.0, 0.0, 0.0, 0.0], "macro_rec": [0.0, 0.0, 0.0, 0.0, 0.0, 0.0, 0.0, 0.0, 0.0, 0.0, 0.0, 0.0, 0.0, 0.0, 0.0, 0.0, 0.0, 0.0, 0.0, 0.0, 0.0, 0.0, 0.0, 0.0, 0.0], "macro_ner_f1": [0.6969696283340454, 0.7765778303146362, 0.7735057473182678, 0.7949792146682739, 0.7843665480613708, 0.7962972521781921, 0.8101716637611389, 0.7931790947914124, 0.8011592626571655, 0.7861301302909851, 0.8063651919364929, 0.8136650919914246, 0.8012488484382629, 0.800260066986084, 0.8008807301521301, 0.8032692074775696, 0.8078885674476624, 0.8029755353927612, 0.8131694793701172, 0.8215250372886658, 0.8132653832435608, 0.8134914636611938, 0.8123806118965149, 0.8165920972824097, 0.8188619017601013], "macro_ner_pr": [0.6745408177375793, 0.7934750914573669, 0.7968878746032715, 0.8019446134567261, 0.8277679085731506, 0.8122143745422363, 0.8174562454223633, 0.7799714207649231, 0.8079065084457397, 0.7515034079551697, 0.8247730135917664, 0.8127323985099792, 0.8370779752731323, 0.8121547698974609, 0.7873988747596741, 0.8306609392166138, 0.8242819905281067, 0.8006988167762756, 0.823499321937561, 0.8351143002510071, 0.8129492998123169, 0.8375024795532227, 0.8114548921585083, 0.8244350552558899, 0.8256174921989441], "macro_ner_rec": [0.7386332750320435, 0.7707854509353638, 0.7546589970588684, 0.7926307916641235, 0.7594016194343567, 0.7887806296348572, 0.8032024502754211, 0.8095698356628418, 0.7998008131980896, 0.8314032554626465, 0.7904201149940491, 0.814860463142395, 0.7727870941162109, 0.7964611649513245, 0.816641628742218, 0.7796293497085571, 0.7941151857376099, 0.8076456785202026, 0.8043913245201111, 0.8105726838111877, 0.8152397871017456, 0.7927449345588684, 0.814527690410614, 0.8096837997436523, 0.8129613995552063], "samples_per_s": [247.55945538369767, 247.02152952529627, 245.8562518971706, 245.37693520325118, 246.6551880884454, 252.00028561080643, 255.5149124019092, 247.79527750320827, 242.25265455534145, 259.24236025167073, 249.9359212388127, 251.85751966059757, 250.29059427440006, 241.53215606319804, 248.4797750206656, 239.6974029822352, 249.6260897053978, 248.17278855176602, 250.18089493646107, 255.99219419462898, 245.6556700940108, 254.5372668494448, 259.02846026853257, 256.50494546188963, 249.17741116062777], "samples_total_num": [2420, 2420, 2420, 2420, 2420, 2420, 2420, 2420, 2420, 2420, 2420, 2420, 2420, 2420, 2420, 2420, 2420, 2420, 2420, 2420, 2420, 2420, 2420, 2420, 2420], "samples_total_s": [9.775429487228394, 9.796716928482056, 9.84315013885498, 9.862377643585205, 9.811267375946045, 9.603163719177246, 9.471071481704712, 9.76612639427185, 9.989570617675781, 9.334894180297852, 9.68248176574707, 9.608607292175293, 9.668761253356934, 10.019369840621948, 9.73922324180603, 10.096062660217285, 9.694499492645264, 9.751270532608032, 9.673000812530518, 9.453413248062134, 9.851187229156494, 9.507448673248291, 9.342602729797363, 9.434515953063965, 9.711955785751343], "per_pr": [0.8626840114593506, 0.8851428627967834, 0.8913551568984985, 0.900440514087677, 0.9033626317977905, 0.9344000220298767, 0.9299623370170593, 0.9273865222930908, 0.9281004667282104, 0.8887611627578735, 0.9027075171470642, 0.9233846068382263, 0.9338607788085938, 0.9458931088447571, 0.919901430606842, 0.9045521020889282, 0.9075281620025635, 0.9091179370880127, 0.9154632687568665, 0.9305728673934937, 0.9064620733261108, 0.9175289273262024, 0.9215506911277771, 0.9217842817306519, 0.9204511046409607], "per_rec": [0.922774076461792, 0.9382192492485046, 0.9242883324623108, 0.9285281896591187, 0.9030890464782715, 0.8843125104904175, 0.8967292308807373, 0.8973349332809448, 0.8952150344848633, 0.9364022016525269, 0.9188370704650879, 0.9088431000709534, 0.8937007784843445, 0.8788613080978394, 0.9043004512786865, 0.9327680468559265, 0.9273167848587036, 0.9270139336585999, 0.921562671661377, 0.905208945274353, 0.9303452372550964, 0.9130829572677612, 0.9142943620681763, 0.9136886596679688, 0.91459721326828],