{"test_metrics": {"unseen_ner_prec_micro": 34.97397065783247, "unseen_ner_rec_micro": 56.54169854628921, "unseen_ner_f1_micro": 43.21637426900585, "unseen_ner_prec_macro": 30.553162590325385, "unseen_ner_rec_macro": 47.538815126832, "unseen_ner_f1_macro": 35.77834395324738, "unseen_loc_prec_micro": 55.62841530054645, "unseen_loc_rec_micro": 77.88829380260138, "unseen_loc_f1_micro": 64.90277335033471, "unseen_loc_prec_macro": 55.62841530054645, "unseen_loc_rec_macro": 77.88829380260138, "unseen_loc_f1_macro": 64.90277335033471, "unseen_cls_prec_micro": 60.57377049180328, "unseen_cls_rec_micro": 56.54169854628921, "unseen_cls_f1_micro": 58.48832607835378, "unseen_cls_prec_macro": 49.71525111804138, "unseen_cls_rec_macro": 47.538815126832, "unseen_cls_f1_macro": 48.02289748015944, "unseen_epoch": 0.0, "unseen_iteration": 0.0, "unseen_global_iteration": 0.0, "seen_ner_prec_micro": 13.825315273236804, "seen_ner_rec_micro": 78.3068783068783, "seen_ner_f1_micro": 23.50138944025407, "seen_ner_prec_macro": 14.14137655084622, "seen_ner_rec_macro": 67.30440896059801, "seen_ner_f1_macro": 21.004552586245065, "seen_loc_prec_micro": 17.7934018388318, "seen_loc_rec_micro": 87.03703703703704, "seen_loc_f1_micro": 29.546475078581054, "seen_loc_prec_macro": 17.7934018388318, "seen_loc_rec_macro": 87.03703703703704, "seen_loc_f1_macro": 29.546475078581054, "seen_cls_prec_micro": 84.81375358166189, "seen_cls_rec_micro": 78.3068783068783, "seen_cls_f1_micro": 81.43053645116919, "seen_cls_prec_macro": 73.11450362468771, "seen_cls_rec_macro": 67.30440896059801, "seen_cls_f1_macro": 69.88848253759966, "seen_epoch": 0.0, "seen_iteration": 0.0, "seen_global_iteration": 0.0, "ner_prec_micro": 48.03921568627451, "ner_rec_micro": 61.06824925816024, "ner_f1_micro": 53.77580350143716, "ner_prec_macro": 44.41388753625936, "ner_rec_macro": 56.67571371219983, "ner_f1_macro": 49.42227779785846, "loc_prec_micro": 72.97883884970157, "loc_rec_micro": 79.82195845697329, "loc_f1_micro": 76.24716553287982, "loc_prec_macro": 72.97883884970157, "loc_rec_macro": 79.82195845697329, "loc_f1_macro": 76.24716553287982, "cls_prec_micro": 65.45801526717557, "cls_rec_micro": 61.06824925816024, "cls_f1_micro": 63.1869818851704, "cls_prec_macro": 59.3684303606185, "cls_rec_macro": 56.67571371219983, "cls_f1_macro": 57.695556748748544, "epoch": 0.0, "iteration": 0.0, "global_iteration": 0.0}}