{"test_metrics": {"Eval_Ent_Precision": 63.478260854914936, "Eval_Ent_Recall": 69.39988114153313, "Eval_Ent_F1": 66.30712459119259, "Eval_Time": 25.10366201400757, "Eval_Examples": 551, "Eval_Examples_Per_Second": 21.9489889440253, "seen_Eval_Ent_Precision": 15.543478298322308, "seen_Eval_Ent_Recall": 83.87096754327878, "seen_Eval_Ent_F1": 26.226501648369556, "seen_Eval_Time": 25.613308906555176, "seen_Eval_Examples": 551, "seen_Eval_Examples_Per_Second": 21.512253727552686, "unseen_Eval_Ent_Precision": 47.93478261094045, "unseen_Eval_Ent_Recall": 65.72280176494367, "unseen_Eval_Ent_F1": 55.43683217418375, "unseen_Eval_Time": 22.73482656478882, "unseen_Eval_Examples": 551, "unseen_Eval_Examples_Per_Second": 24.235944726905295}}