{"test_metrics": {"f1": 0.0, "pr": 0.0, "rec": 0.0, "ner_f1": 0.8719632625579834, "ner_pr": 0.8506847023963928, "ner_rec": 0.8943337202072144, "macro_f1": 0.0, "macro_pr": 0.0, "macro_rec": 0.0, "macro_ner_f1": 0.792839765548706, "macro_ner_pr": 0.7779209613800049, "macro_ner_rec": 0.8088480830192566, "samples_per_s": 237.84792917404317, "samples_total_num": 5000, "samples_total_s": 21.021835327148438, "organization_pr": 0.6854082942008972, "organization_rec": 0.6754617691040039, "organization_f1": 0.6803986430168152, "location_pr": 0.8859832882881165, "location_rec": 0.9321349859237671, "location_f1": 0.9084733724594116, "person_pr": 0.7623713612556458, "person_rec": 0.8189473748207092, "person_f1": 0.7896472811698914}, "test_metrics_bounds": {"f1": 0.0, "pr": 0.0, "rec": 0.0, "ner_f1": 0.8888788223266602, "ner_pr": 0.8671875, "ner_rec": 0.9116832613945007, "macro_f1": 0.0, "macro_pr": 0.0, "macro_rec": 0.0, "macro_ner_f1": 0.8888788223266602, "macro_ner_pr": 0.8671875, "macro_ner_rec": 0.9116832613945007, "samples_per_s": 237.84792917404317, "samples_total_num": 5000, "samples_total_s": 21.021835327148438}, "metrics": {"f1": [0.0, 0.0, 0.0, 0.0, 0.0, 0.0, 0.0], "pr": [0.0, 0.0, 0.0, 0.0, 0.0, 0.0, 0.0], "rec": [0.0, 0.0, 0.0, 0.0, 0.0, 0.0, 0.0], "ner_f1": [0.8115668892860413, 0.8493174910545349, 0.8557991981506348, 0.8608660101890564, 0.8723995685577393, 0.8639900088310242, 0.8573930859565735], "ner_pr": [0.789997398853302, 0.8082944750785828, 0.8178076148033142, 0.845374584197998, 0.8492493033409119, 0.8344928026199341, 0.8573930859565735], "ner_rec": [0.8343473672866821, 0.8947271108627319, 0.8974926471710205, 0.8769358396530151, 0.8968473672866821, 0.8956489562988281, 0.8573930859565735], "macro_f1": [0.0, 0.0, 0.0, 0.0, 0.0, 0.0, 0.0], "macro_pr": [0.0, 0.0, 0.0, 0.0, 0.0, 0.0, 0.0], "macro_rec": [0.0, 0.0, 0.0, 0.0, 0.0, 0.0, 0.0], "macro_ner_f1": [0.7082129120826721, 0.7661457061767578, 0.7717291712760925, 0.774989902973175, 0.7967501282691956, 0.7873330116271973, 0.7833591103553772], "macro_ner_pr": [0.6877172589302063, 0.7254672050476074, 0.7197887897491455, 0.7487430572509766, 0.782636821269989, 0.8164343237876892, 0.7726866602897644], "macro_ner_rec": [0.7365100979804993, 0.816230833530426, 0.8348643183708191, 0.8061516880989075, 0.8117653727531433, 0.7693356871604919, 0.79640132188797], "samples_per_s": [234.40370192855107, 234.43931557266936, 239.84835911752677, 242.503647756014, 237.96800087745618, 231.41040698885135, 236.57862744073464], "samples_total_num": [5000, 5000, 5000, 5000, 5000, 5000, 5000], "samples_total_s": [21.330721139907837, 21.327480792999268, 20.84650492668152, 20.61824655532837, 21.011228322982788, 21.60663414001465, 21.13462257385254], "organization_pr": [0.6013888716697693, 0.6607369780540466, 0.5781094431877136, 0.5928270220756531, 0.6938239336013794, 0.7719869613647461, 0.6909090876579285], "organization_rec": [0.5630689263343811, 0.6762028336524963, 0.7555266618728638, 0.7308192253112793, 0.6866059899330139, 0.6163849234580994, 0.6918075680732727], "organization_f1": [0.5815983414649963, 0.6683804392814636, 0.6550168991088867, 0.6546301245689392, 0.6901960372924805, 0.6854663491249084, 0.6913580298423767], "location_pr": [0.8637078404426575, 0.8673083782196045, 0.8736757040023804, 0.8940191268920898, 0.880294680595398, 0.8376762270927429, 0.9132581949234009], "location_rec": [0.8744949102401733, 0.9267784953117371, 0.9289824962615967, 0.9151462912559509, 0.9364515542984009, 0.9604505896568298, 0.8830659985542297], "location_f1": [0.8690678477287292, 0.8960577249526978, 0.9004806280136108, 0.9044592976570129, 0.907505214214325, 0.8948720097541809, 0.8979083299636841], "person_pr": [0.5980551242828369, 0.6483560800552368, 0.7075812220573425, 0.7593830227851868, 0.7737917304039001, 0.8396396636962891, 0.7138926982879639], "person_rec": [0.7719665169715881, 0.8457112908363342, 0.8200836777687073, 0.7724895477294922, 0.8122385144233704, 0.7311715483665466, 0.814330518245697], "person_f1": [0.6739726662635803, 0.7339991331100464, 0.7596899271011353, 0.7658802270889282, 0.7925491333007812, 0.7816605567932129, 0.7608110904693604]}}