{"test_metrics": {"f1": 0.0, "pr": 0.0, "rec": 0.0, "ner_f1": 0.6467375755310059, "ner_pr": 0.6229236125946045, "ner_rec": 0.6724447011947632, "macro_f1": 0.0, "macro_pr": 0.0, "macro_rec": 0.0, "macro_ner_f1": 0.6401497721672058, "macro_ner_pr": 0.6198611259460449, "macro_ner_rec": 0.6633186340332031, "samples_per_s": 139.6369202009404, "samples_total_num": 529, "samples_total_s": 3.7883963584899902, "task_pr": 0.5951557159423828, "task_rec": 0.6564885377883911, "task_f1": 0.6243194341659546, "method_pr": 0.7530864477157593, "method_rec": 0.7176470756530762, "method_f1": 0.7349397540092468, "material_pr": 0.604519784450531, "material_rec": 0.6772152185440063, "material_f1": 0.6388060450553894, "otherscientificterm_pr": 0.5457570552825928, "otherscientificterm_rec": 0.634429395198822, "otherscientificterm_f1": 0.586762011051178, "metric_pr": 0.5616438388824463, "metric_rec": 0.577464759349823, "metric_f1": 0.5694444179534912, "generic_pr": 0.6590038537979126, "generic_rec": 0.7166666388511658, "generic_f1": 0.6866267919540405}, "test_metrics_bounds": {"f1": 0.0, "pr": 0.0, "rec": 0.0, "ner_f1": 0.7848100662231445, "ner_pr": 0.7565169334411621, "ner_rec": 0.8153018355369568, "macro_f1": 0.0, "macro_pr": 0.0, "macro_rec": 0.0, "macro_ner_f1": 0.7848100662231445, "macro_ner_pr": 0.7565169334411621, "macro_ner_rec": 0.8153018355369568, "samples_per_s": 139.6369202009404, "samples_total_num": 529, "samples_total_s": 3.7883963584899902}, "metrics": {"f1": [0.0, 0.0, 0.0, 0.0, 0.0, 0.0, 0.0, 0.0, 0.0, 0.0, 0.0, 0.0, 0.0, 0.0, 0.0, 0.0, 0.0, 0.0, 0.0, 0.0, 0.0, 0.0, 0.0, 0.0, 0.0], "pr": [0.0, 0.0, 0.0, 0.0, 0.0, 0.0, 0.0, 0.0, 0.0, 0.0, 0.0, 0.0, 0.0, 0.0, 0.0, 0.0, 0.0, 0.0, 0.0, 0.0, 0.0, 0.0, 0.0, 0.0, 0.0], "rec": [0.0, 0.0, 0.0, 0.0, 0.0, 0.0, 0.0, 0.0, 0.0, 0.0, 0.0, 0.0, 0.0, 0.0, 0.0, 0.0, 0.0, 0.0, 0.0, 0.0, 0.0, 0.0, 0.0, 0.0, 0.0], "ner_f1": [0.36734694242477417, 0.55931156873703, 0.5980671048164368, 0.6216052770614624, 0.6468135714530945, 0.650473952293396, 0.6501510739326477, 0.6366742849349976, 0.659286618232727, 0.6458583474159241, 0.655393660068512, 0.6599286794662476, 0.6590085029602051, 0.6650998592376709, 0.6758869290351868, 0.6717646718025208, 0.663467288017273, 0.6670658588409424, 0.6729970574378967, 0.6662665009498596, 0.661057710647583, 0.6630368828773499, 0.6642685532569885, 0.6698280572891235, 0.6706231236457825], "ner_pr": [0.4017857015132904, 0.5488540530204773, 0.5473465323448181, 0.5995343327522278, 0.6163450479507446, 0.6168539524078369, 0.6277713179588318, 0.5835072994232178, 0.6473429799079895, 0.6198156476020813, 0.612868070602417, 0.627828061580658, 0.6366822719573975, 0.6261062026023865, 0.6497109532356262, 0.6330376863479614, 0.6363636255264282, 0.6387614607810974, 0.6392333507537842, 0.6394008994102478, 0.6351039409637451, 0.6409356594085693, 0.636781632900238, 0.635545551776886, 0.6369785666465759], "ner_rec": [0.33834585547447205, 0.5701754093170166, 0.6591478586196899, 0.6453633904457092, 0.6804511547088623, 0.6879699230194092, 0.6741854548454285, 0.7005012631416321, 0.6716791987419128, 0.6741854548454285, 0.7042606472969055, 0.6954887509346008, 0.6829574108123779, 0.7092731595039368, 0.7042606472969055, 0.7155388593673706, 0.6929824352264404, 0.6979950070381165, 0.7105262875556946, 0.6954887509346008, 0.689223051071167, 0.6867167949676514, 0.6942355632781982, 0.708020031452179, 0.708020031452179], "macro_f1": [0.0, 0.0, 0.0, 0.0, 0.0, 0.0, 0.0, 0.0, 0.0, 0.0, 0.0, 0.0, 0.0, 0.0, 0.0, 0.0, 0.0, 0.0, 0.0, 0.0, 0.0, 0.0, 0.0, 0.0, 0.0], "macro_pr": [0.0, 0.0, 0.0, 0.0, 0.0, 0.0, 0.0, 0.0, 0.0, 0.0, 0.0, 0.0, 0.0, 0.0, 0.0, 0.0, 0.0, 0.0, 0.0, 0.0, 0.0, 0.0, 0.0, 0.0, 0.0], "macro_rec": [0.0, 0.0, 0.0, 0.0, 0.0, 0.0, 0.0, 0.0, 0.0, 0.0, 0.0, 0.0, 0.0, 0.0, 0.0, 0.0, 0.0, 0.0, 0.0, 0.0, 0.0, 0.0, 0.0, 0.0, 0.0], "macro_ner_f1": [0.24830645322799683, 0.4957931339740753, 0.5693605542182922, 0.5746801495552063, 0.6162521839141846, 0.6281082034111023, 0.6288645267486572, 0.6120198369026184, 0.622825026512146, 0.6163235306739807, 0.635424792766571, 0.640938401222229, 0.6365112662315369, 0.6424258351325989, 0.6506406664848328, 0.6430912017822266, 0.6250235438346863, 0.6388397216796875, 0.6489546895027161, 0.634684145450592, 0.629644513130188, 0.6381072402000427, 0.6377497315406799, 0.6508377194404602, 0.6533965468406677], "macro_ner_pr": [0.3268052041530609, 0.5444033741950989, 0.5552247762680054, 0.581592321395874, 0.602039635181427, 0.6123052835464478, 0.6297230124473572, 0.5908918976783752, 0.6346848607063293, 0.5995631217956543, 0.6014547348022461, 0.627668559551239, 0.628208577632904, 0.6024369597434998, 0.6294257044792175, 0.6337258815765381, 0.6237265467643738, 0.625224232673645, 0.6316270232200623, 0.6197002530097961, 0.6176487803459167, 0.6190899610519409, 0.621403694152832, 0.6273244023323059, 0.6289833784103394], "macro_ner_rec": [0.2542378902435303, 0.4904845058917999, 0.6049112677574158, 0.5779105424880981, 0.6374363899230957, 0.6527453064918518, 0.6416218876838684, 0.6497170925140381, 0.6249684691429138, 0.6385194063186646, 0.6767259240150452, 0.6601068377494812, 0.6542675495147705, 0.6915290951728821, 0.6775715947151184, 0.6629047989845276, 0.6349459290504456, 0.6583014130592346, 0.6719532012939453, 0.652817964553833, 0.6459099650382996, 0.6620556116104126, 0.6589223742485046, 0.6798720359802246, 0.6835890412330627], "samples_per_s": [154.2294172379514, 150.51746324049537, 144.1621102056135, 159.71565982871985, 166.29160190988785, 134.3758863509137, 175.72643038897465, 139.85709304188163, 153.04817235182867, 152.66279442371257, 146.37477946853394, 146.35725632110046, 153.09417366458376, 141.0004118096935, 173.92961627538105, 160.29105584175366, 166.390707550207, 160.6483214053485, 167.89443881128193, 142.10955706247407, 169.57827296291532, 166.16050535071673, 157.12339958095396, 174.13800239653142, 147.01541538578098], "samples_total_num": [260, 260, 260, 260, 260, 260, 260, 260, 260, 260, 260, 260, 260, 260, 260, 260, 260, 260, 260, 260, 260, 260, 260, 260, 260], "samples_total_s": [1.685800313949585, 1.7273743152618408, 1.8035252094268799, 1.6278929710388184, 1.5635185241699219, 1.934870958328247, 1.4795725345611572, 1.8590404987335205, 1.6988115310668945, 1.7030999660491943, 1.7762622833251953, 1.776474952697754, 1.698301076889038, 1.8439662456512451, 1.4948575496673584, 1.622049331665039, 1.5625872611999512, 1.6184420585632324, 1.5485920906066895, 1.8295743465423584, 1.5332152843475342, 1.5647521018981934, 1.6547503471374512, 1.4930686950683594, 1.768522024154663], "task_pr": [0.6875, 0.4261363744735718, 0.4780219793319702, 0.565891444683075, 0.559440553188324, 0.5616438388824463, 0.5123456716537476, 0.6565656661987305, 0.5748031735420227, 0.5630252361297607, 0.550000011920929, 0.5777778029441833, 0.5531914830207825, 0.529411792755127, 0.6141732335090637, 0.5753424763679504, 0.605042040348053, 0.5967742204666138, 0.5510203838348389, 0.5769230723381042, 0.5746268630027771, 0.6079999804496765, 0.59375, 0.5859375, 0.5891472697257996], "task_rec": [0.0873015895485878, 0.5952380895614624, 0.6904761791229248, 0.579365074634552, 0.6349206566810608, 0.6507936716079712, 0.658730149269104, 0.5158730149269104, 0.579365074634552, 0.5317460298538208, 0.523809552192688, 0.6190476417541504, 0.6190476417541504, 0.6428571343421936, 0.6190476417541504, 0.6666666865348816, 0.5714285969734192, 0.5873016119003296, 0.6428571343421936, 0.5952380895614624, 0.6111111044883728, 0.60317462682724, 0.60317462682724, 0.5952380895614624, 0.60317462682724],