{"test_metrics": {"seen__f1": 0.0, "seen__pr": 0.0, "seen__rec": 0.0, "seen__ner_f1": 0.6754804849624634, "seen__ner_pr": 0.5431102514266968, "seen__ner_rec": 0.8931692838668823, "seen__macro_f1": 0.0, "seen__macro_pr": 0.0, "seen__macro_rec": 0.0, "seen__macro_ner_f1": 0.5836063623428345, "seen__macro_ner_pr": 0.4596354067325592, "seen__macro_ner_rec": 0.8356103301048279, "seen__samples_per_s": 473.645452742146, "seen__samples_total_num": 2050, "seen__samples_total_s": 4.328131914138794, "seen__per_pr": 0.5728291273117065, "seen__per_rec": 0.9364625215530396, "seen__per_f1": 0.7108407020568848, "seen__org_pr": 0.4234620928764343, "seen__org_rec": 0.7363184094429016, "seen__org_f1": 0.5376929640769958, "seen__wea_pr": 0.5822784900665283, "seen__wea_rec": 0.8846153616905212, "seen__wea_f1": 0.7022900581359863, "seen__gpe_pr": 0.6687631011009216, "seen__gpe_rec": 0.8998589515686035, "seen__gpe_f1": 0.7672879695892334, "seen__veh_pr": 0.3404255211353302, "seen__veh_rec": 0.8421052694320679, "seen__veh_f1": 0.4848484694957733, "seen__fac_pr": 0.24671052396297455, "seen__fac_rec": 0.8152173757553101, "seen__fac_f1": 0.3787878453731537, "seen__loc_pr": 0.38297873735427856, "seen__loc_rec": 0.7346938848495483, "seen__loc_f1": 0.5034964680671692, "unseen__f1": 0.0, "unseen__pr": 0.0, "unseen__rec": 0.0, "unseen__ner_f1": 0.4526829123497009, "unseen__ner_pr": 0.31968504190444946, "unseen__ner_rec": 0.7751789689064026, "unseen__macro_f1": 0.0, "unseen__macro_pr": 0.0, "unseen__macro_rec": 0.0, "unseen__macro_ner_f1": 0.42889904975891113, "unseen__macro_ner_pr": 0.341091126203537, "unseen__macro_ner_rec": 0.6263912320137024, "unseen__samples_per_s": 532.045350984513, "unseen__samples_total_num": 2050, "unseen__samples_total_s": 3.853055000305176, "unseen__per_pr": 0.32387953996658325, "unseen__per_rec": 0.9024389982223511, "unseen__per_f1": 0.4766812324523926, "unseen__org_pr": 0.3733905553817749, "unseen__org_rec": 0.6397058963775635, "unseen__org_f1": 0.47154471278190613, "unseen__wea_pr": 0.20253165066242218, "unseen__wea_rec": 0.30188679695129395, "unseen__wea_f1": 0.24242426455020905, "unseen__gpe_pr": 0.21802935004234314, "unseen__gpe_rec": 0.770370364189148, "unseen__gpe_f1": 0.33986929059028625, "unseen__veh_pr": 0.478723406791687, "unseen__veh_rec": 0.6521739363670349, "unseen__veh_f1": 0.5521472692489624, "unseen__fac_pr": 0.4506579041481018, "unseen__fac_rec": 0.7326202988624573, "unseen__fac_f1": 0.5580447912216187, "unseen__loc_pr": 0.3404255211353302, "unseen__loc_rec": 0.3855421543121338, "unseen__loc_f1": 0.3615819215774536}, "test_metrics_bounds": {"seen__f1": 0.0, "seen__pr": 0.0, "seen__rec": 0.0, "seen__ner_f1": 0.7280755639076233, "seen__ner_pr": 0.5856353640556335, "seen__ner_rec": 0.9620745778083801, "seen__macro_f1": 0.0, "seen__macro_pr": 0.0, "seen__macro_rec": 0.0, "seen__macro_ner_f1": 0.7280755639076233, "seen__macro_ner_pr": 0.5856353640556335, "seen__macro_ner_rec": 0.9620745778083801, "seen__samples_per_s": 473.645452742146, "seen__samples_total_num": 2050, "seen__samples_total_s": 4.328131914138794, "unseen__f1": 0.0, "unseen__pr": 0.0, "unseen__rec": 0.0, "unseen__ner_f1": 0.5090757012367249, "unseen__ner_pr": 0.3597079813480377, "unseen__ner_rec": 0.870582640171051, "unseen__macro_f1": 0.0, "unseen__macro_pr": 0.0, "unseen__macro_rec": 0.0, "unseen__macro_ner_f1": 0.5090757012367249, "unseen__macro_ner_pr": 0.3597079813480377, "unseen__macro_ner_rec": 0.870582640171051, "unseen__samples_per_s": 532.045350984513, "unseen__samples_total_num": 2050, "unseen__samples_total_s": 3.853055000305176}}