{"test_metrics": {"f1": 0.0, "pr": 0.0, "rec": 0.0, "ner_f1": 0.772544801235199, "ner_pr": 0.7905811667442322, "ner_rec": 0.7553130388259888, "macro_f1": 0.0, "macro_pr": 0.0, "macro_rec": 0.0, "macro_ner_f1": 0.7651451230049133, "macro_ner_pr": 0.8033308982849121, "macro_ner_rec": 0.7322984337806702, "samples_per_s": 384.92516049934187, "samples_total_num": 1854, "samples_total_s": 4.816520690917969, "dna_pr": 0.7620275020599365, "dna_rec": 0.7182186245918274, "dna_f1": 0.7394748330116272, "rna_pr": 0.8817204236984253, "rna_rec": 0.7884615659713745, "rna_f1": 0.8324872851371765, "cell_type_pr": 0.7428057789802551, "cell_type_rec": 0.699999988079071, "cell_type_f1": 0.7207679152488708, "protein_pr": 0.8043862581253052, "protein_rec": 0.7964973449707031, "protein_f1": 0.8004223704338074, "cell_line_pr": 0.8257142901420593, "cell_line_rec": 0.6583143472671509, "cell_line_f1": 0.7325729131698608}, "test_metrics_bounds": {"f1": 0.0, "pr": 0.0, "rec": 0.0, "ner_f1": 0.8129284977912903, "ner_pr": 0.8321636319160461, "ner_rec": 0.7945625185966492, "macro_f1": 0.0, "macro_pr": 0.0, "macro_rec": 0.0, "macro_ner_f1": 0.8129284977912903, "macro_ner_pr": 0.8321636319160461, "macro_ner_rec": 0.7945625185966492, "samples_per_s": 384.92516049934187, "samples_total_num": 1854, "samples_total_s": 4.816520690917969}, "metrics": {"f1": [0.0, 0.0, 0.0, 0.0, 0.0, 0.0, 0.0, 0.0, 0.0, 0.0, 0.0, 0.0, 0.0, 0.0, 0.0, 0.0, 0.0, 0.0, 0.0, 0.0], "pr": [0.0, 0.0, 0.0, 0.0, 0.0, 0.0, 0.0, 0.0, 0.0, 0.0, 0.0, 0.0, 0.0, 0.0, 0.0, 0.0, 0.0, 0.0, 0.0, 0.0], "rec": [0.0, 0.0, 0.0, 0.0, 0.0, 0.0, 0.0, 0.0, 0.0, 0.0, 0.0, 0.0, 0.0, 0.0, 0.0, 0.0, 0.0, 0.0, 0.0, 0.0], "ner_f1": [0.6654676198959351, 0.7409427165985107, 0.7617531418800354, 0.7645289301872253, 0.7650230526924133, 0.7594708204269409, 0.761904776096344, 0.7626718282699585, 0.7615370154380798, 0.7630419731140137, 0.7666698694229126, 0.768914520740509, 0.7654272317886353, 0.7679439783096313, 0.7663257122039795, 0.7631422877311707, 0.772016167640686, 0.7691403031349182, 0.7696546912193298, 0.772544801235199], "ner_pr": [0.6274376511573792, 0.7540138959884644, 0.7455545663833618, 0.7749803066253662, 0.7696182727813721, 0.7968454360961914, 0.7785771489143372, 0.783134937286377, 0.7680622935295105, 0.7805366516113281, 0.7845691442489624, 0.7865438461303711, 0.7915729284286499, 0.7803913950920105, 0.7878665328025818, 0.7917267084121704, 0.7941295504570007, 0.7880675196647644, 0.7917004227638245, 0.7905811667442322], "ner_rec": [0.7084051370620728, 0.7283170819282532, 0.7786712646484375, 0.7543557286262512, 0.7604824900627136, 0.7254451513290405, 0.7459314465522766, 0.7432510256767273, 0.7551215887069702, 0.7463144063949585, 0.7495692372322083, 0.752058207988739, 0.7409534454345703, 0.7558874487876892, 0.7459314465522766, 0.7365498542785645, 0.7511008977890015, 0.7511008977890015, 0.7488033771514893, 0.7553130388259888], "macro_f1": [0.0, 0.0, 0.0, 0.0, 0.0, 0.0, 0.0, 0.0, 0.0, 0.0, 0.0, 0.0, 0.0, 0.0, 0.0, 0.0, 0.0, 0.0, 0.0, 0.0], "macro_pr": [0.0, 0.0, 0.0, 0.0, 0.0, 0.0, 0.0, 0.0, 0.0, 0.0, 0.0, 0.0, 0.0, 0.0, 0.0, 0.0, 0.0, 0.0, 0.0, 0.0], "macro_rec": [0.0, 0.0, 0.0, 0.0, 0.0, 0.0, 0.0, 0.0, 0.0, 0.0, 0.0, 0.0, 0.0, 0.0, 0.0, 0.0, 0.0, 0.0, 0.0, 0.0], "macro_ner_f1": [0.6127890944480896, 0.7381235361099243, 0.7491083145141602, 0.7539573311805725, 0.7295540571212769, 0.7574597597122192, 0.7638096213340759, 0.7606045007705688, 0.7511712312698364, 0.7603645920753479, 0.7581371665000916, 0.7696456909179688, 0.7588611841201782, 0.7600694894790649, 0.762196958065033, 0.7584277391433716, 0.7661851048469543, 0.7606682181358337, 0.7636061310768127, 0.7651451230049133], "macro_ner_pr": [0.6751062870025635, 0.7540298700332642, 0.7607709765434265, 0.7627092003822327, 0.729946494102478, 0.8127191662788391, 0.8016611337661743, 0.7920443415641785, 0.7903688549995422, 0.7967649102210999, 0.7896329760551453, 0.8014141917228699, 0.8040895462036133, 0.8037970662117004, 0.8043332099914551, 0.8067470788955688, 0.8079205751419067, 0.805076003074646, 0.8049346208572388, 0.8033308982849121], "macro_ner_rec": [0.6153392195701599, 0.7236298322677612, 0.7404941320419312, 0.7465647459030151, 0.738915741443634, 0.7125884294509888, 0.7315378189086914, 0.7343716621398926, 0.7193620800971985, 0.7292454838752747, 0.7300268411636353, 0.742789626121521, 0.7206381559371948, 0.7240489721298218, 0.7262904047966003, 0.718036413192749, 0.7302955389022827, 0.7233933210372925, 0.7274896502494812, 0.7322984337806702], "samples_per_s": [359.1446568486859, 391.81909439470576, 377.81299445225727, 378.2921858071539, 382.49785914045304, 386.49573120765905, 383.4973026066903, 384.2051877070579, 381.8044188571791, 383.94078962277945, 383.3172431151177, 383.5754471530118, 398.49991216463445, 394.23945567429524, 397.6504174510381, 387.4544759254239, 386.36632062706275, 390.44480143737104, 387.3529191916349, 386.46732220292705], "samples_total_num": [1854, 1854, 1854, 1854, 1854, 1854, 1854, 1854, 1854, 1854, 1854, 1854, 1854, 1854, 1854, 1854, 1854, 1854, 1854, 1854], "samples_total_s": [5.162265300750732, 4.731775522232056, 4.907189607620239, 4.900973558425903, 4.847085952758789, 4.796948194503784, 4.834453821182251, 4.825546503067017, 4.855889320373535, 4.828869581222534, 4.836724758148193, 4.833468914031982, 4.652447700500488, 4.702725648880005, 4.662386655807495, 4.785078287124634, 4.79855489730835, 4.748430490493774, 4.786332845687866, 4.797300815582275], "dna_pr": [0.6045627593994141, 0.6764009594917297, 0.7346938848495483, 0.7786596417427063, 0.7588832378387451, 0.7404704093933105, 0.7629427909851074, 0.7603160738945007, 0.7513043284416199, 0.769911527633667, 0.7684021592140198, 0.7432762980461121, 0.753648042678833, 0.761130154132843, 0.7646048069000244, 0.7493584156036377, 0.7510373592376709, 0.7620275020599365, 0.7590987682342529, 0.7620275020599365], "dna_rec": [0.6437246799468994, 0.6939271092414856, 0.7287449240684509, 0.7149797677993774, 0.7263157963752747, 0.7392712831497192, 0.6801619529724121, 0.7012145519256592, 0.6995951533317566, 0.7044534683227539, 0.6931173801422119, 0.7384615540504456, 0.7109311819076538, 0.7198380827903748, 0.7206477522850037, 0.7093117237091064, 0.7327935099601746, 0.7182186245918274, 0.7093117237091064, 0.7182186245918274], "dna_f1": [0.6235293745994568, 0.6850519776344299, 0.7317073345184326, 0.7454622387886047, 0.7422424554824829, 0.7398703694343567, 0.7191780805587769, 0.7295703291893005, 0.7245282530784607, 0.735729455947876, 0.72882080078125, 0.7408611178398132, 0.731666624546051, 0.7399085164070129, 0.7419757843017578, 0.7287853360176086, 0.7418032884597778, 0.7394748330116272, 0.7333612442016602, 0.7394748330116272], "rna_pr": [0.7586206793785095, 0.8181818127632141, 0.800000011920929, 0.7636363506317139, 0.588652491569519, 0.9213483333587646, 0.8958333134651184, 0.8640776872634888, 0.8791208863258362, 0.8817204236984253, 0.8383838534355164, 0.8989899158477783, 0.8924731016159058, 0.9186046719551086, 0.901098906993866, 0.8924731016159058, 0.9111111164093018, 0.8888888955116272, 0.901098906993866, 0.8817204236984253], "rna_rec": [0.6346153616905212, 0.7788461446762085, 0.7692307829856873, 0.807692289352417, 0.7980769276618958, 0.7884615659713745, 0.8269230723381042, 0.8557692170143127, 0.7692307829856873, 0.7884615659713745, 0.7980769276618958, 0.8557692170143127, 0.7980769276618958, 0.7596153616905212, 0.7884615659713745, 0.7980769276618958, 0.7884615659713745, 0.7692307829856873, 0.7884615659713745, 0.7884615659713745], "rna_f1": [0.6910994648933411, 0.7980294823646545, 0.7843137383460999, 0.7850466966629028, 0.6775510311126709, 0.8497409820556641, 0.8600000143051147, 0.8599033951759338, 0.8205127716064453, 0.8324872851371765, 0.8177340030670166, 0.8768473267555237, 0.8426395654678345, 0.8315789103507996, 0.841025710105896, 0.8426395654678345, 0.8453608751296997, 0.8247422575950623, 0.841025710105896, 0.8324872851371765],