{"test_metrics": {"unseen_ner_prec_micro": 45.38545059717698, "unseen_ner_rec_micro": 58.66666666666666, "unseen_ner_f1_micro": 51.178451178451176, "unseen_ner_prec_macro": 40.96220783984668, "unseen_ner_rec_macro": 54.0474635776352, "unseen_ner_f1_macro": 44.89394642910958, "unseen_loc_prec_micro": 63.84839650145773, "unseen_loc_rec_micro": 76.84210526315789, "unseen_loc_f1_micro": 69.7452229299363, "unseen_loc_prec_macro": 63.84839650145773, "unseen_loc_rec_macro": 76.84210526315789, "unseen_loc_f1_macro": 69.7452229299363, "unseen_cls_prec_micro": 71.51411462788708, "unseen_cls_rec_micro": 58.66666666666666, "unseen_cls_f1_micro": 64.45643793369314, "unseen_cls_prec_macro": 62.3589099537512, "unseen_cls_rec_macro": 54.0474635776352, "unseen_cls_f1_macro": 57.262452776292825, "unseen_epoch": 0.0, "unseen_iteration": 0.0, "unseen_global_iteration": 0.0, "seen_ner_prec_micro": 10.25364274150027, "seen_ner_rec_micro": 73.07692307692307, "seen_ner_f1_micro": 17.983909133932798, "seen_ner_prec_macro": 11.500729858302618, "seen_ner_rec_macro": 58.03196803196804, "seen_ner_f1_macro": 15.388884638098396, "seen_loc_prec_micro": 12.07897793263647, "seen_loc_rec_micro": 80.0, "seen_loc_f1_micro": 20.98890010090817, "seen_loc_prec_macro": 12.07897793263647, "seen_loc_rec_macro": 80.0, "seen_loc_f1_macro": 20.98890010090817, "seen_cls_prec_micro": 88.37209302325581, "seen_cls_rec_micro": 73.07692307692307, "seen_cls_f1_micro": 80.0, "seen_cls_prec_macro": 74.47628947628947, "seen_cls_rec_macro": 58.03196803196804, "seen_cls_f1_macro": 63.02574068020292, "seen_epoch": 0.0, "seen_iteration": 0.0, "seen_global_iteration": 0.0, "ner_prec_micro": 55.09110396570204, "ner_rec_micro": 61.00890207715134, "ner_f1_micro": 57.89918332863982, "ner_prec_macro": 51.70873254092806, "ner_rec_macro": 58.13644709110708, "ner_f1_macro": 54.12160922967575, "loc_prec_micro": 76.01390498261877, "loc_rec_micro": 77.86350148367951, "loc_f1_micro": 76.9275872178247, "loc_prec_macro": 76.01390498261877, "loc_rec_macro": 77.86350148367951, "loc_f1_macro": 76.9275872178247, "cls_prec_micro": 73.42857142857143, "cls_rec_micro": 61.00890207715134, "cls_f1_micro": 66.645056726094, "cls_prec_macro": 67.17646958022482, "cls_rec_macro": 58.13644709110708, "cls_f1_macro": 61.90151938521501, "epoch": 0.0, "iteration": 0.0, "global_iteration": 0.0}}