{"test_metrics": {"seen__f1": 0.0, "seen__pr": 0.0, "seen__rec": 0.0, "seen__ner_f1": 0.7520479559898376, "seen__ner_pr": 0.6405957341194153, "seen__ner_rec": 0.9104499816894531, "seen__macro_f1": 0.0, "seen__macro_pr": 0.0, "seen__macro_rec": 0.0, "seen__macro_ner_f1": 0.5642836689949036, "seen__macro_ner_pr": 0.440941721200943, "seen__macro_ner_rec": 0.8714089393615723, "seen__samples_per_s": 532.5817345850127, "seen__samples_total_num": 4290, "seen__samples_total_s": 8.0551016330719, "seen__organization_pr": 0.2804428040981293, "seen__organization_rec": 0.8260869383811951, "seen__organization_f1": 0.41873279213905334, "seen__location_pr": 0.7266300320625305, "seen__location_rec": 0.9162951707839966, "seen__location_f1": 0.8105148077011108, "seen__person_pr": 0.31575244665145874, "seen__person_rec": 0.8718446493148804, "seen__person_f1": 0.46360352635383606, "unseen__f1": 0.0, "unseen__pr": 0.0, "unseen__rec": 0.0, "unseen__ner_f1": 0.5967503190040588, "unseen__ner_pr": 0.47867298126220703, "unseen__ner_rec": 0.7921568751335144, "unseen__macro_f1": 0.0, "unseen__macro_pr": 0.0, "unseen__macro_rec": 0.0, "unseen__macro_ner_f1": 0.6333000659942627, "unseen__macro_ner_pr": 0.5745490193367004, "unseen__macro_ner_rec": 0.7563962340354919, "unseen__samples_per_s": 564.9017133628863, "unseen__samples_total_num": 3022, "unseen__samples_total_s": 5.349603176116943, "unseen__organization_pr": 0.587087094783783, "unseen__organization_rec": 0.6811846494674683, "unseen__organization_f1": 0.6306451559066772, "unseen__location_pr": 0.3884453773498535, "unseen__location_rec": 0.8717585802078247, "unseen__location_f1": 0.5374218821525574, "unseen__person_pr": 0.7481146454811096, "unseen__person_rec": 0.7162454724311829, "unseen__person_f1": 0.731833279132843}, "test_metrics_bounds": {"seen__f1": 0.0, "seen__pr": 0.0, "seen__rec": 0.0, "seen__ner_f1": 0.7569384574890137, "seen__ner_pr": 0.6447615027427673, "seen__ner_rec": 0.9163706302642822, "seen__macro_f1": 0.0, "seen__macro_pr": 0.0, "seen__macro_rec": 0.0, "seen__macro_ner_f1": 0.7569384574890137, "seen__macro_ner_pr": 0.6447615027427673, "seen__macro_ner_rec": 0.9163706302642822, "seen__samples_per_s": 532.5817345850127, "seen__samples_total_num": 4290, "seen__samples_total_s": 8.0551016330719, "unseen__f1": 0.0, "unseen__pr": 0.0, "unseen__rec": 0.0, "unseen__ner_f1": 0.628323495388031, "unseen__ner_pr": 0.5039988160133362, "unseen__ner_rec": 0.8340686559677124, "unseen__macro_f1": 0.0, "unseen__macro_pr": 0.0, "unseen__macro_rec": 0.0, "unseen__macro_ner_f1": 0.628323495388031, "unseen__macro_ner_pr": 0.5039988160133362, "unseen__macro_ner_rec": 0.8340686559677124, "unseen__samples_per_s": 564.9017133628863, "unseen__samples_total_num": 3022, "unseen__samples_total_s": 5.349603176116943}}