{"test_metrics": {"unseen_ner_prec_micro": 15.71008094186902, "unseen_ner_rec_micro": 77.07581227436823, "unseen_ner_f1_micro": 26.10024449877751, "unseen_ner_prec_macro": 15.585580670503196, "unseen_ner_rec_macro": 64.87882786885206, "unseen_ner_f1_macro": 24.76946103510358, "unseen_loc_prec_micro": 17.170406081958095, "unseen_loc_rec_micro": 83.5740072202166, "unseen_loc_f1_micro": 28.48792493462544, "unseen_loc_prec_macro": 17.170406081958095, "unseen_loc_rec_macro": 83.5740072202166, "unseen_loc_f1_macro": 28.48792493462544, "unseen_cls_prec_micro": 91.23931623931624, "unseen_cls_rec_micro": 77.07581227436823, "unseen_cls_f1_micro": 83.56164383561644, "unseen_cls_prec_macro": 84.61417319487407, "unseen_cls_rec_macro": 64.87882786885206, "unseen_cls_f1_macro": 72.05612454416254, "unseen_epoch": 0.0, "unseen_iteration": 0.0, "unseen_global_iteration": 0.0, "seen_ner_prec_micro": 71.86696067622198, "seen_ner_rec_micro": 89.5375457875458, "seen_ner_f1_micro": 79.73496432212028, "seen_ner_prec_macro": 65.81991505158692, "seen_ner_rec_macro": 87.00197883683262, "seen_ner_f1_macro": 74.68445941535015, "seen_loc_prec_micro": 76.76917376806225, "seen_loc_rec_micro": 94.87179487179486, "seen_loc_f1_micro": 84.8658611509318, "seen_loc_prec_macro": 76.76917376806225, "seen_loc_rec_macro": 94.87179487179486, "seen_loc_f1_macro": 84.8658611509318, "seen_cls_prec_micro": 93.78896882494004, "seen_cls_rec_micro": 89.5375457875458, "seen_cls_f1_micro": 91.61396111501524, "seen_cls_prec_macro": 92.2009704297655, "seen_cls_rec_macro": 87.00197883683262, "seen_cls_f1_macro": 89.44809977084905, "seen_epoch": 0.0, "seen_iteration": 0.0, "seen_global_iteration": 0.0, "ner_prec_micro": 87.69797421731124, "ner_rec_micro": 86.96128560993427, "ner_f1_micro": 87.32807628828168, "ner_prec_macro": 81.61653159094465, "ner_rec_macro": 81.14828314011564, "ner_f1_macro": 81.2220537510536, "loc_prec_micro": 94.09689994431038, "loc_rec_micro": 92.56756756756756, "loc_f1_micro": 93.32596888520666, "loc_prec_macro": 94.09689994431038, "loc_rec_macro": 92.56756756756756, "loc_f1_macro": 93.32596888520666, "cls_prec_micro": 93.29937304075236, "cls_rec_micro": 86.96128560993427, "cls_f1_micro": 90.01890359168242, "cls_prec_macro": 90.70697602541348, "cls_rec_macro": 81.14828314011564, "cls_f1_macro": 85.47128191519275, "epoch": 0.0, "iteration": 0.0, "global_iteration": 0.0}}