{"test_metrics": {"f1": 0.0, "pr": 0.0, "rec": 0.0, "ner_f1": 0.8780943155288696, "ner_pr": 0.8687615394592285, "ner_rec": 0.8876298666000366, "macro_f1": 0.0, "macro_pr": 0.0, "macro_rec": 0.0, "macro_ner_f1": 0.8366062641143799, "macro_ner_pr": 0.8316349983215332, "macro_ner_rec": 0.8448077440261841, "samples_per_s": 149.76057986064362, "samples_total_num": 288, "samples_total_s": 1.9230694770812988, "loc_pr": 0.9033018946647644, "loc_rec": 0.9251207709312439, "loc_f1": 0.9140810966491699, "org_pr": 0.7633928656578064, "org_rec": 0.8769230842590332, "org_f1": 0.8162291049957275, "peop_pr": 0.9589905142784119, "peop_rec": 0.955974817276001, "peop_f1": 0.957480251789093, "other_pr": 0.7008547186851501, "other_rec": 0.6212121248245239, "other_f1": 0.6586345434188843}, "test_metrics_bounds": {"f1": 0.0, "pr": 0.0, "rec": 0.0, "ner_f1": 0.8920056223869324, "ner_pr": 0.8833333253860474, "ner_rec": 0.9008498787879944, "macro_f1": 0.0, "macro_pr": 0.0, "macro_rec": 0.0, "macro_ner_f1": 0.8920056223869324, "macro_ner_pr": 0.8833333253860474, "macro_ner_rec": 0.9008498787879944, "samples_per_s": 149.76057986064362, "samples_total_num": 288, "samples_total_s": 1.9230694770812988}, "metrics": {"f1": [0.0, 0.0, 0.0, 0.0, 0.0, 0.0, 0.0, 0.0, 0.0, 0.0, 0.0, 0.0, 0.0, 0.0, 0.0, 0.0, 0.0, 0.0, 0.0, 0.0, 0.0, 0.0, 0.0, 0.0, 0.0, 0.0, 0.0, 0.0, 0.0, 0.0, 0.0], "pr": [0.0, 0.0, 0.0, 0.0, 0.0, 0.0, 0.0, 0.0, 0.0, 0.0, 0.0, 0.0, 0.0, 0.0, 0.0, 0.0, 0.0, 0.0, 0.0, 0.0, 0.0, 0.0, 0.0, 0.0, 0.0, 0.0, 0.0, 0.0, 0.0, 0.0, 0.0], "rec": [0.0, 0.0, 0.0, 0.0, 0.0, 0.0, 0.0, 0.0, 0.0, 0.0, 0.0, 0.0, 0.0, 0.0, 0.0, 0.0, 0.0, 0.0, 0.0, 0.0, 0.0, 0.0, 0.0, 0.0, 0.0, 0.0, 0.0, 0.0, 0.0, 0.0, 0.0], "ner_f1": [0.5082793831825256, 0.7511111497879028, 0.7864768505096436, 0.7771226167678833, 0.8163952231407166, 0.817241370677948, 0.8246334195137024, 0.799532413482666, 0.829799473285675, 0.8415554165840149, 0.8260124921798706, 0.8192771077156067, 0.8255072832107544, 0.8325739502906799, 0.8494982719421387, 0.832261860370636, 0.8348519206047058, 0.8446711897850037, 0.8543689846992493, 0.8486917614936829, 0.8612221479415894, 0.8521738648414612, 0.850989580154419, 0.8364055156707764, 0.8427602052688599, 0.846373438835144, 0.841269850730896, 0.8504297733306885, 0.8521127104759216, 0.8569753170013428, 0.859276294708252], "ner_pr": [0.6867704391479492, 0.730810821056366, 0.8175092339515686, 0.8026796579360962, 0.8024282455444336, 0.8219653367996216, 0.8469879627227783, 0.8181818127632141, 0.8321838974952698, 0.8549528121948242, 0.8246013522148132, 0.8225806355476379, 0.8376470804214478, 0.8297389149665833, 0.8291621208190918, 0.8516746163368225, 0.8320090770721436, 0.8380202651023865, 0.853881299495697, 0.8448470830917358, 0.8607305884361267, 0.8647058606147766, 0.8671411871910095, 0.8432055711746216, 0.8342665433883667, 0.8458904027938843, 0.834645688533783, 0.8528735637664795, 0.8757539391517639, 0.8796630501747131, 0.8637413382530212], "ner_rec": [0.4034285843372345, 0.7725714445114136, 0.7577142715454102, 0.7531428337097168, 0.8308571577072144, 0.8125714063644409, 0.803428590297699, 0.7817142605781555, 0.8274285793304443, 0.8285714387893677, 0.8274285793304443, 0.8159999847412109, 0.8137142658233643, 0.8354285955429077, 0.8708571195602417, 0.8137142658233643, 0.8377143144607544, 0.8514285683631897, 0.8548571467399597, 0.852571427822113, 0.8617143034934998, 0.8399999737739563, 0.8354285955429077, 0.829714298248291, 0.8514285683631897, 0.8468571305274963, 0.8479999899864197, 0.8479999899864197, 0.829714298248291, 0.8354285955429077, 0.8548571467399597], "macro_f1": [0.0, 0.0, 0.0, 0.0, 0.0, 0.0, 0.0, 0.0, 0.0, 0.0, 0.0, 0.0, 0.0, 0.0, 0.0, 0.0, 0.0, 0.0, 0.0, 0.0, 0.0, 0.0, 0.0, 0.0, 0.0, 0.0, 0.0, 0.0, 0.0, 0.0, 0.0], "macro_pr": [0.0, 0.0, 0.0, 0.0, 0.0, 0.0, 0.0, 0.0, 0.0, 0.0, 0.0, 0.0, 0.0, 0.0, 0.0, 0.0, 0.0, 0.0, 0.0, 0.0, 0.0, 0.0, 0.0, 0.0, 0.0, 0.0, 0.0, 0.0, 0.0, 0.0, 0.0], "macro_rec": [0.0, 0.0, 0.0, 0.0, 0.0, 0.0, 0.0, 0.0, 0.0, 0.0, 0.0, 0.0, 0.0, 0.0, 0.0, 0.0, 0.0, 0.0, 0.0, 0.0, 0.0, 0.0, 0.0, 0.0, 0.0, 0.0, 0.0, 0.0, 0.0, 0.0, 0.0], "macro_ner_f1": [0.3894192576408386, 0.6907610297203064, 0.7008532881736755, 0.6924760341644287, 0.764845609664917, 0.7660850286483765, 0.777050256729126, 0.7473209500312805, 0.7799423336982727, 0.782779335975647, 0.7703479528427124, 0.7646397352218628, 0.7731910943984985, 0.7788980007171631, 0.8048786520957947, 0.7796573042869568, 0.7896766662597656, 0.7996923327445984, 0.8024355173110962, 0.8012697100639343, 0.8157106041908264, 0.804213285446167, 0.7993698120117188, 0.7868303060531616, 0.7948889136314392, 0.7944494485855103, 0.7922040820121765, 0.8004945516586304, 0.7982885837554932, 0.8002119064331055, 0.8116335868835449], "macro_ner_pr": [0.7895867824554443, 0.677306056022644, 0.7921674847602844, 0.7695462703704834, 0.7563295960426331, 0.7823029160499573, 0.8010684847831726, 0.7775633931159973, 0.7835179567337036, 0.8095375895500183, 0.7857005596160889, 0.7823296189308167, 0.798093318939209, 0.7865663766860962, 0.7877885103225708, 0.8036149740219116, 0.7904105186462402, 0.7920935153961182, 0.8056743741035461, 0.8038154244422913, 0.8200560808181763, 0.8209589719772339, 0.8319312334060669, 0.7941962480545044, 0.7906153202056885, 0.7958824634552002, 0.79130619764328, 0.8197243809700012, 0.8328728079795837, 0.8493965268135071, 0.837621808052063], "macro_ner_rec": [0.3243645131587982, 0.7160326242446899, 0.6696816086769104, 0.6644108891487122, 0.7746842503547668, 0.7600263357162476, 0.7569496631622314, 0.7352896928787231, 0.7767788171768188, 0.7635055780410767, 0.761872410774231, 0.7651686668395996, 0.755332350730896, 0.7753896713256836, 0.8232128620147705, 0.7633590698242188, 0.7895382046699524, 0.8092769384384155, 0.8017902374267578, 0.8082195520401001, 0.8150084018707275, 0.7891712784767151, 0.7788141965866089, 0.7802801132202148, 0.7999719381332397, 0.7937993407249451, 0.7947478294372559, 0.791426956653595, 0.7731769680976868, 0.769654393196106, 0.7959657907485962], "samples_per_s": [144.59430615391688, 175.48092299868074, 203.23631656548736, 166.57214828446288, 188.7199429526299, 175.49710177820276, 178.63153442727648, 152.21700537819135, 159.74728619747123, 159.34065280571735, 163.9677393423888, 154.14700604061184, 159.93113126913337, 177.21795364712037, 165.84482771901193, 160.15666218097286, 173.7847512832282, 188.78657378062718, 177.52457634991143, 161.81420307253248, 165.38723314039265, 175.21204257456128, 159.9336128516814, 186.46161982341187, 164.33233563149065, 171.6146643389938, 150.86198169447124, 164.882532939179, 173.4629771629918, 174.62854539208521, 149.26486726318126], "samples_total_num": [231, 231, 231, 231, 231, 231, 231, 231, 231, 231, 231, 231, 231, 231, 231, 231, 231, 231, 231, 231, 231, 231, 231, 231, 231, 231, 231, 231, 231, 231, 231], "samples_total_s": [1.5975732803344727, 1.3163824081420898, 1.1366078853607178, 1.3867864608764648, 1.2240359783172607, 1.3162610530853271, 1.2931647300720215, 1.5175702571868896, 1.4460339546203613, 1.4497241973876953, 1.408813714981079, 1.4985694885253906, 1.4443717002868652, 1.3034796714782715, 1.3928682804107666, 1.4423377513885498, 1.329230546951294, 1.2236039638519287, 1.3012282848358154, 1.427563190460205, 1.3967220783233643, 1.3184025287628174, 1.4443492889404297, 1.238860845565796, 1.4056880474090576, 1.346038818359375, 1.531200885772705, 1.4009974002838135, 1.3316962718963623, 1.322807788848877, 1.5475845336914062],