{"test_metrics": {"unseen_ner_prec_micro": 37.77239709443099, "unseen_ner_rec_micro": 60.278207109737245, "unseen_ner_f1_micro": 46.442393569514735, "unseen_ner_prec_macro": 35.48073313396918, "unseen_ner_rec_macro": 52.948674788645256, "unseen_ner_f1_macro": 40.76682572713899, "unseen_loc_prec_micro": 55.14511873350924, "unseen_loc_rec_micro": 80.75734157650696, "unseen_loc_f1_micro": 65.53778613985575, "unseen_loc_prec_macro": 55.14511873350924, "unseen_loc_rec_macro": 80.75734157650696, "unseen_loc_f1_macro": 65.53778613985575, "unseen_cls_prec_micro": 67.24137931034483, "unseen_cls_rec_micro": 60.278207109737245, "unseen_cls_f1_micro": 63.56968215158925, "unseen_cls_prec_macro": 64.01792623781327, "unseen_cls_rec_macro": 52.948674788645256, "unseen_cls_f1_macro": 57.10225291025609, "unseen_epoch": 0.0, "unseen_iteration": 0.0, "unseen_global_iteration": 0.0, "seen_ner_prec_micro": 16.02905569007264, "seen_ner_rec_micro": 84.65473145780051, "seen_ner_f1_micro": 26.95439739413681, "seen_ner_prec_macro": 17.346046448877416, "seen_ner_rec_macro": 76.65510488686151, "seen_ner_f1_macro": 25.4978643966332, "seen_loc_prec_micro": 18.387776606954688, "seen_loc_rec_micro": 89.25831202046037, "seen_loc_f1_micro": 30.49366535605068, "seen_loc_prec_macro": 18.387776606954688, "seen_loc_rec_macro": 89.25831202046037, "seen_loc_f1_macro": 30.49366535605068, "seen_cls_prec_micro": 91.94444444444444, "seen_cls_rec_micro": 84.65473145780051, "seen_cls_f1_micro": 88.1491344873502, "seen_cls_prec_macro": 86.75581415319088, "seen_cls_rec_macro": 76.65510488686151, "seen_cls_f1_macro": 80.9737119494884, "seen_epoch": 0.0, "seen_iteration": 0.0, "seen_global_iteration": 0.0, "ner_prec_micro": 54.28015564202335, "ner_rec_micro": 66.23145400593472, "ner_f1_micro": 59.66319165998396, "ner_prec_macro": 52.995639992806666, "ner_rec_macro": 63.575440090220205, "ner_f1_macro": 57.28445234097058, "loc_prec_micro": 73.58689910195457, "loc_rec_micro": 82.67062314540058, "loc_f1_micro": 77.86472889882616, "loc_prec_macro": 73.58689910195457, "loc_rec_macro": 82.67062314540058, "loc_f1_macro": 77.86472889882616, "cls_prec_micro": 73.71202113606341, "cls_rec_micro": 66.23145400593472, "cls_f1_micro": 69.7718036886527, "cls_prec_macro": 72.60379467217503, "cls_rec_macro": 63.575440090220205, "cls_f1_macro": 67.37638184809761, "epoch": 0.0, "iteration": 0.0, "global_iteration": 0.0}}