{"test_metrics": {"f1": 0.0, "pr": 0.0, "rec": 0.0, "ner_f1": 0.6328670382499695, "ner_pr": 0.6173962354660034, "ner_rec": 0.6491332650184631, "macro_f1": 0.0, "macro_pr": 0.0, "macro_rec": 0.0, "macro_ner_f1": 0.6167488694190979, "macro_ner_pr": 0.6085888743400574, "macro_ner_rec": 0.6273086667060852, "samples_per_s": 113.43173664826449, "samples_total_num": 529, "samples_total_s": 4.663597822189331, "task_pr": 0.5767918229103088, "task_rec": 0.6450381875038147, "task_f1": 0.6090090274810791, "method_pr": 0.7562814354896545, "method_rec": 0.7082353234291077, "method_f1": 0.7314702272415161, "material_pr": 0.5833333134651184, "material_rec": 0.5759493708610535, "material_f1": 0.5796178579330444, "otherscientificterm_pr": 0.5492228269577026, "otherscientificterm_rec": 0.6150870323181152, "otherscientificterm_f1": 0.5802919864654541, "metric_pr": 0.5454545617103577, "metric_rec": 0.5070422291755676, "metric_f1": 0.525547444820404, "generic_pr": 0.6404494643211365, "generic_rec": 0.7124999761581421, "generic_f1": 0.6745562553405762}, "test_metrics_bounds": {"f1": 0.0, "pr": 0.0, "rec": 0.0, "ner_f1": 0.7738547325134277, "ner_pr": 0.7559863328933716, "ner_rec": 0.7925881743431091, "macro_f1": 0.0, "macro_pr": 0.0, "macro_rec": 0.0, "macro_ner_f1": 0.7738547325134277, "macro_ner_pr": 0.7559863328933716, "macro_ner_rec": 0.7925881743431091, "samples_per_s": 113.43173664826449, "samples_total_num": 529, "samples_total_s": 4.663597822189331}, "metrics": {"f1": [0.0, 0.0, 0.0, 0.0, 0.0, 0.0, 0.0, 0.0, 0.0, 0.0, 0.0, 0.0, 0.0, 0.0, 0.0, 0.0, 0.0, 0.0, 0.0, 0.0, 0.0, 0.0, 0.0, 0.0, 0.0], "pr": [0.0, 0.0, 0.0, 0.0, 0.0, 0.0, 0.0, 0.0, 0.0, 0.0, 0.0, 0.0, 0.0, 0.0, 0.0, 0.0, 0.0, 0.0, 0.0, 0.0, 0.0, 0.0, 0.0, 0.0, 0.0], "rec": [0.0, 0.0, 0.0, 0.0, 0.0, 0.0, 0.0, 0.0, 0.0, 0.0, 0.0, 0.0, 0.0, 0.0, 0.0, 0.0, 0.0, 0.0, 0.0, 0.0, 0.0, 0.0, 0.0, 0.0, 0.0], "ner_f1": [0.3052109181880951, 0.5290628671646118, 0.5535097718238831, 0.6307409405708313, 0.6315789818763733, 0.6326409578323364, 0.6460778117179871, 0.6484471559524536, 0.638838529586792, 0.6437768340110779, 0.6381461024284363, 0.6489747166633606, 0.6535384654998779, 0.6473029255867004, 0.6508516073226929, 0.6426858305931091, 0.6447368860244751, 0.6528925895690918, 0.6599875092506409, 0.6551724672317505, 0.6633355021476746, 0.6658521890640259, 0.6617192029953003, 0.6646115779876709, 0.6654366254806519], "ner_pr": [0.30221131443977356, 0.5022522807121277, 0.5117021203041077, 0.6167664527893066, 0.6041190028190613, 0.6009019017219543, 0.6370280385017395, 0.6428571343421936, 0.6175438761711121, 0.6302521228790283, 0.6067796349525452, 0.6255813837051392, 0.6420798301696777, 0.6141732335090637, 0.6323876976966858, 0.6160919666290283, 0.6167048215866089, 0.6171875, 0.6595744490623474, 0.6440678238868713, 0.661270260810852, 0.6495828628540039, 0.653235673904419, 0.6541262269020081, 0.6533816456794739], "ner_rec": [0.308270663022995, 0.5588972568511963, 0.602756917476654, 0.6453633904457092, 0.6616541147232056, 0.6679198145866394, 0.6553884744644165, 0.6541353464126587, 0.6616541147232056, 0.6578947305679321, 0.6729323267936707, 0.6741854548454285, 0.6654135584831238, 0.6842105388641357, 0.670426070690155, 0.6716791987419128, 0.6754385828971863, 0.6929824352264404, 0.6604009866714478, 0.6666666865348816, 0.6654135584831238, 0.6829574108123779, 0.670426070690155, 0.6754385828971863, 0.6779448390007019], "macro_f1": [0.0, 0.0, 0.0, 0.0, 0.0, 0.0, 0.0, 0.0, 0.0, 0.0, 0.0, 0.0, 0.0, 0.0, 0.0, 0.0, 0.0, 0.0, 0.0, 0.0, 0.0, 0.0, 0.0, 0.0, 0.0], "macro_pr": [0.0, 0.0, 0.0, 0.0, 0.0, 0.0, 0.0, 0.0, 0.0, 0.0, 0.0, 0.0, 0.0, 0.0, 0.0, 0.0, 0.0, 0.0, 0.0, 0.0, 0.0, 0.0, 0.0, 0.0, 0.0], "macro_rec": [0.0, 0.0, 0.0, 0.0, 0.0, 0.0, 0.0, 0.0, 0.0, 0.0, 0.0, 0.0, 0.0, 0.0, 0.0, 0.0, 0.0, 0.0, 0.0, 0.0, 0.0, 0.0, 0.0, 0.0, 0.0], "macro_ner_f1": [0.14894501864910126, 0.4168998897075653, 0.4768199026584625, 0.5701677799224854, 0.5814709663391113, 0.5849155783653259, 0.601593017578125, 0.6176593899726868, 0.6041114330291748, 0.612729549407959, 0.6019802689552307, 0.6229346394538879, 0.6028594970703125, 0.627509593963623, 0.6238911151885986, 0.6182413697242737, 0.6100298762321472, 0.6209307312965393, 0.6225263476371765, 0.6218727827072144, 0.6266624927520752, 0.6280336976051331, 0.6248871088027954, 0.6236018538475037, 0.6270257830619812], "macro_ner_pr": [0.15161854028701782, 0.5248813033103943, 0.5348110198974609, 0.5770509243011475, 0.6049663424491882, 0.5721864700317383, 0.6203410625457764, 0.6136848330497742, 0.5939181447029114, 0.6276125311851501, 0.6008893847465515, 0.5977908968925476, 0.604050874710083, 0.6186434626579285, 0.6354342103004456, 0.5932324528694153, 0.5961997509002686, 0.5959534049034119, 0.6389456987380981, 0.6207723617553711, 0.6555449366569519, 0.6293085217475891, 0.628513753414154, 0.6267620921134949, 0.6321589350700378], "macro_ner_rec": [0.2322394996881485, 0.4432377815246582, 0.5137560367584229, 0.5706691145896912, 0.5851615071296692, 0.6125025153160095, 0.5958406329154968, 0.6227864027023315, 0.6175276041030884, 0.6128746867179871, 0.617100715637207, 0.65274578332901, 0.6062555909156799, 0.6436536312103271, 0.6223998665809631, 0.6546000838279724, 0.6290099024772644, 0.6573029160499573, 0.6108876466751099, 0.6270771622657776, 0.6116717457771301, 0.6317452788352966, 0.6254317164421082, 0.6243085265159607, 0.6275500655174255], "samples_per_s": [151.73416249283258, 147.10928092943922, 187.2607298696513, 188.90649560230585, 184.11671022865698, 180.94741449658005, 198.9762236231104, 186.8784391115949, 188.42427187082941, 188.4791458941386, 186.8500695299719, 201.24358057104197, 204.9000488519785, 191.8509946345993, 210.39664235587648, 199.1387131681987, 216.55874795682723, 221.18522788373951, 203.75166310208687, 210.13757652882293, 206.63263840544917, 186.16939053080995, 134.92917424663386, 110.86645527346073, 155.50089092398287], "samples_total_num": [260, 260, 260, 260, 260, 260, 260, 260, 260, 260, 260, 260, 260, 260, 260, 260, 260, 260, 260, 260, 260, 260, 260, 260, 260], "samples_total_s": [1.7135231494903564, 1.7673935890197754, 1.3884384632110596, 1.3763422966003418, 1.4121477603912354, 1.4368815422058105, 1.3066887855529785, 1.3912787437438965, 1.3798646926879883, 1.3794629573822021, 1.3914899826049805, 1.2919666767120361, 1.268911361694336, 1.3552184104919434, 1.2357611656188965, 1.3056225776672363, 1.2005980014801025, 1.175485372543335, 1.2760632038116455, 1.2372846603393555, 1.2582716941833496, 1.3965775966644287, 1.9269368648529053, 2.3451638221740723, 1.6720161437988281], "task_pr": [0.0, 0.42307692766189575, 0.3285714387893677, 0.6285714507102966, 0.6090225577354431, 0.5207100510597229, 0.5286624431610107, 0.5625, 0.5777778029441833, 0.5408805012702942, 0.5220125913619995, 0.5510203838348389, 0.6111111044883728, 0.614814817905426, 0.6384615302085876, 0.6086956262588501, 0.5777778029441833, 0.5170454382896423, 0.61654132604599, 0.6178861856460571, 0.6230769157409668, 0.597122311592102, 0.6260162591934204, 0.6230769157409668, 0.6230769157409668], "task_rec": [0.0, 0.6111111044883728, 0.7301587462425232, 0.523809552192688, 0.6428571343421936, 0.6984127163887024, 0.658730149269104, 0.6428571343421936, 0.6190476417541504, 0.682539701461792, 0.658730149269104, 0.6428571343421936, 0.6111111044883728, 0.658730149269104, 0.658730149269104, 0.6666666865348816, 0.6190476417541504, 0.7222222089767456, 0.6507936716079712, 0.60317462682724, 0.6428571343421936, 0.658730149269104, 0.6111111044883728, 0.6428571343421936, 0.6428571343421936], "task_f1": [0.0, 0.5, 0.4532020092010498, 0.571428656578064, 0.6254826188087463, 0.5966101884841919, 0.5865724682807922, 0.6000000238418579, 0.5977011322975159, 0.6035088300704956, 0.582456111907959, 0.593406617641449, 0.6111111044883728, 0.6360152959823608, 0.6484375, 0.636363685131073, 0.5977011322975159, 0.6026490330696106, 0.6332046389579773, 0.6104418039321899, 0.6328125, 0.6264150738716125, 0.6184739470481873, 0.6328125, 0.6328125],