{"test_metrics": {"seen__f1": 0.0, "seen__pr": 0.0, "seen__rec": 0.0, "seen__ner_f1": 0.36275461316108704, "seen__ner_pr": 0.23882503807544708, "seen__ner_rec": 0.7540322542190552, "seen__macro_f1": 0.0, "seen__macro_pr": 0.0, "seen__macro_rec": 0.0, "seen__macro_ner_f1": 0.2950357496738434, "seen__macro_ner_pr": 0.22898976504802704, "seen__macro_ner_rec": 0.6708728671073914, "seen__samples_per_s": 250.34649762459279, "seen__samples_total_num": 205, "seen__samples_total_s": 0.8188650608062744, "seen__task_pr": 0.06722689419984818, "seen__task_rec": 0.6153846383094788, "seen__task_f1": 0.12121213227510452, "seen__method_pr": 0.05714285746216774, "seen__method_rec": 0.5714285969734192, "seen__method_f1": 0.1038961112499237, "seen__material_pr": 0.14864864945411682, "seen__material_rec": 0.5789473652839661, "seen__material_f1": 0.23655912280082703, "seen__otherscientificterm_pr": 0.07172995805740356, "seen__otherscientificterm_rec": 0.739130437374115, "seen__otherscientificterm_f1": 0.13076923787593842, "seen__metric_pr": 0.2777777910232544, "seen__metric_rec": 0.7142857313156128, "seen__metric_f1": 0.40000003576278687, "seen__generic_pr": 0.7514124512672424, "seen__generic_rec": 0.8060606122016907, "seen__generic_f1": 0.7777777910232544, "unseen__f1": 0.0, "unseen__pr": 0.0, "unseen__rec": 0.0, "unseen__ner_f1": 0.5682680606842041, "unseen__ner_pr": 0.5169637799263, "unseen__ner_rec": 0.6308771967887878, "unseen__macro_f1": 0.0, "unseen__macro_pr": 0.0, "unseen__macro_rec": 0.0, "unseen__macro_ner_f1": 0.5142460465431213, "unseen__macro_ner_pr": 0.48006072640419006, "unseen__macro_ner_rec": 0.5845233798027039, "unseen__samples_per_s": 430.5415298837687, "unseen__samples_total_num": 518, "unseen__samples_total_s": 1.2031359672546387, "unseen__task_pr": 0.551369845867157, "unseen__task_rec": 0.6465863585472107, "unseen__task_f1": 0.5951941013336182, "unseen__method_pr": 0.7361809015274048, "unseen__method_rec": 0.712895393371582, "unseen__method_f1": 0.7243510484695435, "unseen__material_pr": 0.5128205418586731, "unseen__material_rec": 0.5755395889282227, "unseen__material_f1": 0.5423729419708252, "unseen__otherscientificterm_pr": 0.5253053903579712, "unseen__otherscientificterm_rec": 0.6093117594718933, "unseen__otherscientificterm_f1": 0.5641986727714539, "unseen__metric_pr": 0.40625, "unseen__metric_rec": 0.45614033937454224, "unseen__metric_f1": 0.42975205183029175, "unseen__generic_pr": 0.1484375, "unseen__generic_rec": 0.5066666603088379, "unseen__generic_f1": 0.2296072542667389}, "test_metrics_bounds": {"seen__f1": 0.0, "seen__pr": 0.0, "seen__rec": 0.0, "seen__ner_f1": 0.3855890929698944, "seen__ner_pr": 0.25417202711105347, "seen__ner_rec": 0.7983871102333069, "seen__macro_f1": 0.0, "seen__macro_pr": 0.0, "seen__macro_rec": 0.0, "seen__macro_ner_f1": 0.3855890929698944, "seen__macro_ner_pr": 0.25417202711105347, "seen__macro_ner_rec": 0.7983871102333069, "seen__samples_per_s": 250.34649762459279, "seen__samples_total_num": 205, "seen__samples_total_s": 0.8188650608062744, "unseen__f1": 0.0, "unseen__pr": 0.0, "unseen__rec": 0.0, "unseen__ner_f1": 0.714150071144104, "unseen__ner_pr": 0.6505190134048462, "unseen__ner_rec": 0.7915789484977722, "unseen__macro_f1": 0.0, "unseen__macro_pr": 0.0, "unseen__macro_rec": 0.0, "unseen__macro_ner_f1": 0.714150071144104, "unseen__macro_ner_pr": 0.6505190134048462, "unseen__macro_ner_rec": 0.7915789484977722, "unseen__samples_per_s": 430.5415298837687, "unseen__samples_total_num": 518, "unseen__samples_total_s": 1.2031359672546387}}