{"test_metrics": {"seen__f1": 0.0, "seen__pr": 0.0, "seen__rec": 0.0, "seen__ner_f1": 0.7798245549201965, "seen__ner_pr": 0.677979052066803, "seen__ner_rec": 0.9176774024963379, "seen__macro_f1": 0.0, "seen__macro_pr": 0.0, "seen__macro_rec": 0.0, "seen__macro_ner_f1": 0.7272352576255798, "seen__macro_ner_pr": 0.6133490800857544, "seen__macro_ner_rec": 0.8991174101829529, "seen__samples_per_s": 451.2792456456575, "seen__samples_total_num": 2050, "seen__samples_total_s": 4.542641878128052, "seen__per_pr": 0.7133780717849731, "seen__per_rec": 0.9430704712867737, "seen__per_f1": 0.8122990131378174, "seen__org_pr": 0.5616621971130371, "seen__org_rec": 0.8042226433753967, "seen__org_f1": 0.6614049077033997, "seen__wea_pr": 0.6796116232872009, "seen__wea_rec": 0.9722222089767456, "seen__wea_f1": 0.800000011920929, "seen__gpe_pr": 0.7436647415161133, "seen__gpe_rec": 0.9419752955436707, "seen__gpe_f1": 0.8311547040939331, "seen__veh_pr": 0.550000011920929, "seen__veh_rec": 0.95652174949646, "seen__veh_f1": 0.6984127759933472, "seen__fac_pr": 0.5149253606796265, "seen__fac_rec": 0.826347291469574, "seen__fac_f1": 0.6344828009605408, "seen__loc_pr": 0.5302013158798218, "seen__loc_rec": 0.8494623899459839, "seen__loc_f1": 0.652892529964447, "unseen__f1": 0.0, "unseen__pr": 0.0, "unseen__rec": 0.0, "unseen__ner_f1": 0.3146170377731323, "unseen__ner_pr": 0.19656816124916077, "unseen__ner_rec": 0.7876241207122803, "unseen__macro_f1": 0.0, "unseen__macro_pr": 0.0, "unseen__macro_rec": 0.0, "unseen__macro_ner_f1": 0.2803383469581604, "unseen__macro_ner_pr": 0.18400634825229645, "unseen__macro_ner_rec": 0.6326307058334351, "unseen__samples_per_s": 519.5066382936558, "unseen__samples_total_num": 2050, "unseen__samples_total_s": 3.946051597595215, "unseen__per_pr": 0.19802328944206238, "unseen__per_rec": 0.8918918967247009, "unseen__per_f1": 0.3240901231765747, "unseen__org_pr": 0.27882036566734314, "unseen__org_rec": 0.7197231650352478, "unseen__org_f1": 0.40193235874176025, "unseen__wea_pr": 0.09708737581968307, "unseen__wea_rec": 0.3030303120613098, "unseen__wea_f1": 0.14705882966518402, "unseen__gpe_pr": 0.13645224273204803, "unseen__gpe_rec": 0.8284023404121399, "unseen__gpe_f1": 0.2343096137046814, "unseen__veh_pr": 0.2083333283662796, "unseen__veh_rec": 0.6578947305679321, "unseen__veh_f1": 0.3164556920528412, "unseen__fac_pr": 0.26865673065185547, "unseen__fac_rec": 0.6428571343421936, "unseen__fac_f1": 0.378947377204895, "unseen__loc_pr": 0.10067114233970642, "unseen__loc_rec": 0.38461539149284363, "unseen__loc_f1": 0.1595744639635086}, "test_metrics_bounds": {"seen__f1": 0.0, "seen__pr": 0.0, "seen__rec": 0.0, "seen__ner_f1": 0.8304042220115662, "seen__ner_pr": 0.7219251394271851, "seen__ner_rec": 0.9772492051124573, "seen__macro_f1": 0.0, "seen__macro_pr": 0.0, "seen__macro_rec": 0.0, "seen__macro_ner_f1": 0.8304042220115662, "seen__macro_ner_pr": 0.7219251394271851, "seen__macro_ner_rec": 0.9772492051124573, "seen__samples_per_s": 451.2792456456575, "seen__samples_total_num": 2050, "seen__samples_total_s": 4.542641878128052, "unseen__f1": 0.0, "unseen__pr": 0.0, "unseen__rec": 0.0, "unseen__ner_f1": 0.35019099712371826, "unseen__ner_pr": 0.2188693732023239, "unseen__ner_rec": 0.8754774928092957, "unseen__macro_f1": 0.0, "unseen__macro_pr": 0.0, "unseen__macro_rec": 0.0, "unseen__macro_ner_f1": 0.35019099712371826, "unseen__macro_ner_pr": 0.2188693732023239, "unseen__macro_ner_rec": 0.8754774928092957, "unseen__samples_per_s": 519.5066382936558, "unseen__samples_total_num": 2050, "unseen__samples_total_s": 3.946051597595215}}