{"test_metrics": {"f1": 0.0, "pr": 0.0, "rec": 0.0, "ner_f1": 0.8796625137329102, "ner_pr": 0.8745471835136414, "ner_rec": 0.8848379850387573, "macro_f1": 0.0, "macro_pr": 0.0, "macro_rec": 0.0, "macro_ner_f1": 0.8051196336746216, "macro_ner_pr": 0.7973553538322449, "macro_ner_rec": 0.8150118589401245, "samples_per_s": 168.48500443809425, "samples_total_num": 2050, "samples_total_s": 12.16725492477417, "per_pr": 0.9114013314247131, "per_rec": 0.9314574599266052, "per_f1": 0.9213202595710754, "org_pr": 0.8404825925827026, "org_rec": 0.7740740776062012, "org_f1": 0.8059126138687134, "wea_pr": 0.7766990065574646, "wea_rec": 0.761904776096344, "wea_f1": 0.7692307829856873, "gpe_pr": 0.8801169395446777, "gpe_rec": 0.9223697781562805, "gpe_f1": 0.9007481336593628, "veh_pr": 0.7583333253860474, "veh_rec": 0.8504672646522522, "veh_f1": 0.8017621040344238, "fac_pr": 0.7835820913314819, "fac_rec": 0.7526881694793701, "fac_f1": 0.7678244709968567, "loc_pr": 0.6308724880218506, "loc_rec": 0.7121211886405945, "loc_f1": 0.6690391302108765}, "test_metrics_bounds": {"f1": 0.0, "pr": 0.0, "rec": 0.0, "ner_f1": 0.9460238218307495, "ner_pr": 0.940603494644165, "ner_rec": 0.9515069723129272, "macro_f1": 0.0, "macro_pr": 0.0, "macro_rec": 0.0, "macro_ner_f1": 0.9460238218307495, "macro_ner_pr": 0.940603494644165, "macro_ner_rec": 0.9515069723129272, "samples_per_s": 168.48500443809425, "samples_total_num": 2050, "samples_total_s": 12.16725492477417}, "metrics": {"f1": [0.0, 0.0, 0.0, 0.0, 0.0, 0.0, 0.0, 0.0, 0.0, 0.0, 0.0, 0.0, 0.0, 0.0, 0.0, 0.0, 0.0, 0.0, 0.0, 0.0, 0.0, 0.0, 0.0, 0.0, 0.0], "pr": [0.0, 0.0, 0.0, 0.0, 0.0, 0.0, 0.0, 0.0, 0.0, 0.0, 0.0, 0.0, 0.0, 0.0, 0.0, 0.0, 0.0, 0.0, 0.0, 0.0, 0.0, 0.0, 0.0, 0.0, 0.0], "rec": [0.0, 0.0, 0.0, 0.0, 0.0, 0.0, 0.0, 0.0, 0.0, 0.0, 0.0, 0.0, 0.0, 0.0, 0.0, 0.0, 0.0, 0.0, 0.0, 0.0, 0.0, 0.0, 0.0, 0.0, 0.0], "ner_f1": [0.7566669583320618, 0.8441686034202576, 0.8457468748092651, 0.8383679389953613, 0.8605467081069946, 0.8585076928138733, 0.8495169281959534, 0.8599353432655334, 0.854438066482544, 0.8682358264923096, 0.85838782787323, 0.866576075553894, 0.8687000870704651, 0.8631647229194641, 0.8659625053405762, 0.8641216158866882, 0.8730158805847168, 0.8727155923843384, 0.8741635084152222, 0.8784058690071106, 0.8711826205253601, 0.8717123866081238, 0.8785592913627625, 0.8745344877243042, 0.8741077184677124], "ner_pr": [0.773568868637085, 0.8480472564697266, 0.8467807769775391, 0.8536996245384216, 0.8637182712554932, 0.8698264360427856, 0.8555408716201782, 0.8544141054153442, 0.8503784537315369, 0.8638339042663574, 0.8519942164421082, 0.8523352742195129, 0.8714005351066589, 0.8541633486747742, 0.8721755146980286, 0.8596717119216919, 0.8696353435516357, 0.8642959594726562, 0.8774573802947998, 0.8787631988525391, 0.8703343272209167, 0.8624860644340515, 0.8766391277313232, 0.8707285523414612, 0.8721268773078918], "ner_rec": [0.740487813949585, 0.8403251767158508, 0.8447154760360718, 0.8235772252082825, 0.8573983907699585, 0.8474797010421753, 0.8435772061347961, 0.8655284643173218, 0.8585366010665894, 0.8726829290390015, 0.8648780584335327, 0.8813008069992065, 0.8660162687301636, 0.8723577260971069, 0.8598374128341675, 0.8686178922653198, 0.8764227628707886, 0.8813008069992065, 0.8708943128585815, 0.8780487775802612, 0.8720325231552124, 0.8811382055282593, 0.8804877996444702, 0.8783739805221558, 0.876097559928894], "macro_f1": [0.0, 0.0, 0.0, 0.0, 0.0, 0.0, 0.0, 0.0, 0.0, 0.0, 0.0, 0.0, 0.0, 0.0, 0.0, 0.0, 0.0, 0.0, 0.0, 0.0, 0.0, 0.0, 0.0, 0.0, 0.0], "macro_pr": [0.0, 0.0, 0.0, 0.0, 0.0, 0.0, 0.0, 0.0, 0.0, 0.0, 0.0, 0.0, 0.0, 0.0, 0.0, 0.0, 0.0, 0.0, 0.0, 0.0, 0.0, 0.0, 0.0, 0.0, 0.0], "macro_rec": [0.0, 0.0, 0.0, 0.0, 0.0, 0.0, 0.0, 0.0, 0.0, 0.0, 0.0, 0.0, 0.0, 0.0, 0.0, 0.0, 0.0, 0.0, 0.0, 0.0, 0.0, 0.0, 0.0, 0.0, 0.0], "macro_ner_f1": [0.551001250743866, 0.7567638754844666, 0.7345214486122131, 0.7617791891098022, 0.7662680745124817, 0.7836957573890686, 0.7760061621665955, 0.7730172872543335, 0.7766527533531189, 0.7985596656799316, 0.7738303542137146, 0.786008894443512, 0.7954481840133667, 0.7895960807800293, 0.7912243008613586, 0.7968096137046814, 0.8076325058937073, 0.7985711097717285, 0.796085000038147, 0.8044238686561584, 0.8037155270576477, 0.7984461784362793, 0.8040346503257751, 0.8029623031616211, 0.8021639585494995], "macro_ner_pr": [0.6247218251228333, 0.7456254363059998, 0.7993860840797424, 0.8066388964653015, 0.8071774244308472, 0.8025997281074524, 0.8025619387626648, 0.7399322390556335, 0.7605587244033813, 0.7982122302055359, 0.7726997137069702, 0.7581437826156616, 0.8238106966018677, 0.7792754173278809, 0.8027755618095398, 0.8091908693313599, 0.8053441047668457, 0.7838696241378784, 0.7992653250694275, 0.8169301748275757, 0.8056821823120117, 0.7934593558311462, 0.8055981397628784, 0.7970995903015137, 0.8007993102073669], "macro_ner_rec": [0.5325251221656799, 0.7716785669326782, 0.7012636065483093, 0.7328125834465027, 0.7405376434326172, 0.7714597582817078, 0.7588953375816345, 0.8154498338699341, 0.798491358757019, 0.8004151582717896, 0.777721107006073, 0.8201765418052673, 0.7742530107498169, 0.8018864989280701, 0.781196653842926, 0.7913832068443298, 0.812942385673523, 0.8180798888206482, 0.7938777804374695, 0.7933784127235413, 0.8043460249900818, 0.8083165884017944, 0.8030989766120911, 0.8094760179519653, 0.8040133714675903], "samples_per_s": [192.9020267433687, 194.9854024350758, 194.82607228791986, 206.29674361310722, 203.2109018670561, 194.87166802206792, 194.29378886008553, 197.78697022716568, 200.2180867140113, 211.4675230079068, 199.6191127994137, 203.98231906770928, 202.82643076369163, 129.7923337376673, 132.70752947564446, 131.3500213850114, 135.70169534742385, 119.51565561180549, 114.8601186813637, 117.15848847384655, 127.02682549312894, 139.74920191133194, 157.50509044859615, 154.70070241466357, 161.73439321763786], "samples_total_num": [2420, 2420, 2420, 2420, 2420, 2420, 2420, 2420, 2420, 2420, 2420, 2420, 2420, 2420, 2420, 2420, 2420, 2420, 2420, 2420, 2420, 2420, 2420, 2420, 2420], "samples_total_s": [12.545228481292725, 12.411185503005981, 12.421335458755493, 11.730674743652344, 11.908809900283813, 12.418429136276245, 12.45536470413208, 12.235386371612549, 12.086820125579834, 11.443837642669678, 12.123087644577026, 11.863773345947266, 11.931383848190308, 18.645169019699097, 18.235589265823364, 18.424054861068726, 17.83323335647583, 20.248393297195435, 21.069105863571167, 20.65578031539917, 19.05109405517578, 17.31673574447632, 15.364582777023315, 15.643109321594238, 14.962803840637207], "per_pr": [0.8405247926712036, 0.9175581932067871, 0.9167451858520508, 0.9265780448913574, 0.9043503999710083, 0.9349697232246399, 0.9266372919082642, 0.937199592590332, 0.9429037570953369, 0.919593334197998, 0.9114854335784912, 0.9086053371429443, 0.919926643371582, 0.9183610677719116, 0.9090361595153809, 0.9303356409072876, 0.919681191444397, 0.9091179370880127, 0.9204131364822388, 0.9125634431838989, 0.9365482330322266, 0.9163141846656799, 0.9204476475715637, 0.9230297207832336, 0.922344982624054], "per_rec": [0.8731071949005127, 0.8831011652946472, 0.8837068676948547, 0.8446395993232727, 0.9191399216651917, 0.8882495164871216, 0.8912780284881592, 0.8858267664909363, 0.875227153301239, 0.9039976000785828, 0.9012719392776489, 0.9273167848587036, 0.9115687608718872, 0.9027861952781677, 0.9139915108680725, 0.8897637724876404, 0.9085402488708496, 0.9270139336585999, 0.9176256656646729, 0.9261053800582886, 0.8940036296844482, 0.9185342192649841, 0.921562671661377, 0.9115687608718872, 0.9100545048713684],