{"test_metrics": {"Eval_Ent_Precision": 84.77477471211752, "Eval_Ent_Recall": 87.21037991249234, "Eval_Ent_F1": 85.97533113572347, "Eval_Time": 7.933390140533447, "Eval_Examples": 288, "Eval_Examples_Per_Second": 36.30226106346947, "seen_Eval_Ent_Precision": 31.171171205096986, "seen_Eval_Ent_Recall": 95.31680415803415, "seen_Eval_Ent_F1": 46.978954522799846, "seen_Eval_Time": 8.086643934249878, "seen_Eval_Examples": 288, "seen_Eval_Examples_Per_Second": 35.614279834952946, "unseen_Eval_Ent_Precision": 53.60360359711063, "unseen_Eval_Ent_Recall": 83.10055856675822, "unseen_Eval_Ent_F1": 65.16976995581649, "unseen_Eval_Time": 7.948755741119385, "unseen_Eval_Examples": 288, "unseen_Eval_Examples_Per_Second": 36.23208579805251}}