{"test_metrics": {"unseen_ner_prec_micro": 49.89561586638831, "unseen_ner_rec_micro": 59.01234567901235, "unseen_ner_f1_micro": 54.07239819004525, "unseen_ner_prec_macro": 47.982743850324034, "unseen_ner_rec_macro": 55.80366720593688, "unseen_ner_f1_macro": 51.22464256347842, "unseen_loc_prec_micro": 58.3789704271632, "unseen_loc_rec_micro": 65.80246913580247, "unseen_loc_f1_micro": 61.868833430063845, "unseen_loc_prec_macro": 58.3789704271632, "unseen_loc_rec_macro": 65.80246913580247, "unseen_loc_f1_macro": 61.868833430063845, "unseen_cls_prec_micro": 85.5098389982111, "unseen_cls_rec_micro": 59.01234567901235, "unseen_cls_f1_micro": 69.83199415631847, "unseen_cls_prec_macro": 81.49563123524212, "unseen_cls_rec_macro": 55.80366720593688, "unseen_cls_f1_macro": 65.78027404471021, "unseen_epoch": 0.0, "unseen_iteration": 0.0, "unseen_global_iteration": 0.0, "seen_ner_prec_micro": 20.60988433228181, "seen_ner_rec_micro": 72.86245353159852, "seen_ner_f1_micro": 32.131147540983605, "seen_ner_prec_macro": 16.857316693939683, "seen_ner_rec_macro": 67.52762966219196, "seen_ner_f1_macro": 26.07268618774127, "seen_loc_prec_micro": 23.37375964718853, "seen_loc_rec_micro": 78.81040892193309, "seen_loc_f1_micro": 36.054421768707485, "seen_loc_prec_macro": 23.37375964718853, "seen_loc_rec_macro": 78.81040892193309, "seen_loc_f1_macro": 36.054421768707485, "seen_cls_prec_micro": 87.1111111111111, "seen_cls_rec_micro": 72.86245353159852, "seen_cls_f1_micro": 79.35222672064778, "seen_cls_prec_macro": 72.18266253869969, "seen_cls_rec_macro": 67.52762966219196, "seen_cls_f1_macro": 67.70860200764739, "seen_epoch": 0.0, "seen_iteration": 0.0, "seen_global_iteration": 0.0, "ner_prec_micro": 69.88457502623295, "ner_rec_micro": 61.72381835032438, "ner_f1_micro": 65.5511811023622, "ner_prec_macro": 64.27414892361298, "ner_rec_macro": 57.00713308474188, "ner_f1_macro": 60.21512824223991, "loc_prec_micro": 81.36714443219405, "loc_rec_micro": 68.39666357738648, "loc_f1_micro": 74.32024169184291, "loc_prec_macro": 81.36714443219405, "loc_rec_macro": 68.39666357738648, "loc_f1_macro": 74.32024169184291, "cls_prec_micro": 85.49422336328625, "cls_rec_micro": 61.72381835032438, "cls_f1_micro": 71.68998923573736, "cls_prec_macro": 79.49192330657849, "cls_rec_macro": 57.00713308474188, "cls_f1_macro": 66.04210279818285, "epoch": 0.0, "iteration": 0.0, "global_iteration": 0.0}}