{"test_metrics": {"Eval_Ent_Precision": 78.39822238848456, "Eval_Ent_Recall": 74.93766737003644, "Eval_Ent_F1": 76.6288951791069, "Eval_Time": 118.61960458755493, "Eval_Examples": 5000, "Eval_Examples_Per_Second": 42.151548366605994, "seen_Eval_Ent_Precision": 38.03497246874022, "seen_Eval_Ent_Recall": 75.20534860546118, "seen_Eval_Ent_F1": 50.519697163988276, "seen_Eval_Time": 117.92710947990417, "seen_Eval_Examples": 5000, "seen_Eval_Examples_Per_Second": 42.39907195259496, "unseen_Eval_Ent_Precision": 40.42121534336369, "unseen_Eval_Ent_Recall": 74.71428570545918, "unseen_Eval_Ent_F1": 52.460660773002154, "unseen_Eval_Time": 118.58156514167786, "unseen_Eval_Examples": 5000, "unseen_Eval_Examples_Per_Second": 42.16507004293748}}