{"test_metrics": {"f1": 0.0, "pr": 0.0, "rec": 0.0, "ner_f1": 0.8784885406494141, "ner_pr": 0.8735457062721252, "ner_rec": 0.8834876418113708, "macro_f1": 0.0, "macro_pr": 0.0, "macro_rec": 0.0, "macro_ner_f1": 0.8141854405403137, "macro_ner_pr": 0.8063768148422241, "macro_ner_rec": 0.8236133456230164, "samples_per_s": 244.44232174064138, "samples_total_num": 2050, "samples_total_s": 8.386436462402344, "per_pr": 0.9196141362190247, "per_rec": 0.9285714030265808, "per_f1": 0.9240710735321045, "org_pr": 0.8083441853523254, "org_rec": 0.7654321193695068, "org_f1": 0.7863031625747681, "wea_pr": 0.7592592835426331, "wea_rec": 0.7809523940086365, "wea_f1": 0.7699530720710754, "gpe_pr": 0.8587786555290222, "gpe_rec": 0.9193053841590881, "gpe_f1": 0.8880118727684021, "veh_pr": 0.7622950673103333, "veh_rec": 0.8691588640213013, "veh_f1": 0.8122270107269287, "fac_pr": 0.8014981150627136, "fac_rec": 0.7670251131057739, "fac_f1": 0.7838827967643738, "loc_pr": 0.7348484992980957, "loc_rec": 0.7348484992980957, "loc_f1": 0.7348485589027405}, "test_metrics_bounds": {"f1": 0.0, "pr": 0.0, "rec": 0.0, "ner_f1": 0.9435375928878784, "ner_pr": 0.9379534125328064, "ner_rec": 0.9491885900497437, "macro_f1": 0.0, "macro_pr": 0.0, "macro_rec": 0.0, "macro_ner_f1": 0.9435375928878784, "macro_ner_pr": 0.9379534125328064, "macro_ner_rec": 0.9491885900497437, "samples_per_s": 244.44232174064138, "samples_total_num": 2050, "samples_total_s": 8.386436462402344}, "metrics": {"f1": [0.0, 0.0, 0.0, 0.0, 0.0, 0.0, 0.0, 0.0, 0.0, 0.0, 0.0, 0.0, 0.0, 0.0, 0.0, 0.0, 0.0, 0.0, 0.0, 0.0, 0.0, 0.0, 0.0, 0.0, 0.0], "pr": [0.0, 0.0, 0.0, 0.0, 0.0, 0.0, 0.0, 0.0, 0.0, 0.0, 0.0, 0.0, 0.0, 0.0, 0.0, 0.0, 0.0, 0.0, 0.0, 0.0, 0.0, 0.0, 0.0, 0.0, 0.0], "rec": [0.0, 0.0, 0.0, 0.0, 0.0, 0.0, 0.0, 0.0, 0.0, 0.0, 0.0, 0.0, 0.0, 0.0, 0.0, 0.0, 0.0, 0.0, 0.0, 0.0, 0.0, 0.0, 0.0, 0.0, 0.0], "ner_f1": [0.7945485711097717, 0.8373599052429199, 0.8563926815986633, 0.8508331775665283, 0.8687494993209839, 0.8652744889259338, 0.8710658550262451, 0.8703433275222778, 0.8740414977073669, 0.8761255741119385, 0.8714343309402466, 0.8761069178581238, 0.8742659091949463, 0.8769193291664124, 0.8766990303993225, 0.8823005557060242, 0.8712084889411926, 0.876437246799469, 0.8818462491035461, 0.8817291855812073, 0.8775821328163147, 0.8801559209823608, 0.8773599863052368, 0.8787193298339844, 0.8811392784118652], "ner_pr": [0.7706295847892761, 0.8554707169532776, 0.8384483456611633, 0.834662914276123, 0.8716647624969482, 0.8581480979919434, 0.8805449604988098, 0.8707682490348816, 0.877046525478363, 0.874210774898529, 0.8661847114562988, 0.8754668235778809, 0.8651488423347473, 0.8762786388397217, 0.8724637627601624, 0.8790960311889648, 0.8690938353538513, 0.8729032278060913, 0.8814164996147156, 0.8846153616905212, 0.8677476048469543, 0.8790139555931091, 0.8707559108734131, 0.8739144206047058, 0.8769528269767761], "ner_rec": [0.8199999928474426, 0.8199999928474426, 0.8751219511032104, 0.8676422834396362, 0.8658536672592163, 0.8725203275680542, 0.8617886304855347, 0.869918704032898, 0.8710569143295288, 0.8780487775802612, 0.8767479658126831, 0.8767479658126831, 0.8835772275924683, 0.8775609731674194, 0.880975604057312, 0.8855284452438354, 0.8733333349227905, 0.8799999952316284, 0.8822764158248901, 0.8788617849349976, 0.8876422643661499, 0.8813008069992065, 0.8840650320053101, 0.8835772275924683, 0.8853658437728882], "macro_f1": [0.0, 0.0, 0.0, 0.0, 0.0, 0.0, 0.0, 0.0, 0.0, 0.0, 0.0, 0.0, 0.0, 0.0, 0.0, 0.0, 0.0, 0.0, 0.0, 0.0, 0.0, 0.0, 0.0, 0.0, 0.0], "macro_pr": [0.0, 0.0, 0.0, 0.0, 0.0, 0.0, 0.0, 0.0, 0.0, 0.0, 0.0, 0.0, 0.0, 0.0, 0.0, 0.0, 0.0, 0.0, 0.0, 0.0, 0.0, 0.0, 0.0, 0.0, 0.0], "macro_rec": [0.0, 0.0, 0.0, 0.0, 0.0, 0.0, 0.0, 0.0, 0.0, 0.0, 0.0, 0.0, 0.0, 0.0, 0.0, 0.0, 0.0, 0.0, 0.0, 0.0, 0.0, 0.0, 0.0, 0.0, 0.0], "macro_ner_f1": [0.7015408277511597, 0.7029318809509277, 0.7814077734947205, 0.7892672419548035, 0.7841983437538147, 0.7960873246192932, 0.7781876921653748, 0.7877354621887207, 0.7891064882278442, 0.8006620407104492, 0.7961440086364746, 0.8017827272415161, 0.7955030798912048, 0.7957724928855896, 0.8094290494918823, 0.8170809149742126, 0.7970491051673889, 0.7854800820350647, 0.8155310750007629, 0.8095852136611938, 0.8017436861991882, 0.8114857077598572, 0.81000816822052, 0.8086708784103394, 0.8109978437423706], "macro_ner_pr": [0.7135859131813049, 0.7563269734382629, 0.8155494928359985, 0.7768864631652832, 0.8373745083808899, 0.8108970522880554, 0.8495222330093384, 0.8283079862594604, 0.8297712206840515, 0.8024715781211853, 0.7997288703918457, 0.8218426704406738, 0.7963628768920898, 0.7975269556045532, 0.8094800710678101, 0.8290547728538513, 0.7953912019729614, 0.777623176574707, 0.8293389678001404, 0.8380554914474487, 0.7907652258872986, 0.8178096413612366, 0.8048071265220642, 0.805508553981781, 0.8091651797294617], "macro_ner_rec": [0.7136019468307495, 0.691961944103241, 0.759513258934021, 0.8083528280258179, 0.7549118995666504, 0.7871260046958923, 0.7294443249702454, 0.758269190788269, 0.7562956213951111, 0.800968587398529, 0.7981932759284973, 0.7905980348587036, 0.7989243865013123, 0.7945495247840881, 0.810677170753479, 0.8113559484481812, 0.8018173575401306, 0.801943838596344, 0.8055723905563354, 0.7857552766799927, 0.8152490258216858, 0.8075947165489197, 0.8175569176673889, 0.814241349697113, 0.8149253726005554], "samples_per_s": [245.8242296746795, 239.39370292844447, 239.80429172519598, 234.30307615396833, 251.70236904179217, 252.64425624492839, 252.94167231661564, 246.38541297298684, 251.42279813360562, 259.34248495615594, 243.69288041288908, 252.33423925615335, 246.1856271007798, 239.10137671176165, 240.05815385721502, 251.8966904034339, 252.2979612893668, 257.3788747502844, 249.565161738761, 254.23842594140672, 254.93305524872147, 253.9962439383145, 259.50430107095275, 257.02948498564416, 240.41105769783047], "samples_total_num": [2420, 2420, 2420, 2420, 2420, 2420, 2420, 2420, 2420, 2420, 2420, 2420, 2420, 2420, 2420, 2420, 2420, 2420, 2420, 2420, 2420, 2420, 2420, 2420, 2420], "samples_total_s": [9.844432353973389, 10.1088707447052, 10.091562509536743, 10.328502893447876, 9.614530086517334, 9.578685998916626, 9.567423105239868, 9.822010040283203, 9.625221014022827, 9.331290245056152, 9.930532217025757, 9.590454339981079, 9.829980850219727, 10.121229887008667, 10.080890655517578, 9.607113122940063, 9.591833353042603, 9.402481079101562, 9.696866273880005, 9.518624067306519, 9.492688179016113, 9.527699947357178, 9.325471639633179, 9.415262222290039, 10.066092729568481], "per_pr": [0.7737478613853455, 0.9181305170059204, 0.8884345889091492, 0.9278615117073059, 0.922177791595459, 0.8958272337913513, 0.9135541915893555, 0.9043273329734802, 0.9133293628692627, 0.9268665909767151, 0.9197568297386169, 0.9207261800765991, 0.9206060767173767, 0.9224947094917297, 0.9212598204612732, 0.9241504669189453, 0.9327940344810486, 0.9156985282897949, 0.932282030582428, 0.9258920550346375, 0.9174669981002808, 0.9309920072555542, 0.9268889427185059, 0.9291653633117676, 0.9294694662094116], "per_rec": [0.9497274160385132, 0.8864324688911438, 0.9212598204612732, 0.8764384984970093, 0.9079346060752869, 0.9297395348548889, 0.9185342192649841, 0.9303452372550964, 0.925499677658081, 0.9173228144645691, 0.9164143204689026, 0.921562671661377, 0.9200484752655029, 0.922774076461792, 0.9212598204612732, 0.9224712252616882, 0.9079346060752869, 0.930950939655304, 0.9130829572677612, 0.9194427728652954, 0.9258025288581848, 0.9152029156684875, 0.9176256656646729, 0.9136886596679688, 0.9179285168647766],