{"test_metrics": {"unseen_ner_prec_micro": 14.004451292586886, "unseen_ner_rec_micro": 75.88126159554731, "unseen_ner_f1_micro": 23.64503540974129, "unseen_ner_prec_macro": 12.624748421229134, "unseen_ner_rec_macro": 63.43801437046773, "unseen_ner_f1_macro": 20.738796572793262, "unseen_loc_prec_micro": 15.570934256055365, "unseen_loc_rec_micro": 83.48794063079778, "unseen_loc_f1_micro": 26.246719160104988, "unseen_loc_prec_macro": 15.570934256055365, "unseen_loc_rec_macro": 83.48794063079778, "unseen_loc_f1_macro": 26.246719160104988, "unseen_cls_prec_micro": 89.8901098901099, "unseen_cls_rec_micro": 75.88126159554731, "unseen_cls_f1_micro": 82.29376257545272, "unseen_cls_prec_macro": 80.00062714704808, "unseen_cls_rec_macro": 63.43801437046773, "unseen_cls_f1_macro": 70.20724754253115, "unseen_epoch": 0.0, "unseen_iteration": 0.0, "unseen_global_iteration": 0.0, "seen_ner_prec_micro": 67.97945205479452, "seen_ner_rec_micro": 90.26830377444293, "seen_ner_f1_micro": 77.55420980660284, "seen_ner_prec_macro": 58.288546536823816, "seen_ner_rec_macro": 88.9101377341742, "seen_ner_f1_macro": 69.67881695419558, "seen_loc_prec_micro": 72.60937229811516, "seen_loc_rec_micro": 95.47521600727605, "seen_loc_f1_micro": 82.48698556133975, "seen_loc_prec_macro": 72.60937229811516, "seen_loc_rec_macro": 95.47521600727605, "seen_loc_f1_macro": 82.48698556133975, "seen_cls_prec_micro": 94.0089983424106, "seen_cls_rec_micro": 90.26830377444293, "seen_cls_f1_micro": 92.10068437536248, "seen_cls_prec_macro": 91.35307276958407, "seen_cls_rec_macro": 88.9101377341742, "seen_cls_f1_macro": 90.073206897262, "seen_epoch": 0.0, "seen_iteration": 0.0, "seen_global_iteration": 0.0, "ner_prec_micro": 81.97226502311248, "ner_rec_micro": 87.43608473338203, "ner_f1_micro": 84.61606432800211, "ner_prec_macro": 70.87214697243104, "ner_rec_macro": 81.97922479931961, "ner_f1_macro": 75.42995173169486, "loc_prec_micro": 88.15698478561549, "loc_rec_micro": 93.1154127100073, "loc_f1_micro": 90.5683836589698, "loc_prec_macro": 88.15698478561549, "loc_rec_macro": 93.1154127100073, "loc_f1_macro": 90.5683836589698, "cls_prec_micro": 93.35153051277052, "cls_rec_micro": 87.43608473338203, "cls_f1_micro": 90.2970297029703, "cls_prec_macro": 89.0731370811116, "cls_rec_macro": 81.97922479931961, "cls_f1_macro": 85.31289922830884, "epoch": 0.0, "iteration": 0.0, "global_iteration": 0.0}}