{"test_metrics": {"Eval_Ent_Precision": 88.53899669039215, "Eval_Ent_Recall": 88.31263694729267, "Eval_Ent_F1": 88.42567195522922, "Eval_Time": 57.089919567108154, "Eval_Examples": 2050, "Eval_Examples_Per_Second": 35.90826568936154, "seen_Eval_Ent_Precision": 66.58733064204053, "seen_Eval_Ent_Recall": 92.42693771668262, "seen_Eval_Ent_F1": 77.40768329151531, "seen_Eval_Time": 57.23910069465637, "seen_Eval_Examples": 2050, "seen_Eval_Examples_Per_Second": 35.81467869203229, "unseen_Eval_Ent_Precision": 21.95166606665995, "unseen_Eval_Ent_Recall": 77.8066190424314, "unseen_Eval_Ent_F1": 34.24246752292305, "unseen_Eval_Time": 57.02025532722473, "unseen_Eval_Examples": 2050, "unseen_Eval_Examples_Per_Second": 35.952136451083426}}