{"test_metrics": {"unseen__f1": 0.0, "unseen__pr": 0.0, "unseen__rec": 0.0, "unseen__ner_f1": 0.5891960263252258, "unseen__ner_pr": 0.6207809448242188, "unseen__ner_rec": 0.560669481754303, "unseen__macro_f1": 0.0, "unseen__macro_pr": 0.0, "unseen__macro_rec": 0.0, "unseen__macro_ner_f1": 0.5588415265083313, "unseen__macro_ner_pr": 0.6030954122543335, "unseen__macro_ner_rec": 0.5271835923194885, "unseen__samples_per_s": 446.52016205067235, "unseen__samples_total_num": 529, "unseen__samples_total_s": 1.1847169399261475, "unseen__task_pr": 0.5960784554481506, "unseen__task_rec": 0.580152690410614, "unseen__task_f1": 0.5880077481269836, "unseen__method_pr": 0.7185354828834534, "unseen__method_rec": 0.7388235330581665, "unseen__method_f1": 0.7285382747650146, "unseen__material_pr": 0.5958904027938843, "unseen__material_rec": 0.550632894039154, "unseen__material_f1": 0.5723684430122375, "unseen__otherscientificterm_pr": 0.5714285969734192, "unseen__otherscientificterm_rec": 0.5183752179145813, "unseen__otherscientificterm_f1": 0.5436105728149414, "unseen__metric_pr": 0.557692289352417, "unseen__metric_rec": 0.4084506928920746, "unseen__metric_f1": 0.47154468297958374, "unseen__generic_pr": 0.5789473652839661, "unseen__generic_rec": 0.36666667461395264, "unseen__generic_f1": 0.44897958636283875, "seen__f1": 0.0, "seen__pr": 0.0, "seen__rec": 0.0, "seen__ner_f1": 0.0, "seen__ner_pr": 0.0, "seen__ner_rec": 0.0, "seen__macro_f1": 0.0, "seen__macro_pr": 0.0, "seen__macro_rec": 0.0, "seen__macro_ner_f1": 0.0, "seen__macro_ner_pr": 0.0, "seen__macro_ner_rec": 0.0, "seen__samples_per_s": 0.0, "seen__samples_total_num": 0, "seen__samples_total_s": 0.0, "seen__task_pr": 0.0, "seen__task_rec": 0.0, "seen__task_f1": 0.0, "seen__method_pr": 0.0, "seen__method_rec": 0.0, "seen__method_f1": 0.0, "seen__material_pr": 0.0, "seen__material_rec": 0.0, "seen__material_f1": 0.0, "seen__otherscientificterm_pr": 0.0, "seen__otherscientificterm_rec": 0.0, "seen__otherscientificterm_f1": 0.0, "seen__metric_pr": 0.0, "seen__metric_rec": 0.0, "seen__metric_f1": 0.0, "seen__generic_pr": 0.0, "seen__generic_rec": 0.0, "seen__generic_f1": 0.0}, "test_metrics_bounds": {"unseen__f1": 0.0, "unseen__pr": 0.0, "unseen__rec": 0.0, "unseen__ner_f1": 0.7352201342582703, "unseen__ner_pr": 0.775713324546814, "unseen__ner_rec": 0.6987447738647461, "unseen__macro_f1": 0.0, "unseen__macro_pr": 0.0, "unseen__macro_rec": 0.0, "unseen__macro_ner_f1": 0.7352201342582703, "unseen__macro_ner_pr": 0.775713324546814, "unseen__macro_ner_rec": 0.6987447738647461, "unseen__samples_per_s": 446.52016205067235, "unseen__samples_total_num": 529, "unseen__samples_total_s": 1.1847169399261475, "seen__f1": 0.0, "seen__pr": 0.0, "seen__rec": 0.0, "seen__ner_f1": 0.0, "seen__ner_pr": 0.0, "seen__ner_rec": 0.0, "seen__macro_f1": 0.0, "seen__macro_pr": 0.0, "seen__macro_rec": 0.0, "seen__macro_ner_f1": 0.0, "seen__macro_ner_pr": 0.0, "seen__macro_ner_rec": 0.0, "seen__samples_per_s": 0.0, "seen__samples_total_num": 0, "seen__samples_total_s": 0.0}}