{"test_metrics": {"f1": 0.0, "pr": 0.0, "rec": 0.0, "ner_f1": 0.5891960263252258, "ner_pr": 0.6207809448242188, "ner_rec": 0.560669481754303, "macro_f1": 0.0, "macro_pr": 0.0, "macro_rec": 0.0, "macro_ner_f1": 0.5588415265083313, "macro_ner_pr": 0.6030954122543335, "macro_ner_rec": 0.5271835923194885, "samples_per_s": 127.23384174224924, "samples_total_num": 529, "samples_total_s": 4.1576988697052, "task_pr": 0.5960784554481506, "task_rec": 0.580152690410614, "task_f1": 0.5880077481269836, "method_pr": 0.7185354828834534, "method_rec": 0.7388235330581665, "method_f1": 0.7285382747650146, "material_pr": 0.5958904027938843, "material_rec": 0.550632894039154, "material_f1": 0.5723684430122375, "otherscientificterm_pr": 0.5714285969734192, "otherscientificterm_rec": 0.5183752179145813, "otherscientificterm_f1": 0.5436105728149414, "metric_pr": 0.557692289352417, "metric_rec": 0.4084506928920746, "metric_f1": 0.47154468297958374, "generic_pr": 0.5789473652839661, "generic_rec": 0.36666667461395264, "generic_f1": 0.44897958636283875}, "test_metrics_bounds": {"f1": 0.0, "pr": 0.0, "rec": 0.0, "ner_f1": 0.7352201342582703, "ner_pr": 0.775713324546814, "ner_rec": 0.6987447738647461, "macro_f1": 0.0, "macro_pr": 0.0, "macro_rec": 0.0, "macro_ner_f1": 0.7352201342582703, "macro_ner_pr": 0.775713324546814, "macro_ner_rec": 0.6987447738647461, "samples_per_s": 127.23384174224924, "samples_total_num": 529, "samples_total_s": 4.1576988697052}, "metrics": {"f1": [0.0, 0.0, 0.0, 0.0, 0.0, 0.0, 0.0, 0.0, 0.0, 0.0, 0.0, 0.0, 0.0, 0.0, 0.0, 0.0, 0.0, 0.0, 0.0, 0.0, 0.0, 0.0, 0.0, 0.0, 0.0], "pr": [0.0, 0.0, 0.0, 0.0, 0.0, 0.0, 0.0, 0.0, 0.0, 0.0, 0.0, 0.0, 0.0, 0.0, 0.0, 0.0, 0.0, 0.0, 0.0, 0.0, 0.0, 0.0, 0.0, 0.0, 0.0], "rec": [0.0, 0.0, 0.0, 0.0, 0.0, 0.0, 0.0, 0.0, 0.0, 0.0, 0.0, 0.0, 0.0, 0.0, 0.0, 0.0, 0.0, 0.0, 0.0, 0.0, 0.0, 0.0, 0.0, 0.0, 0.0], "ner_f1": [0.26098188757896423, 0.4553276002407074, 0.5200816988945007, 0.5670852065086365, 0.59375, 0.5873015522956848, 0.5935162305831909, 0.6216216087341309, 0.5923983454704285, 0.5977011322975159, 0.6092028617858887, 0.600246012210846, 0.5951282978057861, 0.5997392535209656, 0.624691367149353, 0.6196473240852356, 0.6172524094581604, 0.6209108829498291, 0.6138107180595398, 0.6057441234588623, 0.6319218277931213, 0.607906699180603, 0.6159793734550476, 0.6272493600845337, 0.6210458874702454], "ner_pr": [0.2693333327770233, 0.48246845602989197, 0.569299578666687, 0.6000000238418579, 0.570438802242279, 0.6218487620353699, 0.5905707478523254, 0.6388888955116272, 0.6208791136741638, 0.609375, 0.6308724880218506, 0.5893719792366028, 0.6269070506095886, 0.625, 0.6155717968940735, 0.6227847933769226, 0.629726231098175, 0.6360052824020386, 0.6266318559646606, 0.6321526169776917, 0.6580732464790344, 0.6295301914215088, 0.633952260017395, 0.6437994837760925, 0.6404793858528137], "ner_rec": [0.25313282012939453, 0.4310776889324188, 0.47869673371315, 0.5375939607620239, 0.6190476417541504, 0.5563910007476807, 0.5964912176132202, 0.6052631735801697, 0.5664160251617432, 0.5864661931991577, 0.5889724493026733, 0.6115288138389587, 0.5664160251617432, 0.5764411091804504, 0.6340852379798889, 0.61654132604599, 0.6052631735801697, 0.6065163016319275, 0.6015037298202515, 0.5814536213874817, 0.6077694296836853, 0.5877193212509155, 0.5989974737167358, 0.6115288138389587, 0.602756917476654], "macro_f1": [0.0, 0.0, 0.0, 0.0, 0.0, 0.0, 0.0, 0.0, 0.0, 0.0, 0.0, 0.0, 0.0, 0.0, 0.0, 0.0, 0.0, 0.0, 0.0, 0.0, 0.0, 0.0, 0.0, 0.0, 0.0], "macro_pr": [0.0, 0.0, 0.0, 0.0, 0.0, 0.0, 0.0, 0.0, 0.0, 0.0, 0.0, 0.0, 0.0, 0.0, 0.0, 0.0, 0.0, 0.0, 0.0, 0.0, 0.0, 0.0, 0.0, 0.0, 0.0], "macro_rec": [0.0, 0.0, 0.0, 0.0, 0.0, 0.0, 0.0, 0.0, 0.0, 0.0, 0.0, 0.0, 0.0, 0.0, 0.0, 0.0, 0.0, 0.0, 0.0, 0.0, 0.0, 0.0, 0.0, 0.0, 0.0], "macro_ner_f1": [0.11120020598173141, 0.34098875522613525, 0.4159749746322632, 0.5173527598381042, 0.5547926425933838, 0.5347493290901184, 0.5376997590065002, 0.5672028660774231, 0.5649166703224182, 0.5764907002449036, 0.5829602479934692, 0.5864230394363403, 0.548491895198822, 0.5624512434005737, 0.6022202968597412, 0.5951477885246277, 0.5875806212425232, 0.5988116264343262, 0.5818624496459961, 0.5806222558021545, 0.6023802757263184, 0.5773978233337402, 0.5912792086601257, 0.606505274772644, 0.5936173796653748], "macro_ner_pr": [0.08644407987594604, 0.4596480429172516, 0.49850186705589294, 0.594600260257721, 0.5696421265602112, 0.6409081816673279, 0.6276313662528992, 0.6423643231391907, 0.599606990814209, 0.6215822100639343, 0.6253776550292969, 0.5916947722434998, 0.6052550673484802, 0.599943220615387, 0.6147986054420471, 0.6038384437561035, 0.6284199357032776, 0.6219467520713806, 0.6311840415000916, 0.6257690787315369, 0.6545841097831726, 0.6207413673400879, 0.6322715878486633, 0.6410455107688904, 0.6350266933441162], "macro_ner_rec": [0.1577041745185852, 0.31851089000701904, 0.3779710829257965, 0.48615217208862305, 0.557919442653656, 0.49630558490753174, 0.5298174023628235, 0.5369951725006104, 0.5472833514213562, 0.5614398717880249, 0.5585501194000244, 0.597023069858551, 0.5302486419677734, 0.5477983355522156, 0.6011707186698914, 0.5938034057617188, 0.5639137625694275, 0.5975629687309265, 0.5660228729248047, 0.5590961575508118, 0.5765647292137146, 0.5610000491142273, 0.5739912390708923, 0.5937202572822571, 0.5752789378166199], "samples_per_s": [181.64778734204373, 192.4454420961981, 203.82043854365037, 198.4506091353746, 226.36194445770604, 204.43737398638422, 191.59162689811632, 187.31602211956616, 199.05209415392108, 196.28676915279033, 211.15605583252025, 192.2768710390422, 195.33375247409478, 185.97816325340307, 204.30803080472916, 197.62052013610116, 207.83869635477683, 227.20164340694427, 190.45120692088125, 211.9659935122628, 200.10592125194208, 199.05845261724895, 212.6848946433402, 188.64732112506917, 150.7350211674994], "samples_total_num": [260, 260, 260, 260, 260, 260, 260, 260, 260, 260, 260, 260, 260, 260, 260, 260, 260, 260, 260, 260, 260, 260, 260, 260, 260], "samples_total_s": [1.4313414096832275, 1.3510322570800781, 1.275632619857788, 1.3101496696472168, 1.1486029624938965, 1.2717831134796143, 1.3570530414581299, 1.388028621673584, 1.3061907291412354, 1.3245925903320312, 1.2313168048858643, 1.3522167205810547, 1.3310551643371582, 1.3980135917663574, 1.2725882530212402, 1.315652847290039, 1.2509701251983643, 1.1443579196929932, 1.3651790618896484, 1.226611852645874, 1.299311876296997, 1.3061490058898926, 1.2224657535552979, 1.3782331943511963, 1.7248811721801758], "task_pr": [0.0, 0.6607142686843872, 0.7260273694992065, 0.6106194853782654, 0.5540540814399719, 0.6259542107582092, 0.5286624431610107, 0.5970149040222168, 0.5905511975288391, 0.5354838967323303, 0.5983606576919556, 0.5403726696968079, 0.595588207244873, 0.6764705777168274, 0.6260162591934204, 0.6048387289047241, 0.6339285969734192, 0.5350318551063538, 0.5753424763679504, 0.6000000238418579, 0.6000000238418579, 0.5899280309677124, 0.604651153087616, 0.5845070481300354, 0.5942028760910034], "task_rec": [0.0, 0.2936508059501648, 0.420634925365448, 0.5476190447807312, 0.6507936716079712, 0.6507936716079712, 0.658730149269104, 0.6349206566810608, 0.5952380895614624, 0.658730149269104, 0.579365074634552, 0.6904761791229248, 0.6428571343421936, 0.5476190447807312, 0.6111111044883728, 0.5952380895614624, 0.5634920597076416, 0.6666666865348816, 0.6666666865348816, 0.6190476417541504, 0.6428571343421936, 0.6507936716079712, 0.6190476417541504, 0.658730149269104, 0.6507936716079712], "task_f1": [0.0, 0.4065934121608734, 0.5326633453369141, 0.5774058699607849, 0.598540186882019, 0.6381322741508484, 0.5865724682807922, 0.6153846383094788, 0.5928853750228882, 0.5907472968101501, 0.5887096524238586, 0.6062718033790588, 0.618320643901825, 0.6052631735801697, 0.6184739470481873, 0.6000000238418579, 0.5966386795043945, 0.5936395525932312, 0.617647111415863, 0.6093750596046448, 0.6206896305084229, 0.6188678741455078, 0.611764669418335, 0.6194029450416565, 0.6212121248245239],