{"test_metrics": {"unseen__f1": 0.0, "unseen__pr": 0.0, "unseen__rec": 0.0, "unseen__ner_f1": 0.5780198574066162, "unseen__ner_pr": 0.5433734655380249, "unseen__ner_rec": 0.6173853278160095, "unseen__macro_f1": 0.0, "unseen__macro_pr": 0.0, "unseen__macro_rec": 0.0, "unseen__macro_ner_f1": 0.5390940308570862, "unseen__macro_ner_pr": 0.5183488726615906, "unseen__macro_ner_rec": 0.588413417339325, "unseen__samples_per_s": 281.325016612896, "unseen__samples_total_num": 518, "unseen__samples_total_s": 1.8412866592407227, "unseen__task_pr": 0.5641025900840759, "unseen__task_rec": 0.5992217659950256, "unseen__task_f1": 0.5811321139335632, "unseen__method_pr": 0.7149532437324524, "unseen__method_rec": 0.7338129281997681, "unseen__method_f1": 0.7242602705955505, "unseen__material_pr": 0.5602409839630127, "unseen__material_rec": 0.6283783912658691, "unseen__material_f1": 0.5923566818237305, "unseen__otherscientificterm_pr": 0.5597609281539917, "unseen__otherscientificterm_rec": 0.557539701461792, "unseen__otherscientificterm_f1": 0.5586481094360352, "unseen__metric_pr": 0.5471698045730591, "unseen__metric_rec": 0.5178571343421936, "unseen__metric_f1": 0.5321100354194641, "unseen__generic_pr": 0.16386555135250092, "unseen__generic_rec": 0.49367088079452515, "unseen__generic_f1": 0.24605676531791687, "seen__f1": 0.0, "seen__pr": 0.0, "seen__rec": 0.0, "seen__ner_f1": 0.3595769703388214, "seen__ner_pr": 0.23943662643432617, "seen__ner_rec": 0.7216981053352356, "seen__macro_f1": 0.0, "seen__macro_pr": 0.0, "seen__macro_rec": 0.0, "seen__macro_ner_f1": 0.2335066795349121, "seen__macro_ner_pr": 0.19946350157260895, "seen__macro_ner_rec": 0.4941577911376953, "seen__samples_per_s": 360.3068485410186, "seen__samples_total_num": 180, "seen__samples_total_s": 0.4995741844177246, "seen__task_pr": 0.022727273404598236, "seen__task_rec": 0.4000000059604645, "seen__task_f1": 0.04301075264811516, "seen__method_pr": 0.0317460335791111, "seen__method_rec": 0.5, "seen__method_f1": 0.05970149487257004, "seen__material_pr": 0.05797101557254791, "seen__material_rec": 0.4000000059604645, "seen__material_f1": 0.1012658178806305, "seen__otherscientificterm_pr": 0.030674846842885017, "seen__otherscientificterm_rec": 0.38461539149284363, "seen__otherscientificterm_f1": 0.05681818351149559, "seen__metric_pr": 0.26923078298568726, "seen__metric_rec": 0.46666666865348816, "seen__metric_f1": 0.34146344661712646, "seen__generic_pr": 0.7844311594963074, "seen__generic_rec": 0.8136646151542664, "seen__generic_f1": 0.7987805008888245}, "test_metrics_bounds": {"unseen__f1": 0.0, "unseen__pr": 0.0, "unseen__rec": 0.0, "unseen__ner_f1": 0.7213850617408752, "unseen__ner_pr": 0.678528368473053, "unseen__ner_rec": 0.7700205445289612, "unseen__macro_f1": 0.0, "unseen__macro_pr": 0.0, "unseen__macro_rec": 0.0, "unseen__macro_ner_f1": 0.7213850617408752, "unseen__macro_ner_pr": 0.678528368473053, "unseen__macro_ner_rec": 0.7700205445289612, "unseen__samples_per_s": 281.325016612896, "unseen__samples_total_num": 518, "unseen__samples_total_s": 1.8412866592407227, "seen__f1": 0.0, "seen__pr": 0.0, "seen__rec": 0.0, "seen__ner_f1": 0.38588231801986694, "seen__ner_pr": 0.25705328583717346, "seen__ner_rec": 0.7735849022865295, "seen__macro_f1": 0.0, "seen__macro_pr": 0.0, "seen__macro_rec": 0.0, "seen__macro_ner_f1": 0.38588231801986694, "seen__macro_ner_pr": 0.25705328583717346, "seen__macro_ner_rec": 0.7735849022865295, "seen__samples_per_s": 360.3068485410186, "seen__samples_total_num": 180, "seen__samples_total_s": 0.4995741844177246}}