{"test_metrics": {"unseen_ner_prec_micro": 32.787779596290235, "unseen_ner_rec_micro": 44.81730052199851, "unseen_ner_f1_micro": 37.870195337114055, "unseen_ner_prec_macro": 27.087775374668983, "unseen_ner_rec_macro": 35.085089935037054, "unseen_ner_f1_macro": 28.93059035160149, "unseen_loc_prec_micro": 53.795180722891565, "unseen_loc_rec_micro": 66.59209545115586, "unseen_loc_f1_micro": 59.51349550149951, "unseen_loc_prec_macro": 53.795180722891565, "unseen_loc_rec_macro": 66.59209545115586, "unseen_loc_f1_macro": 59.51349550149951, "unseen_cls_prec_micro": 59.446092977250245, "unseen_cls_rec_micro": 44.81730052199851, "unseen_cls_f1_micro": 51.10544217687075, "unseen_cls_prec_macro": 49.47196913472583, "unseen_cls_rec_macro": 35.085089935037054, "unseen_cls_f1_macro": 40.72484365078406, "unseen_epoch": 0.0, "unseen_iteration": 0.0, "unseen_global_iteration": 0.0, "seen_ner_prec_micro": 12.217941662080351, "seen_ner_rec_micro": 64.53488372093024, "seen_ner_f1_micro": 20.546043498380374, "seen_ner_prec_macro": 11.862873025347794, "seen_ner_rec_macro": 41.60114750086849, "seen_ner_f1_macro": 15.846469822137646, "seen_loc_prec_micro": 16.65657177468201, "seen_loc_rec_micro": 79.94186046511628, "seen_loc_f1_micro": 27.56892230576441, "seen_loc_prec_macro": 16.65657177468201, "seen_loc_rec_macro": 79.94186046511628, "seen_loc_f1_macro": 27.56892230576441, "seen_cls_prec_micro": 76.02739726027397, "seen_cls_rec_micro": 64.53488372093024, "seen_cls_f1_micro": 69.81132075471697, "seen_cls_prec_macro": 49.43229805522524, "seen_cls_rec_macro": 41.60114750086849, "seen_cls_f1_macro": 44.85353151576556, "seen_epoch": 0.0, "seen_iteration": 0.0, "seen_global_iteration": 0.0, "ner_prec_micro": 44.69945355191257, "ner_rec_micro": 48.5459940652819, "ner_f1_micro": 46.54338549075391, "ner_prec_macro": 39.11030256947456, "ner_rec_macro": 41.11682289116618, "ner_f1_macro": 39.55631263006753, "loc_prec_micro": 69.81927710843372, "loc_rec_micro": 68.7833827893175, "loc_f1_micro": 69.29745889387145, "loc_prec_macro": 69.81927710843372, "loc_rec_macro": 68.7833827893175, "loc_f1_macro": 69.29745889387145, "cls_prec_micro": 63.410852713178286, "cls_rec_micro": 48.5459940652819, "cls_f1_micro": 54.99159663865546, "cls_prec_macro": 54.53589672692098, "cls_rec_macro": 41.11682289116618, "cls_f1_macro": 46.50760286667366, "epoch": 0.0, "iteration": 0.0, "global_iteration": 0.0}}