{"test_metrics": {"f1": 0.0, "pr": 0.0, "rec": 0.0, "ner_f1": 0.7634419202804565, "ner_pr": 0.7906070351600647, "ner_rec": 0.7380815744400024, "macro_f1": 0.0, "macro_pr": 0.0, "macro_rec": 0.0, "macro_ner_f1": 0.7576152682304382, "macro_ner_pr": 0.8002710342407227, "macro_ner_rec": 0.7206266522407532, "samples_per_s": 400.5730044985806, "samples_total_num": 1854, "samples_total_s": 4.6283698081970215, "dna_pr": 0.7567099332809448, "dna_rec": 0.7076923251152039, "dna_f1": 0.7313807606697083, "rna_pr": 0.8791208863258362, "rna_rec": 0.7692307829856873, "rna_f1": 0.8205127716064453, "cell_type_pr": 0.75, "cell_type_rec": 0.7067796587944031, "cell_type_f1": 0.7277486324310303, "protein_pr": 0.8081587553024292, "protein_rec": 0.7702276706695557, "protein_f1": 0.788737416267395, "cell_line_pr": 0.8073654174804688, "cell_line_rec": 0.6492027044296265, "cell_line_f1": 0.7196969389915466}, "test_metrics_bounds": {"f1": 0.0, "pr": 0.0, "rec": 0.0, "ner_f1": 0.8092314004898071, "ner_pr": 0.83829265832901, "ner_rec": 0.7821175456047058, "macro_f1": 0.0, "macro_pr": 0.0, "macro_rec": 0.0, "macro_ner_f1": 0.8092314004898071, "macro_ner_pr": 0.83829265832901, "macro_ner_rec": 0.7821175456047058, "samples_per_s": 400.5730044985806, "samples_total_num": 1854, "samples_total_s": 4.6283698081970215}, "metrics": {"f1": [0.0, 0.0, 0.0, 0.0, 0.0, 0.0, 0.0, 0.0, 0.0, 0.0, 0.0, 0.0, 0.0, 0.0, 0.0, 0.0, 0.0, 0.0, 0.0, 0.0], "pr": [0.0, 0.0, 0.0, 0.0, 0.0, 0.0, 0.0, 0.0, 0.0, 0.0, 0.0, 0.0, 0.0, 0.0, 0.0, 0.0, 0.0, 0.0, 0.0, 0.0], "rec": [0.0, 0.0, 0.0, 0.0, 0.0, 0.0, 0.0, 0.0, 0.0, 0.0, 0.0, 0.0, 0.0, 0.0, 0.0, 0.0, 0.0, 0.0, 0.0, 0.0], "ner_f1": [0.6453641653060913, 0.7405037879943848, 0.7410773634910583, 0.7521112561225891, 0.7412616014480591, 0.75920569896698, 0.7498997449874878, 0.7511575818061829, 0.7574862241744995, 0.7481085658073425, 0.7544718980789185, 0.7521591186523438, 0.7522844076156616, 0.7591397762298584, 0.7612661123275757, 0.7543789744377136, 0.7622461318969727, 0.7629886269569397, 0.7624789476394653, 0.7634419202804565], "ner_pr": [0.5802261829376221, 0.774733304977417, 0.7329587936401367, 0.7817018032073975, 0.7796323895454407, 0.76451176404953, 0.7866302132606506, 0.7919762134552002, 0.7800770998001099, 0.790618360042572, 0.7890886068344116, 0.7909187078475952, 0.7816305756568909, 0.7755143046379089, 0.7848718762397766, 0.7854922413825989, 0.7940261363983154, 0.789635419845581, 0.7881078720092773, 0.7906070351600647], "ner_rec": [0.7269768118858337, 0.7091709971427917, 0.7493777275085449, 0.7246792912483215, 0.7064905166625977, 0.7539728283882141, 0.7164464592933655, 0.7143403887748718, 0.7361669540405273, 0.709936797618866, 0.7227646708488464, 0.7170208692550659, 0.7250622510910034, 0.7434424757957458, 0.73903888463974, 0.7256366014480591, 0.7329121232032776, 0.7380815744400024, 0.7384644746780396, 0.7380815744400024], "macro_f1": [0.0, 0.0, 0.0, 0.0, 0.0, 0.0, 0.0, 0.0, 0.0, 0.0, 0.0, 0.0, 0.0, 0.0, 0.0, 0.0, 0.0, 0.0, 0.0, 0.0], "macro_pr": [0.0, 0.0, 0.0, 0.0, 0.0, 0.0, 0.0, 0.0, 0.0, 0.0, 0.0, 0.0, 0.0, 0.0, 0.0, 0.0, 0.0, 0.0, 0.0, 0.0], "macro_rec": [0.0, 0.0, 0.0, 0.0, 0.0, 0.0, 0.0, 0.0, 0.0, 0.0, 0.0, 0.0, 0.0, 0.0, 0.0, 0.0, 0.0, 0.0, 0.0, 0.0], "macro_ner_f1": [0.6070222854614258, 0.7325901985168457, 0.7262598872184753, 0.7474418878555298, 0.7276166677474976, 0.7550407648086548, 0.7445715069770813, 0.748473584651947, 0.739143967628479, 0.7331963777542114, 0.7444483637809753, 0.7479984164237976, 0.7455171346664429, 0.756223201751709, 0.7540913820266724, 0.7479778528213501, 0.7577091455459595, 0.7572687864303589, 0.7532317042350769, 0.7576152682304382], "macro_ner_pr": [0.6287468671798706, 0.7781539559364319, 0.7330813407897949, 0.7908468246459961, 0.765859842300415, 0.7834140062332153, 0.7983212471008301, 0.787778377532959, 0.771652340888977, 0.7882357835769653, 0.7834554314613342, 0.803097128868103, 0.7907781004905701, 0.7951652407646179, 0.7886492013931274, 0.7910348773002625, 0.7942112684249878, 0.7971808910369873, 0.7915899753570557, 0.8002710342407227], "macro_ner_rec": [0.6330554485321045, 0.6951316595077515, 0.7355995178222656, 0.7095962166786194, 0.6967635154724121, 0.7302414178848267, 0.7006587982177734, 0.7184846997261047, 0.7123662829399109, 0.6861321926116943, 0.7097389101982117, 0.7017658352851868, 0.706194281578064, 0.7236674427986145, 0.7233594655990601, 0.7113639116287231, 0.7254194021224976, 0.7228175401687622, 0.7202663421630859, 0.7206266522407532], "samples_per_s": [360.83612173816124, 385.59911116589905, 388.9931543616439, 397.36608041305175, 391.3448231974574, 385.46794996704836, 400.5253444998996, 398.5178225915437, 397.2127930452308, 401.4398742028623, 400.41482109150974, 401.11781404955417, 400.8930739864654, 398.10019580335666, 400.32045323774673, 401.836984161672, 402.6588968045424, 400.9274469483535, 400.4894316227856, 400.3752380694456], "samples_total_num": [1854, 1854, 1854, 1854, 1854, 1854, 1854, 1854, 1854, 1854, 1854, 1854, 1854, 1854, 1854, 1854, 1854, 1854, 1854, 1854], "samples_total_s": [5.138066530227661, 4.808102369308472, 4.766150712966919, 4.665722846984863, 4.7375099658966064, 4.809738397598267, 4.628920555114746, 4.652238607406616, 4.667523384094238, 4.618375301361084, 4.630198240280151, 4.622083425521851, 4.624674558639526, 4.657119035720825, 4.631289720535278, 4.613811254501343, 4.604393482208252, 4.6242780685424805, 4.629335641860962, 4.630656003952026], "dna_pr": [0.6793327331542969, 0.7064515948295593, 0.6806475520133972, 0.7517421841621399, 0.7399328947067261, 0.7534246444702148, 0.7251461744308472, 0.7886406183242798, 0.7571552395820618, 0.7674841284751892, 0.7513135075569153, 0.7753424644470215, 0.7526595592498779, 0.7457482814788818, 0.7493540048599243, 0.7506471276283264, 0.7723649144172668, 0.7546848654747009, 0.7523404359817505, 0.7567099332809448], "dna_rec": [0.5935222506523132, 0.7093117237091064, 0.7489878535270691, 0.6987854242324829, 0.7141700387001038, 0.7125505805015564, 0.7028340101242065, 0.6858299374580383, 0.7068825960159302, 0.6842105388641357, 0.6947368383407593, 0.6874493956565857, 0.6874493956565857, 0.7101214528083801, 0.7044534683227539, 0.7044534683227539, 0.7060728669166565, 0.7174088954925537, 0.7157894968986511, 0.7076923251152039], "dna_f1": [0.6335349678993225, 0.7078787684440613, 0.7131842374801636, 0.724297046661377, 0.7268232107162476, 0.7324178218841553, 0.7138157486915588, 0.7336509227752686, 0.7311557531356812, 0.7234588861465454, 0.7219183444976807, 0.7287552952766418, 0.718578040599823, 0.7274989485740662, 0.726210355758667, 0.7268170714378357, 0.7377326488494873, 0.7355749607086182, 0.7336099743843079, 0.7313807606697083], "rna_pr": [0.5819672346115112, 0.8297872543334961, 0.8421052694320679, 0.8229166865348816, 0.795918345451355, 0.8541666865348816, 0.8837209343910217, 0.8207547068595886, 0.761904776096344, 0.8444444537162781, 0.795918345451355, 0.8888888955116272, 0.8617021441459656, 0.8999999761581421, 0.8181818127632141, 0.8265306353569031, 0.8383838534355164, 0.8631578683853149, 0.84375, 0.8791208863258362], "rna_rec": [0.682692289352417, 0.75, 0.7692307829856873, 0.7596153616905212, 0.75, 0.7884615659713745, 0.7307692170143127, 0.8365384340286255, 0.7692307829856873, 0.7307692170143127, 0.75, 0.7692307829856873, 0.7788461446762085, 0.7788461446762085, 0.7788461446762085, 0.7788461446762085, 0.7980769276618958, 0.7884615659713745, 0.7788461446762085, 0.7692307829856873], "rna_f1": [0.6283185482025146, 0.7878788113594055, 0.8040201663970947, 0.7899999618530273, 0.7722771763801575, 0.8200000524520874, 0.800000011920929, 0.8285714387893677, 0.7655502557754517, 0.7835052013397217, 0.7722771763801575, 0.8247422575950623, 0.8181818723678589, 0.8350515365600586, 0.7980294823646545, 0.801980197429657, 0.8177340030670166, 0.8241205811500549, 0.8100000023841858, 0.8205127716064453],