{"test_metrics": {"f1": 0.0, "pr": 0.0, "rec": 0.0, "ner_f1": 0.6204889416694641, "ner_pr": 0.604651153087616, "ner_rec": 0.6371787190437317, "macro_f1": 0.0, "macro_pr": 0.0, "macro_rec": 0.0, "macro_ner_f1": 0.6165825724601746, "macro_ner_pr": 0.6141608357429504, "macro_ner_rec": 0.6216306090354919, "samples_per_s": 134.03898232949996, "samples_total_num": 529, "samples_total_s": 3.946613073348999, "task_pr": 0.5985915660858154, "task_rec": 0.6488549709320068, "task_f1": 0.622710645198822, "method_pr": 0.7142857313156128, "method_rec": 0.729411780834198, "method_f1": 0.7217695713043213, "material_pr": 0.6027397513389587, "material_rec": 0.5569620132446289, "material_f1": 0.5789473056793213, "otherscientificterm_pr": 0.5, "otherscientificterm_rec": 0.5609284043312073, "otherscientificterm_f1": 0.5287147164344788, "metric_pr": 0.6065573692321777, "metric_rec": 0.5211267471313477, "metric_f1": 0.560606062412262, "generic_pr": 0.6627907156944275, "generic_rec": 0.7124999761581421, "generic_f1": 0.6867470145225525}, "test_metrics_bounds": {"f1": 0.0, "pr": 0.0, "rec": 0.0, "ner_f1": 0.7677532434463501, "ner_pr": 0.7481565475463867, "ner_rec": 0.7884040474891663, "macro_f1": 0.0, "macro_pr": 0.0, "macro_rec": 0.0, "macro_ner_f1": 0.7677532434463501, "macro_ner_pr": 0.7481565475463867, "macro_ner_rec": 0.7884040474891663, "samples_per_s": 134.03898232949996, "samples_total_num": 529, "samples_total_s": 3.946613073348999}, "metrics": {"f1": [0.0, 0.0, 0.0, 0.0, 0.0, 0.0, 0.0, 0.0, 0.0, 0.0, 0.0, 0.0, 0.0, 0.0, 0.0, 0.0, 0.0, 0.0, 0.0, 0.0, 0.0, 0.0, 0.0, 0.0, 0.0], "pr": [0.0, 0.0, 0.0, 0.0, 0.0, 0.0, 0.0, 0.0, 0.0, 0.0, 0.0, 0.0, 0.0, 0.0, 0.0, 0.0, 0.0, 0.0, 0.0, 0.0, 0.0, 0.0, 0.0, 0.0, 0.0], "rec": [0.0, 0.0, 0.0, 0.0, 0.0, 0.0, 0.0, 0.0, 0.0, 0.0, 0.0, 0.0, 0.0, 0.0, 0.0, 0.0, 0.0, 0.0, 0.0, 0.0, 0.0, 0.0, 0.0, 0.0, 0.0], "ner_f1": [0.31700679659843445, 0.5390428304672241, 0.5988023281097412, 0.6276923418045044, 0.6176981329917908, 0.6567901372909546, 0.6403351426124573, 0.6414172053337097, 0.636201798915863, 0.6541942954063416, 0.6601824164390564, 0.651442289352417, 0.6466706395149231, 0.6577181220054626, 0.6598595976829529, 0.6638298034667969, 0.6678743362426758, 0.6710843443870544, 0.6736324429512024, 0.6679104566574097, 0.6759036183357239, 0.671541690826416, 0.6683017015457153, 0.6695173978805542, 0.6711656451225281], "ner_pr": [0.3467261791229248, 0.5417721271514893, 0.5733944773674011, 0.6166868209838867, 0.573576807975769, 0.6472019553184509, 0.612829327583313, 0.6257449388504028, 0.6042841076850891, 0.6309662461280823, 0.6410861611366272, 0.6258660554885864, 0.6202531456947327, 0.6409037113189697, 0.672301709651947, 0.64462810754776, 0.6445221304893494, 0.6461716890335083, 0.6610373854637146, 0.6629629731178284, 0.6508120894432068, 0.6536180377006531, 0.6542617082595825, 0.6531585454940796, 0.6574519276618958], "ner_rec": [0.29197993874549866, 0.5363408327102661, 0.6265664100646973, 0.6390977501869202, 0.6691729426383972, 0.6666666865348816, 0.670426070690155, 0.6578947305679321, 0.6716791987419128, 0.6791979670524597, 0.6804511547088623, 0.6791979670524597, 0.6754385828971863, 0.6754385828971863, 0.6478696465492249, 0.6842105388641357, 0.6929824352264404, 0.6979950070381165, 0.6867167949676514, 0.6729323267936707, 0.7030075192451477, 0.6904761791229248, 0.6829574108123779, 0.6867167949676514, 0.6854636669158936], "macro_f1": [0.0, 0.0, 0.0, 0.0, 0.0, 0.0, 0.0, 0.0, 0.0, 0.0, 0.0, 0.0, 0.0, 0.0, 0.0, 0.0, 0.0, 0.0, 0.0, 0.0, 0.0, 0.0, 0.0, 0.0, 0.0], "macro_pr": [0.0, 0.0, 0.0, 0.0, 0.0, 0.0, 0.0, 0.0, 0.0, 0.0, 0.0, 0.0, 0.0, 0.0, 0.0, 0.0, 0.0, 0.0, 0.0, 0.0, 0.0, 0.0, 0.0, 0.0, 0.0], "macro_rec": [0.0, 0.0, 0.0, 0.0, 0.0, 0.0, 0.0, 0.0, 0.0, 0.0, 0.0, 0.0, 0.0, 0.0, 0.0, 0.0, 0.0, 0.0, 0.0, 0.0, 0.0, 0.0, 0.0, 0.0, 0.0], "macro_ner_f1": [0.20374111831188202, 0.44904789328575134, 0.54566490650177, 0.602921187877655, 0.5991966128349304, 0.6270949840545654, 0.6258076429367065, 0.6035863757133484, 0.6129178404808044, 0.6316916346549988, 0.6438760161399841, 0.6091184020042419, 0.6092721223831177, 0.6437439322471619, 0.6414914131164551, 0.6444193720817566, 0.6525556445121765, 0.6493245959281921, 0.6514074206352234, 0.6444876194000244, 0.6570879817008972, 0.6509727835655212, 0.646242082118988, 0.6483015418052673, 0.6526373028755188], "macro_ner_pr": [0.24521620571613312, 0.49586042761802673, 0.5435836911201477, 0.6072394251823425, 0.5711574554443359, 0.6382594704627991, 0.6194864511489868, 0.6311437487602234, 0.5961572527885437, 0.6224495768547058, 0.6438434720039368, 0.6173140406608582, 0.6178983449935913, 0.650680661201477, 0.6581457853317261, 0.656904935836792, 0.6636702418327332, 0.6735274195671082, 0.6617503762245178, 0.66743403673172, 0.659235417842865, 0.66366046667099, 0.6493327617645264, 0.657677173614502, 0.6630056500434875], "macro_ner_rec": [0.2128739356994629, 0.43898215889930725, 0.5627946257591248, 0.6115682721138, 0.6401936411857605, 0.6244614124298096, 0.6426675319671631, 0.59844571352005, 0.6389932632446289, 0.6449432969093323, 0.6529977321624756, 0.62675541639328, 0.6174135804176331, 0.6435253024101257, 0.6277853846549988, 0.6455295085906982, 0.6558102369308472, 0.6480399966239929, 0.6474378705024719, 0.6325812935829163, 0.6637600064277649, 0.6529285311698914, 0.6498835682868958, 0.6486812233924866, 0.6505540013313293], "samples_per_s": [137.85271317339496, 139.68749487629321, 147.40859272331977, 137.99764047769, 140.8544790038139, 121.64149458590467, 143.21247619569166, 133.84636816277006, 141.934399989796, 121.45675619115144, 135.31669945190558, 134.10961501804698, 134.62938738463802, 134.43366569489035, 152.77584735178445, 132.51391706000922, 125.70337794409346, 123.61564401492521, 119.36619354477145, 123.68557758341542, 122.24161538605537, 127.0551040190888, 135.8361932549695, 114.20111821939427, 133.28049952732385], "samples_total_num": [260, 260, 260, 260, 260, 260, 260, 260, 260, 260, 260, 260, 260, 260, 260, 260, 260, 260, 260, 260, 260, 260, 260, 260, 260], "samples_total_s": [1.886070966720581, 1.861297607421875, 1.7638049125671387, 1.8840901851654053, 1.845876693725586, 2.1374285221099854, 1.8154842853546143, 1.9425256252288818, 1.8318321704864502, 2.1406795978546143, 1.9214184284210205, 1.9387125968933105, 1.931227684020996, 1.9340393543243408, 1.7018396854400635, 1.9620580673217773, 2.068361282348633, 2.1032936573028564, 2.178171157836914, 2.102104425430298, 2.1269352436065674, 2.046356201171875, 1.9140701293945312, 2.2766852378845215, 1.950773000717163], "task_pr": [0.2537313401699066, 0.5307692289352417, 0.4761904776096344, 0.4917127192020416, 0.48969072103500366, 0.6727272868156433, 0.6101694703102112, 0.54666668176651, 0.6060606241226196, 0.577464759349823, 0.5483871102333069, 0.5789473652839661, 0.5736433863639832, 0.565517246723175, 0.6320000290870667, 0.5616438388824463, 0.5954198241233826, 0.6363636255264282, 0.5984848737716675, 0.6015625, 0.5944055914878845, 0.5240963697433472, 0.5724138021469116, 0.5808823704719543, 0.5954198241233826], "task_rec": [0.1349206417798996, 0.5476190447807312, 0.6349206566810608, 0.7063491940498352, 0.7539682388305664, 0.5873016119003296, 0.5714285969734192, 0.6507936716079712, 0.6349206566810608, 0.6507936716079712, 0.6746031641960144, 0.6984127163887024, 0.5873016119003296, 0.6507936716079712, 0.6269841194152832, 0.6507936716079712, 0.6190476417541504, 0.6111111044883728, 0.6269841194152832, 0.6111111044883728, 0.6746031641960144, 0.6904761791229248, 0.658730149269104, 0.6269841194152832, 0.6190476417541504],