{"test_metrics": {"Eval_Ent_Precision": 86.49155721674411, "Eval_Ent_Recall": 89.39883645038344, "Eval_Ent_F1": 87.92116973246368, "Eval_Time": 129.13508677482605, "Eval_Examples": 5000, "Eval_Examples_Per_Second": 38.71914384290106, "seen_Eval_Ent_Precision": 67.90851424677771, "seen_Eval_Ent_Recall": 94.56332419891432, "seen_Eval_Ent_F1": 79.04945140054092, "seen_Eval_Time": 129.14171266555786, "seen_Eval_Examples": 5000, "seen_Eval_Examples_Per_Second": 38.717157274726944, "unseen_Eval_Ent_Precision": 18.618779599996643, "unseen_Eval_Ent_Recall": 74.56171733483956, "unseen_Eval_Ent_F1": 29.796968836203323, "unseen_Eval_Time": 128.37859225273132, "unseen_Eval_Examples": 5000, "unseen_Eval_Examples_Per_Second": 38.94730353606617}}