{"test_metrics": {"unseen__f1": 0.0, "unseen__pr": 0.0, "unseen__rec": 0.0, "unseen__ner_f1": 0.558372437953949, "unseen__ner_pr": 0.495280385017395, "unseen__ner_rec": 0.6398852467536926, "unseen__macro_f1": 0.0, "unseen__macro_pr": 0.0, "unseen__macro_rec": 0.0, "unseen__macro_ner_f1": 0.5172014236450195, "unseen__macro_ner_pr": 0.46964311599731445, "unseen__macro_ner_rec": 0.6108531355857849, "unseen__samples_per_s": 295.77068344721545, "unseen__samples_total_num": 516, "unseen__samples_total_s": 1.7445948123931885, "unseen__task_pr": 0.5254237055778503, "unseen__task_rec": 0.6224899888038635, "unseen__task_f1": 0.5698529481887817, "unseen__method_pr": 0.7149758338928223, "unseen__method_rec": 0.7308642268180847, "unseen__method_f1": 0.7228327393531799, "unseen__material_pr": 0.5274725556373596, "unseen__material_rec": 0.6857143044471741, "unseen__material_f1": 0.5962733030319214, "unseen__otherscientificterm_pr": 0.49822694063186646, "unseen__otherscientificterm_rec": 0.5903361439704895, "unseen__otherscientificterm_f1": 0.5403846502304077, "unseen__metric_pr": 0.4285714328289032, "unseen__metric_rec": 0.5357142686843872, "unseen__metric_f1": 0.476190447807312, "unseen__generic_pr": 0.12318840622901917, "unseen__generic_rec": 0.5, "unseen__generic_f1": 0.19767442345619202, "seen__f1": 0.0, "seen__pr": 0.0, "seen__rec": 0.0, "seen__ner_f1": 0.4000000059604645, "seen__ner_pr": 0.2648083567619324, "seen__ner_rec": 0.8172042965888977, "seen__macro_f1": 0.0, "seen__macro_pr": 0.0, "seen__macro_rec": 0.0, "seen__macro_ner_f1": 0.33329424262046814, "seen__macro_ner_pr": 0.2501719892024994, "seen__macro_ner_rec": 0.7509613633155823, "seen__samples_per_s": 366.45406609265456, "seen__samples_total_num": 224, "seen__samples_total_s": 0.6112635135650635, "seen__task_pr": 0.0833333358168602, "seen__task_rec": 0.8461538553237915, "seen__task_f1": 0.15172414481639862, "seen__method_pr": 0.08441558480262756, "seen__method_rec": 0.6499999761581421, "seen__method_f1": 0.14942529797554016, "seen__material_pr": 0.1411764770746231, "seen__material_rec": 0.6666666865348816, "seen__material_f1": 0.2330097258090973, "seen__otherscientificterm_pr": 0.11857707798480988, "seen__otherscientificterm_rec": 0.7317073345184326, "seen__otherscientificterm_f1": 0.20408163964748383, "seen__metric_pr": 0.3333333432674408, "seen__metric_rec": 0.7333333492279053, "seen__metric_f1": 0.4583333432674408, "seen__generic_pr": 0.7401960492134094, "seen__generic_rec": 0.8779069781303406, "seen__generic_f1": 0.8031914234161377}, "test_metrics_bounds": {"unseen__f1": 0.0, "unseen__pr": 0.0, "unseen__rec": 0.0, "unseen__ner_f1": 0.7034482955932617, "unseen__ner_pr": 0.6247215867042542, "unseen__ner_rec": 0.8048780560493469, "unseen__macro_f1": 0.0, "unseen__macro_pr": 0.0, "unseen__macro_rec": 0.0, "unseen__macro_ner_f1": 0.7034482955932617, "unseen__macro_ner_pr": 0.6247215867042542, "unseen__macro_ner_rec": 0.8048780560493469, "unseen__samples_per_s": 295.77068344721545, "unseen__samples_total_num": 516, "unseen__samples_total_s": 1.7445948123931885, "seen__f1": 0.0, "seen__pr": 0.0, "seen__rec": 0.0, "seen__ner_f1": 0.42003515362739563, "seen__ner_pr": 0.2782304883003235, "seen__ner_rec": 0.856630802154541, "seen__macro_f1": 0.0, "seen__macro_pr": 0.0, "seen__macro_rec": 0.0, "seen__macro_ner_f1": 0.42003515362739563, "seen__macro_ner_pr": 0.2782304883003235, "seen__macro_ner_rec": 0.856630802154541, "seen__samples_per_s": 366.45406609265456, "seen__samples_total_num": 224, "seen__samples_total_s": 0.6112635135650635}}