{"test_metrics": {"Eval_Ent_Precision": 64.54054052482104, "Eval_Ent_Recall": 70.94474150808706, "Eval_Ent_F1": 67.59128217651708, "Eval_Time": 26.21442151069641, "Eval_Examples": 551, "Eval_Examples_Per_Second": 21.018964686105033, "seen_Eval_Ent_Precision": 17.081081116669104, "seen_Eval_Ent_Recall": 86.5753422653406, "seen_Eval_Ent_F1": 28.53273141574225, "seen_Eval_Time": 26.616441249847412, "seen_Eval_Examples": 551, "seen_Eval_Examples_Per_Second": 20.70149028669108, "unseen_Eval_Ent_Precision": 47.45945946220599, "unseen_Eval_Ent_Recall": 66.61608495202415, "unseen_Eval_Ent_F1": 55.42929292243775, "unseen_Eval_Time": 22.757606983184814, "unseen_Eval_Examples": 551, "unseen_Eval_Examples_Per_Second": 24.2116844889326}}