{"test_metrics": {"unseen__f1": 0.0, "unseen__pr": 0.0, "unseen__rec": 0.0, "unseen__ner_f1": 0.839577317237854, "unseen__ner_pr": 0.8543499708175659, "unseen__ner_rec": 0.8253068923950195, "unseen__macro_f1": 0.0, "unseen__macro_pr": 0.0, "unseen__macro_rec": 0.0, "unseen__macro_ner_f1": 0.7952331304550171, "unseen__macro_ner_pr": 0.8226478099822998, "unseen__macro_ner_rec": 0.7785544395446777, "unseen__samples_per_s": 381.03912090574266, "unseen__samples_total_num": 288, "unseen__samples_total_s": 0.7558279037475586, "unseen__loc_pr": 0.9033942818641663, "unseen__loc_rec": 0.8357487916946411, "unseen__loc_f1": 0.8682559132575989, "unseen__org_pr": 0.7216981053352356, "unseen__org_rec": 0.7846153974533081, "unseen__org_f1": 0.751842737197876, "unseen__peop_pr": 0.910179615020752, "unseen__peop_rec": 0.955974817276001, "unseen__peop_f1": 0.9325153231620789, "unseen__other_pr": 0.7553191781044006, "unseen__other_rec": 0.5378788113594055, "unseen__other_f1": 0.6283186078071594, "seen__f1": 0.0, "seen__pr": 0.0, "seen__rec": 0.0, "seen__ner_f1": 0.0, "seen__ner_pr": 0.0, "seen__ner_rec": 0.0, "seen__macro_f1": 0.0, "seen__macro_pr": 0.0, "seen__macro_rec": 0.0, "seen__macro_ner_f1": 0.0, "seen__macro_ner_pr": 0.0, "seen__macro_ner_rec": 0.0, "seen__samples_per_s": 0.0, "seen__samples_total_num": 0, "seen__samples_total_s": 0.0, "seen__loc_pr": 0.0, "seen__loc_rec": 0.0, "seen__loc_f1": 0.0, "seen__org_pr": 0.0, "seen__org_rec": 0.0, "seen__org_f1": 0.0, "seen__peop_pr": 0.0, "seen__peop_rec": 0.0, "seen__peop_f1": 0.0, "seen__other_pr": 0.0, "seen__other_rec": 0.0, "seen__other_f1": 0.0}, "test_metrics_bounds": {"unseen__f1": 0.0, "unseen__pr": 0.0, "unseen__rec": 0.0, "unseen__ner_f1": 0.8778846263885498, "unseen__ner_pr": 0.8942213654518127, "unseen__ner_rec": 0.8621340990066528, "unseen__macro_f1": 0.0, "unseen__macro_pr": 0.0, "unseen__macro_rec": 0.0, "unseen__macro_ner_f1": 0.8778846263885498, "unseen__macro_ner_pr": 0.8942213654518127, "unseen__macro_ner_rec": 0.8621340990066528, "unseen__samples_per_s": 381.03912090574266, "unseen__samples_total_num": 288, "unseen__samples_total_s": 0.7558279037475586, "seen__f1": 0.0, "seen__pr": 0.0, "seen__rec": 0.0, "seen__ner_f1": 0.0, "seen__ner_pr": 0.0, "seen__ner_rec": 0.0, "seen__macro_f1": 0.0, "seen__macro_pr": 0.0, "seen__macro_rec": 0.0, "seen__macro_ner_f1": 0.0, "seen__macro_ner_pr": 0.0, "seen__macro_ner_rec": 0.0, "seen__samples_per_s": 0.0, "seen__samples_total_num": 0, "seen__samples_total_s": 0.0}}
