{"test_metrics": {"seen__f1": 0.0, "seen__pr": 0.0, "seen__rec": 0.0, "seen__ner_f1": 0.0, "seen__ner_pr": 0.0, "seen__ner_rec": 0.0, "seen__macro_f1": 0.0, "seen__macro_pr": 0.0, "seen__macro_rec": 0.0, "seen__macro_ner_f1": 0.0, "seen__macro_ner_pr": 0.0, "seen__macro_ner_rec": 0.0, "seen__samples_per_s": 556.7023629125089, "seen__samples_total_num": 1854, "seen__samples_total_s": 3.3303253650665283, "seen__dna_pr": 0.0, "seen__dna_rec": 0.0, "seen__dna_f1": 0.0, "seen__rna_pr": 0.0, "seen__rna_rec": 0.0, "seen__rna_f1": 0.0, "seen__cell_type_pr": 0.0, "seen__cell_type_rec": 0.0, "seen__cell_type_f1": 0.0, "seen__protein_pr": 0.0, "seen__protein_rec": 0.0, "seen__protein_f1": 0.0, "seen__cell_line_pr": 0.0, "seen__cell_line_rec": 0.0, "seen__cell_line_f1": 0.0, "unseen__f1": 0.0, "unseen__pr": 0.0, "unseen__rec": 0.0, "unseen__ner_f1": 0.7235987186431885, "unseen__ner_pr": 0.7703783512115479, "unseen__ner_rec": 0.6821749806404114, "unseen__macro_f1": 0.0, "unseen__macro_pr": 0.0, "unseen__macro_rec": 0.0, "unseen__macro_ner_f1": 0.7134299278259277, "unseen__macro_ner_pr": 0.7703884243965149, "unseen__macro_ner_rec": 0.6658002138137817, "unseen__samples_per_s": 616.2710202886082, "unseen__samples_total_num": 1854, "unseen__samples_total_s": 3.0084166526794434, "unseen__dna_pr": 0.7655236124992371, "unseen__dna_rec": 0.6688259243965149, "unseen__dna_f1": 0.7139152884483337, "unseen__rna_pr": 0.8333333134651184, "unseen__rna_rec": 0.7692307829856873, "unseen__rna_f1": 0.800000011920929, "unseen__cell_type_pr": 0.6924643516540527, "unseen__cell_type_rec": 0.5762711763381958, "unseen__cell_type_f1": 0.629047155380249, "unseen__protein_pr": 0.7838352918624878, "unseen__protein_rec": 0.7201400995254517, "unseen__protein_f1": 0.7506389617919922, "unseen__cell_line_pr": 0.7767857313156128, "unseen__cell_line_rec": 0.5945330262184143, "unseen__cell_line_f1": 0.6735483407974243}, "test_metrics_bounds": {"seen__f1": 0.0, "seen__pr": 0.0, "seen__rec": 0.0, "seen__ner_f1": 0.0, "seen__ner_pr": 0.0, "seen__ner_rec": 0.0, "seen__macro_f1": 0.0, "seen__macro_pr": 0.0, "seen__macro_rec": 0.0, "seen__macro_ner_f1": 0.0, "seen__macro_ner_pr": 0.0, "seen__macro_ner_rec": 0.0, "seen__samples_per_s": 556.7023629125089, "seen__samples_total_num": 1854, "seen__samples_total_s": 3.3303253650665283, "unseen__f1": 0.0, "unseen__pr": 0.0, "unseen__rec": 0.0, "unseen__ner_f1": 0.7792788147926331, "unseen__ner_pr": 0.8299437761306763, "unseen__ner_rec": 0.7344437837600708, "unseen__macro_f1": 0.0, "unseen__macro_pr": 0.0, "unseen__macro_rec": 0.0, "unseen__macro_ner_f1": 0.7792788147926331, "unseen__macro_ner_pr": 0.8299437761306763, "unseen__macro_ner_rec": 0.7344437837600708, "unseen__samples_per_s": 616.2710202886082, "unseen__samples_total_num": 1854, "unseen__samples_total_s": 3.0084166526794434}}