{"test_metrics": {"f1": 0.0, "pr": 0.0, "rec": 0.0, "ner_f1": 0.8722816109657288, "ner_pr": 0.870997428894043, "ner_rec": 0.8735696077346802, "macro_f1": 0.0, "macro_pr": 0.0, "macro_rec": 0.0, "macro_ner_f1": 0.7952073216438293, "macro_ner_pr": 0.7881269454956055, "macro_ner_rec": 0.8026688098907471, "samples_per_s": 238.488704835907, "samples_total_num": 5000, "samples_total_s": 20.96535348892212, "organization_pr": 0.6645885109901428, "organization_rec": 0.7031662464141846, "organization_f1": 0.6833333373069763, "location_pr": 0.9106200337409973, "location_rec": 0.9069454669952393, "location_f1": 0.9087790846824646, "person_pr": 0.7891722917556763, "person_rec": 0.7978947162628174, "person_f1": 0.7935095429420471}, "test_metrics_bounds": {"f1": 0.0, "pr": 0.0, "rec": 0.0, "ner_f1": 0.8898820877075195, "ner_pr": 0.8885719776153564, "ner_rec": 0.8911960124969482, "macro_f1": 0.0, "macro_pr": 0.0, "macro_rec": 0.0, "macro_ner_f1": 0.8898820877075195, "macro_ner_pr": 0.8885719776153564, "macro_ner_rec": 0.8911960124969482, "samples_per_s": 238.488704835907, "samples_total_num": 5000, "samples_total_s": 20.96535348892212}, "metrics": {"f1": [0.0, 0.0, 0.0, 0.0, 0.0, 0.0], "pr": [0.0, 0.0, 0.0, 0.0, 0.0, 0.0], "rec": [0.0, 0.0, 0.0, 0.0, 0.0, 0.0], "ner_f1": [0.8092262744903564, 0.853002667427063, 0.8615663647651672, 0.8635988235473633, 0.8572229146957397, 0.8553386926651001], "ner_pr": [0.8067057728767395, 0.8236758708953857, 0.8464686274528503, 0.8587967157363892, 0.8690791726112366, 0.8209018707275391], "ner_rec": [0.8117625117301941, 0.8844948410987854, 0.877212405204773, 0.8684549927711487, 0.8456858396530151, 0.8927912712097168], "macro_f1": [0.0, 0.0, 0.0, 0.0, 0.0, 0.0], "macro_pr": [0.0, 0.0, 0.0, 0.0, 0.0, 0.0], "macro_rec": [0.0, 0.0, 0.0, 0.0, 0.0, 0.0], "macro_ner_f1": [0.6954122185707092, 0.7716100215911865, 0.7787671089172363, 0.7786538600921631, 0.7807256579399109, 0.7758782505989075], "macro_ner_pr": [0.6870234608650208, 0.744588315486908, 0.8042266964912415, 0.7660215497016907, 0.7916416525840759, 0.7365595698356628], "macro_ner_rec": [0.7045742869377136, 0.8006803393363953, 0.7603569030761719, 0.7933895587921143, 0.7714123725891113, 0.8219922184944153], "samples_per_s": [233.1454452874204, 233.76634899858612, 235.1225286946135, 234.68962616103914, 234.25832264967912, 231.41639510131523], "samples_total_num": [5000, 5000, 5000, 5000, 5000, 5000], "samples_total_s": [21.44584035873413, 21.388878345489502, 21.26550793647766, 21.304733753204346, 21.343958854675293, 21.606075048446655], "organization_pr": [0.5376756191253662, 0.6342925429344177, 0.7451298832893372, 0.6070215106010437, 0.6977077126502991, 0.5813471674919128], "organization_rec": [0.5474642515182495, 0.6879063844680786, 0.5968790650367737, 0.6970090866088867, 0.6332899928092957, 0.7295188307762146], "organization_f1": [0.5425258278846741, 0.6600124835968018, 0.6628158688545227, 0.648910403251648, 0.6639400124549866, 0.6470588445663452], "location_pr": [0.8729843497276306, 0.8617033362388611, 0.8617141842842102, 0.9018771052360535, 0.9105504751205444, 0.8587942123413086], "location_rec": [0.8617607355117798, 0.9254316091537476, 0.9331455826759338, 0.9059630036354065, 0.8749846816062927, 0.9278804659843445], "location_f1": [0.8673362731933594, 0.8924312591552734, 0.8960084915161133, 0.9039154052734375, 0.8924133777618408, 0.8920016288757324], "person_pr": [0.6504104137420654, 0.7377690672874451, 0.8058361411094666, 0.7891662120819092, 0.7666666507720947, 0.769537091255188], "person_rec": [0.7044979333877563, 0.7887029051780701, 0.7510460019111633, 0.7771966457366943, 0.805962324142456, 0.8085774183273315], "person_f1": [0.676374614238739, 0.7623862624168396, 0.777476966381073, 0.783135712146759, 0.7858235239982605, 0.7885743379592896]}}