{"test_metrics": {"unseen__f1": 0.0, "unseen__pr": 0.0, "unseen__rec": 0.0, "unseen__ner_f1": 0.5756416320800781, "unseen__ner_pr": 0.457833468914032, "unseen__ner_rec": 0.7750833630561829, "unseen__macro_f1": 0.0, "unseen__macro_pr": 0.0, "unseen__macro_rec": 0.0, "unseen__macro_ner_f1": 0.6171038150787354, "unseen__macro_ner_pr": 0.5554792284965515, "unseen__macro_ner_rec": 0.7475183606147766, "unseen__samples_per_s": 550.9538115791134, "unseen__samples_total_num": 2576, "unseen__samples_total_s": 4.675528049468994, "unseen__organization_pr": 0.5521582961082458, "unseen__organization_rec": 0.6703056693077087, "unseen__organization_f1": 0.6055226922035217, "unseen__location_pr": 0.3491278290748596, "unseen__location_rec": 0.8277778029441833, "unseen__location_f1": 0.491118848323822, "unseen__person_pr": 0.7651515007019043, "unseen__person_rec": 0.7444717288017273, "unseen__person_f1": 0.7546699643135071, "seen__f1": 0.0, "seen__pr": 0.0, "seen__rec": 0.0, "seen__ner_f1": 0.7938642501831055, "seen__ner_pr": 0.7000709176063538, "seen__ner_rec": 0.916677713394165, "seen__macro_f1": 0.0, "seen__macro_pr": 0.0, "seen__macro_rec": 0.0, "seen__macro_ner_f1": 0.633734405040741, "seen__macro_ner_pr": 0.5204123854637146, "seen__macro_ner_rec": 0.8579323291778564, "seen__samples_per_s": 572.9519657465565, "seen__samples_total_num": 4516, "seen__samples_total_s": 7.88198709487915, "seen__organization_pr": 0.39168110489845276, "seen__organization_rec": 0.753333330154419, "seen__organization_f1": 0.5153933763504028, "seen__location_pr": 0.789706289768219, "seen__location_rec": 0.926501989364624, "seen__location_f1": 0.8526522517204285, "seen__person_pr": 0.3798498213291168, "seen__person_rec": 0.8939617276191711, "seen__person_f1": 0.5331576466560364}, "test_metrics_bounds": {"unseen__f1": 0.0, "unseen__pr": 0.0, "unseen__rec": 0.0, "unseen__ner_f1": 0.6076091527938843, "unseen__ner_pr": 0.4832587242126465, "unseen__ner_rec": 0.8181266784667969, "unseen__macro_f1": 0.0, "unseen__macro_pr": 0.0, "unseen__macro_rec": 0.0, "unseen__macro_ner_f1": 0.6076091527938843, "unseen__macro_ner_pr": 0.4832587242126465, "unseen__macro_ner_rec": 0.8181266784667969, "unseen__samples_per_s": 550.9538115791134, "unseen__samples_total_num": 2576, "unseen__samples_total_s": 4.675528049468994, "seen__f1": 0.0, "seen__pr": 0.0, "seen__rec": 0.0, "seen__ner_f1": 0.7994943857192993, "seen__ner_pr": 0.7050359845161438, "seen__ner_rec": 0.9231789708137512, "seen__macro_f1": 0.0, "seen__macro_pr": 0.0, "seen__macro_rec": 0.0, "seen__macro_ner_f1": 0.7994943857192993, "seen__macro_ner_pr": 0.7050359845161438, "seen__macro_ner_rec": 0.9231789708137512, "seen__samples_per_s": 572.9519657465565, "seen__samples_total_num": 4516, "seen__samples_total_s": 7.88198709487915}}