{"test_metrics": {"f1": 0.0, "pr": 0.0, "rec": 0.0, "ner_f1": 0.8553933501243591, "ner_pr": 0.853383481502533, "ner_rec": 0.8574126362800598, "macro_f1": 0.0, "macro_pr": 0.0, "macro_rec": 0.0, "macro_ner_f1": 0.8092852234840393, "macro_ner_pr": 0.8298754692077637, "macro_ner_rec": 0.8005238175392151, "samples_per_s": 190.73648887525337, "samples_total_num": 288, "samples_total_s": 1.5099365711212158, "loc_pr": 0.8478747010231018, "loc_rec": 0.9154589176177979, "loc_f1": 0.8803716897964478, "org_pr": 0.772946834564209, "org_rec": 0.8205128312110901, "org_f1": 0.7960199117660522, "peop_pr": 0.9404388666152954, "peop_rec": 0.9433962106704712, "peop_f1": 0.9419152140617371, "other_pr": 0.7582417726516724, "other_rec": 0.5227272510528564, "other_f1": 0.6188340783119202}, "test_metrics_bounds": {"f1": 0.0, "pr": 0.0, "rec": 0.0, "ner_f1": 0.8803015947341919, "ner_pr": 0.8786453604698181, "ner_rec": 0.8819640874862671, "macro_f1": 0.0, "macro_pr": 0.0, "macro_rec": 0.0, "macro_ner_f1": 0.8803015947341919, "macro_ner_pr": 0.8786453604698181, "macro_ner_rec": 0.8819640874862671, "samples_per_s": 190.73648887525337, "samples_total_num": 288, "samples_total_s": 1.5099365711212158}, "metrics": {"f1": [0.0, 0.0, 0.0, 0.0, 0.0, 0.0, 0.0, 0.0, 0.0, 0.0, 0.0, 0.0, 0.0, 0.0, 0.0, 0.0, 0.0, 0.0, 0.0, 0.0, 0.0, 0.0, 0.0, 0.0, 0.0, 0.0, 0.0, 0.0, 0.0, 0.0, 0.0, 0.0, 0.0, 0.0, 0.0], "pr": [0.0, 0.0, 0.0, 0.0, 0.0, 0.0, 0.0, 0.0, 0.0, 0.0, 0.0, 0.0, 0.0, 0.0, 0.0, 0.0, 0.0, 0.0, 0.0, 0.0, 0.0, 0.0, 0.0, 0.0, 0.0, 0.0, 0.0, 0.0, 0.0, 0.0, 0.0, 0.0, 0.0, 0.0, 0.0], "rec": [0.0, 0.0, 0.0, 0.0, 0.0, 0.0, 0.0, 0.0, 0.0, 0.0, 0.0, 0.0, 0.0, 0.0, 0.0, 0.0, 0.0, 0.0, 0.0, 0.0, 0.0, 0.0, 0.0, 0.0, 0.0, 0.0, 0.0, 0.0, 0.0, 0.0, 0.0, 0.0, 0.0, 0.0, 0.0], "ner_f1": [0.5291005373001099, 0.7469316124916077, 0.7957992553710938, 0.7944545149803162, 0.8086097240447998, 0.8290398120880127, 0.8259385824203491, 0.8216019868850708, 0.8271673321723938, 0.8266515731811523, 0.838412880897522, 0.8473412990570068, 0.84235018491745, 0.8358208537101746, 0.8435852527618408, 0.8489043116569519, 0.8310185074806213, 0.8407642841339111, 0.8529411554336548, 0.8408163189888, 0.8357705473899841, 0.8471665978431702, 0.8488636612892151, 0.8518518209457397, 0.8698669672012329, 0.8515981435775757, 0.8632926344871521, 0.8607888221740723, 0.8526076674461365, 0.8472299575805664, 0.8594563603401184, 0.8479262590408325, 0.849517285823822, 0.8496583104133606, 0.8625866174697876], "ner_pr": [0.6279434561729431, 0.7643540501594543, 0.8128724694252014, 0.8405612111091614, 0.8234597444534302, 0.8499400019645691, 0.8221970796585083, 0.8758085370063782, 0.8002136945724487, 0.8169642686843872, 0.84375, 0.8478260636329651, 0.8578199148178101, 0.8396770358085632, 0.8653846383094788, 0.8568102717399597, 0.8417350649833679, 0.8521126508712769, 0.8787878751754761, 0.8583333492279053, 0.8228128552436829, 0.8486238718032837, 0.8440678119659424, 0.862837016582489, 0.8805620670318604, 0.8506271243095398, 0.879146933555603, 0.8739693760871887, 0.8458942770957947, 0.8300438523292542, 0.8700234293937683, 0.8548199534416199, 0.8442437648773193, 0.8467650413513184, 0.8716452717781067], "ner_rec": [0.4571428596973419, 0.7302857041358948, 0.7794285416603088, 0.7531428337097168, 0.7942857146263123, 0.8091428279876709, 0.829714298248291, 0.7737143039703369, 0.8560000061988831, 0.836571455001831, 0.833142876625061, 0.8468571305274963, 0.8274285793304443, 0.8320000171661377, 0.822857141494751, 0.8411428332328796, 0.8205714225769043, 0.829714298248291, 0.8285714387893677, 0.8240000009536743, 0.849142849445343, 0.845714271068573, 0.8537142872810364, 0.8411428332328796, 0.8594285845756531, 0.852571427822113, 0.8479999899864197, 0.8479999899864197, 0.8594285845756531, 0.8651428818702698, 0.849142849445343, 0.8411428332328796, 0.8548571467399597, 0.852571427822113, 0.8537142872810364], "macro_f1": [0.0, 0.0, 0.0, 0.0, 0.0, 0.0, 0.0, 0.0, 0.0, 0.0, 0.0, 0.0, 0.0, 0.0, 0.0, 0.0, 0.0, 0.0, 0.0, 0.0, 0.0, 0.0, 0.0, 0.0, 0.0, 0.0, 0.0, 0.0, 0.0, 0.0, 0.0, 0.0, 0.0, 0.0, 0.0], "macro_pr": [0.0, 0.0, 0.0, 0.0, 0.0, 0.0, 0.0, 0.0, 0.0, 0.0, 0.0, 0.0, 0.0, 0.0, 0.0, 0.0, 0.0, 0.0, 0.0, 0.0, 0.0, 0.0, 0.0, 0.0, 0.0, 0.0, 0.0, 0.0, 0.0, 0.0, 0.0, 0.0, 0.0, 0.0, 0.0], "macro_rec": [0.0, 0.0, 0.0, 0.0, 0.0, 0.0, 0.0, 0.0, 0.0, 0.0, 0.0, 0.0, 0.0, 0.0, 0.0, 0.0, 0.0, 0.0, 0.0, 0.0, 0.0, 0.0, 0.0, 0.0, 0.0, 0.0, 0.0, 0.0, 0.0, 0.0, 0.0, 0.0, 0.0, 0.0, 0.0], "macro_ner_f1": [0.3612172603607178, 0.6720784902572632, 0.739999532699585, 0.7357556819915771, 0.7517211437225342, 0.7750909328460693, 0.7751333713531494, 0.7538255453109741, 0.7776926755905151, 0.7689100503921509, 0.7832680344581604, 0.7933314442634583, 0.7836037874221802, 0.7771307229995728, 0.783433735370636, 0.8005505204200745, 0.7804778814315796, 0.7846502661705017, 0.7952843308448792, 0.7830811142921448, 0.7842209935188293, 0.7933997511863708, 0.7924553751945496, 0.7958139777183533, 0.8144347667694092, 0.7990628480911255, 0.805170476436615, 0.8032637238502502, 0.8000911474227905, 0.7963970899581909, 0.8107348084449768, 0.7964454293251038, 0.7984709143638611, 0.7988278865814209, 0.8133114576339722], "macro_ner_pr": [0.534500777721405, 0.7425907850265503, 0.7901957631111145, 0.8047743439674377, 0.8032342195510864, 0.8082247376441956, 0.797661542892456, 0.8239262104034424, 0.7535538673400879, 0.765163242816925, 0.8213015198707581, 0.8017549514770508, 0.8216222524642944, 0.8070416450500488, 0.8270994424819946, 0.8173119425773621, 0.80142742395401, 0.8101274967193604, 0.8381279110908508, 0.8185861706733704, 0.792071521282196, 0.8124553561210632, 0.7933230996131897, 0.816400408744812, 0.8647171854972839, 0.8162276148796082, 0.825973391532898, 0.838431715965271, 0.7990018725395203, 0.784705400466919, 0.8367675542831421, 0.8096781373023987, 0.8169430494308472, 0.8209515810012817, 0.8397946357727051], "macro_ner_rec": [0.34930771589279175, 0.6551637053489685, 0.7145650386810303, 0.6878997087478638, 0.7243072986602783, 0.7494359016418457, 0.7645360231399536, 0.703930139541626, 0.8035545349121094, 0.7750890254974365, 0.7686758041381836, 0.7878147959709167, 0.7591372132301331, 0.7609533071517944, 0.7538964748382568, 0.7870113849639893, 0.7654867768287659, 0.7701624631881714, 0.7640498876571655, 0.7593388557434082, 0.7867890000343323, 0.7850484848022461, 0.7935312986373901, 0.7812201976776123, 0.7923225164413452, 0.7906867265701294, 0.7868584394454956, 0.7805198431015015, 0.8022612929344177, 0.8100448846817017, 0.7936158180236816, 0.7878459692001343, 0.7908608913421631, 0.7877840995788574, 0.7955548763275146], "samples_per_s": [154.88517688434177, 173.0290986142624, 149.7406849082609, 187.4692542708045, 173.19082869112148, 183.3525205941407, 165.70405857560257, 197.4701688622647, 187.50952638994255, 174.40087293657223, 195.48294172217444, 173.09905486269943, 177.1117615531249, 208.33683985992243, 190.7532906905799, 174.88884909747293, 176.9665449427274, 194.98732612055642, 181.57554895217078, 176.8900696763602, 167.00969926905134, 184.2749993010407, 183.41024119341074, 188.54157322786716, 172.8796998920845, 190.3536765636211, 174.88272504536846, 192.95205195869735, 194.06269915585656, 182.15817693714718, 191.55390010011814, 187.71281970208798, 171.94974988881384, 187.63767773241528, 188.79948618578686], "samples_total_num": [231, 231, 231, 231, 231, 231, 231, 231, 231, 231, 231, 231, 231, 231, 231, 231, 231, 231, 231, 231, 231, 231, 231, 231, 231, 231, 231, 231, 231, 231, 231, 231, 231, 231, 231],