{"test_metrics": {"unseen_ner_prec_micro": 19.6094534172826, "unseen_ner_rec_micro": 71.92101740294511, "unseen_ner_f1_micro": 30.816663081666302, "unseen_ner_prec_macro": 29.948044334807104, "unseen_ner_rec_macro": 68.8710265949089, "unseen_ner_f1_macro": 39.375948618857066, "unseen_loc_prec_micro": 21.10557401255076, "unseen_loc_rec_micro": 76.53949129852744, "unseen_loc_f1_micro": 33.08738425925926, "unseen_loc_prec_macro": 21.10557401255076, "unseen_loc_rec_macro": 76.53949129852744, "unseen_loc_f1_macro": 33.08738425925926, "unseen_cls_prec_micro": 92.78929188255614, "unseen_cls_rec_micro": 71.92101740294511, "unseen_cls_f1_micro": 81.03318250377075, "unseen_cls_prec_macro": 91.92013656118812, "unseen_cls_rec_macro": 68.8710265949089, "unseen_cls_f1_macro": 78.49024086192532, "unseen_epoch": 0.0, "unseen_iteration": 0.0, "unseen_global_iteration": 0.0, "seen_ner_prec_micro": 66.14668856048166, "seen_ner_rec_micro": 92.39296636085626, "seen_ner_f1_micro": 77.09728867623605, "seen_ner_prec_macro": 48.710267665363375, "seen_ner_rec_macro": 89.92971297067908, "seen_ner_f1_macro": 61.34507457496348, "seen_loc_prec_micro": 67.14061490167113, "seen_loc_rec_micro": 92.6605504587156, "seen_loc_f1_micro": 77.8628406231597, "seen_loc_prec_macro": 67.14061490167113, "seen_loc_rec_macro": 92.6605504587156, "seen_loc_f1_macro": 77.8628406231597, "seen_cls_prec_micro": 99.00327689787002, "seen_cls_rec_micro": 92.39296636085626, "seen_cls_f1_micro": 95.58397047192196, "seen_cls_prec_macro": 94.86045084168532, "seen_cls_rec_macro": 89.92971297067908, "seen_cls_f1_macro": 92.3191098676349, "seen_epoch": 0.0, "seen_iteration": 0.0, "seen_global_iteration": 0.0, "ner_prec_micro": 85.73513316307917, "ner_rec_micro": 86.74787744555186, "ner_f1_micro": 86.23853211009175, "ner_prec_macro": 78.63832778312059, "ner_rec_macro": 79.19029772308984, "ner_f1_macro": 78.908062648862, "loc_prec_micro": 88.28038418913927, "loc_rec_micro": 88.21520856404578, "loc_f1_micro": 88.24778434268833, "loc_prec_macro": 88.28038418913927, "loc_rec_macro": 88.21520856404578, "loc_f1_macro": 88.24778434268833, "cls_prec_micro": 97.49014727235014, "cls_rec_micro": 86.74787744555186, "cls_f1_micro": 91.80584041410292, "cls_prec_macro": 94.29116717257124, "cls_rec_macro": 79.19029772308984, "cls_f1_macro": 85.97861376935482, "epoch": 0.0, "iteration": 0.0, "global_iteration": 0.0}}