{"test_metrics": {"unseen__f1": 0.0, "unseen__pr": 0.0, "unseen__rec": 0.0, "unseen__ner_f1": 0.559238612651825, "unseen__ner_pr": 0.5246305465698242, "unseen__ner_rec": 0.5987350940704346, "unseen__macro_f1": 0.0, "unseen__macro_pr": 0.0, "unseen__macro_rec": 0.0, "unseen__macro_ner_f1": 0.5153496861457825, "unseen__macro_ner_pr": 0.498614102602005, "unseen__macro_ner_rec": 0.5598098039627075, "unseen__samples_per_s": 280.6471390170211, "unseen__samples_total_num": 518, "unseen__samples_total_s": 1.8457341194152832, "unseen__task_pr": 0.5487364530563354, "unseen__task_rec": 0.6079999804496765, "unseen__task_f1": 0.5768501162528992, "unseen__method_pr": 0.7658402323722839, "unseen__method_rec": 0.6747573018074036, "unseen__method_f1": 0.7174193859100342, "unseen__material_pr": 0.5687500238418579, "unseen__material_rec": 0.6408450603485107, "unseen__material_f1": 0.6026490330696106, "unseen__otherscientificterm_pr": 0.5181644558906555, "unseen__otherscientificterm_rec": 0.5622406601905823, "unseen__otherscientificterm_f1": 0.5393035411834717, "unseen__metric_pr": 0.4444444477558136, "unseen__metric_rec": 0.4285714328289032, "unseen__metric_f1": 0.4363636374473572, "unseen__generic_pr": 0.14574898779392242, "unseen__generic_rec": 0.4444444477558136, "unseen__generic_f1": 0.2195121943950653, "seen__f1": 0.0, "seen__pr": 0.0, "seen__rec": 0.0, "seen__ner_f1": 0.3602094352245331, "seen__ner_pr": 0.24397163093090057, "seen__ner_rec": 0.6880000233650208, "seen__macro_f1": 0.0, "seen__macro_pr": 0.0, "seen__macro_rec": 0.0, "seen__macro_ner_f1": 0.276196151971817, "seen__macro_ner_pr": 0.21880732476711273, "seen__macro_ner_rec": 0.5742202401161194, "seen__samples_per_s": 395.30241924865385, "seen__samples_total_num": 204, "seen__samples_total_s": 0.5160605907440186, "seen__task_pr": 0.09708737581968307, "seen__task_rec": 0.8333333134651184, "seen__task_f1": 0.17391303181648254, "seen__method_pr": 0.046875, "seen__method_rec": 0.4615384638309479, "seen__method_f1": 0.08510638773441315, "seen__material_pr": 0.056338027119636536, "seen__material_rec": 0.25, "seen__material_f1": 0.09195402264595032, "seen__otherscientificterm_pr": 0.09000000357627869, "seen__otherscientificterm_rec": 0.5142857432365417, "seen__otherscientificterm_f1": 0.15319150686264038, "seen__metric_pr": 0.30000001192092896, "seen__metric_rec": 0.6000000238418579, "seen__metric_f1": 0.4000000059604645, "seen__generic_pr": 0.7225433588027954, "seen__generic_rec": 0.7861635088920593, "seen__generic_f1": 0.7530120611190796}, "test_metrics_bounds": {"unseen__f1": 0.0, "unseen__pr": 0.0, "unseen__rec": 0.0, "unseen__ner_f1": 0.7039106488227844, "unseen__ner_pr": 0.6611111164093018, "unseen__ner_rec": 0.7526353001594543, "unseen__macro_f1": 0.0, "unseen__macro_pr": 0.0, "unseen__macro_rec": 0.0, "unseen__macro_ner_f1": 0.7039106488227844, "unseen__macro_ner_pr": 0.6611111164093018, "unseen__macro_ner_rec": 0.7526353001594543, "unseen__samples_per_s": 280.6471390170211, "unseen__samples_total_num": 518, "unseen__samples_total_s": 1.8457341194152832, "seen__f1": 0.0, "seen__pr": 0.0, "seen__rec": 0.0, "seen__ner_f1": 0.4025157392024994, "seen__ner_pr": 0.27272728085517883, "seen__ner_rec": 0.7680000066757202, "seen__macro_f1": 0.0, "seen__macro_pr": 0.0, "seen__macro_rec": 0.0, "seen__macro_ner_f1": 0.4025157392024994, "seen__macro_ner_pr": 0.27272728085517883, "seen__macro_ner_rec": 0.7680000066757202, "seen__samples_per_s": 395.30241924865385, "seen__samples_total_num": 204, "seen__samples_total_s": 0.5160605907440186}}