{"test_metrics": {"f1": 0.0, "pr": 0.0, "rec": 0.0, "ner_f1": 0.8854030966758728, "ner_pr": 0.8932194113731384, "ner_rec": 0.8777223825454712, "macro_f1": 0.0, "macro_pr": 0.0, "macro_rec": 0.0, "macro_ner_f1": 0.8082643151283264, "macro_ner_pr": 0.8264673352241516, "macro_ner_rec": 0.7920131683349609, "samples_per_s": 204.20642934295827, "samples_total_num": 5000, "samples_total_s": 24.485027313232422, "organization_pr": 0.7050938606262207, "organization_rec": 0.6939314007759094, "organization_f1": 0.6994681358337402, "location_pr": 0.917843222618103, "location_rec": 0.9221081137657166, "location_f1": 0.9199707508087158, "person_pr": 0.8564649820327759, "person_rec": 0.7599999904632568, "person_f1": 0.805354118347168}, "test_metrics_bounds": {"f1": 0.0, "pr": 0.0, "rec": 0.0, "ner_f1": 0.9020666480064392, "ner_pr": 0.9100300669670105, "ner_rec": 0.8942413926124573, "macro_f1": 0.0, "macro_pr": 0.0, "macro_rec": 0.0, "macro_ner_f1": 0.9020666480064392, "macro_ner_pr": 0.9100300669670105, "macro_ner_rec": 0.8942413926124573, "samples_per_s": 204.20642934295827, "samples_total_num": 5000, "samples_total_s": 24.485027313232422}, "metrics": {"f1": [0.0, 0.0, 0.0, 0.0, 0.0, 0.0, 0.0, 0.0, 0.0], "pr": [0.0, 0.0, 0.0, 0.0, 0.0, 0.0, 0.0, 0.0, 0.0], "rec": [0.0, 0.0, 0.0, 0.0, 0.0, 0.0, 0.0, 0.0, 0.0], "ner_f1": [0.8247283697128296, 0.847087562084198, 0.8604884743690491, 0.8668089509010315, 0.8736404776573181, 0.8728939890861511, 0.8789607882499695, 0.8695652484893799, 0.8457833528518677], "ner_pr": [0.8038683533668518, 0.8615003228187561, 0.8934987783432007, 0.8371114730834961, 0.8849172592163086, 0.8514330983161926, 0.8847482800483704, 0.8479326963424683, 0.8339605927467346], "ner_rec": [0.8466998338699341, 0.8331489562988281, 0.8298304080963135, 0.8986909985542297, 0.8626474738121033, 0.8954645991325378, 0.8732485175132751, 0.8923304080963135, 0.8579461574554443], "macro_f1": [0.0, 0.0, 0.0, 0.0, 0.0, 0.0, 0.0, 0.0, 0.0], "macro_pr": [0.0, 0.0, 0.0, 0.0, 0.0, 0.0, 0.0, 0.0, 0.0], "macro_rec": [0.0, 0.0, 0.0, 0.0, 0.0, 0.0, 0.0, 0.0, 0.0], "macro_ner_f1": [0.7103995680809021, 0.7501509785652161, 0.767261803150177, 0.785068690776825, 0.8042752146720886, 0.7994828820228577, 0.8016498684883118, 0.7998706698417664, 0.7635732293128967], "macro_ner_pr": [0.7124884128570557, 0.8046405911445618, 0.867689847946167, 0.7506305575370789, 0.8207900524139404, 0.7913462519645691, 0.8195145726203918, 0.8090851902961731, 0.7225627303123474], "macro_ner_rec": [0.7105719447135925, 0.7076885104179382, 0.6980335712432861, 0.8282853960990906, 0.7889557480812073, 0.8083480000495911, 0.7859061360359192, 0.7964776158332825, 0.8194277882575989], "samples_per_s": [236.68693280019545, 236.22105958270816, 236.87608726234973, 232.86966609854065, 235.2757187814162, 234.0425125880245, 239.9181504820484, 234.3841558406433, 207.58786242057877], "samples_total_num": [5000, 5000, 5000, 5000, 5000, 5000, 5000, 5000, 5000], "samples_total_s": [21.124951601028442, 21.166614055633545, 21.10808253288269, 21.471237897872925, 21.251661777496338, 21.363640069961548, 20.84044075012207, 21.332499980926514, 24.08618664741516], "organization_pr": [0.5883211493492126, 0.7443868517875671, 0.8089285492897034, 0.6007984280586243, 0.7301587462425232, 0.7152230739593506, 0.7086092829704285, 0.7971473932266235, 0.5428571701049805], "organization_rec": [0.5240572094917297, 0.5604681372642517, 0.5890766978263855, 0.7828348278999329, 0.7178153395652771, 0.708712637424469, 0.695708692073822, 0.654096245765686, 0.7659297585487366], "organization_f1": [0.5543328523635864, 0.639465868473053, 0.6817155480384827, 0.679841935634613, 0.7239344120025635, 0.7119529843330383, 0.7020997405052185, 0.7185714244842529, 0.6353830099105835], "location_pr": [0.8407219648361206, 0.8846153616905212, 0.8989923596382141, 0.877809464931488, 0.9137162566184998, 0.8788155913352966, 0.9099818468093872, 0.8722919225692749, 0.9052737951278687], "location_rec": [0.9125750064849854, 0.8983715176582336, 0.906697690486908, 0.942084014415741, 0.9037590026855469, 0.9412268996238708, 0.9209011793136597, 0.936696469783783, 0.8764539957046509], "location_f1": [0.875176191329956, 0.8914403915405273, 0.9028286337852478, 0.9088117480278015, 0.9087103605270386, 0.9089511632919312, 0.9154089093208313, 0.9033477306365967, 0.8906307816505432], "person_pr": [0.7084221839904785, 0.7849196791648865, 0.8951486945152283, 0.7732836604118347, 0.8184950947761536, 0.7799999713897705, 0.8399525880813599, 0.7578163743019104, 0.7195571660995483], "person_rec": [0.6950836777687073, 0.6642259359359741, 0.5983263850212097, 0.7599372267723083, 0.7452929019927979, 0.7751045823097229, 0.741108775138855, 0.7986401915550232, 0.8158996105194092], "person_f1": [0.7016895413398743, 0.7195467948913574, 0.7172414064407349, 0.7665523290634155, 0.7801807522773743, 0.7775445580482483, 0.7874409556388855, 0.7776929140090942, 0.7647058963775635]}}