{"test_metrics": {"f1": 0.0, "pr": 0.0, "rec": 0.0, "ner_f1": 0.8366850018501282, "ner_pr": 0.7918108701705933, "ner_rec": 0.8869509100914001, "macro_f1": 0.0, "macro_pr": 0.0, "macro_rec": 0.0, "macro_ner_f1": 0.7517053484916687, "macro_ner_pr": 0.6965426802635193, "macro_ner_rec": 0.8185704350471497, "samples_per_s": 206.3608558779184, "samples_total_num": 5000, "samples_total_s": 24.229401350021362, "organization_pr": 0.5732899308204651, "organization_rec": 0.6965699195861816, "organization_f1": 0.6289458274841309, "location_pr": 0.8484229445457458, "location_rec": 0.9144045114517212, "location_f1": 0.8801789283752441, "person_pr": 0.6679151058197021, "person_rec": 0.8447368144989014, "person_f1": 0.7459911704063416}, "test_metrics_bounds": {"f1": 0.0, "pr": 0.0, "rec": 0.0, "ner_f1": 0.8567075729370117, "ner_pr": 0.8107596039772034, "ner_rec": 0.9081764221191406, "macro_f1": 0.0, "macro_pr": 0.0, "macro_rec": 0.0, "macro_ner_f1": 0.8567075729370117, "macro_ner_pr": 0.8107596039772034, "macro_ner_rec": 0.9081764221191406, "samples_per_s": 206.3608558779184, "samples_total_num": 5000, "samples_total_s": 24.229401350021362}, "metrics": {"f1": [0.0, 0.0, 0.0, 0.0, 0.0], "pr": [0.0, 0.0, 0.0, 0.0, 0.0], "rec": [0.0, 0.0, 0.0, 0.0, 0.0], "ner_f1": [0.7716603875160217, 0.7954020500183105, 0.8313279151916504, 0.824900209903717, 0.8215831518173218], "ner_pr": [0.728874683380127, 0.7966524958610535, 0.7860839366912842, 0.8210209012031555, 0.8038991093635559], "ner_rec": [0.8197824358940125, 0.7941555976867676, 0.8820980787277222, 0.8288163542747498, 0.84006267786026], "macro_f1": [0.0, 0.0, 0.0, 0.0, 0.0], "macro_pr": [0.0, 0.0, 0.0, 0.0, 0.0], "macro_rec": [0.0, 0.0, 0.0, 0.0, 0.0], "macro_ner_f1": [0.6761207580566406, 0.7074223160743713, 0.7472819685935974, 0.7438364028930664, 0.729825496673584], "macro_ner_pr": [0.6212446093559265, 0.6721141338348389, 0.6890565752983093, 0.7189188599586487, 0.6831726431846619], "macro_ner_rec": [0.750708818435669, 0.7632336020469666, 0.8190647959709167, 0.7743003964424133, 0.8062796592712402], "samples_per_s": [191.70482324725202, 213.35915894197845, 223.5268574646857, 229.57567451904893, 224.222844032293], "samples_total_num": [5000, 5000, 5000, 5000, 5000], "samples_total_s": [26.081764221191406, 23.43466305732727, 22.36867666244507, 21.779310941696167, 22.29924440383911], "organization_pr": [0.49673202633857727, 0.5210728049278259, 0.5553320050239563, 0.6048110127449036, 0.432981938123703], "organization_rec": [0.5929778814315796, 0.7074122428894043, 0.7178153395652771, 0.6866059899330139, 0.7477242946624756], "organization_f1": [0.5406046509742737, 0.6001102924346924, 0.626205325126648, 0.643118143081665, 0.5484024882316589], "location_pr": [0.8117619156837463, 0.9109513163566589, 0.8440481424331665, 0.8920338153839111, 0.8866294026374817], "location_rec": [0.8416799306869507, 0.8066609501838684, 0.9098812341690063, 0.8528223633766174, 0.8541691899299622], "location_f1": [0.8264501690864563, 0.8556399345397949, 0.8757291436195374, 0.871987521648407, 0.8700966238975525], "person_pr": [0.5552397966384888, 0.5843183398246765, 0.6677894592285156, 0.6599118709564209, 0.7299065589904785], "person_rec": [0.8174686431884766, 0.775627613067627, 0.8294979333877563, 0.7834727764129639, 0.8169456124305725], "person_f1": [0.6613073945045471, 0.6665168404579163, 0.7399113774299622, 0.716403603553772, 0.7709773778915405]}}