{"test_metrics": {"seen__f1": 0.0, "seen__pr": 0.0, "seen__rec": 0.0, "seen__ner_f1": 0.7313799262046814, "seen__ner_pr": 0.6044380068778992, "seen__ner_rec": 0.9258164763450623, "seen__macro_f1": 0.0, "seen__macro_pr": 0.0, "seen__macro_rec": 0.0, "seen__macro_ner_f1": 0.5386990904808044, "seen__macro_ner_pr": 0.4130631685256958, "seen__macro_ner_rec": 0.8921559453010559, "seen__samples_per_s": 473.2122484245568, "seen__samples_total_num": 4245, "seen__samples_total_s": 8.970604658126831, "seen__organization_pr": 0.27923211455345154, "seen__organization_rec": 0.80402010679245, "seen__organization_f1": 0.41450780630111694, "seen__location_pr": 0.7071858048439026, "seen__location_rec": 0.9283484220504761, "seen__location_f1": 0.8028138875961304, "seen__person_pr": 0.25277161598205566, "seen__person_rec": 0.9440993666648865, "seen__person_f1": 0.3987756669521332, "unseen__f1": 0.0, "unseen__pr": 0.0, "unseen__rec": 0.0, "unseen__ner_f1": 0.5852720141410828, "unseen__ner_pr": 0.45431092381477356, "unseen__ner_rec": 0.8223150372505188, "unseen__macro_f1": 0.0, "unseen__macro_pr": 0.0, "unseen__macro_rec": 0.0, "unseen__macro_ner_f1": 0.6124327182769775, "unseen__macro_ner_pr": 0.5215016007423401, "unseen__macro_ner_rec": 0.7810172438621521, "unseen__samples_per_s": 506.6734991865045, "unseen__samples_total_num": 2993, "unseen__samples_total_s": 5.9071571826934814, "unseen__organization_pr": 0.5249643325805664, "unseen__organization_rec": 0.6583184003829956, "unseen__organization_f1": 0.5841270089149475, "unseen__location_pr": 0.3695695996284485, "unseen__location_rec": 0.8738652467727661, "unseen__location_f1": 0.5194546580314636, "unseen__person_pr": 0.6699708700180054, "unseen__person_rec": 0.8108680248260498, "unseen__person_f1": 0.7337164878845215}, "test_metrics_bounds": {"seen__f1": 0.0, "seen__pr": 0.0, "seen__rec": 0.0, "seen__ner_f1": 0.736049473285675, "seen__ner_pr": 0.6082971692085266, "seen__ner_rec": 0.9317275285720825, "seen__macro_f1": 0.0, "seen__macro_pr": 0.0, "seen__macro_rec": 0.0, "seen__macro_ner_f1": 0.736049473285675, "seen__macro_ner_pr": 0.6082971692085266, "seen__macro_ner_rec": 0.9317275285720825, "seen__samples_per_s": 473.2122484245568, "seen__samples_total_num": 4245, "seen__samples_total_s": 8.970604658126831, "unseen__f1": 0.0, "unseen__pr": 0.0, "unseen__rec": 0.0, "unseen__ner_f1": 0.6185062527656555, "unseen__ner_pr": 0.4801086187362671, "unseen__ner_rec": 0.8690096139907837, "unseen__macro_f1": 0.0, "unseen__macro_pr": 0.0, "unseen__macro_rec": 0.0, "unseen__macro_ner_f1": 0.6185062527656555, "unseen__macro_ner_pr": 0.4801086187362671, "unseen__macro_ner_rec": 0.8690096139907837, "unseen__samples_per_s": 506.6734991865045, "unseen__samples_total_num": 2993, "unseen__samples_total_s": 5.9071571826934814}}