{"test_metrics": {"f1": 0.0, "pr": 0.0, "rec": 0.0, "ner_f1": 0.6885868906974792, "ner_pr": 0.7291859984397888, "ner_rec": 0.6522701978683472, "macro_f1": 0.0, "macro_pr": 0.0, "macro_rec": 0.0, "macro_ner_f1": 0.6578460335731506, "macro_ner_pr": 0.6552319526672363, "macro_ner_rec": 0.6784939169883728, "samples_per_s": 233.27146840998552, "samples_total_num": 5000, "samples_total_s": 21.43425440788269, "organization_pr": 0.5596107244491577, "organization_rec": 0.6068601608276367, "organization_f1": 0.5822784900665283, "location_pr": 0.8008842468261719, "location_rec": 0.620200514793396, "location_f1": 0.6990558505058289, "person_pr": 0.6052009463310242, "person_rec": 0.8084210753440857, "person_f1": 0.69220370054245}, "test_metrics_bounds": {"f1": 0.0, "pr": 0.0, "rec": 0.0, "ner_f1": 0.7093379497528076, "ner_pr": 0.7511606216430664, "ner_rec": 0.6719269156455994, "macro_f1": 0.0, "macro_pr": 0.0, "macro_rec": 0.0, "macro_ner_f1": 0.7093379497528076, "macro_ner_pr": 0.7511606216430664, "macro_ner_rec": 0.6719269156455994, "samples_per_s": 233.27146840998552, "samples_total_num": 5000, "samples_total_s": 21.43425440788269}, "metrics": {"f1": [0.0, 0.0, 0.0, 0.0], "pr": [0.0, 0.0, 0.0, 0.0], "rec": [0.0, 0.0, 0.0, 0.0], "ner_f1": [0.6122762560844421, 0.682388424873352, 0.6142359375953674, 0.5984789729118347], "ner_pr": [0.6877729296684265, 0.7220621705055237, 0.6783286929130554, 0.6819950342178345], "ner_rec": [0.5517145991325378, 0.6468473672866821, 0.5612094402313232, 0.5331858396530151], "macro_f1": [0.0, 0.0, 0.0, 0.0], "macro_pr": [0.0, 0.0, 0.0, 0.0], "macro_rec": [0.0, 0.0, 0.0, 0.0], "macro_ner_f1": [0.5861325860023499, 0.6489496827125549, 0.5807651877403259, 0.5761768221855164], "macro_ner_pr": [0.6072869300842285, 0.6445896029472351, 0.590625524520874, 0.5961722731590271], "macro_ner_rec": [0.5990407466888428, 0.6720663905143738, 0.6580445766448975, 0.6472234129905701], "samples_per_s": [226.00859830875916, 232.45786646302307, 232.58054710868657, 236.34565728186965], "samples_total_num": [5000, 5000, 5000, 5000], "samples_total_s": [22.12305212020874, 21.50927424430847, 21.497928619384766, 21.155455350875854], "organization_pr": [0.49716874957084656, 0.5406976938247681, 0.30812326073646545, 0.35914117097854614], "organization_rec": [0.5708712339401245, 0.6046814322471619, 0.7152145504951477, 0.7178153395652771], "organization_f1": [0.5314769744873047, 0.5709024667739868, 0.43069693446159363, 0.4787510633468628], "location_pr": [0.80648273229599, 0.7986981868743896, 0.8406333327293396, 0.8676470518112183], "location_rec": [0.5118158459663391, 0.6160156726837158, 0.5005509853363037, 0.46234846115112305], "location_f1": [0.6262171864509583, 0.6955620050430298, 0.6274750232696533, 0.6032430529594421], "person_pr": [0.5182093977928162, 0.5943728089332581, 0.6231198906898499, 0.5617284178733826], "person_rec": [0.7144351601600647, 0.7955020666122437, 0.758368194103241, 0.7615062594413757], "person_f1": [0.6007035970687866, 0.6803846955299377, 0.6841235756874084, 0.6465364098548889]}}