{"test_metrics": {"Eval_Ent_Precision": 84.41112716141417, "Eval_Ent_Recall": 86.30529134060295, "Eval_Ent_F1": 85.34770101176242, "Eval_Time": 135.37719678878784, "Eval_Examples": 5000, "Eval_Examples_Per_Second": 36.933842025115034, "seen_Eval_Ent_Precision": 63.917991326965684, "seen_Eval_Ent_Recall": 91.647241636455, "seen_Eval_Ent_F1": 75.31126954872592, "seen_Eval_Time": 135.083740234375, "seen_Eval_Examples": 5000, "seen_Eval_Examples_Per_Second": 37.01407727773029, "unseen_Eval_Ent_Precision": 20.511199427292052, "unseen_Eval_Ent_Recall": 72.92870904115047, "unseen_Eval_Ent_F1": 32.01748202960172, "unseen_Eval_Time": 133.9316201210022, "unseen_Eval_Examples": 5000, "unseen_Eval_Examples_Per_Second": 37.33248351272603}}