{"test_metrics": {"Eval_Ent_Precision": 84.87439871105035, "Eval_Ent_Recall": 87.98596360920011, "Eval_Ent_F1": 86.40217637063665, "Eval_Time": 127.27842545509338, "Eval_Examples": 5000, "Eval_Examples_Per_Second": 39.28395548673809, "seen_Eval_Ent_Precision": 63.57562800399508, "seen_Eval_Ent_Recall": 92.76059265849737, "seen_Eval_Ent_F1": 75.44397462464187, "seen_Eval_Time": 129.58793377876282, "seen_Eval_Examples": 5000, "seen_Eval_Examples_Per_Second": 38.5838392063275, "unseen_Eval_Ent_Precision": 21.307678608354234, "unseen_Eval_Ent_Recall": 76.25119539289054, "unseen_Eval_Ent_F1": 33.30780478080963, "unseen_Eval_Time": 127.45555901527405, "unseen_Eval_Examples": 5000, "unseen_Eval_Examples_Per_Second": 39.22935993243581}}