{"test_metrics": {"unseen_ner_prec_micro": 62.57046223224352, "unseen_ner_rec_micro": 51.43651529193698, "unseen_ner_f1_micro": 56.45981688708036, "unseen_ner_prec_macro": 56.71376602758621, "unseen_ner_rec_macro": 44.26045617523527, "unseen_ner_f1_macro": 48.09929480806021, "unseen_loc_prec_micro": 78.10650887573965, "unseen_loc_rec_micro": 61.16774791473587, "unseen_loc_f1_micro": 68.60706860706861, "unseen_loc_prec_macro": 78.10650887573965, "unseen_loc_rec_macro": 61.16774791473587, "unseen_loc_f1_macro": 68.60706860706861, "unseen_cls_prec_micro": 79.28571428571428, "unseen_cls_rec_micro": 51.43651529193698, "unseen_cls_f1_micro": 62.394603709949415, "unseen_cls_prec_macro": 70.75508496879466, "unseen_cls_rec_macro": 44.26045617523527, "unseen_cls_f1_macro": 53.12372854345464, "unseen_epoch": 0.0, "unseen_iteration": 0.0, "unseen_global_iteration": 0.0, "seen_ner_prec_micro": 0.0, "seen_ner_rec_micro": 0.0, "seen_ner_f1_micro": 0.0, "seen_ner_prec_macro": 0.0, "seen_ner_rec_macro": 0.0, "seen_ner_f1_macro": 0.0, "seen_loc_prec_micro": 0.0, "seen_loc_rec_micro": 0.0, "seen_loc_f1_micro": 0.0, "seen_loc_prec_macro": 0.0, "seen_loc_rec_macro": 0.0, "seen_loc_f1_macro": 0.0, "seen_cls_prec_micro": 0.0, "seen_cls_rec_micro": 0.0, "seen_cls_f1_micro": 0.0, "seen_cls_prec_macro": NaN, "seen_cls_rec_macro": NaN, "seen_cls_f1_macro": NaN, "seen_epoch": 0.0, "seen_iteration": 0.0, "seen_global_iteration": 0.0, "ner_prec_micro": 62.25988700564972, "ner_rec_micro": 51.06580166821131, "ner_f1_micro": 56.10997963340122, "ner_prec_macro": 57.03464866720955, "ner_rec_macro": 44.107305046883965, "ner_f1_macro": 47.8897105227053, "loc_prec_micro": 78.54588796185935, "loc_rec_micro": 61.07506950880445, "loc_f1_micro": 68.71741397288844, "loc_prec_macro": 78.54588796185935, "loc_rec_macro": 61.07506950880445, "loc_f1_macro": 68.71741397288844, "cls_prec_micro": 78.37837837837837, "cls_rec_micro": 51.06580166821131, "cls_f1_micro": 61.84062850729517, "cls_prec_macro": 70.9541649366064, "cls_rec_macro": 44.107305046883965, "cls_f1_macro": 52.75956747100167, "epoch": 0.0, "iteration": 0.0, "global_iteration": 0.0}}