{"test_metrics": {"f1": 0.0, "pr": 0.0, "rec": 0.0, "ner_f1": 0.7907065749168396, "ner_pr": 0.7897250056266785, "ner_rec": 0.7916905879974365, "macro_f1": 0.0, "macro_pr": 0.0, "macro_rec": 0.0, "macro_ner_f1": 0.7857409715652466, "macro_ner_pr": 0.801935076713562, "macro_ner_rec": 0.7722514271736145, "samples_per_s": 384.42212995035146, "samples_total_num": 1854, "samples_total_s": 4.8228232860565186, "dna_pr": 0.7543306946754456, "dna_rec": 0.7757084965705872, "dna_f1": 0.7648702263832092, "rna_pr": 0.8888888955116272, "rna_rec": 0.8461538553237915, "rna_f1": 0.8669950366020203, "cell_type_pr": 0.75, "cell_type_rec": 0.7372881174087524, "cell_type_f1": 0.7435897588729858, "protein_pr": 0.807191789150238, "protein_rec": 0.8255691528320312, "protein_f1": 0.816277027130127, "cell_line_pr": 0.8092643022537231, "cell_line_rec": 0.6765375733375549, "cell_line_f1": 0.7369726300239563}, "test_metrics_bounds": {"f1": 0.0, "pr": 0.0, "rec": 0.0, "ner_f1": 0.8286943435668945, "ner_pr": 0.8279816508293152, "ner_rec": 0.8294084072113037, "macro_f1": 0.0, "macro_pr": 0.0, "macro_rec": 0.0, "macro_ner_f1": 0.8286943435668945, "macro_ner_pr": 0.8279816508293152, "macro_ner_rec": 0.8294084072113037, "samples_per_s": 384.42212995035146, "samples_total_num": 1854, "samples_total_s": 4.8228232860565186}, "metrics": {"f1": [0.0, 0.0, 0.0, 0.0, 0.0, 0.0, 0.0, 0.0, 0.0, 0.0, 0.0, 0.0, 0.0, 0.0, 0.0, 0.0, 0.0, 0.0, 0.0, 0.0], "pr": [0.0, 0.0, 0.0, 0.0, 0.0, 0.0, 0.0, 0.0, 0.0, 0.0, 0.0, 0.0, 0.0, 0.0, 0.0, 0.0, 0.0, 0.0, 0.0, 0.0], "rec": [0.0, 0.0, 0.0, 0.0, 0.0, 0.0, 0.0, 0.0, 0.0, 0.0, 0.0, 0.0, 0.0, 0.0, 0.0, 0.0, 0.0, 0.0, 0.0, 0.0], "ner_f1": [0.7155861258506775, 0.7607784867286682, 0.7857279777526855, 0.7832047939300537, 0.7843680381774902, 0.7860968112945557, 0.7890154123306274, 0.7880275249481201, 0.7835271954536438, 0.7844238877296448, 0.7877635955810547, 0.7818632125854492, 0.783854603767395, 0.7852551937103271, 0.7854142785072327, 0.7865211367607117, 0.790290355682373, 0.7889068722724915, 0.7897258996963501, 0.7907065749168396], "ner_pr": [0.6949305534362793, 0.7405728697776794, 0.7830386161804199, 0.7789772748947144, 0.7579003572463989, 0.7716709971427917, 0.7886381149291992, 0.7773845195770264, 0.7932116985321045, 0.767399251461029, 0.781821608543396, 0.7780094742774963, 0.7671860456466675, 0.7754340171813965, 0.783171534538269, 0.7865211367607117, 0.7858765721321106, 0.7853890061378479, 0.7906351685523987, 0.7897250056266785], "ner_rec": [0.737507164478302, 0.7821175456047058, 0.7884357571601868, 0.7874784469604492, 0.812751293182373, 0.8010721802711487, 0.7893930673599243, 0.798966109752655, 0.7740762233734131, 0.8022209405899048, 0.7937966585159302, 0.7857553362846375, 0.8012636303901672, 0.7953283786773682, 0.7876698970794678, 0.7865211367607117, 0.7947539687156677, 0.7924564480781555, 0.7888186573982239, 0.7916905879974365], "macro_f1": [0.0, 0.0, 0.0, 0.0, 0.0, 0.0, 0.0, 0.0, 0.0, 0.0, 0.0, 0.0, 0.0, 0.0, 0.0, 0.0, 0.0, 0.0, 0.0, 0.0], "macro_pr": [0.0, 0.0, 0.0, 0.0, 0.0, 0.0, 0.0, 0.0, 0.0, 0.0, 0.0, 0.0, 0.0, 0.0, 0.0, 0.0, 0.0, 0.0, 0.0, 0.0], "macro_rec": [0.0, 0.0, 0.0, 0.0, 0.0, 0.0, 0.0, 0.0, 0.0, 0.0, 0.0, 0.0, 0.0, 0.0, 0.0, 0.0, 0.0, 0.0, 0.0, 0.0], "macro_ner_f1": [0.6893584132194519, 0.7478871941566467, 0.7776508331298828, 0.779863178730011, 0.774168074131012, 0.7898658514022827, 0.77976393699646, 0.7837361097335815, 0.7749024629592896, 0.7782490849494934, 0.7810086607933044, 0.7751852869987488, 0.7799813151359558, 0.7721685171127319, 0.7810888290405273, 0.7817544341087341, 0.7831875681877136, 0.7846884727478027, 0.7862418293952942, 0.7857409715652466], "macro_ner_pr": [0.6774671673774719, 0.7339910268783569, 0.7801553010940552, 0.802180290222168, 0.7585899829864502, 0.792153537273407, 0.7935478091239929, 0.7931588292121887, 0.800881028175354, 0.764419674873352, 0.7846194505691528, 0.7857651710510254, 0.7767903208732605, 0.7738500833511353, 0.7939582467079163, 0.8051480054855347, 0.7923671007156372, 0.7952821850776672, 0.8020974397659302, 0.801935076713562], "macro_ner_rec": [0.7058154344558716, 0.7656261324882507, 0.7768131494522095, 0.762252926826477, 0.7931352257728577, 0.7889779806137085, 0.7675838470458984, 0.7764522433280945, 0.7524893283843994, 0.7936432957649231, 0.7781758904457092, 0.7675480842590332, 0.7862080335617065, 0.7721107602119446, 0.7696358561515808, 0.7620352506637573, 0.7757561206817627, 0.7759335041046143, 0.772035539150238, 0.7722514271736145], "samples_per_s": [372.41638662066396, 381.26590874424755, 384.3804204940817, 384.5682319041149, 391.1503361822479, 394.45493476019897, 387.45771920694193, 382.6789196917226, 386.834887034113, 381.74603350552775, 384.03079737270974, 384.59331899494657, 381.8123298996487, 383.8888178499245, 385.0259818181836, 385.2204740156337, 384.58029003661113, 384.2795191554176, 385.17427935350173, 384.9384605529934], "samples_total_num": [1854, 1854, 1854, 1854, 1854, 1854, 1854, 1854, 1854, 1854, 1854, 1854, 1854, 1854, 1854, 1854, 1854, 1854, 1854, 1854], "samples_total_s": [4.978298664093018, 4.86274790763855, 4.8233466148376465, 4.820991039276123, 4.73986554145813, 4.7001566886901855, 4.785038232803345, 4.844792604446411, 4.792742490768433, 4.8566319942474365, 4.827737808227539, 4.820676565170288, 4.855788707733154, 4.829523324966431, 4.8152594566345215, 4.812828302383423, 4.820839881896973, 4.824613094329834, 4.813405513763428, 4.816354274749756], "dna_pr": [0.6921029090881348, 0.6440678238868713, 0.7640449404716492, 0.7807625532150269, 0.7097004055976868, 0.7239583134651184, 0.7662866711616516, 0.7436489462852478, 0.7649467587471008, 0.7431694269180298, 0.7478397488594055, 0.7590163946151733, 0.7225519418716431, 0.7666666507720947, 0.7510008215904236, 0.75, 0.7361637353897095, 0.746697723865509, 0.7519809603691101, 0.7543306946754456], "dna_rec": [0.6315789222717285, 0.800000011920929, 0.7708501815795898, 0.7295546531677246, 0.8056679964065552, 0.7878542542457581, 0.7619433403015137, 0.7821862101554871, 0.7562752962112427, 0.7708501815795898, 0.7708501815795898, 0.7497975826263428, 0.7886639833450317, 0.7635627388954163, 0.7595141530036926, 0.7676113247871399, 0.7862347960472107, 0.7781376242637634, 0.7684210538864136, 0.7757084965705872], "dna_f1": [0.660457193851471, 0.7136150598526001, 0.767432451248169, 0.7542904615402222, 0.7546453475952148, 0.7545560598373413, 0.7641088366508484, 0.7624309062957764, 0.7605863213539124, 0.7567567229270935, 0.759170651435852, 0.7543788552284241, 0.7541618347167969, 0.7651115655899048, 0.7552335262298584, 0.7587035298347473, 0.7603758573532104, 0.7620935440063477, 0.7601121664047241, 0.7648702263832092], "rna_pr": [0.7326732873916626, 0.7570093274116516, 0.8585858345031738, 0.8947368264198303, 0.8165137767791748, 0.9166666865348816, 0.8399999737739563, 0.868686854839325, 0.8556700944900513, 0.7931034564971924, 0.8285714387893677, 0.8349514603614807, 0.8348624110221863, 0.8269230723381042, 0.8787878751754761, 0.9139785170555115, 0.868686854839325, 0.8899999856948853, 0.8877550959587097, 0.8888888955116272], "rna_rec": [0.7115384340286255, 0.7788461446762085, 0.817307710647583, 0.817307710647583, 0.8557692170143127, 0.8461538553237915, 0.807692289352417, 0.8269230723381042, 0.7980769276618958, 0.8846153616905212, 0.8365384340286255, 0.8269230723381042, 0.875, 0.8269230723381042, 0.8365384340286255, 0.817307710647583, 0.8269230723381042, 0.8557692170143127, 0.8365384340286255, 0.8461538553237915], "rna_f1": [0.7219512462615967, 0.7677724361419678, 0.8374384045600891, 0.854271411895752, 0.8356807827949524, 0.8799999952316284, 0.8235294222831726, 0.847290575504303, 0.8258705735206604, 0.8363636136054993, 0.8325358629226685, 0.8309178948402405, 0.8544601202011108, 0.8269230723381042, 0.8571428656578064, 0.8629441857337952, 0.847290575504303, 0.8725489974021912, 0.8613861799240112, 0.8669950366020203],