{"test_metrics": {"unseen__f1": 0.0, "unseen__pr": 0.0, "unseen__rec": 0.0, "unseen__ner_f1": 0.4608437418937683, "unseen__ner_pr": 0.3411000669002533, "unseen__ner_rec": 0.7101391553878784, "unseen__macro_f1": 0.0, "unseen__macro_pr": 0.0, "unseen__macro_rec": 0.0, "unseen__macro_ner_f1": 0.4962271749973297, "unseen__macro_ner_pr": 0.39843249320983887, "unseen__macro_ner_rec": 0.7045890092849731, "unseen__samples_per_s": 493.5410450891958, "unseen__samples_total_num": 1854, "unseen__samples_total_s": 3.756526470184326, "unseen__dna_pr": 0.4708661437034607, "unseen__dna_rec": 0.7447073459625244, "unseen__dna_f1": 0.5769416093826294, "unseen__rna_pr": 0.5858585834503174, "unseen__rna_rec": 0.8169013857841492, "unseen__rna_f1": 0.6823529005050659, "unseen__cell_type_pr": 0.18793103098869324, "unseen__cell_type_rec": 0.652694582939148, "unseen__cell_type_f1": 0.2918339967727661, "unseen__protein_pr": 0.2924657464027405, "unseen__protein_rec": 0.7164429426193237, "unseen__protein_f1": 0.41536960005760193, "unseen__cell_line_pr": 0.4550408720970154, "unseen__cell_line_rec": 0.5921986103057861, "unseen__cell_line_f1": 0.5146378874778748, "seen__f1": 0.0, "seen__pr": 0.0, "seen__rec": 0.0, "seen__ner_f1": 0.5913897156715393, "seen__ner_pr": 0.4486249089241028, "seen__ner_rec": 0.8674298524856567, "seen__macro_f1": 0.0, "seen__macro_pr": 0.0, "seen__macro_rec": 0.0, "seen__macro_ner_f1": 0.535942554473877, "seen__macro_ner_pr": 0.4035026431083679, "seen__macro_ner_rec": 0.8489847183227539, "seen__samples_per_s": 528.7528817368018, "seen__samples_total_num": 1854, "seen__samples_total_s": 3.506363868713379, "seen__dna_pr": 0.28346458077430725, "seen__dna_rec": 0.8333333134651184, "seen__dna_f1": 0.4230317175388336, "seen__rna_pr": 0.3030303120613098, "seen__rna_rec": 0.9090909361839294, "seen__rna_f1": 0.4545454680919647, "seen__cell_type_pr": 0.5620689392089844, "seen__cell_type_rec": 0.7706855535507202, "seen__cell_type_f1": 0.6500498652458191, "seen__protein_pr": 0.5147260427474976, "seen__protein_rec": 0.9037883281707764, "seen__protein_f1": 0.6559022665023804, "seen__cell_line_pr": 0.35422343015670776, "seen__cell_line_rec": 0.8280254602432251, "seen__cell_line_f1": 0.49618324637413025}, "test_metrics_bounds": {"unseen__f1": 0.0, "unseen__pr": 0.0, "unseen__rec": 0.0, "unseen__ner_f1": 0.5057441592216492, "unseen__ner_pr": 0.37442660331726074, "unseen__ner_rec": 0.778926432132721, "unseen__macro_f1": 0.0, "unseen__macro_pr": 0.0, "unseen__macro_rec": 0.0, "unseen__macro_ner_f1": 0.5057441592216492, "unseen__macro_ner_pr": 0.37442660331726074, "unseen__macro_ner_rec": 0.778926432132721, "unseen__samples_per_s": 493.5410450891958, "unseen__samples_total_num": 1854, "unseen__samples_total_s": 3.756526470184326, "seen__f1": 0.0, "seen__pr": 0.0, "seen__rec": 0.0, "seen__ner_f1": 0.5977329611778259, "seen__ner_pr": 0.45355504751205444, "seen__ner_rec": 0.8762924671173096, "seen__macro_f1": 0.0, "seen__macro_pr": 0.0, "seen__macro_rec": 0.0, "seen__macro_ner_f1": 0.5977329611778259, "seen__macro_ner_pr": 0.45355504751205444, "seen__macro_ner_rec": 0.8762924671173096, "seen__samples_per_s": 528.7528817368018, "seen__samples_total_num": 1854, "seen__samples_total_s": 3.506363868713379}}