{"test_metrics": {"Eval_Ent_Precision": 83.99296388039936, "Eval_Ent_Recall": 88.50787759312719, "Eval_Ent_F1": 86.19133567474488, "Eval_Time": 7.835175275802612, "Eval_Examples": 288, "Eval_Examples_Per_Second": 36.75731427341913, "seen_Eval_Ent_Precision": 37.55496923912934, "seen_Eval_Ent_Recall": 96.60633463074056, "seen_Eval_Ent_F1": 54.08486382752409, "seen_Eval_Time": 7.824023008346558, "seen_Eval_Examples": 288, "seen_Eval_Examples_Per_Second": 36.80970770315548, "unseen_Eval_Ent_Precision": 46.43799472922077, "unseen_Eval_Ent_Recall": 82.88853992813645, "unseen_Eval_Ent_F1": 59.526493777843314, "unseen_Eval_Time": 7.958054065704346, "unseen_Eval_Examples": 288, "unseen_Eval_Examples_Per_Second": 36.18975161794278}}