{"test_metrics": {"Eval_Ent_Precision": 62.22084365729423, "Eval_Ent_Recall": 59.595959584556205, "Eval_Ent_F1": 60.880121382846596, "Eval_Time": 24.363484382629395, "Eval_Examples": 551, "Eval_Examples_Per_Second": 22.61581271982797, "seen_Eval_Ent_Precision": 6.203473937712811e-08, "seen_Eval_Ent_Recall": 50.0, "seen_Eval_Ent_F1": 1.2406947860032384e-07, "seen_Eval_Time": 23.6320059299469, "seen_Eval_Examples": 551, "seen_Eval_Examples_Per_Second": 23.315837074235116, "unseen_Eval_Ent_Precision": 62.22084365729423, "unseen_Eval_Ent_Recall": 59.595959584556205, "unseen_Eval_Ent_F1": 60.880121382846596, "unseen_Eval_Time": 24.14454746246338, "unseen_Eval_Examples": 551, "unseen_Eval_Examples_Per_Second": 22.820887442873758}}