{"test_metrics": {"unseen_ner_prec_micro": 27.79538252602988, "unseen_ner_rec_micro": 75.46705998033431, "unseen_ner_f1_micro": 40.62727453185999, "unseen_ner_prec_macro": 35.7135936746066, "unseen_ner_rec_macro": 72.54132027948904, "unseen_ner_f1_macro": 46.36185356575693, "unseen_loc_prec_micro": 29.66476330815988, "unseen_loc_rec_micro": 79.17895771878072, "unseen_loc_f1_micro": 43.15958729733352, "unseen_loc_prec_macro": 29.66476330815988, "unseen_loc_rec_macro": 79.17895771878072, "unseen_loc_f1_macro": 43.15958729733352, "unseen_cls_prec_micro": 93.79773907729913, "unseen_cls_rec_micro": 75.46705998033431, "unseen_cls_f1_micro": 83.63983108568314, "unseen_cls_prec_macro": 91.28471113155544, "unseen_cls_rec_macro": 72.54132027948904, "unseen_cls_f1_macro": 80.77711567658437, "unseen_epoch": 0.0, "unseen_iteration": 0.0, "unseen_global_iteration": 0.0, "seen_ner_prec_micro": 53.91872278664731, "seen_ner_rec_micro": 87.82505910165484, "seen_ner_f1_micro": 66.81654676258992, "seen_ner_prec_macro": 36.32889830330189, "seen_ner_rec_macro": 88.28332594802264, "seen_ner_f1_macro": 48.23751746095867, "seen_loc_prec_micro": 55.17146017699115, "seen_loc_rec_micro": 88.43085106382979, "seen_loc_f1_micro": 67.94959128065395, "seen_loc_prec_macro": 55.17146017699115, "seen_loc_rec_macro": 88.43085106382979, "seen_loc_f1_macro": 67.94959128065395, "seen_cls_prec_micro": 98.34546657842488, "seen_cls_rec_micro": 87.82505910165484, "seen_cls_f1_micro": 92.788011239463, "seen_cls_prec_macro": 89.71145735740197, "seen_cls_rec_macro": 88.28332594802264, "seen_cls_f1_macro": 88.68728315167243, "seen_epoch": 0.0, "seen_iteration": 0.0, "seen_global_iteration": 0.0, "ner_prec_micro": 81.74236243314296, "ner_rec_micro": 83.21336286452565, "ner_f1_micro": 82.47130379110075, "ner_prec_macro": 72.04211994450466, "ner_rec_macro": 78.0975492441716, "ner_f1_macro": 74.74892878003864, "loc_prec_micro": 84.8599336527829, "loc_rec_micro": 84.98523440383904, "loc_f1_micro": 84.92253780892659, "loc_prec_macro": 84.8599336527829, "loc_rec_macro": 84.98523440383904, "loc_f1_macro": 84.92253780892659, "cls_prec_micro": 96.7489270386266, "cls_rec_micro": 83.21336286452565, "cls_f1_micro": 89.4721174836277, "cls_prec_macro": 91.27420597478488, "cls_rec_macro": 78.0975492441716, "cls_f1_macro": 84.11198139621082, "epoch": 0.0, "iteration": 0.0, "global_iteration": 0.0}}