{"test_metrics": {"Eval_Ent_Precision": 88.3716750401252, "Eval_Ent_Recall": 89.79181883133973, "Eval_Ent_F1": 89.07608694236373, "Eval_Time": 57.571876525878906, "Eval_Examples": 2050, "Eval_Examples_Per_Second": 35.60766338888594, "seen_Eval_Ent_Precision": 71.6750539102534, "seen_Eval_Ent_Recall": 92.80893644737773, "seen_Eval_Ent_F1": 80.88429164146261, "seen_Eval_Time": 57.22682499885559, "seen_Eval_Examples": 2050, "seen_Eval_Examples_Per_Second": 35.82236127971446, "unseen_Eval_Ent_Precision": 16.69662114784449, "unseen_Eval_Ent_Recall": 78.7955894337649, "unseen_Eval_Ent_F1": 27.554500977277467, "unseen_Eval_Time": 57.256953954696655, "unseen_Eval_Examples": 2050, "unseen_Eval_Examples_Per_Second": 35.80351133631766}}