{"test_metrics": {"unseen_ner_prec_micro": 31.592039800995025, "unseen_ner_rec_micro": 36.67870036101083, "unseen_ner_f1_micro": 33.945873705312394, "unseen_ner_prec_macro": 27.562949402629418, "unseen_ner_rec_macro": 30.29844131790183, "unseen_ner_f1_macro": 26.84347419893992, "unseen_loc_prec_micro": 58.59481582537517, "unseen_loc_rec_micro": 62.0216606498195, "unseen_loc_f1_micro": 60.25955804980708, "unseen_loc_prec_macro": 58.59481582537517, "unseen_loc_rec_macro": 62.0216606498195, "unseen_loc_f1_macro": 60.25955804980708, "unseen_cls_prec_micro": 53.36134453781513, "unseen_cls_rec_micro": 36.67870036101083, "unseen_cls_f1_micro": 43.47454000855798, "unseen_cls_prec_macro": 47.46826444602219, "unseen_cls_rec_macro": 30.29844131790183, "unseen_cls_f1_macro": 36.391220164867605, "unseen_epoch": 0.0, "unseen_iteration": 0.0, "unseen_global_iteration": 0.0, "seen_ner_prec_micro": 10.256410256410255, "seen_ner_rec_micro": 54.66666666666666, "seen_ner_f1_micro": 17.272248551869403, "seen_ner_prec_macro": 10.540946900201638, "seen_ner_rec_macro": 32.53271632581978, "seen_ner_f1_macro": 13.346957181170184, "seen_loc_prec_micro": 13.661202185792352, "seen_loc_rec_micro": 66.66666666666666, "seen_loc_f1_micro": 22.67573696145125, "seen_loc_prec_macro": 13.661202185792352, "seen_loc_rec_macro": 66.66666666666666, "seen_loc_f1_macro": 22.67573696145125, "seen_cls_prec_micro": 78.0952380952381, "seen_cls_rec_micro": 54.66666666666666, "seen_cls_f1_micro": 64.31372549019608, "seen_cls_prec_macro": 50.40350782320283, "seen_cls_rec_macro": 32.53271632581978, "seen_cls_f1_macro": 38.80731275892566, "seen_epoch": 0.0, "seen_iteration": 0.0, "seen_global_iteration": 0.0, "ner_prec_micro": 42.27895392278954, "ner_rec_micro": 40.296735905044514, "ner_f1_micro": 41.264053479185655, "ner_prec_macro": 38.7572972504984, "ner_rec_macro": 34.62631192796692, "ner_f1_macro": 35.638072386541424, "loc_prec_micro": 72.51023192360164, "loc_rec_micro": 63.0860534124629, "loc_f1_micro": 67.47064423992384, "loc_prec_macro": 72.51023192360164, "loc_rec_macro": 63.0860534124629, "loc_f1_macro": 67.47064423992384, "cls_prec_micro": 57.93515358361775, "cls_rec_micro": 40.296735905044514, "cls_f1_micro": 47.53237661883094, "cls_prec_macro": 51.13321140844105, "cls_rec_macro": 34.62631192796692, "cls_f1_macro": 40.62983431394576, "epoch": 0.0, "iteration": 0.0, "global_iteration": 0.0}}