{"test_metrics": {"seen__f1": 0.0, "seen__pr": 0.0, "seen__rec": 0.0, "seen__ner_f1": 0.7991781234741211, "seen__ner_pr": 0.7022044658660889, "seen__ner_rec": 0.9272270798683167, "seen__macro_f1": 0.0, "seen__macro_pr": 0.0, "seen__macro_rec": 0.0, "seen__macro_ner_f1": 0.7464355230331421, "seen__macro_ner_pr": 0.6424975395202637, "seen__macro_ner_rec": 0.8942322731018066, "seen__samples_per_s": 471.1709972985677, "seen__samples_total_num": 2050, "seen__samples_total_s": 4.3508620262146, "seen__per_pr": 0.7398459315299988, "seen__per_rec": 0.9591466188430786, "seen__per_f1": 0.8353429436683655, "seen__org_pr": 0.5755584836006165, "seen__org_rec": 0.8248587846755981, "seen__org_f1": 0.6780185699462891, "seen__wea_pr": 0.6283186078071594, "seen__wea_rec": 0.9342105388641357, "seen__wea_f1": 0.751322865486145, "seen__gpe_pr": 0.7630799412727356, "seen__gpe_rec": 0.9403892755508423, "seen__gpe_f1": 0.8425067663192749, "seen__veh_pr": 0.6960784196853638, "seen__veh_rec": 0.9220778942108154, "seen__veh_f1": 0.7932960987091064, "seen__fac_pr": 0.553505539894104, "seen__fac_rec": 0.8108108043670654, "seen__fac_f1": 0.6578947305679321, "seen__loc_pr": 0.5410959124565125, "seen__loc_rec": 0.8681318759918213, "seen__loc_f1": 0.6666666269302368, "unseen__f1": 0.0, "unseen__pr": 0.0, "unseen__rec": 0.0, "unseen__ner_f1": 0.2922148108482361, "unseen__ner_pr": 0.17939946055412292, "unseen__ner_rec": 0.7873227596282959, "unseen__macro_f1": 0.0, "unseen__macro_pr": 0.0, "unseen__macro_rec": 0.0, "unseen__macro_ner_f1": 0.2704187035560608, "unseen__macro_ner_pr": 0.1733652502298355, "unseen__macro_ner_rec": 0.6548213958740234, "unseen__samples_per_s": 530.6374655465811, "unseen__samples_total_num": 2050, "unseen__samples_total_s": 3.8632779121398926, "unseen__per_pr": 0.17717087268829346, "unseen__per_rec": 0.8892794251441956, "unseen__per_f1": 0.29547443985939026, "unseen__org_pr": 0.2601839601993561, "unseen__org_rec": 0.7096773982048035, "unseen__org_f1": 0.3807692229747772, "unseen__wea_pr": 0.09734513610601425, "unseen__wea_rec": 0.37931033968925476, "unseen__wea_f1": 0.15492957830429077, "unseen__gpe_pr": 0.1273445188999176, "unseen__gpe_rec": 0.8216560482978821, "unseen__gpe_f1": 0.22051280736923218, "unseen__veh_pr": 0.18627451360225677, "unseen__veh_rec": 0.6333333253860474, "unseen__veh_f1": 0.28787878155708313, "unseen__fac_pr": 0.22140221297740936, "unseen__fac_rec": 0.6382978558540344, "unseen__fac_f1": 0.3287671208381653, "unseen__loc_pr": 0.1438356190919876, "unseen__loc_rec": 0.5121951103210449, "unseen__loc_f1": 0.2245989292860031}, "test_metrics_bounds": {"seen__f1": 0.0, "seen__pr": 0.0, "seen__rec": 0.0, "seen__ner_f1": 0.844887375831604, "seen__ner_pr": 0.7422915697097778, "seen__ner_rec": 0.9803921580314636, "seen__macro_f1": 0.0, "seen__macro_pr": 0.0, "seen__macro_rec": 0.0, "seen__macro_ner_f1": 0.844887375831604, "seen__macro_ner_pr": 0.7422915697097778, "seen__macro_ner_rec": 0.9803921580314636, "seen__samples_per_s": 471.1709972985677, "seen__samples_total_num": 2050, "seen__samples_total_s": 4.3508620262146, "unseen__f1": 0.0, "unseen__pr": 0.0, "unseen__rec": 0.0, "unseen__ner_f1": 0.3220207095146179, "unseen__ner_pr": 0.19775408506393433, "unseen__ner_rec": 0.8665554523468018, "unseen__macro_f1": 0.0, "unseen__macro_pr": 0.0, "unseen__macro_rec": 0.0, "unseen__macro_ner_f1": 0.3220207095146179, "unseen__macro_ner_pr": 0.19775408506393433, "unseen__macro_ner_rec": 0.8665554523468018, "unseen__samples_per_s": 530.6374655465811, "unseen__samples_total_num": 2050, "unseen__samples_total_s": 3.8632779121398926}}