{"test_metrics": {"f1": 0.0, "pr": 0.0, "rec": 0.0, "ner_f1": 0.8883783221244812, "ner_pr": 0.8817939758300781, "ner_rec": 0.895061731338501, "macro_f1": 0.0, "macro_pr": 0.0, "macro_rec": 0.0, "macro_ner_f1": 0.8208909034729004, "macro_ner_pr": 0.8163899183273315, "macro_ner_rec": 0.8267515897750854, "samples_per_s": 175.45433117672192, "samples_total_num": 2050, "samples_total_s": 11.68395209312439, "per_pr": 0.9170168042182922, "per_rec": 0.9448052048683167, "per_f1": 0.9307036399841309, "org_pr": 0.8357424736022949, "org_rec": 0.7851851582527161, "org_f1": 0.809675395488739, "wea_pr": 0.7256637215614319, "wea_rec": 0.7809523940086365, "wea_f1": 0.752293586730957, "gpe_pr": 0.8904244899749756, "gpe_rec": 0.9213483333587646, "gpe_f1": 0.9056224822998047, "veh_pr": 0.8823529481887817, "veh_rec": 0.84112149477005, "veh_f1": 0.8612440228462219, "fac_pr": 0.7785977721214294, "fac_rec": 0.7562723755836487, "fac_f1": 0.7672726511955261, "loc_pr": 0.6849315166473389, "loc_rec": 0.7575757503509521, "loc_f1": 0.7194244861602783}, "test_metrics_bounds": {"f1": 0.0, "pr": 0.0, "rec": 0.0, "ner_f1": 0.9470757246017456, "ner_pr": 0.9400456547737122, "ner_rec": 0.9542117714881897, "macro_f1": 0.0, "macro_pr": 0.0, "macro_rec": 0.0, "macro_ner_f1": 0.9470757246017456, "macro_ner_pr": 0.9400456547737122, "macro_ner_rec": 0.9542117714881897, "samples_per_s": 175.45433117672192, "samples_total_num": 2050, "samples_total_s": 11.68395209312439}, "metrics": {"f1": [0.0, 0.0, 0.0, 0.0, 0.0, 0.0, 0.0, 0.0, 0.0, 0.0, 0.0, 0.0, 0.0, 0.0, 0.0, 0.0, 0.0, 0.0, 0.0, 0.0, 0.0, 0.0, 0.0, 0.0, 0.0], "pr": [0.0, 0.0, 0.0, 0.0, 0.0, 0.0, 0.0, 0.0, 0.0, 0.0, 0.0, 0.0, 0.0, 0.0, 0.0, 0.0, 0.0, 0.0, 0.0, 0.0, 0.0, 0.0, 0.0, 0.0, 0.0], "rec": [0.0, 0.0, 0.0, 0.0, 0.0, 0.0, 0.0, 0.0, 0.0, 0.0, 0.0, 0.0, 0.0, 0.0, 0.0, 0.0, 0.0, 0.0, 0.0, 0.0, 0.0, 0.0, 0.0, 0.0, 0.0], "ner_f1": [0.8146326541900635, 0.8561330437660217, 0.8480576872825623, 0.8576819896697998, 0.8569369316101074, 0.8695861101150513, 0.8728888630867004, 0.8707869648933411, 0.8712839484214783, 0.8774831891059875, 0.8665207624435425, 0.8651403188705444, 0.8758381009101868, 0.8759489059448242, 0.8762519955635071, 0.8756468296051025, 0.8721290230751038, 0.8804981112480164, 0.8778946995735168, 0.8759702444076538, 0.878494143486023, 0.8816419839859009, 0.8786625266075134, 0.883385956287384, 0.8823814988136292], "ner_pr": [0.7955672740936279, 0.8460072875022888, 0.8549239635467529, 0.8303897976875305, 0.8440309166908264, 0.8564895391464233, 0.8676305413246155, 0.8698685765266418, 0.8611816763877869, 0.8751415014266968, 0.8637905716896057, 0.8608919382095337, 0.8702841401100159, 0.8701861500740051, 0.8706260323524475, 0.8708587884902954, 0.8736945390701294, 0.8756834864616394, 0.8743548393249512, 0.8711804151535034, 0.8729929327964783, 0.879715085029602, 0.8771674036979675, 0.8793298006057739, 0.8779780864715576], "ner_rec": [0.8346341252326965, 0.8665040731430054, 0.8413007855415344, 0.8868292570114136, 0.8702439069747925, 0.8830894231796265, 0.8782113790512085, 0.8717073202133179, 0.8816260099411011, 0.8798373937606812, 0.8692682981491089, 0.8694308996200562, 0.8814634084701538, 0.8817886114120483, 0.8819512128829956, 0.8804877996444702, 0.870569109916687, 0.8853658437728882, 0.8814634084701538, 0.8808130025863647, 0.8840650320053101, 0.8835772275924683, 0.8801625967025757, 0.8874796628952026, 0.8868292570114136], "macro_f1": [0.0, 0.0, 0.0, 0.0, 0.0, 0.0, 0.0, 0.0, 0.0, 0.0, 0.0, 0.0, 0.0, 0.0, 0.0, 0.0, 0.0, 0.0, 0.0, 0.0, 0.0, 0.0, 0.0, 0.0, 0.0], "macro_pr": [0.0, 0.0, 0.0, 0.0, 0.0, 0.0, 0.0, 0.0, 0.0, 0.0, 0.0, 0.0, 0.0, 0.0, 0.0, 0.0, 0.0, 0.0, 0.0, 0.0, 0.0, 0.0, 0.0, 0.0, 0.0], "macro_rec": [0.0, 0.0, 0.0, 0.0, 0.0, 0.0, 0.0, 0.0, 0.0, 0.0, 0.0, 0.0, 0.0, 0.0, 0.0, 0.0, 0.0, 0.0, 0.0, 0.0, 0.0, 0.0, 0.0, 0.0, 0.0], "macro_ner_f1": [0.6148248910903931, 0.7710184454917908, 0.7588327527046204, 0.7803582549095154, 0.7931570410728455, 0.7841701507568359, 0.7987249493598938, 0.7927173972129822, 0.7910208106040955, 0.8076143264770508, 0.8019511103630066, 0.7915491461753845, 0.7981048226356506, 0.8100098967552185, 0.8016143441200256, 0.8067818880081177, 0.8020081520080566, 0.8101788759231567, 0.8094099164009094, 0.8083418607711792, 0.8153353333473206, 0.8173653483390808, 0.816412627696991, 0.8191254734992981, 0.8172928690910339], "macro_ner_pr": [0.6223679184913635, 0.758118212223053, 0.810154139995575, 0.7519435882568359, 0.798049807548523, 0.7498651742935181, 0.8053187131881714, 0.7909454107284546, 0.7655636072158813, 0.8070030212402344, 0.8080746531486511, 0.8075204491615295, 0.7935535311698914, 0.8171330094337463, 0.8011211156845093, 0.7882065773010254, 0.8145986199378967, 0.8132415413856506, 0.8134375810623169, 0.7980257868766785, 0.8152926564216614, 0.8257646560668945, 0.8168472051620483, 0.8171191811561584, 0.8139500617980957], "macro_ner_rec": [0.6649685502052307, 0.7879888415336609, 0.726710319519043, 0.8211394548416138, 0.7972277402877808, 0.8267604112625122, 0.7995964884757996, 0.7965710759162903, 0.8242064714431763, 0.8095185160636902, 0.8000353574752808, 0.7878975868225098, 0.8096994161605835, 0.8075613379478455, 0.8037234544754028, 0.8280510902404785, 0.7908622622489929, 0.8086358904838562, 0.8072441816329956, 0.8213505148887634, 0.816700279712677, 0.8103819489479065, 0.8167904019355774, 0.8214234709739685, 0.8210386037826538], "samples_per_s": [202.19274024762964, 212.0032317378344, 211.20743287876772, 203.85433316718053, 204.16304093884844, 215.1384126624006, 217.1372564959027, 221.32216183853362, 220.62990738957544, 221.55199528215596, 199.49122524553212, 202.71942388483768, 183.93432636671355, 177.62745684833882, 163.3484543581528, 164.16432470612338, 171.85652198573874, 165.3670291282863, 168.79609945946652, 167.74364635274227, 173.3171070987659, 172.35937807061683, 184.99414565203648, 175.61144929101368, 172.23618893226302], "samples_total_num": [2420, 2420, 2420, 2420, 2420, 2420, 2420, 2420, 2420, 2420, 2420, 2420, 2420, 2420, 2420, 2420, 2420, 2420, 2420, 2420, 2420, 2420, 2420, 2420, 2420], "samples_total_s": [11.968777894973755, 11.414920330047607, 11.457930088043213, 11.871221780776978, 11.853271722793579, 11.24857234954834, 11.145024299621582, 10.934286832809448, 10.968594551086426, 10.922943830490112, 12.130859375, 11.937681913375854, 13.156869888305664, 13.624019861221313, 14.814954996109009, 14.741327047348022, 14.08151388168335, 14.634114265441895, 14.336824178695679, 14.426775932312012, 13.96284556388855, 14.040431261062622, 13.0814950466156, 13.780422687530518, 14.05047345161438], "per_pr": [0.9130706787109375, 0.9149587154388428, 0.9440789222717285, 0.9267605543136597, 0.8858568072319031, 0.9022379517555237, 0.9099341630935669, 0.922723114490509, 0.9053534269332886, 0.9157894849777222, 0.9326162338256836, 0.9161528944969177, 0.9256528615951538, 0.9192660450935364, 0.9113697409629822, 0.9187214374542236, 0.9130039215087891, 0.9221884608268738, 0.917700469493866, 0.9237833023071289, 0.9213244318962097, 0.923380970954895, 0.9304347634315491, 0.9204579591751099, 0.9213312864303589], "per_rec": [0.8843125104904175, 0.9058146476745605, 0.8691701889038086, 0.8967292308807373, 0.9142943620681763, 0.9279224872589111, 0.9209569692611694, 0.9112659096717834, 0.9270139336585999, 0.9221683740615845, 0.8927922248840332, 0.9000605940818787, 0.9124773144721985, 0.9103573560714722, 0.9248939752578735, 0.9139915108680725, 0.9121744632720947, 0.9188370704650879, 0.9185342192649841, 0.9139915108680725, 0.9185342192649841, 0.9197456240653992, 0.9073289036750793, 0.9251968264579773, 0.9221683740615845],