{"test_metrics": {"f1": 0.0, "pr": 0.0, "rec": 0.0, "ner_f1": 0.8833949565887451, "ner_pr": 0.867857813835144, "ner_rec": 0.899498462677002, "macro_f1": 0.0, "macro_pr": 0.0, "macro_rec": 0.0, "macro_ner_f1": 0.8188561797142029, "macro_ner_pr": 0.806801438331604, "macro_ner_rec": 0.8324986696243286, "samples_per_s": 123.20501249879189, "samples_total_num": 2050, "samples_total_s": 16.638933420181274, "per_pr": 0.9101318717002869, "per_rec": 0.9462481737136841, "per_f1": 0.9278387427330017, "org_pr": 0.7874395847320557, "org_rec": 0.8049382567405701, "org_f1": 0.7960927486419678, "wea_pr": 0.800000011920929, "wea_rec": 0.761904776096344, "wea_f1": 0.7804878354072571, "gpe_pr": 0.8791748285293579, "gpe_rec": 0.9141981601715088, "gpe_f1": 0.8963445425033569, "veh_pr": 0.8240740895271301, "veh_rec": 0.8317757248878479, "veh_f1": 0.8279070258140564, "fac_pr": 0.7844523191452026, "fac_rec": 0.7956989407539368, "fac_f1": 0.790035605430603, "loc_pr": 0.6623376607894897, "loc_rec": 0.7727272510528564, "loc_f1": 0.7132866978645325}, "test_metrics_bounds": {"f1": 0.0, "pr": 0.0, "rec": 0.0, "ner_f1": 0.9334725141525269, "ner_pr": 0.9173661470413208, "ner_rec": 0.9501545429229736, "macro_f1": 0.0, "macro_pr": 0.0, "macro_rec": 0.0, "macro_ner_f1": 0.9334725141525269, "macro_ner_pr": 0.9173661470413208, "macro_ner_rec": 0.9501545429229736, "samples_per_s": 123.20501249879189, "samples_total_num": 2050, "samples_total_s": 16.638933420181274}, "metrics": {"f1": [0.0, 0.0, 0.0, 0.0, 0.0, 0.0, 0.0, 0.0, 0.0, 0.0, 0.0, 0.0, 0.0, 0.0, 0.0, 0.0, 0.0, 0.0, 0.0, 0.0, 0.0, 0.0, 0.0, 0.0, 0.0], "pr": [0.0, 0.0, 0.0, 0.0, 0.0, 0.0, 0.0, 0.0, 0.0, 0.0, 0.0, 0.0, 0.0, 0.0, 0.0, 0.0, 0.0, 0.0, 0.0, 0.0, 0.0, 0.0, 0.0, 0.0, 0.0], "rec": [0.0, 0.0, 0.0, 0.0, 0.0, 0.0, 0.0, 0.0, 0.0, 0.0, 0.0, 0.0, 0.0, 0.0, 0.0, 0.0, 0.0, 0.0, 0.0, 0.0, 0.0, 0.0, 0.0, 0.0, 0.0], "ner_f1": [0.818917453289032, 0.8464486002922058, 0.8469493985176086, 0.8439631462097168, 0.8607795238494873, 0.8598918318748474, 0.858241856098175, 0.8599551916122437, 0.8578651547431946, 0.8540585041046143, 0.8573236465454102, 0.8571653366088867, 0.8615068197250366, 0.8656406402587891, 0.8664207458496094, 0.8644407391548157, 0.8672353029251099, 0.8674910068511963, 0.8676751255989075, 0.8614991903305054, 0.8730940222740173, 0.8681082129478455, 0.8656003475189209, 0.8707111477851868, 0.8709548115730286], "ner_pr": [0.7922176718711853, 0.8311912417411804, 0.83536297082901, 0.832937479019165, 0.8376673460006714, 0.8414254784584045, 0.8461052179336548, 0.8466750979423523, 0.834332287311554, 0.8526742458343506, 0.8346165418624878, 0.8331542611122131, 0.8391920924186707, 0.849319338798523, 0.8546345829963684, 0.8515538573265076, 0.8583943843841553, 0.8515270352363586, 0.8500779867172241, 0.8461658954620361, 0.8664531707763672, 0.8522638082504272, 0.8475923538208008, 0.8606830835342407, 0.860383927822113], "ner_rec": [0.8474797010421753, 0.8622764348983765, 0.8588618040084839, 0.855284571647644, 0.8852032423019409, 0.8791869878768921, 0.8707317113876343, 0.8736585378646851, 0.8827642202377319, 0.8554471731185913, 0.8813008069992065, 0.8826016187667847, 0.8850406408309937, 0.8826016187667847, 0.878536581993103, 0.8777235746383667, 0.8762601613998413, 0.8840650320053101, 0.8860162496566772, 0.8773983716964722, 0.8798373937606812, 0.8845528364181519, 0.8843902349472046, 0.880975604057312, 0.8817886114120483], "macro_f1": [0.0, 0.0, 0.0, 0.0, 0.0, 0.0, 0.0, 0.0, 0.0, 0.0, 0.0, 0.0, 0.0, 0.0, 0.0, 0.0, 0.0, 0.0, 0.0, 0.0, 0.0, 0.0, 0.0, 0.0, 0.0], "macro_pr": [0.0, 0.0, 0.0, 0.0, 0.0, 0.0, 0.0, 0.0, 0.0, 0.0, 0.0, 0.0, 0.0, 0.0, 0.0, 0.0, 0.0, 0.0, 0.0, 0.0, 0.0, 0.0, 0.0, 0.0, 0.0], "macro_rec": [0.0, 0.0, 0.0, 0.0, 0.0, 0.0, 0.0, 0.0, 0.0, 0.0, 0.0, 0.0, 0.0, 0.0, 0.0, 0.0, 0.0, 0.0, 0.0, 0.0, 0.0, 0.0, 0.0, 0.0, 0.0], "macro_ner_f1": [0.7132245898246765, 0.7570476531982422, 0.7657827138900757, 0.7839999794960022, 0.7862864136695862, 0.786448061466217, 0.7851023077964783, 0.7926126718521118, 0.7855157852172852, 0.7863292098045349, 0.7891405820846558, 0.7893278002738953, 0.7936916947364807, 0.7989745736122131, 0.7937898635864258, 0.7855963110923767, 0.8042705655097961, 0.7985544800758362, 0.8066430687904358, 0.7998553514480591, 0.8113427758216858, 0.8001584410667419, 0.8050008416175842, 0.8118268251419067, 0.8121908903121948], "macro_ner_pr": [0.6754961013793945, 0.7480419874191284, 0.7844578623771667, 0.7905067205429077, 0.7745444178581238, 0.7634862065315247, 0.7884966731071472, 0.8111158013343811, 0.7556206583976746, 0.8030933141708374, 0.7689929008483887, 0.7615504860877991, 0.7830408811569214, 0.7877026796340942, 0.7871614098548889, 0.7828027606010437, 0.8110508918762207, 0.7848848700523376, 0.7964304685592651, 0.7853649854660034, 0.8092331886291504, 0.7856944799423218, 0.7877664566040039, 0.8115253448486328, 0.8096022605895996], "macro_ner_rec": [0.7599636316299438, 0.7884225845336914, 0.759346067905426, 0.7879506945610046, 0.8061109185218811, 0.8165397644042969, 0.7869687676429749, 0.7808933854103088, 0.8227887153625488, 0.7757352590560913, 0.8141099214553833, 0.825019359588623, 0.808680534362793, 0.813957154750824, 0.8047078251838684, 0.7970091700553894, 0.8006573915481567, 0.8150525689125061, 0.8188905119895935, 0.8182187676429749, 0.8146670460700989, 0.8166221976280212, 0.824529767036438, 0.8130307197570801, 0.8158825635910034], "samples_per_s": [104.13402772052522, 107.71407260716575, 109.70633556621874, 107.00592185598428, 98.24576743481222, 97.0473384754518, 100.42678080552756, 93.32525978189072, 95.06871073851046, 96.63383502713772, 95.39644113986081, 94.49221937808237, 89.57803332773902, 91.3427322197658, 95.94878141681558, 94.8697446456093, 95.58055165624488, 96.57214218158038, 122.85370876693517, 125.3835317974527, 127.31984918926825, 122.14172393928845, 125.10435583034489, 130.0193236633292, 125.57975389563626], "samples_total_num": [2420, 2420, 2420, 2420, 2420, 2420, 2420, 2420, 2420, 2420, 2420, 2420, 2420, 2420, 2420, 2420, 2420, 2420, 2420, 2420, 2420, 2420, 2420, 2420, 2420], "samples_total_s": [23.23928165435791, 22.466887950897217, 22.058890104293823, 22.615570783615112, 24.63210439682007, 24.936284065246582, 24.097157955169678, 25.930814504623413, 25.455273151397705, 25.042988300323486, 25.367822647094727, 25.61057424545288, 27.015551805496216, 26.493623971939087, 25.221789836883545, 25.50865936279297, 25.318958282470703, 25.05898642539978, 19.698225021362305, 19.300780296325684, 19.007248401641846, 19.81304931640625, 19.34385085105896, 18.61261796951294, 19.27062225341797], "per_pr": [0.8941650986671448, 0.8975201845169067, 0.9234434366226196, 0.9329662919044495, 0.8846485018730164, 0.8964295983314514, 0.9050346612930298, 0.8830867409706116, 0.8939259052276611, 0.9260786771774292, 0.9209302067756653, 0.9113075137138367, 0.9046629071235657, 0.9075301289558411, 0.9067972898483276, 0.8998821973800659, 0.9245049357414246, 0.8997942805290222, 0.9097699522972107, 0.9216718077659607, 0.9134238362312317, 0.9038064479827881, 0.9135020971298218, 0.9102101922035217, 0.9118001461029053], "per_rec": [0.8725014925003052, 0.9097516536712646, 0.8803755044937134, 0.8725014925003052, 0.933676540851593, 0.9200484752655029, 0.9091459512710571, 0.9218655228614807, 0.9136886596679688, 0.8840097188949585, 0.8994548916816711, 0.9055117964744568, 0.9224712252616882, 0.9124773144721985, 0.9251968264579773, 0.925499677658081, 0.9049060940742493, 0.9273167848587036, 0.9221683740615845, 0.9015747904777527, 0.9170199632644653, 0.9276196360588074, 0.9179285168647766, 0.9179285168647766, 0.9173228144645691],