{"test_metrics": {"unseen_ner_prec_micro": 21.45155523775474, "unseen_ner_rec_micro": 75.66204287515762, "unseen_ner_f1_micro": 33.42618384401114, "unseen_ner_prec_macro": 31.463904011634487, "unseen_ner_rec_macro": 71.81817278397392, "unseen_ner_f1_macro": 41.375786698227415, "unseen_loc_prec_micro": 22.8289414108485, "unseen_loc_rec_micro": 79.4766708701135, "unseen_loc_f1_micro": 35.469574393246575, "unseen_loc_prec_macro": 22.8289414108485, "unseen_loc_rec_macro": 79.4766708701135, "unseen_loc_f1_macro": 35.469574393246575, "unseen_cls_prec_micro": 93.64026531408506, "unseen_cls_rec_micro": 75.66204287515762, "unseen_cls_f1_micro": 83.69659982563208, "unseen_cls_prec_macro": 92.53093910236764, "unseen_cls_rec_macro": 71.81817278397392, "unseen_cls_f1_macro": 80.59261291197242, "unseen_epoch": 0.0, "unseen_iteration": 0.0, "unseen_global_iteration": 0.0, "seen_ner_prec_micro": 63.39653013772134, "seen_ner_rec_micro": 92.49739039665972, "seen_ner_f1_micro": 75.2308182107609, "seen_ner_prec_macro": 45.87189245712935, "seen_ner_rec_macro": 89.62534183690538, "seen_ner_f1_macro": 58.60621715149913, "seen_loc_prec_micro": 64.49741684038793, "seen_loc_rec_micro": 92.84968684759916, "seen_loc_f1_micro": 76.11916350216612, "seen_loc_prec_macro": 64.49741684038793, "seen_loc_rec_macro": 92.84968684759916, "seen_loc_f1_macro": 76.11916350216612, "seen_cls_prec_micro": 98.84272169548242, "seen_cls_rec_micro": 92.49739039665972, "seen_cls_f1_micro": 95.56484227554596, "seen_cls_prec_macro": 94.03923867804517, "seen_cls_rec_macro": 89.62534183690538, "seen_cls_f1_macro": 91.76584050036244, "seen_epoch": 0.0, "seen_iteration": 0.0, "seen_global_iteration": 0.0, "ner_prec_micro": 84.76862604966946, "ner_rec_micro": 87.56921373200443, "ner_f1_micro": 86.14616432137994, "ner_prec_macro": 77.31358297936222, "ner_rec_macro": 80.05187554507903, "ner_f1_macro": 78.65295279399517, "loc_prec_micro": 87.33913358709444, "loc_rec_micro": 88.93503137689184, "loc_f1_micro": 88.12985825331504, "loc_prec_macro": 87.33913358709444, "loc_rec_macro": 88.93503137689184, "loc_f1_macro": 88.12985825331504, "cls_prec_micro": 97.4330013348393, "cls_rec_micro": 87.56921373200443, "cls_f1_micro": 92.2381530984204, "cls_prec_macro": 94.16278513085857, "cls_rec_macro": 80.05187554507903, "cls_f1_macro": 86.4412204903087, "epoch": 0.0, "iteration": 0.0, "global_iteration": 0.0}}