{"test_metrics": {"Eval_Ent_Precision": 84.60161139731134, "Eval_Ent_Recall": 87.58109353553087, "Eval_Ent_F1": 86.0655737047986, "Eval_Time": 9.702086448669434, "Eval_Examples": 288, "Eval_Examples_Per_Second": 29.684336613955544, "seen_Eval_Ent_Precision": 25.783348297612623, "seen_Eval_Ent_Recall": 93.20388321550884, "seen_Eval_Ent_F1": 40.39270689931919, "seen_Eval_Time": 8.762221097946167, "seen_Eval_Examples": 288, "seen_Eval_Examples_Per_Second": 32.868378551587355, "unseen_Eval_Ent_Precision": 58.81826318922424, "unseen_Eval_Ent_Recall": 85.32467523292291, "unseen_Eval_Ent_F1": 69.6343401809553, "unseen_Eval_Time": 8.988906383514404, "unseen_Eval_Examples": 288, "unseen_Eval_Examples_Per_Second": 32.03949264931607}}