{"test_metrics": {"unseen_ner_prec_micro": 17.032374100719423, "unseen_ner_rec_micro": 71.1227938415321, "unseen_ner_f1_micro": 27.48313139374592, "unseen_ner_prec_macro": 25.26838288611803, "unseen_ner_rec_macro": 67.150250794517, "unseen_ner_f1_macro": 34.67837320591099, "unseen_loc_prec_micro": 18.289569657184536, "unseen_loc_rec_micro": 75.32857679309049, "unseen_loc_f1_micro": 29.43291027804269, "unseen_loc_prec_macro": 18.289569657184536, "unseen_loc_rec_macro": 75.32857679309049, "unseen_loc_f1_macro": 29.43291027804269, "unseen_cls_prec_micro": 92.3451974646514, "unseen_cls_rec_micro": 71.1227938415321, "unseen_cls_f1_micro": 80.35638523546882, "unseen_cls_prec_macro": 91.30697514461298, "unseen_cls_rec_macro": 67.150250794517, "unseen_cls_f1_macro": 76.98473773699047, "unseen_epoch": 0.0, "unseen_iteration": 0.0, "unseen_global_iteration": 0.0, "seen_ner_prec_micro": 68.65443425076452, "seen_ner_rec_micro": 93.39287899180228, "seen_ner_f1_micro": 79.1353480897828, "seen_ner_prec_macro": 54.36440118868428, "seen_ner_rec_macro": 91.7167030762922, "seen_ner_f1_macro": 66.99711096281357, "seen_loc_prec_micro": 69.98267529862315, "seen_loc_rec_micro": 93.90676618132876, "seen_loc_f1_micro": 80.19853709508882, "seen_loc_prec_macro": 69.98267529862315, "seen_loc_rec_macro": 93.90676618132876, "seen_loc_f1_macro": 80.19853709508882, "seen_cls_prec_micro": 98.7196068287636, "seen_cls_rec_micro": 93.39287899180228, "seen_cls_f1_micro": 95.98239547312166, "seen_cls_prec_macro": 96.4360786042526, "seen_cls_rec_macro": 91.7167030762922, "seen_cls_f1_macro": 94.01072764526587, "seen_epoch": 0.0, "seen_iteration": 0.0, "seen_global_iteration": 0.0, "ner_prec_micro": 85.65518481877866, "ner_rec_micro": 87.8922111480251, "ner_f1_micro": 86.7592803461626, "ner_prec_macro": 79.58835459964764, "ner_rec_macro": 80.52518076510098, "ner_f1_macro": 80.04740993435968, "loc_prec_micro": 88.20419325433, "loc_rec_micro": 89.29494278331488, "loc_f1_micro": 88.74621663762268, "loc_prec_macro": 88.20419325433, "loc_rec_macro": 89.29494278331488, "loc_f1_macro": 88.74621663762268, "cls_prec_micro": 97.4521641256523, "cls_rec_micro": 87.8922111480251, "cls_f1_micro": 92.42563928380804, "cls_prec_macro": 95.36524730851178, "cls_rec_macro": 80.52518076510098, "cls_f1_macro": 87.19084714313192, "epoch": 0.0, "iteration": 0.0, "global_iteration": 0.0}}