{"test_metrics": {"f1": 0.0, "pr": 0.0, "rec": 0.0, "ner_f1": 0.8703148365020752, "ner_pr": 0.8560971021652222, "ner_rec": 0.8850129246711731, "macro_f1": 0.0, "macro_pr": 0.0, "macro_rec": 0.0, "macro_ner_f1": 0.7890064120292664, "macro_ner_pr": 0.7773829102516174, "macro_ner_rec": 0.8030056953430176, "samples_per_s": 202.61348000983682, "samples_total_num": 5000, "samples_total_s": 24.677528858184814, "organization_pr": 0.7051460146903992, "organization_rec": 0.668865442276001, "organization_f1": 0.6865267157554626, "location_pr": 0.9033613204956055, "location_rec": 0.9201516509056091, "location_f1": 0.9116791486740112, "person_pr": 0.7236414551734924, "person_rec": 0.8199999928474426, "person_f1": 0.7688132524490356}, "test_metrics_bounds": {"f1": 0.0, "pr": 0.0, "rec": 0.0, "ner_f1": 0.887557864189148, "ner_pr": 0.8730583786964417, "ner_rec": 0.9025470614433289, "macro_f1": 0.0, "macro_pr": 0.0, "macro_rec": 0.0, "macro_ner_f1": 0.887557864189148, "macro_ner_pr": 0.8730583786964417, "macro_ner_rec": 0.9025470614433289, "samples_per_s": 202.61348000983682, "samples_total_num": 5000, "samples_total_s": 24.677528858184814}, "metrics": {"f1": [0.0, 0.0, 0.0, 0.0, 0.0], "pr": [0.0, 0.0, 0.0, 0.0, 0.0], "rec": [0.0, 0.0, 0.0, 0.0, 0.0], "ner_f1": [0.8066720366477966, 0.8527854681015015, 0.8684796094894409, 0.8658660650253296, 0.8576144576072693], "ner_pr": [0.7395681142807007, 0.8375855684280396, 0.8556221723556519, 0.8677096962928772, 0.8109084963798523], "ner_rec": [0.8871681690216064, 0.8685472011566162, 0.8817293643951416, 0.8640302419662476, 0.9100294709205627], "macro_f1": [0.0, 0.0, 0.0, 0.0, 0.0], "macro_pr": [0.0, 0.0, 0.0, 0.0, 0.0], "macro_rec": [0.0, 0.0, 0.0, 0.0, 0.0], "macro_ner_f1": [0.7033546566963196, 0.7511816024780273, 0.7902019619941711, 0.7845457196235657, 0.7680356502532959], "macro_ner_pr": [0.6422467827796936, 0.7859513163566589, 0.7859725952148438, 0.831102192401886, 0.7062621116638184], "macro_ner_rec": [0.7813138365745544, 0.7413585782051086, 0.7965036034584045, 0.7484779357910156, 0.8454028964042664], "samples_per_s": [215.71459388504456, 190.67738281355554, 192.98010430071693, 195.9482465402668, 200.67799942153042], "samples_total_num": [5000, 5000, 5000, 5000, 5000], "samples_total_s": [23.1787748336792, 26.222302436828613, 25.909406661987305, 25.516941785812378, 24.915536403656006], "organization_pr": [0.5418139100074768, 0.7885010242462158, 0.7301136255264282, 0.7863923907279968, 0.5659449100494385], "organization_rec": [0.5981794595718384, 0.49934980273246765, 0.6684005260467529, 0.6462938785552979, 0.7477242946624756], "organization_f1": [0.5686032176017761, 0.6114649176597595, 0.6978954076766968, 0.7094931602478027, 0.644257664680481], "location_pr": [0.8009054660797119, 0.8789726495742798, 0.8974940180778503, 0.881220281124115, 0.8760274052619934], "location_rec": [0.9314313530921936, 0.9177176356315613, 0.9209011793136597, 0.9302069544792175, 0.9396350979804993], "location_f1": [0.8612511157989502, 0.897927463054657, 0.9090469479560852, 0.9050512313842773, 0.90671706199646], "person_pr": [0.5840210318565369, 0.690380334854126, 0.7303102612495422, 0.8256940245628357, 0.6768140196800232], "person_rec": [0.814330518245697, 0.8070083856582642, 0.8002092242240906, 0.6689330339431763, 0.848849356174469], "person_f1": [0.6802096962928772, 0.7441524267196655, 0.7636635899543762, 0.7390927672386169, 0.7531322240829468]}}