{"test_metrics": {"seen__f1": 0.0, "seen__pr": 0.0, "seen__rec": 0.0, "seen__ner_f1": 0.7916486263275146, "seen__ner_pr": 0.6923367977142334, "seen__ner_rec": 0.9242233037948608, "seen__macro_f1": 0.0, "seen__macro_pr": 0.0, "seen__macro_rec": 0.0, "seen__macro_ner_f1": 0.7366700172424316, "seen__macro_ner_pr": 0.6221311688423157, "seen__macro_ner_rec": 0.9125933051109314, "seen__samples_per_s": 477.4562389879063, "seen__samples_total_num": 2050, "seen__samples_total_s": 4.2935872077941895, "seen__per_pr": 0.7317415475845337, "seen__per_rec": 0.9502964019775391, "seen__per_f1": 0.8268200755119324, "seen__org_pr": 0.5555555820465088, "seen__org_rec": 0.8110687136650085, "seen__org_f1": 0.6594259142875671, "seen__wea_pr": 0.6513761281967163, "seen__wea_rec": 0.9594594836235046, "seen__wea_f1": 0.7759563326835632, "seen__gpe_pr": 0.7812817692756653, "seen__gpe_rec": 0.9275362491607666, "seen__gpe_f1": 0.8481502532958984, "seen__veh_pr": 0.6086956262588501, "seen__veh_rec": 0.9459459185600281, "seen__veh_f1": 0.7407407760620117, "seen__fac_pr": 0.529411792755127, "seen__fac_rec": 0.9257143139839172, "seen__fac_f1": 0.6735967397689819, "seen__loc_pr": 0.49685534834861755, "seen__loc_rec": 0.8681318759918213, "seen__loc_f1": 0.6319999694824219, "unseen__f1": 0.0, "unseen__pr": 0.0, "unseen__rec": 0.0, "unseen__ner_f1": 0.29093700647354126, "unseen__ner_pr": 0.1791863739490509, "unseen__ner_rec": 0.773061215877533, "unseen__macro_f1": 0.0, "unseen__macro_pr": 0.0, "unseen__macro_rec": 0.0, "unseen__macro_ner_f1": 0.26616236567497253, "unseen__macro_ner_pr": 0.17062139511108398, "unseen__macro_ner_rec": 0.6442057490348816, "unseen__samples_per_s": 529.3631399917095, "unseen__samples_total_num": 2050, "unseen__samples_total_s": 3.8725779056549072, "unseen__per_pr": 0.17731741070747375, "unseen__per_rec": 0.872193455696106, "unseen__per_f1": 0.2947184145450592, "unseen__org_pr": 0.2679738700389862, "unseen__org_rec": 0.7167832255363464, "unseen__org_f1": 0.3901046812534332, "unseen__wea_pr": 0.0917431190609932, "unseen__wea_rec": 0.32258063554763794, "unseen__wea_f1": 0.1428571492433548, "unseen__gpe_pr": 0.12004069238901138, "unseen__gpe_rec": 0.7814569473266602, "unseen__gpe_f1": 0.20811286568641663, "unseen__veh_pr": 0.17391304671764374, "unseen__veh_rec": 0.6060606241226196, "unseen__veh_f1": 0.27027028799057007, "unseen__fac_pr": 0.2124183028936386, "unseen__fac_rec": 0.625, "unseen__fac_f1": 0.31707316637039185, "unseen__loc_pr": 0.15094339847564697, "unseen__loc_rec": 0.5853658318519592, "unseen__loc_f1": 0.23999999463558197}, "test_metrics_bounds": {"seen__f1": 0.0, "seen__pr": 0.0, "seen__rec": 0.0, "seen__ner_f1": 0.8381221294403076, "seen__ner_pr": 0.7332574725151062, "seen__ner_rec": 0.9779858589172363, "seen__macro_f1": 0.0, "seen__macro_pr": 0.0, "seen__macro_rec": 0.0, "seen__macro_ner_f1": 0.8381221294403076, "seen__macro_ner_pr": 0.7332574725151062, "seen__macro_ner_rec": 0.9779858589172363, "seen__samples_per_s": 477.4562389879063, "seen__samples_total_num": 2050, "seen__samples_total_s": 4.2935872077941895, "unseen__f1": 0.0, "unseen__pr": 0.0, "unseen__rec": 0.0, "unseen__ner_f1": 0.32604676485061646, "unseen__ner_pr": 0.20091064274311066, "unseen__ner_rec": 0.8644897937774658, "unseen__macro_f1": 0.0, "unseen__macro_pr": 0.0, "unseen__macro_rec": 0.0, "unseen__macro_ner_f1": 0.32604676485061646, "unseen__macro_ner_pr": 0.20091064274311066, "unseen__macro_ner_rec": 0.8644897937774658, "unseen__samples_per_s": 529.3631399917095, "unseen__samples_total_num": 2050, "unseen__samples_total_s": 3.8725779056549072}}