{"test_metrics": {"f1": 0.0, "pr": 0.0, "rec": 0.0, "ner_f1": 0.8799312710762024, "ner_pr": 0.8715232014656067, "ner_rec": 0.8885030746459961, "macro_f1": 0.0, "macro_pr": 0.0, "macro_rec": 0.0, "macro_ner_f1": 0.8109007477760315, "macro_ner_pr": 0.7927525639533997, "macro_ner_rec": 0.8318911790847778, "samples_per_s": 182.624859903664, "samples_total_num": 2050, "samples_total_s": 11.225196838378906, "per_pr": 0.9090589880943298, "per_rec": 0.9339826703071594, "per_f1": 0.9213523268699646, "org_pr": 0.8235294222831726, "org_rec": 0.7777777910232544, "org_f1": 0.8000000715255737, "wea_pr": 0.7431192398071289, "wea_rec": 0.7714285850524902, "wea_f1": 0.7570093274116516, "gpe_pr": 0.9013224840164185, "gpe_rec": 0.9050050973892212, "gpe_f1": 0.903160035610199, "veh_pr": 0.782608687877655, "veh_rec": 0.84112149477005, "veh_f1": 0.8108108043670654, "fac_pr": 0.741830050945282, "fac_rec": 0.8136200904846191, "fac_f1": 0.7760683298110962, "loc_pr": 0.6477987170219421, "loc_rec": 0.7803030014038086, "loc_f1": 0.7079037427902222}, "test_metrics_bounds": {"f1": 0.0, "pr": 0.0, "rec": 0.0, "ner_f1": 0.9424715638160706, "ner_pr": 0.9339783787727356, "ner_rec": 0.9511205554008484, "macro_f1": 0.0, "macro_pr": 0.0, "macro_rec": 0.0, "macro_ner_f1": 0.9424715638160706, "macro_ner_pr": 0.9339783787727356, "macro_ner_rec": 0.9511205554008484, "samples_per_s": 182.624859903664, "samples_total_num": 2050, "samples_total_s": 11.225196838378906}, "metrics": {"f1": [0.0, 0.0, 0.0, 0.0, 0.0, 0.0, 0.0, 0.0, 0.0, 0.0, 0.0, 0.0, 0.0, 0.0, 0.0, 0.0, 0.0, 0.0, 0.0, 0.0, 0.0, 0.0, 0.0, 0.0, 0.0], "pr": [0.0, 0.0, 0.0, 0.0, 0.0, 0.0, 0.0, 0.0, 0.0, 0.0, 0.0, 0.0, 0.0, 0.0, 0.0, 0.0, 0.0, 0.0, 0.0, 0.0, 0.0, 0.0, 0.0, 0.0, 0.0], "rec": [0.0, 0.0, 0.0, 0.0, 0.0, 0.0, 0.0, 0.0, 0.0, 0.0, 0.0, 0.0, 0.0, 0.0, 0.0, 0.0, 0.0, 0.0, 0.0, 0.0, 0.0, 0.0, 0.0, 0.0, 0.0], "ner_f1": [0.8043721318244934, 0.8532665967941284, 0.8668881058692932, 0.8418106436729431, 0.8522281646728516, 0.8617326617240906, 0.8656522035598755, 0.8698244094848633, 0.8645308017730713, 0.8662819266319275, 0.8697493076324463, 0.8699073791503906, 0.8653193116188049, 0.8691763281822205, 0.874928891658783, 0.8698263764381409, 0.8653753399848938, 0.8704806566238403, 0.8756527304649353, 0.8745537400245667, 0.8740176558494568, 0.8732326030731201, 0.8744307160377502, 0.8747256398200989, 0.8756685853004456], "ner_pr": [0.7896303534507751, 0.8475854396820068, 0.8638785481452942, 0.8282971382141113, 0.8388722538948059, 0.8687820434570312, 0.8664277791976929, 0.8619093298912048, 0.8646714091300964, 0.8543643355369568, 0.870883584022522, 0.8771697878837585, 0.8604501485824585, 0.8692470192909241, 0.8745735287666321, 0.868276059627533, 0.8591346144676208, 0.8738325238227844, 0.8788077235221863, 0.8728538751602173, 0.870983362197876, 0.8728070259094238, 0.874715268611908, 0.8746545314788818, 0.8729799389839172], "ner_rec": [0.8196747899055481, 0.8590244054794312, 0.869918704032898, 0.8557723760604858, 0.8660162687301636, 0.8547967672348022, 0.8648780584335327, 0.877886176109314, 0.8643902540206909, 0.878536581993103, 0.8686178922653198, 0.8627642393112183, 0.8702439069747925, 0.8691056966781616, 0.8752845525741577, 0.8713821172714233, 0.8717073202133179, 0.8671544790267944, 0.8725203275680542, 0.8762601613998413, 0.8770731687545776, 0.8736585378646851, 0.8741463422775269, 0.8747967481613159, 0.8783739805221558], "macro_f1": [0.0, 0.0, 0.0, 0.0, 0.0, 0.0, 0.0, 0.0, 0.0, 0.0, 0.0, 0.0, 0.0, 0.0, 0.0, 0.0, 0.0, 0.0, 0.0, 0.0, 0.0, 0.0, 0.0, 0.0, 0.0], "macro_pr": [0.0, 0.0, 0.0, 0.0, 0.0, 0.0, 0.0, 0.0, 0.0, 0.0, 0.0, 0.0, 0.0, 0.0, 0.0, 0.0, 0.0, 0.0, 0.0, 0.0, 0.0, 0.0, 0.0, 0.0, 0.0], "macro_rec": [0.0, 0.0, 0.0, 0.0, 0.0, 0.0, 0.0, 0.0, 0.0, 0.0, 0.0, 0.0, 0.0, 0.0, 0.0, 0.0, 0.0, 0.0, 0.0, 0.0, 0.0, 0.0, 0.0, 0.0, 0.0], "macro_ner_f1": [0.6474823355674744, 0.7494922280311584, 0.7805234789848328, 0.7369675636291504, 0.7652209997177124, 0.7703543901443481, 0.7848885655403137, 0.7875185608863831, 0.7653179168701172, 0.7889756560325623, 0.783849835395813, 0.7892765402793884, 0.7915234565734863, 0.7912039160728455, 0.7987784743309021, 0.7912497520446777, 0.7872457504272461, 0.7926473617553711, 0.8033387064933777, 0.8004580736160278, 0.805090069770813, 0.8042458295822144, 0.8015921711921692, 0.8042634725570679, 0.8069659471511841], "macro_ner_pr": [0.7182928919792175, 0.7528566718101501, 0.8030398488044739, 0.7183542251586914, 0.7652795910835266, 0.7808505296707153, 0.7890962958335876, 0.7639167904853821, 0.7831136584281921, 0.7783364057540894, 0.8093644380569458, 0.8266028165817261, 0.7925385236740112, 0.798778235912323, 0.8160184025764465, 0.793807327747345, 0.7714343667030334, 0.7973712682723999, 0.8157574534416199, 0.8194013237953186, 0.808035671710968, 0.8208729028701782, 0.8030500411987305, 0.8045362234115601, 0.7997338175773621], "macro_ner_rec": [0.6433252096176147, 0.7706292867660522, 0.7626848220825195, 0.773995041847229, 0.7734296917915344, 0.7650168538093567, 0.7837355732917786, 0.815601646900177, 0.761703372001648, 0.802979588508606, 0.7634757161140442, 0.7602853178977966, 0.7934755682945251, 0.785593569278717, 0.7836796045303345, 0.7894030809402466, 0.8057332038879395, 0.7896389365196228, 0.792229950428009, 0.7845660448074341, 0.8030902147293091, 0.7893891930580139, 0.8013367652893066, 0.8043199777603149, 0.8150014877319336], "samples_per_s": [189.76887931668054, 186.90258833040392, 181.40318188002655, 199.54359706905583, 193.69223404531814, 200.90165279366317, 177.3337929354863, 189.83523100941795, 187.51890492173274, 193.03360662697867, 183.2140487207969, 187.96192731509313, 192.92267247685456, 186.1365727083884, 185.51402193017918, 190.33935736160078, 180.57612665322603, 191.1234240937534, 197.8273614647349, 182.34701854857337, 196.9045951745005, 199.67896789531412, 189.69745804640178, 188.88637897618315, 189.17343514213835], "samples_total_num": [2420, 2420, 2420, 2420, 2420, 2420, 2420, 2420, 2420, 2420, 2420, 2420, 2420, 2420, 2420, 2420, 2420, 2420, 2420, 2420, 2420, 2420, 2420, 2420, 2420], "samples_total_s": [12.752354383468628, 12.94792127609253, 13.340449571609497, 12.127675533294678, 12.49404764175415, 12.045694828033447, 13.646581172943115, 12.747897148132324, 12.905365467071533, 12.536677122116089, 13.20859408378601, 12.874947786331177, 12.543885946273804, 13.001206398010254, 13.044836044311523, 12.714133501052856, 13.401550054550171, 12.661974906921387, 12.232888221740723, 13.271398782730103, 12.290215969085693, 12.11945366859436, 12.757155656814575, 12.81193494796753, 12.79249382019043], "per_pr": [0.871503472328186, 0.9294449687004089, 0.890106737613678, 0.9195329546928406, 0.920123815536499, 0.937858521938324, 0.9329749941825867, 0.9113697409629822, 0.9208811521530151, 0.9130042195320129, 0.9083832502365112, 0.9324495196342468, 0.908433735370636, 0.9070665240287781, 0.9068249464035034, 0.9112903475761414, 0.9162606596946716, 0.9393165111541748, 0.9235023260116577, 0.9005573391914368, 0.908846378326416, 0.9030070900917053, 0.9150090217590332, 0.9156590104103088, 0.9194284081459045], "per_rec": [0.9058146476745605, 0.8976377844810486, 0.9345850944519043, 0.8824954628944397, 0.9000605940818787, 0.8912780284881592, 0.8937007784843445, 0.9248939752578735, 0.8988491892814636, 0.9185342192649841, 0.9188370704650879, 0.8946093320846558, 0.913385808467865, 0.9251968264579773, 0.925499677658081, 0.923985481262207, 0.9112659096717834, 0.8906723260879517, 0.9103573560714722, 0.9297395348548889, 0.9209569692611694, 0.9276196360588074, 0.9194427728652954, 0.9173228144645691, 0.9158086180686951],