{"test_metrics": {"unseen__f1": 0.0, "unseen__pr": 0.0, "unseen__rec": 0.0, "unseen__ner_f1": 0.466261088848114, "unseen__ner_pr": 0.32961878180503845, "unseen__ner_rec": 0.7964100241661072, "unseen__macro_f1": 0.0, "unseen__macro_pr": 0.0, "unseen__macro_rec": 0.0, "unseen__macro_ner_f1": 0.45720332860946655, "unseen__macro_ner_pr": 0.35479599237442017, "unseen__macro_ner_rec": 0.6762753129005432, "unseen__samples_per_s": 474.3394486692487, "unseen__samples_total_num": 2050, "unseen__samples_total_s": 4.3217995166778564, "unseen__per_pr": 0.3188405930995941, "unseen__per_rec": 0.8913043737411499, "unseen__per_f1": 0.4696693420410156, "unseen__org_pr": 0.4277777671813965, "unseen__org_rec": 0.7333333492279053, "unseen__org_f1": 0.5403509140014648, "unseen__wea_pr": 0.27906978130340576, "unseen__wea_rec": 0.4363636374473572, "unseen__wea_f1": 0.3404255509376526, "unseen__gpe_pr": 0.2594142258167267, "unseen__gpe_rec": 0.8078175783157349, "unseen__gpe_f1": 0.3927157521247864, "unseen__veh_pr": 0.3956044018268585, "unseen__veh_rec": 0.5901639461517334, "unseen__veh_f1": 0.4736842215061188, "unseen__fac_pr": 0.3730407655239105, "unseen__fac_rec": 0.64673912525177, "unseen__fac_f1": 0.4731610119342804, "unseen__loc_pr": 0.429824560880661, "unseen__loc_rec": 0.6282051205635071, "unseen__loc_f1": 0.5104166865348816, "seen__f1": 0.0, "seen__pr": 0.0, "seen__rec": 0.0, "seen__ner_f1": 0.6663407683372498, "seen__ner_pr": 0.5329423546791077, "seen__ner_rec": 0.8888164162635803, "seen__macro_f1": 0.0, "seen__macro_pr": 0.0, "seen__macro_rec": 0.0, "seen__macro_ner_f1": 0.5705938935279846, "seen__macro_ner_pr": 0.44479256868362427, "seen__macro_ner_rec": 0.8221811652183533, "seen__samples_per_s": 521.7869858910412, "seen__samples_total_num": 2050, "seen__samples_total_s": 3.9288063049316406, "seen__per_pr": 0.5889006853103638, "seen__per_rec": 0.9465909004211426, "seen__per_f1": 0.7260841131210327, "seen__org_pr": 0.36250001192092896, "seen__org_rec": 0.6692307591438293, "seen__org_f1": 0.4702702760696411, "seen__wea_pr": 0.5348837375640869, "seen__wea_rec": 0.9200000166893005, "seen__wea_f1": 0.6764705777168274, "seen__gpe_pr": 0.6317991614341736, "seen__gpe_rec": 0.898809552192688, "seen__gpe_f1": 0.7420147657394409, "seen__veh_pr": 0.4395604431629181, "seen__veh_rec": 0.8695651888847351, "seen__veh_f1": 0.5839415788650513, "seen__fac_pr": 0.222570538520813, "seen__fac_rec": 0.7473683953285217, "seen__fac_f1": 0.34299516677856445, "seen__loc_pr": 0.3333333432674408, "seen__loc_rec": 0.7037037014961243, "seen__loc_f1": 0.4523809850215912}, "test_metrics_bounds": {"unseen__f1": 0.0, "unseen__pr": 0.0, "unseen__rec": 0.0, "unseen__ner_f1": 0.5114344954490662, "unseen__ner_pr": 0.36190661787986755, "unseen__ner_rec": 0.8715162873268127, "unseen__macro_f1": 0.0, "unseen__macro_pr": 0.0, "unseen__macro_rec": 0.0, "unseen__macro_ner_f1": 0.5114344954490662, "unseen__macro_ner_pr": 0.36190661787986755, "unseen__macro_ner_rec": 0.8715162873268127, "unseen__samples_per_s": 474.3394486692487, "unseen__samples_total_num": 2050, "unseen__samples_total_s": 4.3217995166778564, "seen__f1": 0.0, "seen__pr": 0.0, "seen__rec": 0.0, "seen__ner_f1": 0.7207450270652771, "seen__ner_pr": 0.5768929123878479, "seen__ner_rec": 0.960169792175293, "seen__macro_f1": 0.0, "seen__macro_pr": 0.0, "seen__macro_rec": 0.0, "seen__macro_ner_f1": 0.7207450270652771, "seen__macro_ner_pr": 0.5768929123878479, "seen__macro_ner_rec": 0.960169792175293, "seen__samples_per_s": 521.7869858910412, "seen__samples_total_num": 2050, "seen__samples_total_s": 3.9288063049316406}}