{"test_metrics": {"Eval_Ent_Precision": 80.721677803696, "Eval_Ent_Recall": 81.39255701701126, "Eval_Ent_F1": 81.055729256749, "Eval_Time": 120.38632225990295, "Eval_Examples": 5000, "Eval_Examples_Per_Second": 41.532957450145055, "seen_Eval_Ent_Precision": 48.34691821625663, "seen_Eval_Ent_Recall": 85.50372528814262, "seen_Eval_Ent_F1": 61.767975191770205, "seen_Eval_Time": 119.92485523223877, "seen_Eval_Examples": 5000, "seen_Eval_Examples_Per_Second": 41.69277494909059, "unseen_Eval_Ent_Precision": 32.420551335759576, "unseen_Eval_Ent_Recall": 75.94936707747291, "unseen_Eval_Ent_F1": 45.44287548255638, "unseen_Eval_Time": 120.46532154083252, "unseen_Eval_Examples": 5000, "unseen_Eval_Examples_Per_Second": 41.50572078376279}}