{"test_metrics": {"seen__f1": 0.0, "seen__pr": 0.0, "seen__rec": 0.0, "seen__ner_f1": 0.6699613332748413, "seen__ner_pr": 0.577616810798645, "seen__ner_rec": 0.7974509596824646, "seen__macro_f1": 0.0, "seen__macro_pr": 0.0, "seen__macro_rec": 0.0, "seen__macro_ner_f1": 0.44112861156463623, "seen__macro_ner_pr": 0.3507497310638428, "seen__macro_ner_rec": 0.7020030617713928, "seen__samples_per_s": 555.3045978074567, "seen__samples_total_num": 3500, "seen__samples_total_s": 6.302847146987915, "seen__organization_pr": 0.1818181872367859, "seen__organization_rec": 0.5470085740089417, "seen__organization_f1": 0.2729211151599884, "seen__location_pr": 0.6667835712432861, "seen__location_rec": 0.8061916828155518, "seen__location_f1": 0.7298905849456787, "seen__person_pr": 0.2036474198102951, "seen__person_rec": 0.7528089880943298, "seen__person_f1": 0.3205741345882416, "unseen__f1": 0.0, "unseen__pr": 0.0, "unseen__rec": 0.0, "unseen__ner_f1": 0.6574081182479858, "unseen__ner_pr": 0.5796619057655334, "unseen__ner_rec": 0.759239912033081, "unseen__macro_f1": 0.0, "unseen__macro_pr": 0.0, "unseen__macro_rec": 0.0, "unseen__macro_ner_f1": 0.6543722748756409, "unseen__macro_ner_pr": 0.6355410814285278, "unseen__macro_ner_rec": 0.6996981501579285, "unseen__samples_per_s": 604.0351533502574, "unseen__samples_total_num": 3751, "unseen__samples_total_s": 6.2099034786224365, "unseen__organization_pr": 0.5858895778656006, "unseen__organization_rec": 0.595943808555603, "unseen__organization_f1": 0.5908739566802979, "unseen__location_pr": 0.5243568420410156, "unseen__location_rec": 0.8301559686660767, "unseen__location_f1": 0.6427373290061951, "unseen__person_pr": 0.7963768243789673, "unseen__person_rec": 0.6729944944381714, "unseen__person_f1": 0.7295054793357849}, "test_metrics_bounds": {"seen__f1": 0.0, "seen__pr": 0.0, "seen__rec": 0.0, "seen__ner_f1": 0.6765505075454712, "seen__ner_pr": 0.583297848701477, "seen__ner_rec": 0.8052940964698792, "seen__macro_f1": 0.0, "seen__macro_pr": 0.0, "seen__macro_rec": 0.0, "seen__macro_ner_f1": 0.6765505075454712, "seen__macro_ner_pr": 0.583297848701477, "seen__macro_ner_rec": 0.8052940964698792, "seen__samples_per_s": 555.3045978074567, "seen__samples_total_num": 3500, "seen__samples_total_s": 6.302847146987915, "unseen__f1": 0.0, "unseen__pr": 0.0, "unseen__rec": 0.0, "unseen__ner_f1": 0.6866933107376099, "unseen__ner_pr": 0.6054838299751282, "unseen__ner_rec": 0.793061375617981, "unseen__macro_f1": 0.0, "unseen__macro_pr": 0.0, "unseen__macro_rec": 0.0, "unseen__macro_ner_f1": 0.6866933107376099, "unseen__macro_ner_pr": 0.6054838299751282, "unseen__macro_ner_rec": 0.793061375617981, "unseen__samples_per_s": 604.0351533502574, "unseen__samples_total_num": 3751, "unseen__samples_total_s": 6.2099034786224365}}