{"test_metrics": {"f1": 0.0, "pr": 0.0, "rec": 0.0, "ner_f1": 0.8074784874916077, "ner_pr": 0.8401835560798645, "ner_rec": 0.777224063873291, "macro_f1": 0.0, "macro_pr": 0.0, "macro_rec": 0.0, "macro_ner_f1": 0.7229664921760559, "macro_ner_pr": 0.752417802810669, "macro_ner_rec": 0.6963124871253967, "samples_per_s": 284.4018235168723, "samples_total_num": 5000, "samples_total_s": 17.580759286880493, "organization_pr": 0.6018893122673035, "organization_rec": 0.5883905291557312, "organization_f1": 0.5950633883476257, "location_pr": 0.8769210577011108, "location_rec": 0.8163365125656128, "location_f1": 0.8455449342727661, "person_pr": 0.7784430980682373, "person_rec": 0.6842105388641357, "person_f1": 0.7282913327217102}, "test_metrics_bounds": {"f1": 0.0, "pr": 0.0, "rec": 0.0, "ner_f1": 0.8299136757850647, "ner_pr": 0.8635275363922119, "ner_rec": 0.7988187670707703, "macro_f1": 0.0, "macro_pr": 0.0, "macro_rec": 0.0, "macro_ner_f1": 0.8299136757850647, "macro_ner_pr": 0.8635275363922119, "macro_ner_rec": 0.7988187670707703, "samples_per_s": 284.4018235168723, "samples_total_num": 5000, "samples_total_s": 17.580759286880493}, "metrics": {"f1": [0.0, 0.0, 0.0, 0.0, 0.0], "pr": [0.0, 0.0, 0.0, 0.0, 0.0], "rec": [0.0, 0.0, 0.0, 0.0, 0.0], "ner_f1": [0.6667560338973999, 0.7859843969345093, 0.8025228381156921, 0.7668609023094177, 0.7763887047767639], "ner_pr": [0.6470639109611511, 0.7770970463752747, 0.8330522775650024, 0.7518823742866516, 0.7714077830314636], "ner_rec": [0.6876843571662903, 0.7950774431228638, 0.7741519212722778, 0.7824483513832092, 0.7814343571662903], "macro_f1": [0.0, 0.0, 0.0, 0.0, 0.0], "macro_pr": [0.0, 0.0, 0.0, 0.0, 0.0], "macro_rec": [0.0, 0.0, 0.0, 0.0, 0.0], "macro_ner_f1": [0.6072683334350586, 0.7043929696083069, 0.718348503112793, 0.6857288479804993, 0.6881110072135925], "macro_ner_pr": [0.5524243712425232, 0.6815713047981262, 0.744771420955658, 0.6324408054351807, 0.6476837992668152], "macro_ner_rec": [0.7136688232421875, 0.7305325865745544, 0.6955848336219788, 0.7760757803916931, 0.7555304169654846], "samples_per_s": [268.8631247425505, 275.28319823075435, 276.47495851693077, 278.25683784197037, 278.9276743750508], "samples_total_num": [5000, 5000, 5000, 5000, 5000], "samples_total_s": [18.59682321548462, 18.163113594055176, 18.08482050895691, 17.96901035308838, 17.925793886184692], "organization_pr": [0.4042379856109619, 0.5259668231010437, 0.5841708779335022, 0.4263322949409485, 0.4776403307914734], "organization_rec": [0.6449934840202332, 0.6189857125282288, 0.6046814322471619, 0.7074122428894043, 0.6527958512306213], "organization_f1": [0.4969939589500427, 0.5686976909637451, 0.5942491888999939, 0.532029390335083, 0.5516483187675476], "location_pr": [0.7620537877082825, 0.8268473148345947, 0.870326817035675, 0.8578790426254272, 0.8900041580200195], "location_rec": [0.6560548543930054, 0.822088897228241, 0.8152320384979248, 0.7745806574821472, 0.7816823720932007], "location_f1": [0.7050927877426147, 0.8244611620903015, 0.8418790698051453, 0.8141047358512878, 0.8323338031768799], "person_pr": [0.4909813404083252, 0.6918997168540955, 0.7798165082931519, 0.6131110191345215, 0.5754068493843079], "person_rec": [0.839958131313324, 0.750523030757904, 0.6668410301208496, 0.8462343215942383, 0.8321129679679871], "person_f1": [0.6197182536125183, 0.7200201153755188, 0.7189173698425293, 0.7110525369644165, 0.680350661277771]}}