{"test_metrics": {"Eval_Ent_Precision": 84.378645126177, "Eval_Ent_Recall": 86.84089019543062, "Eval_Ent_F1": 85.59206334111366, "Eval_Time": 130.23796486854553, "Eval_Examples": 5000, "Eval_Examples_Per_Second": 38.3912632929016, "seen_Eval_Ent_Precision": 60.933153878701994, "seen_Eval_Ent_Recall": 91.770270258981, "seen_Eval_Ent_F1": 73.23806955551618, "seen_Eval_Time": 131.1977150440216, "seen_Eval_Examples": 5000, "seen_Eval_Examples_Per_Second": 38.11041982188728, "unseen_Eval_Ent_Precision": 23.463436523380267, "unseen_Eval_Ent_Recall": 76.10593712100935, "unseen_Eval_Ent_F1": 35.86859612211272, "unseen_Eval_Time": 130.1021909713745, "unseen_Eval_Examples": 5000, "unseen_Eval_Examples_Per_Second": 38.43132819415867}}