{"test_metrics": {"Eval_Ent_Precision": 85.51762113885506, "Eval_Ent_Recall": 86.04672637620338, "Eval_Ent_F1": 85.78135787603564, "Eval_Time": 127.08204984664917, "Eval_Examples": 5000, "Eval_Examples_Per_Second": 39.34465965912209, "seen_Eval_Ent_Precision": 67.03377385884109, "seen_Eval_Ent_Recall": 91.60918097538963, "seen_Eval_Ent_F1": 77.41798716891876, "seen_Eval_Time": 127.04596018791199, "seen_Eval_Examples": 5000, "seen_Eval_Examples_Per_Second": 39.355836207657184, "unseen_Eval_Ent_Precision": 18.483847289191655, "unseen_Eval_Ent_Recall": 70.46885932787343, "unseen_Eval_Ent_F1": 29.286025889403504, "unseen_Eval_Time": 128.3905348777771, "unseen_Eval_Examples": 5000, "unseen_Eval_Examples_Per_Second": 38.94368073752329}}