{"test_metrics": {"unseen_ner_prec_micro": 33.6764705882353, "unseen_ner_rec_micro": 52.76497695852535, "unseen_ner_f1_micro": 41.11310592459605, "unseen_ner_prec_macro": 29.50622071984633, "unseen_ner_rec_macro": 43.64699220387367, "unseen_ner_f1_macro": 33.750068411179605, "unseen_loc_prec_micro": 54.97441728254691, "unseen_loc_rec_micro": 74.27035330261137, "unseen_loc_f1_micro": 63.18196667755635, "unseen_loc_prec_macro": 54.97441728254691, "unseen_loc_rec_macro": 74.27035330261137, "unseen_loc_f1_macro": 63.18196667755635, "unseen_cls_prec_micro": 59.22413793103448, "unseen_cls_rec_micro": 52.76497695852535, "unseen_cls_f1_micro": 55.80828594638505, "unseen_cls_prec_macro": 47.8119009370365, "unseen_cls_rec_macro": 43.64699220387367, "unseen_cls_f1_macro": 45.17341773754593, "unseen_epoch": 0.0, "unseen_iteration": 0.0, "unseen_global_iteration": 0.0, "seen_ner_prec_micro": 13.343253968253968, "seen_ner_rec_micro": 70.23498694516971, "seen_ner_f1_micro": 22.426010837849105, "seen_ner_prec_macro": 13.298347537600694, "seen_ner_rec_macro": 56.183504222719904, "seen_ner_f1_macro": 19.09959988965842, "seen_loc_prec_micro": 17.431192660550458, "seen_loc_rec_micro": 79.37336814621409, "seen_loc_f1_micro": 28.58486130700517, "seen_loc_prec_macro": 17.431192660550458, "seen_loc_rec_macro": 79.37336814621409, "seen_loc_f1_macro": 28.58486130700517, "seen_cls_prec_micro": 82.76923076923077, "seen_cls_rec_micro": 70.23498694516971, "seen_cls_f1_micro": 75.98870056497175, "seen_cls_prec_macro": 70.0334291510762, "seen_cls_rec_macro": 56.183504222719904, "seen_cls_f1_macro": 61.68067052206692, "seen_epoch": 0.0, "seen_iteration": 0.0, "seen_global_iteration": 0.0, "ner_prec_micro": 48.064674179323866, "ner_rec_micro": 58.21958456973294, "ner_f1_micro": 52.65700483091788, "ner_prec_macro": 43.63219743094171, "ner_rec_macro": 53.31234063747402, "ner_f1_macro": 47.48087431148855, "loc_prec_micro": 73.16239316239316, "loc_rec_micro": 76.20178041543026, "loc_f1_micro": 74.65116279069768, "loc_prec_macro": 73.16239316239316, "loc_rec_macro": 76.20178041543026, "loc_f1_macro": 74.65116279069768, "cls_prec_micro": 64.70976253298153, "cls_rec_micro": 58.21958456973294, "cls_f1_micro": 61.293345829428304, "cls_prec_macro": 58.12295370194632, "cls_rec_macro": 53.31234063747402, "cls_f1_macro": 55.16710351210777, "epoch": 0.0, "iteration": 0.0, "global_iteration": 0.0}}