{"test_metrics": {"unseen_ner_prec_micro": 14.020583769191832, "unseen_ner_rec_micro": 75.75205104831359, "unseen_ner_f1_micro": 23.661731207289293, "unseen_ner_prec_macro": 13.83099405213277, "unseen_ner_rec_macro": 63.17467440619394, "unseen_ner_f1_macro": 22.40516596099403, "unseen_loc_prec_micro": 15.674569333105918, "unseen_loc_rec_micro": 83.7739288969918, "unseen_loc_f1_micro": 26.408045977011497, "unseen_loc_prec_macro": 15.674569333105918, "unseen_loc_rec_macro": 83.7739288969918, "unseen_loc_f1_macro": 26.408045977011497, "unseen_cls_prec_micro": 89.25886143931257, "unseen_cls_rec_micro": 75.75205104831359, "unseen_cls_f1_micro": 81.95266272189349, "unseen_cls_prec_macro": 80.84812747598288, "unseen_cls_rec_macro": 63.17467440619394, "unseen_cls_f1_macro": 70.33653498776428, "unseen_epoch": 0.0, "unseen_iteration": 0.0, "unseen_global_iteration": 0.0, "seen_ner_prec_micro": 66.05968639352554, "seen_ner_rec_micro": 89.47248230189541, "seen_ner_f1_micro": 76.00387972841901, "seen_ner_prec_macro": 59.91155938980002, "seen_ner_rec_macro": 86.79117374685248, "seen_ner_f1_macro": 70.67334418739958, "seen_loc_prec_micro": 71.05846258735299, "seen_loc_rec_micro": 95.20438456268552, "seen_loc_f1_micro": 81.37809877025181, "seen_loc_prec_macro": 71.05846258735299, "seen_loc_rec_macro": 95.20438456268552, "seen_loc_f1_macro": 81.37809877025181, "seen_cls_prec_micro": 93.33015721772271, "seen_cls_rec_micro": 89.47248230189541, "seen_cls_f1_micro": 91.3606155998601, "seen_cls_prec_macro": 90.8943611525182, "seen_cls_rec_macro": 86.79117374685248, "seen_cls_f1_macro": 88.77009599416571, "seen_epoch": 0.0, "seen_iteration": 0.0, "seen_global_iteration": 0.0, "ner_prec_micro": 79.96970207035852, "ner_rec_micro": 86.76040905770635, "ner_f1_micro": 83.22676710169046, "ner_prec_macro": 73.68859007658092, "ner_rec_macro": 80.55107882059943, "ner_f1_macro": 76.8760512214109, "loc_prec_micro": 86.6575901974132, "loc_rec_micro": 92.98758217677135, "loc_f1_micro": 89.71106412966878, "loc_prec_macro": 86.6575901974132, "loc_rec_macro": 92.98758217677135, "loc_f1_macro": 89.71106412966878, "cls_prec_micro": 92.46788633709616, "cls_rec_micro": 86.76040905770635, "cls_f1_micro": 89.52327115130959, "cls_prec_macro": 88.34428452757533, "cls_rec_macro": 80.55107882059943, "cls_f1_macro": 84.23516549804376, "epoch": 0.0, "iteration": 0.0, "global_iteration": 0.0}}