{"test_metrics": {"Eval_Ent_Precision": 88.62093603479066, "Eval_Ent_Recall": 90.59532503995787, "Eval_Ent_F1": 89.5972548168332, "Eval_Time": 60.93738317489624, "Eval_Examples": 2050, "Eval_Examples_Per_Second": 33.64109013536567, "seen_Eval_Ent_Precision": 72.77599141737193, "seen_Eval_Ent_Recall": 93.26923074941885, "seen_Eval_Ent_F1": 81.757977109469, "seen_Eval_Time": 61.849770069122314, "seen_Eval_Examples": 2050, "seen_Eval_Examples_Per_Second": 33.14482814906107, "unseen_Eval_Ent_Precision": 15.844944635282262, "unseen_Eval_Ent_Recall": 80.05415157029937, "unseen_Eval_Ent_F1": 26.45392187506477, "unseen_Eval_Time": 62.521955490112305, "unseen_Eval_Examples": 2050, "unseen_Eval_Examples_Per_Second": 32.78848180499093}}