{"test_metrics": {"Eval_Ent_Precision": 88.3154121726468, "Eval_Ent_Recall": 89.99269538349427, "Eval_Ent_F1": 89.14616496412945, "Eval_Time": 64.28425288200378, "Eval_Examples": 2050, "Eval_Examples_Per_Second": 31.889613833777517, "seen_Eval_Ent_Precision": 72.54480285930293, "seen_Eval_Ent_Recall": 93.01470586258516, "seen_Eval_Ent_F1": 81.51429720841148, "seen_Eval_Time": 66.60924506187439, "seen_Eval_Examples": 2050, "seen_Eval_Examples_Per_Second": 30.776508547660647, "unseen_Eval_Ent_Precision": 15.770609331265012, "unseen_Eval_Ent_Recall": 78.29181489627791, "unseen_Eval_Ent_F1": 26.252983307724946, "unseen_Eval_Time": 67.24522972106934, "unseen_Eval_Examples": 2050, "unseen_Eval_Examples_Per_Second": 30.48543381446271}}