{"test_metrics": {"f1": 0.0, "pr": 0.0, "rec": 0.0, "ner_f1": 0.8765515685081482, "ner_pr": 0.8639419078826904, "ner_rec": 0.8895348906517029, "macro_f1": 0.0, "macro_pr": 0.0, "macro_rec": 0.0, "macro_ner_f1": 0.7954657673835754, "macro_ner_pr": 0.7666803002357483, "macro_ner_rec": 0.8283044695854187, "samples_per_s": 272.05416113652126, "samples_total_num": 5000, "samples_total_s": 18.378693342208862, "organization_pr": 0.6451612710952759, "organization_rec": 0.7387862801551819, "organization_f1": 0.6888068318367004, "location_pr": 0.9217637181282043, "location_rec": 0.9177060127258301, "location_f1": 0.9197304248809814, "person_pr": 0.7331159710884094, "person_rec": 0.8284210562705994, "person_f1": 0.777860164642334}, "test_metrics_bounds": {"f1": 0.0, "pr": 0.0, "rec": 0.0, "ner_f1": 0.8940523862838745, "ner_pr": 0.881229817867279, "ner_rec": 0.907253623008728, "macro_f1": 0.0, "macro_pr": 0.0, "macro_rec": 0.0, "macro_ner_f1": 0.8940523862838745, "macro_ner_pr": 0.881229817867279, "macro_ner_rec": 0.907253623008728, "samples_per_s": 272.05416113652126, "samples_total_num": 5000, "samples_total_s": 18.378693342208862}, "metrics": {"f1": [0.0, 0.0, 0.0, 0.0, 0.0, 0.0], "pr": [0.0, 0.0, 0.0, 0.0, 0.0, 0.0], "rec": [0.0, 0.0, 0.0, 0.0, 0.0, 0.0], "ner_f1": [0.8073543310165405, 0.8512169718742371, 0.8707348704338074, 0.8709473609924316, 0.8623746037483215, 0.8646873831748962], "ner_pr": [0.7897381782531738, 0.7953234910964966, 0.8476647734642029, 0.8559095859527588, 0.8462288975715637, 0.8235735893249512], "ner_rec": [0.8257743120193481, 0.9155604839324951, 0.8950958847999573, 0.8865228891372681, 0.8791482448577881, 0.9101216793060303], "macro_f1": [0.0, 0.0, 0.0, 0.0, 0.0, 0.0], "macro_pr": [0.0, 0.0, 0.0, 0.0, 0.0, 0.0], "macro_rec": [0.0, 0.0, 0.0, 0.0, 0.0, 0.0], "macro_ner_f1": [0.6898319721221924, 0.7627891898155212, 0.7938398718833923, 0.7892091870307922, 0.7719656825065613, 0.784251868724823], "macro_ner_pr": [0.6918814182281494, 0.7257651686668396, 0.7999610900878906, 0.7598530650138855, 0.7729375958442688, 0.7580626606941223], "macro_ner_rec": [0.6981601715087891, 0.8138882517814636, 0.7925863265991211, 0.822429358959198, 0.7754070162773132, 0.8172115683555603], "samples_per_s": [232.35649043525137, 229.95295988097436, 237.79657359633367, 264.8093691931543, 259.98916753126116, 268.55718244336003], "samples_total_num": [5000, 5000, 5000, 5000, 5000, 5000], "samples_total_s": [21.51865863800049, 21.743577480316162, 21.02637529373169, 18.88150715827942, 19.23157048225403, 18.618008852005005], "organization_pr": [0.610455334186554, 0.6896551847457886, 0.6957638263702393, 0.6342015862464905, 0.696319043636322, 0.7233145833015442], "organization_rec": [0.4707412123680115, 0.6241872310638428, 0.7048114538192749, 0.7282184362411499, 0.5903770923614502, 0.6697009205818176], "organization_f1": [0.5315712094306946, 0.6552900671958923, 0.7002584338188171, 0.6779660582542419, 0.6389865875244141, 0.6954760551452637], "location_pr": [0.8505337834358215, 0.846145510673523, 0.8616915345191956, 0.9116823077201843, 0.8845792412757874, 0.8681564331054688], "location_rec": [0.8779233694076538, 0.9555528163909912, 0.9543284177780151, 0.9163707494735718, 0.9215133786201477, 0.951389729976654], "location_f1": [0.8640115857124329, 0.897527277469635, 0.9056472182273865, 0.9140205979347229, 0.9026687145233154, 0.9078693389892578], "person_pr": [0.6146551966667175, 0.6414947509765625, 0.8424279689788818, 0.7336753606796265, 0.7379146814346313, 0.6827170848846436], "person_rec": [0.7458158731460571, 0.8619247078895569, 0.7186192274093628, 0.8226987719535828, 0.814330518245697, 0.8305439352989197], "person_f1": [0.6739130616188049, 0.7355501055717468, 0.7756139039993286, 0.7756410837173462, 0.7742416858673096, 0.749410092830658]}}