{"test_metrics": {"unseen__f1": 0.0, "unseen__pr": 0.0, "unseen__rec": 0.0, "unseen__ner_f1": 0.5391634702682495, "unseen__ner_pr": 0.42052194476127625, "unseen__ner_rec": 0.7510592937469482, "unseen__macro_f1": 0.0, "unseen__macro_pr": 0.0, "unseen__macro_rec": 0.0, "unseen__macro_ner_f1": 0.5725634098052979, "unseen__macro_ner_pr": 0.4970107078552246, "unseen__macro_ner_rec": 0.7271202206611633, "unseen__samples_per_s": 547.2239228987569, "unseen__samples_total_num": 2256, "unseen__samples_total_s": 4.122626781463623, "unseen__organization_pr": 0.4901960790157318, "unseen__organization_rec": 0.6425233483314514, "unseen__organization_f1": 0.5561172962188721, "unseen__location_pr": 0.30465400218963623, "unseen__location_rec": 0.7890563011169434, "unseen__location_f1": 0.4395847022533417, "unseen__person_pr": 0.6961819529533386, "unseen__person_rec": 0.7497812509536743, "unseen__person_f1": 0.7219882011413574, "seen__f1": 0.0, "seen__pr": 0.0, "seen__rec": 0.0, "seen__ner_f1": 0.818256139755249, "seen__ner_pr": 0.7253065705299377, "seen__ner_rec": 0.9385307431221008, "seen__macro_f1": 0.0, "seen__macro_pr": 0.0, "seen__macro_rec": 0.0, "seen__macro_ner_f1": 0.6701297760009766, "seen__macro_ner_pr": 0.5506731271743774, "seen__macro_ner_rec": 0.91731858253479, "seen__samples_per_s": 581.934940223767, "seen__samples_total_num": 4630, "seen__samples_total_s": 7.956215858459473, "seen__organization_pr": 0.4357798099517822, "seen__organization_rec": 0.8636363744735718, "seen__organization_f1": 0.5792682766914368, "seen__location_pr": 0.8292993903160095, "seen__location_rec": 0.9411594867706299, "seen__location_f1": 0.8816956281661987, "seen__person_pr": 0.3869400918483734, "seen__person_rec": 0.9471598267555237, "seen__person_f1": 0.5494253039360046}, "test_metrics_bounds": {"unseen__f1": 0.0, "unseen__pr": 0.0, "unseen__rec": 0.0, "unseen__ner_f1": 0.5771863460540771, "unseen__ner_pr": 0.450177937746048, "unseen__ner_rec": 0.804025411605835, "unseen__macro_f1": 0.0, "unseen__macro_pr": 0.0, "unseen__macro_rec": 0.0, "unseen__macro_ner_f1": 0.5771863460540771, "unseen__macro_ner_pr": 0.450177937746048, "unseen__macro_ner_rec": 0.804025411605835, "unseen__samples_per_s": 547.2239228987569, "unseen__samples_total_num": 2256, "unseen__samples_total_s": 4.122626781463623, "seen__f1": 0.0, "seen__pr": 0.0, "seen__rec": 0.0, "seen__ner_f1": 0.8228757977485657, "seen__ner_pr": 0.729432225227356, "seen__ner_rec": 0.9437780976295471, "seen__macro_f1": 0.0, "seen__macro_pr": 0.0, "seen__macro_rec": 0.0, "seen__macro_ner_f1": 0.8228757977485657, "seen__macro_ner_pr": 0.729432225227356, "seen__macro_ner_rec": 0.9437780976295471, "seen__samples_per_s": 581.934940223767, "seen__samples_total_num": 4630, "seen__samples_total_s": 7.956215858459473}}