{"test_metrics": {"Eval_Ent_Precision": 81.9133745774558, "Eval_Ent_Recall": 79.4625542470288, "Eval_Ent_F1": 80.66935407693458, "Eval_Time": 127.45914506912231, "Eval_Examples": 5000, "Eval_Examples_Per_Second": 39.22825621722515, "seen_Eval_Ent_Precision": 48.25321275616312, "seen_Eval_Ent_Recall": 82.74567416495407, "seen_Eval_Ent_F1": 60.95845108268691, "seen_Eval_Time": 126.50427746772766, "seen_Eval_Examples": 5000, "seen_Eval_Examples_Per_Second": 39.52435522407962, "unseen_Eval_Ent_Precision": 33.72679676654416, "unseen_Eval_Ent_Recall": 75.23890421523087, "unseen_Eval_Ent_F1": 46.57552254592467, "unseen_Eval_Time": 126.4131407737732, "unseen_Eval_Examples": 5000, "unseen_Eval_Examples_Per_Second": 39.55285003912619}}