{"test_metrics": {"unseen__f1": 0.0, "unseen__pr": 0.0, "unseen__rec": 0.0, "unseen__ner_f1": 0.46426263451576233, "unseen__ner_pr": 0.34229081869125366, "unseen__ner_rec": 0.7212851643562317, "unseen__macro_f1": 0.0, "unseen__macro_pr": 0.0, "unseen__macro_rec": 0.0, "unseen__macro_ner_f1": 0.502874493598938, "unseen__macro_ner_pr": 0.39677318930625916, "unseen__macro_ner_rec": 0.7245962023735046, "unseen__samples_per_s": 484.8441077824621, "unseen__samples_total_num": 1854, "unseen__samples_total_s": 3.8239095211029053, "unseen__dna_pr": 0.469661146402359, "unseen__dna_rec": 0.758269727230072, "unseen__dna_f1": 0.5800486207008362, "unseen__rna_pr": 0.5882353186607361, "unseen__rna_rec": 0.8571428656578064, "unseen__rna_f1": 0.6976744532585144, "unseen__cell_type_pr": 0.19283276796340942, "unseen__cell_type_rec": 0.645714282989502, "unseen__cell_type_f1": 0.2969776690006256, "unseen__protein_pr": 0.2948496341705322, "unseen__protein_rec": 0.717409610748291, "unseen__protein_f1": 0.417932391166687, "unseen__cell_line_pr": 0.4382871389389038, "unseen__cell_line_rec": 0.644444465637207, "unseen__cell_line_f1": 0.52173912525177, "seen__f1": 0.0, "seen__pr": 0.0, "seen__rec": 0.0, "seen__ner_f1": 0.5892230868339539, "seen__ner_pr": 0.44806554913520813, "seen__ner_rec": 0.8602268695831299, "seen__macro_f1": 0.0, "seen__macro_pr": 0.0, "seen__macro_rec": 0.0, "seen__macro_ner_f1": 0.531777560710907, "seen__macro_ner_pr": 0.3998468816280365, "seen__macro_ner_rec": 0.8393319845199585, "seen__samples_per_s": 560.4537413602981, "seen__samples_total_num": 1854, "seen__samples_total_s": 3.3080339431762695, "seen__dna_pr": 0.2852639853954315, "seen__dna_rec": 0.8062360882759094, "seen__dna_f1": 0.42142027616500854, "seen__rna_pr": 0.29411765933036804, "seen__rna_rec": 0.8823529481887817, "seen__rna_f1": 0.44117647409439087, "seen__cell_type_pr": 0.5443686246871948, "seen__cell_type_rec": 0.7686746716499329, "seen__cell_type_f1": 0.6373625993728638, "seen__protein_pr": 0.5178015828132629, "seen__protein_rec": 0.8991596698760986, "seen__protein_f1": 0.6571617126464844, "seen__cell_line_pr": 0.35768261551856995, "seen__cell_line_rec": 0.8402366638183594, "seen__cell_line_f1": 0.5017667412757874}, "test_metrics_bounds": {"unseen__f1": 0.0, "unseen__pr": 0.0, "unseen__rec": 0.0, "unseen__ner_f1": 0.5083387494087219, "unseen__ner_pr": 0.3748331665992737, "unseen__ner_rec": 0.7895582318305969, "unseen__macro_f1": 0.0, "unseen__macro_pr": 0.0, "unseen__macro_rec": 0.0, "unseen__macro_ner_f1": 0.5083387494087219, "unseen__macro_ner_pr": 0.3748331665992737, "unseen__macro_ner_rec": 0.7895582318305969, "unseen__samples_per_s": 484.8441077824621, "unseen__samples_total_num": 1854, "unseen__samples_total_s": 3.8239095211029053, "seen__f1": 0.0, "seen__pr": 0.0, "seen__rec": 0.0, "seen__ner_f1": 0.5998997092247009, "seen__ner_pr": 0.4562440514564514, "seen__ner_rec": 0.8755945563316345, "seen__macro_f1": 0.0, "seen__macro_pr": 0.0, "seen__macro_rec": 0.0, "seen__macro_ner_f1": 0.5998997092247009, "seen__macro_ner_pr": 0.4562440514564514, "seen__macro_ner_rec": 0.8755945563316345, "seen__samples_per_s": 560.4537413602981, "seen__samples_total_num": 1854, "seen__samples_total_s": 3.3080339431762695}}