{"test_metrics": {"unseen__f1": 0.0, "unseen__pr": 0.0, "unseen__rec": 0.0, "unseen__ner_f1": 0.5472605228424072, "unseen__ner_pr": 0.47603121399879456, "unseen__ner_rec": 0.6435568928718567, "unseen__macro_f1": 0.0, "unseen__macro_pr": 0.0, "unseen__macro_rec": 0.0, "unseen__macro_ner_f1": 0.48890557885169983, "unseen__macro_ner_pr": 0.44232919812202454, "unseen__macro_ner_rec": 0.5876856446266174, "unseen__samples_per_s": 297.86875416947896, "unseen__samples_total_num": 508, "unseen__samples_total_s": 1.705449104309082, "unseen__task_pr": 0.5510948896408081, "unseen__task_rec": 0.6239669322967529, "unseen__task_f1": 0.5852712988853455, "unseen__method_pr": 0.6898148059844971, "unseen__method_rec": 0.7487437129020691, "unseen__method_f1": 0.7180722951889038, "unseen__material_pr": 0.47590360045433044, "unseen__material_rec": 0.6220472455024719, "unseen__material_f1": 0.5392491221427917, "unseen__otherscientificterm_pr": 0.4877192974090576, "unseen__otherscientificterm_rec": 0.609649121761322, "unseen__otherscientificterm_f1": 0.5419102907180786, "unseen__metric_pr": 0.37142857909202576, "unseen__metric_rec": 0.4727272689342499, "unseen__metric_f1": 0.41600000858306885, "unseen__generic_pr": 0.07801418751478195, "unseen__generic_rec": 0.44897958636283875, "unseen__generic_f1": 0.13293051719665527, "seen__f1": 0.0, "seen__pr": 0.0, "seen__rec": 0.0, "seen__ner_f1": 0.4101448953151703, "seen__ner_pr": 0.27369439601898193, "seen__ner_rec": 0.8179190754890442, "seen__macro_f1": 0.0, "seen__macro_pr": 0.0, "seen__macro_rec": 0.0, "seen__macro_ner_f1": 0.35957619547843933, "seen__macro_ner_pr": 0.26728323101997375, "seen__macro_ner_rec": 0.7651016116142273, "seen__samples_per_s": 389.8882203876013, "seen__samples_total_num": 268, "seen__samples_total_s": 0.6873764991760254, "seen__task_pr": 0.11034482717514038, "seen__task_rec": 0.800000011920929, "seen__task_f1": 0.19393940269947052, "seen__method_pr": 0.0917874425649643, "seen__method_rec": 0.7037037014961243, "seen__method_f1": 0.16239316761493683, "seen__material_pr": 0.23000000417232513, "seen__material_rec": 0.7419354915618896, "seen__material_f1": 0.35114502906799316, "seen__otherscientificterm_pr": 0.13650794327259064, "seen__otherscientificterm_rec": 0.7049180269241333, "seen__otherscientificterm_f1": 0.228723406791687, "seen__metric_pr": 0.27272728085517883, "seen__metric_rec": 0.75, "seen__metric_f1": 0.40000003576278687, "seen__generic_pr": 0.7623318433761597, "seen__generic_rec": 0.8900523781776428, "seen__generic_f1": 0.8212559819221497}, "test_metrics_bounds": {"unseen__f1": 0.0, "unseen__pr": 0.0, "unseen__rec": 0.0, "unseen__ner_f1": 0.6820513010025024, "unseen__ner_pr": 0.5934188365936279, "unseen__ner_rec": 0.8018085956573486, "unseen__macro_f1": 0.0, "unseen__macro_pr": 0.0, "unseen__macro_rec": 0.0, "unseen__macro_ner_f1": 0.6820513010025024, "unseen__macro_ner_pr": 0.5934188365936279, "unseen__macro_ner_rec": 0.8018085956573486, "unseen__samples_per_s": 297.86875416947896, "unseen__samples_total_num": 508, "unseen__samples_total_s": 1.705449104309082, "seen__f1": 0.0, "seen__pr": 0.0, "seen__rec": 0.0, "seen__ner_f1": 0.4307469129562378, "seen__ner_pr": 0.2875120937824249, "seen__ner_rec": 0.8583815097808838, "seen__macro_f1": 0.0, "seen__macro_pr": 0.0, "seen__macro_rec": 0.0, "seen__macro_ner_f1": 0.4307469129562378, "seen__macro_ner_pr": 0.2875120937824249, "seen__macro_ner_rec": 0.8583815097808838, "seen__samples_per_s": 389.8882203876013, "seen__samples_total_num": 268, "seen__samples_total_s": 0.6873764991760254}}