{"test_metrics": {"f1": 0.0, "pr": 0.0, "rec": 0.0, "ner_f1": 0.6482325792312622, "ner_pr": 0.6196185350418091, "ner_rec": 0.6796174645423889, "macro_f1": 0.0, "macro_pr": 0.0, "macro_rec": 0.0, "macro_ner_f1": 0.6346192955970764, "macro_ner_pr": 0.6092274188995361, "macro_ner_rec": 0.6641595363616943, "samples_per_s": 144.16402309159076, "samples_total_num": 529, "samples_total_s": 3.669431447982788, "task_pr": 0.6050724387168884, "task_rec": 0.6374045610427856, "task_f1": 0.6208178400993347, "method_pr": 0.7337962985038757, "method_rec": 0.7458823323249817, "method_f1": 0.7397899031639099, "material_pr": 0.6000000238418579, "material_rec": 0.6455696225166321, "material_f1": 0.6219512224197388, "otherscientificterm_pr": 0.5487179756164551, "otherscientificterm_rec": 0.6208897233009338, "otherscientificterm_f1": 0.5825771689414978, "metric_pr": 0.5277777910232544, "metric_rec": 0.5352112650871277, "metric_f1": 0.5314685702323914, "generic_pr": 0.6399999856948853, "generic_rec": 0.800000011920929, "generic_f1": 0.7111111283302307}, "test_metrics_bounds": {"f1": 0.0, "pr": 0.0, "rec": 0.0, "ner_f1": 0.7761619091033936, "ner_pr": 0.7420938014984131, "ner_rec": 0.8135086894035339, "macro_f1": 0.0, "macro_pr": 0.0, "macro_rec": 0.0, "macro_ner_f1": 0.7761619091033936, "macro_ner_pr": 0.7420938014984131, "macro_ner_rec": 0.8135086894035339, "samples_per_s": 144.16402309159076, "samples_total_num": 529, "samples_total_s": 3.669431447982788}, "metrics": {"f1": [0.0, 0.0, 0.0, 0.0, 0.0, 0.0, 0.0, 0.0, 0.0, 0.0, 0.0, 0.0, 0.0, 0.0, 0.0, 0.0, 0.0, 0.0, 0.0, 0.0, 0.0, 0.0, 0.0, 0.0, 0.0], "pr": [0.0, 0.0, 0.0, 0.0, 0.0, 0.0, 0.0, 0.0, 0.0, 0.0, 0.0, 0.0, 0.0, 0.0, 0.0, 0.0, 0.0, 0.0, 0.0, 0.0, 0.0, 0.0, 0.0, 0.0, 0.0], "rec": [0.0, 0.0, 0.0, 0.0, 0.0, 0.0, 0.0, 0.0, 0.0, 0.0, 0.0, 0.0, 0.0, 0.0, 0.0, 0.0, 0.0, 0.0, 0.0, 0.0, 0.0, 0.0, 0.0, 0.0, 0.0], "ner_f1": [0.38089174032211304, 0.5678859353065491, 0.5938048362731934, 0.5979262590408325, 0.6520190238952637, 0.6265466809272766, 0.6441681385040283, 0.6531100869178772, 0.6348082423210144, 0.6470588445663452, 0.6418547630310059, 0.6549502015113831, 0.6598062515258789, 0.644108772277832, 0.6370875835418701, 0.6464183330535889, 0.6605950593948364, 0.6597938537597656, 0.6523297429084778, 0.6642202138900757, 0.6568446755409241, 0.6610272526741028, 0.6595237851142883, 0.66786789894104, 0.6674669981002808], "ner_pr": [0.38730570673942566, 0.5619632005691528, 0.5564074516296387, 0.55330491065979, 0.6196388006210327, 0.5683673620223999, 0.6105499267578125, 0.6247139573097229, 0.5997770428657532, 0.6209677457809448, 0.6254459023475647, 0.6149615049362183, 0.6381732821464539, 0.6219369769096375, 0.5833333134651184, 0.5955649614334106, 0.6407538056373596, 0.6392479538917542, 0.6232876777648926, 0.6487455368041992, 0.6438026428222656, 0.6382730603218079, 0.6281179189682007, 0.6412917971611023, 0.6405529975891113], "ner_rec": [0.37468671798706055, 0.5739348530769348, 0.6365914940834045, 0.6503759622573853, 0.6879699230194092, 0.6979950070381165, 0.6817042827606201, 0.6842105388641357, 0.6741854548454285, 0.6754385828971863, 0.6591478586196899, 0.7005012631416321, 0.6829574108123779, 0.6679198145866394, 0.7017543911933899, 0.7067669034004211, 0.6817042827606201, 0.6817042827606201, 0.6842105388641357, 0.6804511547088623, 0.670426070690155, 0.6854636669158936, 0.6942355632781982, 0.6967418789863586, 0.6967418789863586], "macro_f1": [0.0, 0.0, 0.0, 0.0, 0.0, 0.0, 0.0, 0.0, 0.0, 0.0, 0.0, 0.0, 0.0, 0.0, 0.0, 0.0, 0.0, 0.0, 0.0, 0.0, 0.0, 0.0, 0.0, 0.0, 0.0], "macro_pr": [0.0, 0.0, 0.0, 0.0, 0.0, 0.0, 0.0, 0.0, 0.0, 0.0, 0.0, 0.0, 0.0, 0.0, 0.0, 0.0, 0.0, 0.0, 0.0, 0.0, 0.0, 0.0, 0.0, 0.0, 0.0], "macro_rec": [0.0, 0.0, 0.0, 0.0, 0.0, 0.0, 0.0, 0.0, 0.0, 0.0, 0.0, 0.0, 0.0, 0.0, 0.0, 0.0, 0.0, 0.0, 0.0, 0.0, 0.0, 0.0, 0.0, 0.0, 0.0], "macro_ner_f1": [0.23416666686534882, 0.4703224003314972, 0.5630610585212708, 0.5664910078048706, 0.6248614192008972, 0.6033715009689331, 0.6224957704544067, 0.60927814245224, 0.6076197028160095, 0.6159765720367432, 0.6023299694061279, 0.6254522800445557, 0.6341186761856079, 0.6220029592514038, 0.6072976589202881, 0.6266639828681946, 0.6296303868293762, 0.6242005228996277, 0.6261279582977295, 0.6313007473945618, 0.6272791624069214, 0.6334124803543091, 0.6302362084388733, 0.6386042237281799, 0.6378785967826843], "macro_ner_pr": [0.2046469897031784, 0.5607348084449768, 0.5787988305091858, 0.5585866570472717, 0.6104028820991516, 0.5582835674285889, 0.6075961589813232, 0.585478663444519, 0.5830921530723572, 0.5984624028205872, 0.6009645462036133, 0.61714768409729, 0.6197125911712646, 0.6060399413108826, 0.5508718490600586, 0.580367922782898, 0.6167325973510742, 0.6286969780921936, 0.6154295802116394, 0.6232185363769531, 0.630277693271637, 0.6181077361106873, 0.6077890992164612, 0.6225104928016663, 0.6229965686798096], "macro_ner_rec": [0.2774581015110016, 0.46700143814086914, 0.5791241526603699, 0.5933855175971985, 0.6449992656707764, 0.659330427646637, 0.6507231593132019, 0.635730504989624, 0.6490864157676697, 0.6404033303260803, 0.6107308268547058, 0.6451423764228821, 0.6505191326141357, 0.6429591178894043, 0.6835556030273438, 0.6905539631843567, 0.648212194442749, 0.6278071999549866, 0.6470670104026794, 0.6412099003791809, 0.6295956969261169, 0.6527917981147766, 0.6582306027412415, 0.6593117117881775, 0.6572337746620178], "samples_per_s": [141.82390551376488, 153.53925960592701, 139.2394479600213, 154.31411720989098, 150.8709883959339, 159.7805513614809, 192.54904529652654, 159.96176826469667, 187.68408423727328, 158.5730218560848, 156.3018859811624, 173.17338458096188, 158.48339920827988, 184.35173392415018, 160.9931353607534, 155.2134350289755, 152.861379086938, 137.11734210500177, 140.6721288552262, 147.2848786923222, 152.50466036595444, 156.48155817037582, 157.31195562971504, 159.10042789316634, 152.49465858503368], "samples_total_num": [260, 260, 260, 260, 260, 260, 260, 260, 260, 260, 260, 260, 260, 260, 260, 260, 260, 260, 260, 260, 260, 260, 260, 260, 260], "samples_total_s": [1.8332593441009521, 1.69337797164917, 1.8672869205474854, 1.6848750114440918, 1.7233266830444336, 1.6272318363189697, 1.3503053188323975, 1.6253883838653564, 1.3853065967559814, 1.6396231651306152, 1.663447618484497, 1.5013854503631592, 1.6405503749847412, 1.4103474617004395, 1.6149756908416748, 1.6751127243041992, 1.7008874416351318, 1.896186113357544, 1.8482694625854492, 1.7652864456176758, 1.7048659324645996, 1.6615376472473145, 1.6527669429779053, 1.634187936782837, 1.7049777507781982], "task_pr": [0.0, 0.6160714030265808, 0.6811594367027283, 0.5922330021858215, 0.5859375, 0.5, 0.4583333432674408, 0.5968992114067078, 0.625, 0.49700599908828735, 0.582608699798584, 0.5413534045219421, 0.5839999914169312, 0.5555555820465088, 0.5572519302368164, 0.5555555820465088, 0.6052631735801697, 0.5572519302368164, 0.582608699798584, 0.5967742204666138, 0.60550457239151, 0.5360000133514404, 0.5737704634666443, 0.5655737519264221, 0.5483871102333069], "task_rec": [0.0, 0.5476190447807312, 0.3730158805847168, 0.4841269850730896, 0.5952380895614624, 0.5873016119003296, 0.6984127163887024, 0.6111111044883728, 0.4761904776096344, 0.658730149269104, 0.5317460298538208, 0.5714285969734192, 0.579365074634552, 0.5952380895614624, 0.579365074634552, 0.5952380895614624, 0.5476190447807312, 0.579365074634552, 0.5317460298538208, 0.5873016119003296, 0.523809552192688, 0.5317460298538208, 0.5555555820465088, 0.5476190447807312, 0.5396825671195984], "task_f1": [0.0, 0.5798318982124329, 0.4820512533187866, 0.5327510833740234, 0.5905511975288391, 0.540145993232727, 0.553459107875824, 0.6039215326309204, 0.5405405759811401, 0.5665528774261475, 0.5560165643692017, 0.555984616279602, 0.581673264503479, 0.5747126936912537, 0.5680934190750122, 0.5747126936912537, 0.5750000476837158, 0.5680934190750122, 0.5560165643692017, 0.5920000076293945, 0.5617020726203918, 0.5338645577430725, 0.5645160675048828, 0.5564516186714172, 0.5440000295639038],