{"test_metrics": {"f1": 0.0, "pr": 0.0, "rec": 0.0, "ner_f1": 0.8879676461219788, "ner_pr": 0.8876252770423889, "ner_rec": 0.8883101940155029, "macro_f1": 0.0, "macro_pr": 0.0, "macro_rec": 0.0, "macro_ner_f1": 0.8214866518974304, "macro_ner_pr": 0.8232063055038452, "macro_ner_rec": 0.8212787508964539, "samples_per_s": 127.9840568641054, "samples_total_num": 2050, "samples_total_s": 16.017620086669922, "per_pr": 0.9228045344352722, "per_rec": 0.9401154518127441, "per_f1": 0.9313795566558838, "org_pr": 0.8402130603790283, "org_rec": 0.7790123224258423, "org_f1": 0.8084560632705688, "wea_pr": 0.8105263113975525, "wea_rec": 0.7333333492279053, "wea_f1": 0.7699999809265137, "gpe_pr": 0.903160035610199, "gpe_rec": 0.9050050973892212, "gpe_f1": 0.9040817022323608, "veh_pr": 0.8090909123420715, "veh_rec": 0.8317757248878479, "veh_f1": 0.8202764987945557, "fac_pr": 0.7437722682952881, "fac_rec": 0.7491039633750916, "fac_f1": 0.7464285492897034, "loc_pr": 0.732876718044281, "loc_rec": 0.810606062412262, "loc_f1": 0.769784152507782}, "test_metrics_bounds": {"f1": 0.0, "pr": 0.0, "rec": 0.0, "ner_f1": 0.9472870826721191, "ner_pr": 0.9467387199401855, "ner_rec": 0.94783616065979, "macro_f1": 0.0, "macro_pr": 0.0, "macro_rec": 0.0, "macro_ner_f1": 0.9472870826721191, "macro_ner_pr": 0.9467387199401855, "macro_ner_rec": 0.94783616065979, "samples_per_s": 127.9840568641054, "samples_total_num": 2050, "samples_total_s": 16.017620086669922}, "metrics": {"f1": [0.0, 0.0, 0.0, 0.0, 0.0, 0.0, 0.0, 0.0, 0.0, 0.0, 0.0, 0.0, 0.0, 0.0, 0.0, 0.0, 0.0, 0.0, 0.0, 0.0, 0.0, 0.0, 0.0, 0.0, 0.0], "pr": [0.0, 0.0, 0.0, 0.0, 0.0, 0.0, 0.0, 0.0, 0.0, 0.0, 0.0, 0.0, 0.0, 0.0, 0.0, 0.0, 0.0, 0.0, 0.0, 0.0, 0.0, 0.0, 0.0, 0.0, 0.0], "rec": [0.0, 0.0, 0.0, 0.0, 0.0, 0.0, 0.0, 0.0, 0.0, 0.0, 0.0, 0.0, 0.0, 0.0, 0.0, 0.0, 0.0, 0.0, 0.0, 0.0, 0.0, 0.0, 0.0, 0.0, 0.0], "ner_f1": [0.8213697075843811, 0.8510366082191467, 0.8593279719352722, 0.8629809617996216, 0.8624584078788757, 0.8716581463813782, 0.8736210465431213, 0.8748882412910461, 0.8749185800552368, 0.8772752285003662, 0.8711970448493958, 0.8774162530899048, 0.8777697086334229, 0.8779975771903992, 0.8784422278404236, 0.877765953540802, 0.8794635534286499, 0.8818820714950562, 0.882295548915863, 0.8810657262802124, 0.8852404952049255, 0.8821806311607361, 0.8812596797943115, 0.8819624781608582, 0.8818630576133728], "ner_pr": [0.7935425043106079, 0.8380892276763916, 0.8599576354026794, 0.8747285604476929, 0.8618282079696655, 0.8659926056861877, 0.8716412782669067, 0.8748170733451843, 0.8763458132743835, 0.8729673027992249, 0.8559548258781433, 0.8692945837974548, 0.8699887990951538, 0.8720128536224365, 0.8803069591522217, 0.8815811276435852, 0.8739563226699829, 0.8769898414611816, 0.8821521401405334, 0.8750601410865784, 0.8893812298774719, 0.8828990459442139, 0.8797601461410522, 0.8782650828361511, 0.8771111369132996], "ner_rec": [0.8512195348739624, 0.8643902540206909, 0.8586992025375366, 0.8515447378158569, 0.8630894422531128, 0.8773983716964722, 0.8756097555160522, 0.8749593496322632, 0.8734959363937378, 0.8816260099411011, 0.8869918584823608, 0.8856910467147827, 0.8856910467147827, 0.8840650320053101, 0.8765853643417358, 0.8739837408065796, 0.8850406408309937, 0.8868292570114136, 0.8824390172958374, 0.8871544599533081, 0.8811382055282593, 0.8814634084701538, 0.8827642202377319, 0.8856910467147827, 0.8866666555404663], "macro_f1": [0.0, 0.0, 0.0, 0.0, 0.0, 0.0, 0.0, 0.0, 0.0, 0.0, 0.0, 0.0, 0.0, 0.0, 0.0, 0.0, 0.0, 0.0, 0.0, 0.0, 0.0, 0.0, 0.0, 0.0, 0.0], "macro_pr": [0.0, 0.0, 0.0, 0.0, 0.0, 0.0, 0.0, 0.0, 0.0, 0.0, 0.0, 0.0, 0.0, 0.0, 0.0, 0.0, 0.0, 0.0, 0.0, 0.0, 0.0, 0.0, 0.0, 0.0, 0.0], "macro_rec": [0.0, 0.0, 0.0, 0.0, 0.0, 0.0, 0.0, 0.0, 0.0, 0.0, 0.0, 0.0, 0.0, 0.0, 0.0, 0.0, 0.0, 0.0, 0.0, 0.0, 0.0, 0.0, 0.0, 0.0, 0.0], "macro_ner_f1": [0.7135621309280396, 0.7694340944290161, 0.7773433327674866, 0.7772267460823059, 0.782296359539032, 0.7959737777709961, 0.792336106300354, 0.804000735282898, 0.8078150749206543, 0.8074480295181274, 0.8043187260627747, 0.8101029992103577, 0.8030123114585876, 0.8043357133865356, 0.8125780820846558, 0.815338134765625, 0.8062060475349426, 0.8065274357795715, 0.8087493777275085, 0.8098189234733582, 0.8162823915481567, 0.8149464726448059, 0.8112239241600037, 0.8120563626289368, 0.8131961226463318], "macro_ner_pr": [0.7550033926963806, 0.7819885611534119, 0.7820506691932678, 0.7979102730751038, 0.8031830787658691, 0.8021628260612488, 0.7835652232170105, 0.7936267256736755, 0.8281957507133484, 0.8132621049880981, 0.7854695320129395, 0.8138545751571655, 0.8012251257896423, 0.8207823634147644, 0.8218277096748352, 0.8284962773323059, 0.7958447337150574, 0.8064183592796326, 0.8165016770362854, 0.8008717894554138, 0.8245832324028015, 0.8178744912147522, 0.8072136044502258, 0.8111594319343567, 0.8115643858909607], "macro_ner_rec": [0.6967319846153259, 0.7740808725357056, 0.7783408164978027, 0.7600780129432678, 0.7693976163864136, 0.794838011264801, 0.8027096390724182, 0.8165497779846191, 0.794443666934967, 0.803534984588623, 0.826238751411438, 0.8078437447547913, 0.809857189655304, 0.7917361259460449, 0.8043802380561829, 0.804535448551178, 0.8192024230957031, 0.8100840449333191, 0.8025933504104614, 0.8206602931022644, 0.8088560104370117, 0.8124168515205383, 0.8154163360595703, 0.8132956624031067, 0.8152592778205872], "samples_per_s": [148.82524074060552, 155.18468633973245, 160.86310556917, 163.17153716121445, 149.24521651675684, 153.17231889436985, 161.51136032447468, 150.0126064072969, 156.49605772451056, 165.0557300863111, 157.2778147110234, 152.13611549352905, 154.82021316597283, 153.71569089464236, 152.08844964613516, 155.34964965878214, 165.52639095067696, 134.9263890496229, 137.88874484009884, 140.69648046292068, 139.10578098321852, 135.51226660343787, 136.2529662580122, 140.2675892199338, 131.1211467252692], "samples_total_num": [2420, 2420, 2420, 2420, 2420, 2420, 2420, 2420, 2420, 2420, 2420, 2420, 2420, 2420, 2420, 2420, 2420, 2420, 2420, 2420, 2420, 2420, 2420, 2420, 2420], "samples_total_s": [16.260682582855225, 15.594322204589844, 15.04384732246399, 14.831017971038818, 16.214925050735474, 15.799199342727661, 14.983466148376465, 16.131977558135986, 15.463648319244385, 14.661714553833008, 15.386785507202148, 15.906808137893677, 15.631033897399902, 15.743350505828857, 15.91179347038269, 15.577762842178345, 14.620025157928467, 17.93570566177368, 17.55038094520569, 17.200145959854126, 17.396832704544067, 17.85816192626953, 17.761081218719482, 17.25273823738098, 18.456214427947998], "per_pr": [0.807510495185852, 0.8990554809570312, 0.878573477268219, 0.9127082228660583, 0.9184234738349915, 0.9189518690109253, 0.9240661263465881, 0.9175973534584045, 0.9298409819602966, 0.9058614373207092, 0.9144578576087952, 0.9090103507041931, 0.9142178893089294, 0.9137313365936279, 0.9298299551010132, 0.9397972226142883, 0.9175692200660706, 0.920337975025177, 0.9157454371452332, 0.9217944741249084, 0.9260274171829224, 0.9261294007301331, 0.9248855113983154, 0.9221212267875671, 0.917919397354126], "per_rec": [0.9312537908554077, 0.9224712252616882, 0.9400363564491272, 0.8961235880851746, 0.9103573560714722, 0.913385808467865, 0.9139915108680725, 0.9206541776657104, 0.9030890464782715, 0.9267110824584961, 0.9194427728652954, 0.9318594932556152, 0.9327680468559265, 0.9270139336585999, 0.9109630584716797, 0.8982434868812561, 0.9236826300621033, 0.9236826300621033, 0.9282253384590149, 0.9209569692611694, 0.9212598204612732, 0.9188370704650879, 0.9173228144645691, 0.921562671661377, 0.9245911836624146],