{"test_metrics": {"seen__f1": 0.0, "seen__pr": 0.0, "seen__rec": 0.0, "seen__ner_f1": 0.8119861483573914, "seen__ner_pr": 0.7234001755714417, "seen__ner_rec": 0.9252958297729492, "seen__macro_f1": 0.0, "seen__macro_pr": 0.0, "seen__macro_rec": 0.0, "seen__macro_ner_f1": 0.7679796814918518, "seen__macro_ner_pr": 0.6724115014076233, "seen__macro_ner_rec": 0.8984293937683105, "seen__samples_per_s": 487.2422028594455, "seen__samples_total_num": 2050, "seen__samples_total_s": 4.207353115081787, "seen__per_pr": 0.7588527202606201, "seen__per_rec": 0.9592658877372742, "seen__per_f1": 0.847370445728302, "seen__org_pr": 0.5965379476547241, "seen__org_rec": 0.8160291314125061, "seen__org_f1": 0.689230740070343, "seen__wea_pr": 0.7157894968986511, "seen__wea_rec": 0.9066666960716248, "seen__wea_f1": 0.8000000715255737, "seen__gpe_pr": 0.7849133610725403, "seen__gpe_rec": 0.9265944361686707, "seen__gpe_f1": 0.8498896360397339, "seen__veh_pr": 0.6545454263687134, "seen__veh_rec": 0.9230769276618958, "seen__veh_f1": 0.7659574151039124, "seen__fac_pr": 0.5729537606239319, "seen__fac_rec": 0.8563829660415649, "seen__fac_f1": 0.6865671873092651, "seen__loc_pr": 0.6232876777648926, "seen__loc_rec": 0.9009901285171509, "seen__loc_f1": 0.736842155456543, "unseen__f1": 0.0, "unseen__pr": 0.0, "unseen__rec": 0.0, "unseen__ner_f1": 0.26979100704193115, "unseen__ner_pr": 0.16422513127326965, "unseen__ner_rec": 0.7553191781044006, "unseen__macro_f1": 0.0, "unseen__macro_pr": 0.0, "unseen__macro_rec": 0.0, "unseen__macro_ner_f1": 0.23857752978801727, "unseen__macro_ner_pr": 0.15079477429389954, "unseen__macro_ner_rec": 0.6107622981071472, "unseen__samples_per_s": 529.3943311251232, "unseen__samples_total_num": 2050, "unseen__samples_total_s": 3.872349739074707, "unseen__per_pr": 0.1639518439769745, "unseen__per_rec": 0.8605948090553284, "unseen__per_f1": 0.2754313051700592, "unseen__org_pr": 0.243675097823143, "unseen__org_rec": 0.7011494040489197, "unseen__org_f1": 0.36166006326675415, "unseen__wea_pr": 0.09473684430122375, "unseen__wea_rec": 0.30000001192092896, "unseen__wea_f1": 0.14399999380111694, "unseen__gpe_pr": 0.11824668943881989, "unseen__gpe_rec": 0.7837837934494019, "unseen__gpe_f1": 0.2054915875196457, "unseen__veh_pr": 0.15454545617103577, "unseen__veh_rec": 0.5862069129943848, "unseen__veh_f1": 0.24460433423519135, "unseen__fac_pr": 0.1708185076713562, "unseen__fac_rec": 0.5274725556373596, "unseen__fac_f1": 0.25806453824043274, "unseen__loc_pr": 0.10958904027938843, "unseen__loc_rec": 0.5161290168762207, "unseen__loc_f1": 0.1807909607887268}, "test_metrics_bounds": {"seen__f1": 0.0, "seen__pr": 0.0, "seen__rec": 0.0, "seen__ner_f1": 0.8560285568237305, "seen__ner_pr": 0.762446939945221, "seen__ner_rec": 0.9757965207099915, "seen__macro_f1": 0.0, "seen__macro_pr": 0.0, "seen__macro_rec": 0.0, "seen__macro_ner_f1": 0.8560285568237305, "seen__macro_ner_pr": 0.762446939945221, "seen__macro_ner_rec": 0.9757965207099915, "seen__samples_per_s": 487.2422028594455, "seen__samples_total_num": 2050, "seen__samples_total_s": 4.207353115081787, "unseen__f1": 0.0, "unseen__pr": 0.0, "unseen__rec": 0.0, "unseen__ner_f1": 0.30301108956336975, "unseen__ner_pr": 0.18448475003242493, "unseen__ner_rec": 0.847517728805542, "unseen__macro_f1": 0.0, "unseen__macro_pr": 0.0, "unseen__macro_rec": 0.0, "unseen__macro_ner_f1": 0.30301108956336975, "unseen__macro_ner_pr": 0.18448475003242493, "unseen__macro_ner_rec": 0.847517728805542, "unseen__samples_per_s": 529.3943311251232, "unseen__samples_total_num": 2050, "unseen__samples_total_s": 3.872349739074707}}