{"test_metrics": {"Eval_Ent_Precision": 84.74729235605182, "Eval_Ent_Recall": 87.02502310097307, "Eval_Ent_F1": 85.87105617581882, "Eval_Time": 8.85263967514038, "Eval_Examples": 288, "Eval_Examples_Per_Second": 32.532669414835645, "seen_Eval_Ent_Precision": 33.57400724986641, "seen_Eval_Ent_Recall": 95.8762884233181, "seen_Eval_Ent_F1": 49.73262032157053, "seen_Eval_Time": 8.83655834197998, "seen_Eval_Examples": 288, "seen_Eval_Examples_Per_Second": 32.59187444412535, "unseen_Eval_Ent_Precision": 51.173285196438115, "unseen_Eval_Ent_Recall": 82.05499267133143, "unseen_Eval_Ent_F1": 63.0350194262701, "unseen_Eval_Time": 8.826977014541626, "unseen_Eval_Examples": 288, "unseen_Eval_Examples_Per_Second": 32.62725160896496}}