{"test_metrics": {"Eval_Ent_Precision": 83.6007129525834, "Eval_Ent_Recall": 86.93234469521344, "Eval_Ent_F1": 85.23398448844347, "Eval_Time": 8.97092342376709, "Eval_Examples": 288, "Eval_Examples_Per_Second": 32.10371846860135, "seen_Eval_Ent_Precision": 27.540106991907116, "seen_Eval_Ent_Recall": 95.66563439216326, "seen_Eval_Ent_F1": 42.768166109984314, "seen_Eval_Time": 8.621041297912598, "seen_Eval_Examples": 288, "seen_Eval_Examples_Per_Second": 33.406637324627255, "unseen_Eval_Ent_Precision": 56.06060604980284, "unseen_Eval_Ent_Recall": 83.20105811322472, "unseen_Eval_Ent_F1": 66.9861554483788, "unseen_Eval_Time": 8.9159414768219, "unseen_Eval_Examples": 288, "unseen_Eval_Examples_Per_Second": 32.30169250759349}}