{"test_metrics": {"Eval_Ent_Precision": 86.43306372608613, "Eval_Ent_Recall": 89.15662643344461, "Eval_Ent_F1": 87.77372255880707, "Eval_Time": 9.191517114639282, "Eval_Examples": 288, "Eval_Examples_Per_Second": 31.33323872522675, "seen_Eval_Ent_Precision": 35.040431293727885, "seen_Eval_Ent_Recall": 96.05911307360043, "seen_Eval_Ent_F1": 51.34957208334543, "seen_Eval_Time": 8.991655111312866, "seen_Eval_Examples": 288, "seen_Eval_Examples_Per_Second": 32.02969825184379, "unseen_Eval_Ent_Precision": 51.39263252220552, "unseen_Eval_Ent_Recall": 84.99257047550499, "unseen_Eval_Ent_F1": 64.05375136830067, "unseen_Eval_Time": 9.259966373443604, "unseen_Eval_Examples": 288, "unseen_Eval_Examples_Per_Second": 31.10162482079277}}