{"test_metrics": {"seen__f1": 0.0, "seen__pr": 0.0, "seen__rec": 0.0, "seen__ner_f1": 0.5685685873031616, "seen__ner_pr": 0.4074605405330658, "seen__ner_rec": 0.940397322177887, "seen__macro_f1": 0.0, "seen__macro_pr": 0.0, "seen__macro_rec": 0.0, "seen__macro_ner_f1": 0.5197057723999023, "seen__macro_ner_pr": 0.3690623939037323, "seen__macro_ner_rec": 0.8941174149513245, "seen__samples_per_s": 240.61330586847822, "seen__samples_total_num": 172, "seen__samples_total_s": 0.7148399353027344, "seen__loc_pr": 0.4909747242927551, "seen__loc_rec": 0.9927007555961609, "seen__loc_f1": 0.6570048332214355, "seen__org_pr": 0.3396226465702057, "seen__org_rec": 0.8181818127632141, "seen__org_f1": 0.47999998927116394, "seen__peop_pr": 0.395652174949646, "seen__peop_rec": 0.9578947424888611, "seen__peop_f1": 0.5600000023841858, "seen__other_pr": 0.25, "seen__other_rec": 0.807692289352417, "seen__other_f1": 0.38181817531585693, "unseen__f1": 0.0, "unseen__pr": 0.0, "unseen__rec": 0.0, "unseen__ner_f1": 0.7193370461463928, "unseen__ner_pr": 0.6182336211204529, "unseen__ner_rec": 0.8599736094474792, "unseen__macro_f1": 0.0, "unseen__macro_pr": 0.0, "unseen__macro_rec": 0.0, "unseen__macro_ner_f1": 0.690832257270813, "unseen__macro_ner_pr": 0.6018360257148743, "unseen__macro_ner_rec": 0.8147410750389099, "unseen__samples_per_s": 512.2668056279313, "unseen__samples_total_num": 270, "unseen__samples_total_s": 0.527069091796875, "unseen__loc_pr": 0.5833333134651184, "unseen__loc_rec": 0.909747302532196, "unseen__loc_f1": 0.7108603715896606, "unseen__org_pr": 0.6180904507637024, "unseen__org_rec": 0.8145695328712463, "unseen__org_f1": 0.7028571367263794, "unseen__peop_pr": 0.7297297120094299, "unseen__peop_rec": 0.9686098694801331, "unseen__peop_f1": 0.8323699235916138, "unseen__other_pr": 0.4761904776096344, "unseen__other_rec": 0.5660377144813538, "unseen__other_f1": 0.517241358757019}, "test_metrics_bounds": {"seen__f1": 0.0, "seen__pr": 0.0, "seen__rec": 0.0, "seen__ner_f1": 0.5771543383598328, "seen__ner_pr": 0.4137931168079376, "seen__ner_rec": 0.9536423683166504, "seen__macro_f1": 0.0, "seen__macro_pr": 0.0, "seen__macro_rec": 0.0, "seen__macro_ner_f1": 0.5771543383598328, "seen__macro_ner_pr": 0.4137931168079376, "seen__macro_ner_rec": 0.9536423683166504, "seen__samples_per_s": 240.61330586847822, "seen__samples_total_num": 172, "seen__samples_total_s": 0.7148399353027344, "unseen__f1": 0.0, "unseen__pr": 0.0, "unseen__rec": 0.0, "unseen__ner_f1": 0.7407407760620117, "unseen__ner_pr": 0.6368821263313293, "unseen__ner_rec": 0.885072648525238, "unseen__macro_f1": 0.0, "unseen__macro_pr": 0.0, "unseen__macro_rec": 0.0, "unseen__macro_ner_f1": 0.7407407760620117, "unseen__macro_ner_pr": 0.6368821263313293, "unseen__macro_ner_rec": 0.885072648525238, "unseen__samples_per_s": 512.2668056279313, "unseen__samples_total_num": 270, "unseen__samples_total_s": 0.527069091796875}}
