{"test_metrics": {"unseen_ner_prec_micro": 32.66011644832606, "unseen_ner_rec_micro": 72.00160449257922, "unseen_ner_f1_micro": 44.93678808361497, "unseen_ner_prec_macro": 37.38408025729917, "unseen_ner_rec_macro": 72.4036322521379, "unseen_ner_f1_macro": 48.23913211142931, "unseen_loc_prec_micro": 35.49751701305867, "unseen_loc_rec_micro": 77.41676694745287, "unseen_loc_f1_micro": 48.675914249684745, "unseen_loc_prec_macro": 35.49751701305867, "unseen_loc_rec_macro": 77.41676694745287, "unseen_loc_f1_macro": 48.675914249684745, "unseen_cls_prec_micro": 91.39511201629328, "unseen_cls_rec_micro": 72.00160449257922, "unseen_cls_f1_micro": 80.54745344402065, "unseen_cls_prec_macro": 88.47718710373404, "unseen_cls_rec_macro": 72.4036322521379, "unseen_cls_f1_macro": 79.24333522915403, "unseen_epoch": 0.0, "unseen_iteration": 0.0, "unseen_global_iteration": 0.0, "seen_ner_prec_micro": 47.25354674427064, "seen_ner_rec_micro": 86.22635247261866, "seen_ner_f1_micro": 61.0504053577723, "seen_ner_prec_macro": 41.55653373844817, "seen_ner_rec_macro": 84.27823543120537, "seen_ner_f1_macro": 54.61087458613426, "seen_loc_prec_micro": 48.36216415163784, "seen_loc_rec_micro": 87.22203783604381, "seen_loc_f1_micro": 62.22327453533799, "seen_loc_prec_macro": 48.36216415163784, "seen_loc_rec_macro": 87.22203783604381, "seen_loc_f1_macro": 62.22327453533799, "seen_cls_prec_micro": 98.26021180030256, "seen_cls_rec_micro": 86.22635247261866, "seen_cls_f1_micro": 91.85080431324025, "seen_cls_prec_macro": 96.00397842781486, "seen_cls_rec_macro": 84.27823543120537, "seen_cls_f1_macro": 89.57098450432073, "seen_epoch": 0.0, "seen_iteration": 0.0, "seen_global_iteration": 0.0, "ner_prec_micro": 79.95261527246218, "ner_rec_micro": 79.67671630948057, "ner_f1_micro": 79.81442736286728, "ner_prec_macro": 79.08830366745181, "ner_rec_macro": 78.0422763776111, "ner_f1_macro": 78.45181995994255, "loc_prec_micro": 83.92922963509031, "loc_rec_micro": 82.70977115873592, "loc_f1_micro": 83.31503841931944, "loc_prec_macro": 83.92922963509031, "loc_rec_macro": 82.70977115873592, "loc_f1_macro": 83.31503841931944, "cls_prec_micro": 95.32811820947414, "cls_rec_micro": 79.67671630948057, "cls_f1_micro": 86.80253264740799, "cls_prec_macro": 93.2934422840146, "cls_rec_macro": 78.0422763776111, "cls_f1_macro": 84.83304568753857, "epoch": 0.0, "iteration": 0.0, "global_iteration": 0.0}}