{"test_metrics": {"f1": 0.0, "pr": 0.0, "rec": 0.0, "ner_f1": 0.6439220309257507, "ner_pr": 0.6187328100204468, "ner_rec": 0.671249270439148, "macro_f1": 0.0, "macro_pr": 0.0, "macro_rec": 0.0, "macro_ner_f1": 0.6363164782524109, "macro_ner_pr": 0.6139087080955505, "macro_ner_rec": 0.6621739864349365, "samples_per_s": 166.1750823821536, "samples_total_num": 529, "samples_total_s": 3.18338942527771, "task_pr": 0.581818163394928, "task_rec": 0.6106870174407959, "task_f1": 0.5959031581878662, "method_pr": 0.7362110018730164, "method_rec": 0.722352921962738, "method_f1": 0.7292160987854004, "material_pr": 0.5989304780960083, "material_rec": 0.7088607549667358, "material_f1": 0.6492753624916077, "otherscientificterm_pr": 0.5512605309486389, "otherscientificterm_rec": 0.634429395198822, "otherscientificterm_f1": 0.5899280905723572, "metric_pr": 0.5633803009986877, "metric_rec": 0.5633803009986877, "metric_f1": 0.5633803009986877, "generic_pr": 0.6518518328666687, "generic_rec": 0.7333333492279053, "generic_f1": 0.6901960372924805}, "test_metrics_bounds": {"f1": 0.0, "pr": 0.0, "rec": 0.0, "ner_f1": 0.7879483699798584, "ner_pr": 0.75772625207901, "ner_rec": 0.8206813931465149, "macro_f1": 0.0, "macro_pr": 0.0, "macro_rec": 0.0, "macro_ner_f1": 0.7879483699798584, "macro_ner_pr": 0.75772625207901, "macro_ner_rec": 0.8206813931465149, "samples_per_s": 166.1750823821536, "samples_total_num": 529, "samples_total_s": 3.18338942527771}, "metrics": {"f1": [0.0, 0.0, 0.0, 0.0, 0.0, 0.0, 0.0, 0.0, 0.0, 0.0, 0.0, 0.0, 0.0, 0.0, 0.0, 0.0, 0.0, 0.0, 0.0, 0.0, 0.0, 0.0, 0.0, 0.0, 0.0], "pr": [0.0, 0.0, 0.0, 0.0, 0.0, 0.0, 0.0, 0.0, 0.0, 0.0, 0.0, 0.0, 0.0, 0.0, 0.0, 0.0, 0.0, 0.0, 0.0, 0.0, 0.0, 0.0, 0.0, 0.0, 0.0], "rec": [0.0, 0.0, 0.0, 0.0, 0.0, 0.0, 0.0, 0.0, 0.0, 0.0, 0.0, 0.0, 0.0, 0.0, 0.0, 0.0, 0.0, 0.0, 0.0, 0.0, 0.0, 0.0, 0.0, 0.0, 0.0], "ner_f1": [0.2724580466747284, 0.5377856492996216, 0.6262104511260986, 0.6438848376274109, 0.6593272686004639, 0.6546359062194824, 0.6584070920944214, 0.6597938537597656, 0.6690140962600708, 0.6470920443534851, 0.6541176438331604, 0.6620046496391296, 0.6544161438941956, 0.6533958315849304, 0.6609124541282654, 0.6694560050964355, 0.6789976358413696, 0.6763848066329956, 0.6759709119796753, 0.6807264089584351, 0.6820388436317444, 0.6809015274047852, 0.6773238182067871, 0.6774386763572693, 0.6845877766609192], "ner_pr": [0.6418604850769043, 0.5049505233764648, 0.6458055973052979, 0.617241382598877, 0.643966555595398, 0.6501854062080383, 0.6220735907554626, 0.6392479538917542, 0.6291390657424927, 0.5889003276824951, 0.6164079904556274, 0.6187363862991333, 0.6209223866462708, 0.6131868362426758, 0.6504854559898376, 0.6399999856948853, 0.6480637788772583, 0.632497251033783, 0.6552941203117371, 0.6391639113426208, 0.6611764430999756, 0.6463963985443115, 0.6419752836227417, 0.648339033126831, 0.6541095972061157], "ner_rec": [0.17293232679367065, 0.5751879811286926, 0.6077694296836853, 0.6729323267936707, 0.6754385828971863, 0.6591478586196899, 0.6992481350898743, 0.6817042827606201, 0.7142857313156128, 0.7180451154708862, 0.6967418789863586, 0.7117794752120972, 0.6917293071746826, 0.6992481350898743, 0.6716791987419128, 0.7017543911933899, 0.713032603263855, 0.7268170714378357, 0.6979950070381165, 0.7280701994895935, 0.7042606472969055, 0.719298243522644, 0.7167919874191284, 0.7092731595039368, 0.7180451154708862], "macro_f1": [0.0, 0.0, 0.0, 0.0, 0.0, 0.0, 0.0, 0.0, 0.0, 0.0, 0.0, 0.0, 0.0, 0.0, 0.0, 0.0, 0.0, 0.0, 0.0, 0.0, 0.0, 0.0, 0.0, 0.0, 0.0], "macro_pr": [0.0, 0.0, 0.0, 0.0, 0.0, 0.0, 0.0, 0.0, 0.0, 0.0, 0.0, 0.0, 0.0, 0.0, 0.0, 0.0, 0.0, 0.0, 0.0, 0.0, 0.0, 0.0, 0.0, 0.0, 0.0], "macro_rec": [0.0, 0.0, 0.0, 0.0, 0.0, 0.0, 0.0, 0.0, 0.0, 0.0, 0.0, 0.0, 0.0, 0.0, 0.0, 0.0, 0.0, 0.0, 0.0, 0.0, 0.0, 0.0, 0.0, 0.0, 0.0], "macro_ner_f1": [0.17717330157756805, 0.4198656976222992, 0.5791961550712585, 0.6168166995048523, 0.633716881275177, 0.6254372000694275, 0.6326749324798584, 0.6399697065353394, 0.6467904448509216, 0.6252368092536926, 0.6269431710243225, 0.6390932202339172, 0.6345139145851135, 0.6367227435112, 0.6313740611076355, 0.643008291721344, 0.6533772945404053, 0.6544604897499084, 0.649932324886322, 0.6635416150093079, 0.6605220437049866, 0.6554384231567383, 0.657213032245636, 0.6597337126731873, 0.6641265153884888], "macro_ner_pr": [0.28208813071250916, 0.48049625754356384, 0.6266369819641113, 0.6137024760246277, 0.651483952999115, 0.6570084691047668, 0.6045878529548645, 0.6360099911689758, 0.6251214742660522, 0.5646498799324036, 0.6016833782196045, 0.6007236838340759, 0.6304925680160522, 0.6125601530075073, 0.6324000358581543, 0.6384502053260803, 0.6364611983299255, 0.6229355931282043, 0.6508612036705017, 0.6351248621940613, 0.6647568345069885, 0.6379871964454651, 0.6282771229743958, 0.6463177800178528, 0.6468325257301331], "macro_ner_rec": [0.13842593133449554, 0.4452584683895111, 0.5551798939704895, 0.6418931484222412, 0.6294524669647217, 0.6070137619972229, 0.6684317588806152, 0.6512935757637024, 0.6769359707832336, 0.7017194628715515, 0.6737945675849915, 0.68819659948349, 0.653503954410553, 0.6762579083442688, 0.6351504325866699, 0.6568737626075745, 0.6765448451042175, 0.692878782749176, 0.6559258103370667, 0.702092170715332, 0.6651991605758667, 0.6815428137779236, 0.6912301182746887, 0.6804814338684082, 0.6870145797729492], "samples_per_s": [158.60032746287246, 201.7442087195636, 172.43267021044798, 174.8696061565855, 146.0968297608448, 173.1103780439234, 177.37476592388518, 174.8632130141498, 143.97180446263874, 171.38939918888101, 167.80215786268252, 157.1138466964455, 159.5395743403399, 155.29329271427287, 209.3727547540033, 196.95786060358898, 151.8392261611704, 179.49140217453206, 198.31260649682943, 159.06334402926305, 162.65944822344082, 195.35856224341163, 151.62622930852555, 168.26992833569827, 189.97146558205682], "samples_total_num": [260, 260, 260, 260, 260, 260, 260, 260, 260, 260, 260, 260, 260, 260, 260, 260, 260, 260, 260, 260, 260, 260, 260, 260, 260], "samples_total_s": [1.639340877532959, 1.2887606620788574, 1.5078349113464355, 1.4868221282958984, 1.7796416282653809, 1.50193190574646, 1.4658229351043701, 1.4868764877319336, 1.8059091567993164, 1.5170133113861084, 1.5494437217712402, 1.654850959777832, 1.6296896934509277, 1.6742513179779053, 1.2418043613433838, 1.3200793266296387, 1.7123374938964844, 1.4485373497009277, 1.3110613822937012, 1.6345689296722412, 1.5984315872192383, 1.3308861255645752, 1.71474289894104, 1.5451364517211914, 1.368626594543457], "task_pr": [0.3333333432674408, 0.554347813129425, 0.5982906222343445, 0.640350878238678, 0.663551390171051, 0.7157894968986511, 0.5479452013969421, 0.5517241358757019, 0.5912408828735352, 0.5394737124443054, 0.7021276354789734, 0.5968992114067078, 0.6115702390670776, 0.5522388219833374, 0.6388888955116272, 0.6633663177490234, 0.6785714030265808, 0.6341463327407837, 0.6574074029922485, 0.6470588445663452, 0.692307710647583, 0.6697247624397278, 0.5968992114067078, 0.6576576828956604, 0.6355932354927063], "task_rec": [0.0317460335791111, 0.4047619104385376, 0.5555555820465088, 0.579365074634552, 0.5634920597076416, 0.5396825671195984, 0.6349206566810608, 0.6349206566810608, 0.6428571343421936, 0.6507936716079712, 0.523809552192688, 0.6111111044883728, 0.5873016119003296, 0.5873016119003296, 0.5476190447807312, 0.5317460298538208, 0.60317462682724, 0.6190476417541504, 0.5634920597076416, 0.6111111044883728, 0.5714285969734192, 0.579365074634552, 0.6111111044883728, 0.579365074634552, 0.5952380895614624],