{"test_metrics": {"unseen_ner_prec_micro": 21.22739134347161, "unseen_ner_rec_micro": 73.62671660424469, "unseen_ner_f1_micro": 32.953831109869384, "unseen_ner_prec_macro": 30.653139305768143, "unseen_ner_rec_macro": 69.9703511724178, "unseen_ner_f1_macro": 40.43311268376409, "unseen_loc_prec_micro": 22.832343535861124, "unseen_loc_rec_micro": 77.99625468164794, "unseen_loc_f1_micro": 35.32405116969397, "unseen_loc_prec_macro": 22.832343535861124, "unseen_loc_rec_macro": 77.99625468164794, "unseen_loc_f1_macro": 35.32405116969397, "unseen_cls_prec_micro": 93.0939226519337, "unseen_cls_rec_micro": 73.62671660424469, "unseen_cls_f1_micro": 82.22377134890205, "unseen_cls_prec_macro": 91.68701384146688, "unseen_cls_rec_macro": 69.9703511724178, "unseen_cls_f1_macro": 79.11834828559925, "unseen_epoch": 0.0, "unseen_iteration": 0.0, "unseen_global_iteration": 0.0, "seen_ner_prec_micro": 63.10670868977938, "seen_ner_rec_micro": 91.8238993710692, "seen_ner_f1_micro": 74.80386401238192, "seen_ner_prec_macro": 45.8124178462632, "seen_ner_rec_macro": 90.5587382908987, "seen_ner_f1_macro": 58.6651176412739, "seen_loc_prec_micro": 64.22437420062124, "seen_loc_rec_micro": 92.11215932914048, "seen_loc_f1_micro": 75.68091290774034, "seen_loc_prec_macro": 64.22437420062124, "seen_loc_rec_macro": 92.11215932914048, "seen_loc_f1_macro": 75.68091290774034, "seen_cls_prec_micro": 98.70422535211269, "seen_cls_rec_micro": 91.8238993710692, "seen_cls_f1_micro": 95.13983165897366, "seen_cls_prec_macro": 93.67944203475273, "seen_cls_rec_macro": 90.5587382908987, "seen_cls_f1_macro": 92.06336185814156, "seen_epoch": 0.0, "seen_iteration": 0.0, "seen_global_iteration": 0.0, "ner_prec_micro": 84.31143114311432, "ner_rec_micro": 86.44333702473237, "ner_f1_micro": 85.36407545794222, "ner_prec_macro": 76.51044653800835, "ner_rec_macro": 79.28474452730998, "ner_f1_macro": 77.86529589323749, "loc_prec_micro": 87.04549607162434, "loc_rec_micro": 87.92912513842747, "loc_f1_micro": 87.4850794233771, "loc_prec_macro": 87.04549607162434, "loc_rec_macro": 87.92912513842747, "loc_f1_macro": 87.4850794233771, "cls_prec_micro": 97.19829822558889, "cls_rec_micro": 86.44333702473237, "cls_f1_micro": 91.50588580081084, "cls_prec_macro": 93.44756488952778, "cls_rec_macro": 79.28474452730998, "cls_f1_macro": 85.71467304369924, "epoch": 0.0, "iteration": 0.0, "global_iteration": 0.0}}