{"test_metrics": {"Eval_Ent_Precision": 88.85036494932467, "Eval_Ent_Recall": 88.9152666037563, "Eval_Ent_F1": 88.88280392884892, "Eval_Time": 60.18342876434326, "Eval_Examples": 2050, "Eval_Examples_Per_Second": 34.06253252912966, "seen_Eval_Ent_Precision": 69.99999999270074, "seen_Eval_Ent_Recall": 92.45601347676259, "seen_Eval_Ent_F1": 79.67597880167163, "seen_Eval_Time": 63.564427852630615, "seen_Eval_Examples": 2050, "seen_Eval_Examples_Per_Second": 32.25074258125586, "unseen_Eval_Ent_Precision": 18.850364974872125, "unseen_Eval_Ent_Recall": 77.84476258049018, "unseen_Eval_Ent_F1": 30.351109163889454, "unseen_Eval_Time": 66.23092484474182, "unseen_Eval_Examples": 2050, "unseen_Eval_Examples_Per_Second": 30.95230822769875}}