{"test_metrics": {"f1": 0.0, "pr": 0.0, "rec": 0.0, "ner_f1": 0.8338702321052551, "ner_pr": 0.8132854700088501, "ner_rec": 0.8555240631103516, "macro_f1": 0.0, "macro_pr": 0.0, "macro_rec": 0.0, "macro_ner_f1": 0.789333164691925, "macro_ner_pr": 0.7755923867225647, "macro_ner_rec": 0.8070055246353149, "samples_per_s": 152.29833216395062, "samples_total_num": 288, "samples_total_s": 1.8910253047943115, "loc_pr": 0.8292682766914368, "loc_rec": 0.9033816456794739, "loc_f1": 0.8647398948669434, "org_pr": 0.7061403393745422, "org_rec": 0.8256410360336304, "org_f1": 0.7612292766571045, "peop_pr": 0.9367088675498962, "peop_rec": 0.9308176040649414, "peop_f1": 0.9337539076805115, "other_pr": 0.6302521228790283, "other_rec": 0.5681818127632141, "other_f1": 0.5976095795631409}, "test_metrics_bounds": {"f1": 0.0, "pr": 0.0, "rec": 0.0, "ner_f1": 0.8654378056526184, "ner_pr": 0.8451845049858093, "ner_rec": 0.8866855502128601, "macro_f1": 0.0, "macro_pr": 0.0, "macro_rec": 0.0, "macro_ner_f1": 0.8654378056526184, "macro_ner_pr": 0.8451845049858093, "macro_ner_rec": 0.8866855502128601, "samples_per_s": 152.29833216395062, "samples_total_num": 288, "samples_total_s": 1.8910253047943115}, "metrics": {"f1": [0.0, 0.0, 0.0, 0.0, 0.0, 0.0, 0.0, 0.0, 0.0, 0.0, 0.0, 0.0, 0.0, 0.0, 0.0, 0.0, 0.0, 0.0], "pr": [0.0, 0.0, 0.0, 0.0, 0.0, 0.0, 0.0, 0.0, 0.0, 0.0, 0.0, 0.0, 0.0, 0.0, 0.0, 0.0, 0.0, 0.0], "rec": [0.0, 0.0, 0.0, 0.0, 0.0, 0.0, 0.0, 0.0, 0.0, 0.0, 0.0, 0.0, 0.0, 0.0, 0.0, 0.0, 0.0, 0.0], "ner_f1": [0.5451197624206543, 0.7476110458374023, 0.770631730556488, 0.7960418462753296, 0.8090017437934875, 0.8193883895874023, 0.8150646686553955, 0.8349403738975525, 0.8138872981071472, 0.821169912815094, 0.8277066946029663, 0.825915515422821, 0.8275083899497986, 0.8307692408561707, 0.8268792629241943, 0.8325739502906799, 0.806779682636261, 0.8264173269271851], "ner_pr": [0.5888594388961792, 0.7356194853782654, 0.7675737142562866, 0.7669491767883301, 0.8170163035392761, 0.8275058269500732, 0.8019911646842957, 0.8288288116455078, 0.8106576204299927, 0.801086962223053, 0.8434163928031921, 0.8144444227218628, 0.8164627552032471, 0.8284090757369995, 0.8240635395050049, 0.8297389149665833, 0.7977653741836548, 0.8456937670707703], "ner_rec": [0.5074285864830017, 0.7599999904632568, 0.7737143039703369, 0.8274285793304443, 0.8011428713798523, 0.8114285469055176, 0.8285714387893677, 0.8411428332328796, 0.8171428442001343, 0.842285692691803, 0.8125714063644409, 0.8377143144607544, 0.838857114315033, 0.833142876625061, 0.829714298248291, 0.8354285955429077, 0.8159999847412109, 0.8080000281333923], "macro_f1": [0.0, 0.0, 0.0, 0.0, 0.0, 0.0, 0.0, 0.0, 0.0, 0.0, 0.0, 0.0, 0.0, 0.0, 0.0, 0.0, 0.0, 0.0], "macro_pr": [0.0, 0.0, 0.0, 0.0, 0.0, 0.0, 0.0, 0.0, 0.0, 0.0, 0.0, 0.0, 0.0, 0.0, 0.0, 0.0, 0.0, 0.0], "macro_rec": [0.0, 0.0, 0.0, 0.0, 0.0, 0.0, 0.0, 0.0, 0.0, 0.0, 0.0, 0.0, 0.0, 0.0, 0.0, 0.0, 0.0, 0.0], "macro_ner_f1": [0.41660767793655396, 0.674780547618866, 0.7144575119018555, 0.735509991645813, 0.757982611656189, 0.7687276005744934, 0.7645970582962036, 0.7764337062835693, 0.7470245361328125, 0.7690483927726746, 0.7587674260139465, 0.7683546543121338, 0.7741615772247314, 0.7741847038269043, 0.771637499332428, 0.7800841331481934, 0.7500994205474854, 0.7698807120323181], "macro_ner_pr": [0.5778911709785461, 0.7074580788612366, 0.7205008268356323, 0.7398006319999695, 0.7723630666732788, 0.7904532551765442, 0.7612888813018799, 0.7941949963569641, 0.762763500213623, 0.7675075531005859, 0.8040034174919128, 0.7692726254463196, 0.7653288841247559, 0.8042347431182861, 0.776648998260498, 0.7850838303565979, 0.7506090402603149, 0.7988815903663635], "macro_ner_rec": [0.40331849455833435, 0.6739396452903748, 0.7134439945220947, 0.7562485933303833, 0.7457118630409241, 0.7580723166465759, 0.7710108757019043, 0.7742177248001099, 0.7422446608543396, 0.7796300053596497, 0.7356697916984558, 0.7718183994293213, 0.7843255400657654, 0.7617743611335754, 0.7715780138969421, 0.7770814895629883, 0.7531252503395081, 0.747083306312561], "samples_per_s": [168.09673952249616, 157.48642821661798, 169.78955390831635, 194.10122677017833, 176.7280973247939, 168.19557597984328, 157.26954969110452, 179.86360365725523, 172.2399295598504, 158.0092409757625, 176.0835153595341, 149.43619638355122, 176.34625219435353, 164.85924697794246, 168.74127547770894, 168.4581859075626, 163.15870975042827, 162.8662341987007], "samples_total_num": [231, 231, 231, 231, 231, 231, 231, 231, 231, 231, 231, 231, 231, 231, 231, 231, 231, 231], "samples_total_s": [1.374208688735962, 1.4667930603027344, 1.3605077266693115, 1.1901006698608398, 1.3070926666259766, 1.373401165008545, 1.468815803527832, 1.284306526184082, 1.3411524295806885, 1.461939811706543, 1.3118774890899658, 1.5458102226257324, 1.3099229335784912, 1.4011952877044678, 1.368959665298462, 1.371260166168213, 1.4157993793487549, 1.418341875076294], "loc_pr": [0.5047619342803955, 0.6666666865348816, 0.7634730339050293, 0.7573333382606506, 0.826625406742096, 0.8380952477455139, 0.7932011485099792, 0.8079096078872681, 0.800561785697937, 0.7708894610404968, 0.8348082304000854, 0.7978141903877258, 0.8459214568138123, 0.7830687761306763, 0.8580441474914551, 0.8431952595710754, 0.8108882308006287, 0.8785942196846008], "loc_rec": [0.6773163080215454, 0.8690096139907837, 0.8146964907646179, 0.9073482155799866, 0.8530351519584656, 0.8434504866600037, 0.894568681716919, 0.9137380123138428, 0.9105431437492371, 0.9137380123138428, 0.9041533470153809, 0.9329073429107666, 0.894568681716919, 0.9456868767738342, 0.8690096139907837, 0.9105431437492371, 0.9041533470153809, 0.8785942196846008], "loc_f1": [0.57844477891922, 0.7545076608657837, 0.7882534265518188, 0.825581431388855, 0.8396226763725281, 0.8407643437385559, 0.8408408164978027, 0.8575711846351624, 0.8520179390907288, 0.83625727891922, 0.8680981397628784, 0.8600884079933167, 0.8695651888847351, 0.8567293286323547, 0.8634920716285706, 0.8755760192871094, 0.8549848198890686, 0.878594160079956], "org_pr": [0.7878788113594055, 0.7394366264343262, 0.6994219422340393, 0.6449999809265137, 0.8133333325386047, 0.699999988079071, 0.7093023061752319, 0.74301677942276, 0.7222222089767456, 0.7303370833396912, 0.7972972989082336, 0.7777777910232544, 0.7228260636329651, 0.8108108043670654, 0.7670454382896423, 0.8157894611358643, 0.759036123752594, 0.8120300769805908], "org_rec": [0.1547619104385376, 0.625, 0.7202380895614624, 0.7678571343421936, 0.726190447807312, 0.7916666865348816, 0.726190447807312, 0.7916666865348816, 0.6964285969734192, 0.773809552192688, 0.7023809552192688, 0.75, 0.7916666865348816, 0.7142857313156128, 0.8035714030265808, 0.738095223903656, 0.75, 0.6428571343421936], "org_f1": [0.2587064802646637, 0.6774193644523621, 0.7096773982048035, 0.7010869979858398, 0.7672955393791199, 0.74301677942276, 0.7176470160484314, 0.7665705680847168, 0.7090908288955688, 0.7514451146125793, 0.746835470199585, 0.7636364102363586, 0.7556818127632141, 0.7594937086105347, 0.7848837375640869, 0.7749999165534973, 0.7544910311698914, 0.7176079750061035], "peop_pr": [0.7226277589797974, 0.8644067645072937, 0.8850173950195312, 0.880398690700531, 0.9110320210456848, 0.9487179517745972, 0.9426523447036743, 0.9501779079437256, 0.9333333373069763, 0.9366196990013123, 0.9172413945198059, 0.9560439586639404, 0.956204354763031, 0.9388489127159119, 0.8926174640655518, 0.9257950782775879, 0.8908450603485107, 0.9166666865348816], "peop_rec": [0.7122302055358887, 0.9172661900520325, 0.9136690497398376, 0.9532374143600464, 0.9208633303642273, 0.931654691696167, 0.9460431933403015, 0.9604316353797913, 0.9568345546722412, 0.9568345546722412, 0.9568345546722412, 0.9388489127159119, 0.9424460530281067, 0.9388489127159119, 0.9568345546722412, 0.9424460530281067, 0.9100719690322876, 0.9496402740478516],