{"test_metrics": {"seen__f1": 0.0, "seen__pr": 0.0, "seen__rec": 0.0, "seen__ner_f1": 0.793654203414917, "seen__ner_pr": 0.6929988861083984, "seen__ner_rec": 0.9285176992416382, "seen__macro_f1": 0.0, "seen__macro_pr": 0.0, "seen__macro_rec": 0.0, "seen__macro_ner_f1": 0.7435287833213806, "seen__macro_ner_pr": 0.6272882223129272, "seen__macro_ner_rec": 0.9221364855766296, "seen__samples_per_s": 466.9939882894172, "seen__samples_total_num": 2050, "seen__samples_total_s": 4.389778137207031, "seen__per_pr": 0.7251135110855103, "seen__per_rec": 0.9466484189033508, "seen__per_f1": 0.8212024569511414, "seen__org_pr": 0.5911392569541931, "seen__org_rec": 0.864814817905426, "seen__org_f1": 0.7022556662559509, "seen__wea_pr": 0.626086950302124, "seen__wea_rec": 0.9350649118423462, "seen__wea_f1": 0.75, "seen__gpe_pr": 0.777319610118866, "seen__gpe_rec": 0.9183921813964844, "seen__gpe_f1": 0.841987669467926, "seen__veh_pr": 0.5737704634666443, "seen__veh_rec": 0.9589040875434875, "seen__veh_f1": 0.7179487347602844, "seen__fac_pr": 0.5405405163764954, "seen__fac_rec": 0.957446813583374, "seen__fac_f1": 0.6909788846969604, "seen__loc_pr": 0.5570470094680786, "seen__loc_rec": 0.8736842274665833, "seen__loc_f1": 0.6803278923034668, "unseen__f1": 0.0, "unseen__pr": 0.0, "unseen__rec": 0.0, "unseen__ner_f1": 0.2850588858127594, "unseen__ner_pr": 0.17446649074554443, "unseen__ner_rec": 0.7786132097244263, "unseen__macro_f1": 0.0, "unseen__macro_pr": 0.0, "unseen__macro_rec": 0.0, "unseen__macro_ner_f1": 0.2551693916320801, "unseen__macro_ner_pr": 0.1603151559829712, "unseen__macro_ner_rec": 0.6511587500572205, "unseen__samples_per_s": 494.783686723815, "unseen__samples_total_num": 2050, "unseen__samples_total_s": 4.143224716186523, "unseen__per_pr": 0.18092909455299377, "unseen__per_rec": 0.8946459293365479, "unseen__per_f1": 0.3009878098964691, "unseen__org_pr": 0.22278481721878052, "unseen__org_rec": 0.6518518328666687, "unseen__org_f1": 0.33207547664642334, "unseen__wea_pr": 0.0782608687877655, "unseen__wea_rec": 0.3214285671710968, "unseen__wea_f1": 0.1258741319179535, "unseen__gpe_pr": 0.12680412828922272, "unseen__gpe_rec": 0.7784810066223145, "unseen__gpe_f1": 0.21808511018753052, "unseen__veh_pr": 0.19672131538391113, "unseen__veh_rec": 0.7058823704719543, "unseen__veh_f1": 0.307692289352417, "unseen__fac_pr": 0.18918919563293457, "unseen__fac_rec": 0.692307710647583, "unseen__fac_f1": 0.29716983437538147, "unseen__loc_pr": 0.12751677632331848, "unseen__loc_rec": 0.5135135054588318, "unseen__loc_f1": 0.20430107414722443}, "test_metrics_bounds": {"seen__f1": 0.0, "seen__pr": 0.0, "seen__rec": 0.0, "seen__ner_f1": 0.8381483554840088, "seen__ner_pr": 0.7319452166557312, "seen__ner_rec": 0.9804019927978516, "seen__macro_f1": 0.0, "seen__macro_pr": 0.0, "seen__macro_rec": 0.0, "seen__macro_ner_f1": 0.8381483554840088, "seen__macro_ner_pr": 0.7319452166557312, "seen__macro_ner_rec": 0.9804019927978516, "seen__samples_per_s": 466.9939882894172, "seen__samples_total_num": 2050, "seen__samples_total_s": 4.389778137207031, "unseen__f1": 0.0, "unseen__pr": 0.0, "unseen__rec": 0.0, "unseen__ner_f1": 0.3232230544090271, "unseen__ner_pr": 0.19789908826351166, "unseen__ner_rec": 0.8813700675964355, "unseen__macro_f1": 0.0, "unseen__macro_pr": 0.0, "unseen__macro_rec": 0.0, "unseen__macro_ner_f1": 0.3232230544090271, "unseen__macro_ner_pr": 0.19789908826351166, "unseen__macro_ner_rec": 0.8813700675964355, "unseen__samples_per_s": 494.783686723815, "unseen__samples_total_num": 2050, "unseen__samples_total_s": 4.143224716186523}}