{"test_metrics": {"f1": 0.0, "pr": 0.0, "rec": 0.0, "ner_f1": 0.8806763887405396, "ner_pr": 0.8676525354385376, "ner_rec": 0.8940972089767456, "macro_f1": 0.0, "macro_pr": 0.0, "macro_rec": 0.0, "macro_ner_f1": 0.815008819103241, "macro_ner_pr": 0.7880324125289917, "macro_ner_rec": 0.8460911512374878, "samples_per_s": 173.06403263368216, "samples_total_num": 2050, "samples_total_s": 11.845326662063599, "per_pr": 0.9060426354408264, "per_rec": 0.9357864260673523, "per_f1": 0.9206743836402893, "org_pr": 0.8139240741729736, "org_rec": 0.7938271760940552, "org_f1": 0.8037500381469727, "wea_pr": 0.7043478488922119, "wea_rec": 0.7714285850524902, "wea_f1": 0.7363637089729309, "gpe_pr": 0.9041237235069275, "gpe_rec": 0.8958120346069336, "gpe_f1": 0.8999486565589905, "veh_pr": 0.7704917788505554, "veh_rec": 0.8785046935081482, "veh_f1": 0.8209607005119324, "fac_pr": 0.7327327132225037, "fac_rec": 0.8745519518852234, "fac_f1": 0.797385573387146, "loc_pr": 0.6845637559890747, "loc_rec": 0.7727272510528564, "loc_f1": 0.725978672504425}, "test_metrics_bounds": {"f1": 0.0, "pr": 0.0, "rec": 0.0, "ner_f1": 0.9435614347457886, "ner_pr": 0.929844319820404, "ner_rec": 0.9576893448829651, "macro_f1": 0.0, "macro_pr": 0.0, "macro_rec": 0.0, "macro_ner_f1": 0.9435614347457886, "macro_ner_pr": 0.929844319820404, "macro_ner_rec": 0.9576893448829651, "samples_per_s": 173.06403263368216, "samples_total_num": 2050, "samples_total_s": 11.845326662063599}, "metrics": {"f1": [0.0, 0.0, 0.0, 0.0, 0.0, 0.0, 0.0, 0.0, 0.0, 0.0, 0.0, 0.0, 0.0, 0.0, 0.0, 0.0, 0.0, 0.0, 0.0], "pr": [0.0, 0.0, 0.0, 0.0, 0.0, 0.0, 0.0, 0.0, 0.0, 0.0, 0.0, 0.0, 0.0, 0.0, 0.0, 0.0, 0.0, 0.0, 0.0], "rec": [0.0, 0.0, 0.0, 0.0, 0.0, 0.0, 0.0, 0.0, 0.0, 0.0, 0.0, 0.0, 0.0, 0.0, 0.0, 0.0, 0.0, 0.0, 0.0], "ner_f1": [0.7848363518714905, 0.8500572443008423, 0.8611646890640259, 0.8614782691001892, 0.8628368377685547, 0.8616762161254883, 0.8695722222328186, 0.8624390363693237, 0.8766547441482544, 0.8647010326385498, 0.8753589391708374, 0.8722690939903259, 0.8604820966720581, 0.8738965392112732, 0.871390700340271, 0.874806821346283, 0.8753246665000916, 0.8725050687789917, 0.8765522241592407], "ner_pr": [0.7706896662712097, 0.8558009266853333, 0.8521171808242798, 0.8644400835037231, 0.856342077255249, 0.8623778223991394, 0.8633012771606445, 0.8624390363693237, 0.8704712986946106, 0.8711221218109131, 0.8835514187812805, 0.8779443502426147, 0.8590179681777954, 0.8705825209617615, 0.8621677756309509, 0.8753052353858948, 0.8739060163497925, 0.8742856979370117, 0.8750607967376709], "ner_rec": [0.7995122075080872, 0.8443902730941772, 0.8704065084457397, 0.8585366010665894, 0.8694308996200562, 0.8609756231307983, 0.8759349584579468, 0.8624390363693237, 0.8829268217086792, 0.8583739995956421, 0.8673170804977417, 0.8666666746139526, 0.8619512319564819, 0.8772357702255249, 0.8808130025863647, 0.8743089437484741, 0.8767479658126831, 0.8707317113876343, 0.8780487775802612], "macro_f1": [0.0, 0.0, 0.0, 0.0, 0.0, 0.0, 0.0, 0.0, 0.0, 0.0, 0.0, 0.0, 0.0, 0.0, 0.0, 0.0, 0.0, 0.0, 0.0], "macro_pr": [0.0, 0.0, 0.0, 0.0, 0.0, 0.0, 0.0, 0.0, 0.0, 0.0, 0.0, 0.0, 0.0, 0.0, 0.0, 0.0, 0.0, 0.0, 0.0], "macro_rec": [0.0, 0.0, 0.0, 0.0, 0.0, 0.0, 0.0, 0.0, 0.0, 0.0, 0.0, 0.0, 0.0, 0.0, 0.0, 0.0, 0.0, 0.0, 0.0], "macro_ner_f1": [0.6601751446723938, 0.7613491415977478, 0.7817885279655457, 0.7731426358222961, 0.7731853127479553, 0.7613316774368286, 0.7953033447265625, 0.7854575514793396, 0.8093315362930298, 0.7968272566795349, 0.7965999841690063, 0.8052722215652466, 0.7929721474647522, 0.7914000749588013, 0.7886629104614258, 0.8041427731513977, 0.8006802201271057, 0.7990652918815613, 0.8041964173316956], "macro_ner_pr": [0.6498812437057495, 0.7712006568908691, 0.7770563364028931, 0.8153973817825317, 0.7661925554275513, 0.7309568524360657, 0.8045320510864258, 0.776456356048584, 0.7970983386039734, 0.8160377144813538, 0.8343541026115417, 0.8360674977302551, 0.8069058060646057, 0.7962766289710999, 0.7628887295722961, 0.8025621771812439, 0.795691192150116, 0.79991614818573, 0.8029158711433411], "macro_ner_rec": [0.7055765390396118, 0.7627566456794739, 0.7928498387336731, 0.7403259873390198, 0.7932845950126648, 0.8084588646888733, 0.7922697067260742, 0.7978810667991638, 0.8234473466873169, 0.7801046371459961, 0.7686862945556641, 0.7819660902023315, 0.7853865623474121, 0.7947672009468079, 0.8199231028556824, 0.8136730194091797, 0.8070017695426941, 0.8006362915039062, 0.8084880113601685], "samples_per_s": [160.38203674664666, 157.55397727250678, 164.46834169981403, 159.34478064938008, 158.391735416582, 164.14882564522662, 161.01099175682484, 159.302941551847, 158.74836502433374, 166.72805381032774, 162.23915582958773, 160.44465778300577, 160.38632468119906, 166.9652898875303, 165.28921276635486, 167.2961595650379, 162.2600778751895, 159.85904480186838, 164.59323082479338], "samples_total_num": [2420, 2420, 2420, 2420, 2420, 2420, 2420, 2420, 2420, 2420, 2420, 2420, 2420, 2420, 2420, 2420, 2420, 2420, 2420], "samples_total_s": [15.088971614837646, 15.3598153591156, 14.714077949523926, 15.187193393707275, 15.27857494354248, 14.742718935012817, 15.030029773712158, 15.191182136535645, 15.244251489639282, 14.51465392112732, 14.916251182556152, 15.083082437515259, 15.088568210601807, 14.494030475616455, 14.641003847122192, 14.465364933013916, 14.91432785987854, 15.138336420059204, 14.702913284301758], "per_pr": [0.8448523283004761, 0.9141883254051208, 0.8990470767021179, 0.8972845077514648, 0.9293820858001709, 0.9262861013412476, 0.895369291305542, 0.9145246148109436, 0.9135281443595886, 0.9161787629127502, 0.9249923229217529, 0.9144157767295837, 0.9378640651702881, 0.9041740298271179, 0.9163636565208435, 0.9321181774139404, 0.9206252098083496, 0.9340729117393494, 0.9111644625663757], "per_rec": [0.8921865820884705, 0.8937007784843445, 0.9142943620681763, 0.9206541776657104, 0.8927922248840332, 0.894306480884552, 0.9251968264579773, 0.894306480884552, 0.9182313680648804, 0.9003634452819824, 0.9112659096717834, 0.9124773144721985, 0.8776499032974243, 0.9315566420555115, 0.9158086180686951, 0.8982434868812561, 0.9097516536712646, 0.8924893736839294, 0.9194427728652954], "per_f1": [0.8678745627403259, 0.9038284420967102, 0.9066066145896912, 0.9088191390037537, 0.9107198119163513, 0.9100154042243958, 0.9100386500358582, 0.9043025970458984, 0.9158737063407898, 0.9082022905349731, 0.9180778861045837, 0.9134455323219299, 0.9067584276199341, 0.9176611304283142, 0.9160860180854797, 0.9148674011230469, 0.9151561856269836, 0.912807822227478, 0.9152849316596985], "org_pr": [0.708226203918457, 0.7564377784729004, 0.7541954517364502, 0.7514506578445435, 0.7153978943824768, 0.8132596611976624, 0.7755709886550903, 0.7937172651290894, 0.7784256339073181, 0.7993420958518982, 0.7828282713890076, 0.7807106375694275, 0.6674509644508362, 0.800000011920929, 0.75754714012146, 0.7693798542022705, 0.8014477491378784, 0.7553488612174988, 0.8080912828445435], "org_rec": [0.5657083988189697, 0.7238193154335022, 0.7843942642211914, 0.7977412939071655, 0.849075973033905, 0.755646824836731, 0.8018480539321899, 0.77823406457901, 0.8223819136619568, 0.7484599351882935, 0.7956879138946533, 0.7895277142524719, 0.8737166523933411, 0.7885010242462158, 0.824435293674469, 0.8151950836181641, 0.7956879138946533, 0.8336755633354187, 0.7997946739196777], "org_f1": [0.628995418548584, 0.7397691607475281, 0.7689985036849976, 0.7739043831825256, 0.7765257954597473, 0.7833953499794006, 0.7884906530380249, 0.7858994007110596, 0.7998002767562866, 0.7730647325515747, 0.7892057299613953, 0.7850943803787231, 0.7567808032035828, 0.7942089438438416, 0.7895771861076355, 0.7916251420974731, 0.798557460308075, 0.7925817370414734, 0.8039215803146362],