{"test_metrics": {"Eval_Ent_Precision": 85.38324414370189, "Eval_Ent_Recall": 88.7859128104061, "Eval_Ent_F1": 87.05134023252823, "Eval_Time": 8.51843810081482, "Eval_Examples": 288, "Eval_Examples_Per_Second": 33.80901482073947, "seen_Eval_Ent_Precision": 38.59180037684171, "seen_Eval_Ent_Recall": 96.22222201679013, "seen_Eval_Ent_F1": 55.089058511223776, "seen_Eval_Time": 8.349522113800049, "seen_Eval_Examples": 288, "seen_Eval_Examples_Per_Second": 34.4929920628625, "unseen_Eval_Ent_Precision": 46.79144385598673, "unseen_Eval_Ent_Recall": 83.46581865352681, "unseen_Eval_Ent_F1": 59.96573384359627, "unseen_Eval_Time": 8.297982454299927, "unseen_Eval_Examples": 288, "unseen_Eval_Examples_Per_Second": 34.70723173809092}}