{"test_metrics": {"Eval_Ent_Precision": 84.29267411867689, "Eval_Ent_Recall": 86.27758795156014, "Eval_Ent_F1": 85.27358188558871, "Eval_Time": 126.03341293334961, "Eval_Examples": 5000, "Eval_Examples_Per_Second": 39.6720193766724, "seen_Eval_Ent_Precision": 59.1844099586459, "seen_Eval_Ent_Recall": 91.26321646041646, "seen_Eval_Ent_F1": 71.80385288489408, "seen_Eval_Time": 126.81306099891663, "seen_Eval_Examples": 5000, "seen_Eval_Examples_Per_Second": 39.428115374036395, "unseen_Eval_Ent_Precision": 25.153374237612162, "unseen_Eval_Ent_Recall": 76.44639428217911, "unseen_Eval_Ent_F1": 37.85214853360881, "unseen_Eval_Time": 125.85228133201599, "unseen_Eval_Examples": 5000, "unseen_Eval_Examples_Per_Second": 39.729116922475946}}