{"test_metrics": {"Eval_Ent_Precision": 83.78623182285104, "Eval_Ent_Recall": 85.72752542033822, "Eval_Ent_F1": 84.74576264819834, "Eval_Time": 8.754860639572144, "Eval_Examples": 288, "Eval_Examples_Per_Second": 32.896011924876824, "seen_Eval_Ent_Precision": 18.659420346631485, "seen_Eval_Ent_Recall": 94.06392653822898, "seen_Eval_Ent_F1": 31.141345484077558, "seen_Eval_Time": 8.476216077804565, "seen_Eval_Examples": 288, "seen_Eval_Examples_Per_Second": 33.97742546395717, "unseen_Eval_Ent_Precision": 65.12681156679926, "unseen_Eval_Ent_Recall": 83.60465108464035, "unseen_Eval_Ent_F1": 73.21792255963764, "unseen_Eval_Time": 8.687840461730957, "unseen_Eval_Examples": 288, "unseen_Eval_Examples_Per_Second": 33.149780002131756}}