{"test_metrics": {"seen__f1": 0.0, "seen__pr": 0.0, "seen__rec": 0.0, "seen__ner_f1": 0.7954841256141663, "seen__ner_pr": 0.6991032361984253, "seen__ner_rec": 0.9226894974708557, "seen__macro_f1": 0.0, "seen__macro_pr": 0.0, "seen__macro_rec": 0.0, "seen__macro_ner_f1": 0.757975697517395, "seen__macro_ner_pr": 0.6562064290046692, "seen__macro_ner_rec": 0.9020017385482788, "seen__samples_per_s": 456.0532078143302, "seen__samples_total_num": 2050, "seen__samples_total_s": 4.495089530944824, "seen__per_pr": 0.7316561937332153, "seen__per_rec": 0.9552919864654541, "seen__per_f1": 0.8286505937576294, "seen__org_pr": 0.5705045461654663, "seen__org_rec": 0.8197026252746582, "seen__org_f1": 0.6727688908576965, "seen__wea_pr": 0.774193525314331, "seen__wea_rec": 0.9599999785423279, "seen__wea_f1": 0.8571428060531616, "seen__gpe_pr": 0.7680569887161255, "seen__gpe_rec": 0.9229828715324402, "seen__gpe_f1": 0.8384231328964233, "seen__veh_pr": 0.6238532066345215, "seen__veh_rec": 0.9189189076423645, "seen__veh_f1": 0.7431694269180298, "seen__fac_pr": 0.540145993232727, "seen__fac_rec": 0.8222222328186035, "seen__fac_f1": 0.6519823670387268, "seen__loc_pr": 0.5850340127944946, "seen__loc_rec": 0.914893627166748, "seen__loc_f1": 0.7136929035186768, "unseen__f1": 0.0, "unseen__pr": 0.0, "unseen__rec": 0.0, "unseen__ner_f1": 0.2959405183792114, "unseen__ner_pr": 0.18221713602542877, "unseen__ner_rec": 0.7873042225837708, "unseen__macro_f1": 0.0, "unseen__macro_pr": 0.0, "unseen__macro_rec": 0.0, "unseen__macro_ner_f1": 0.2513628304004669, "unseen__macro_ner_pr": 0.16162534058094025, "unseen__macro_ner_rec": 0.602608859539032, "unseen__samples_per_s": 499.9817529220038, "unseen__samples_total_num": 2050, "unseen__samples_total_s": 4.100149631500244, "unseen__per_pr": 0.1820405274629593, "unseen__per_rec": 0.8982758522033691, "unseen__per_f1": 0.3027309775352478, "unseen__org_pr": 0.25485122203826904, "unseen__org_rec": 0.7242646813392639, "unseen__org_f1": 0.3770335018634796, "unseen__wea_pr": 0.05376344174146652, "unseen__wea_rec": 0.1666666716337204, "unseen__wea_f1": 0.08130081743001938, "unseen__gpe_pr": 0.1363174021244049, "unseen__gpe_rec": 0.8322981595993042, "unseen__gpe_f1": 0.2342657595872879, "unseen__veh_pr": 0.1651376187801361, "unseen__veh_rec": 0.5454545617103577, "unseen__veh_f1": 0.2535211443901062, "unseen__fac_pr": 0.23722627758979797, "unseen__fac_rec": 0.6565656661987305, "unseen__fac_f1": 0.3485254645347595, "unseen__loc_pr": 0.10204081982374191, "unseen__loc_rec": 0.3947368562221527, "unseen__loc_f1": 0.1621621698141098}, "test_metrics_bounds": {"seen__f1": 0.0, "seen__pr": 0.0, "seen__rec": 0.0, "seen__ner_f1": 0.8444976210594177, "seen__ner_pr": 0.7421635985374451, "seen__ner_rec": 0.9795660972595215, "seen__macro_f1": 0.0, "seen__macro_pr": 0.0, "seen__macro_rec": 0.0, "seen__macro_ner_f1": 0.8444976210594177, "seen__macro_ner_pr": 0.7421635985374451, "seen__macro_ner_rec": 0.9795660972595215, "seen__samples_per_s": 456.0532078143302, "seen__samples_total_num": 2050, "seen__samples_total_s": 4.495089530944824, "unseen__f1": 0.0, "unseen__pr": 0.0, "unseen__rec": 0.0, "unseen__ner_f1": 0.3270752429962158, "unseen__ner_pr": 0.2014525979757309, "unseen__ner_rec": 0.8689200282096863, "unseen__macro_f1": 0.0, "unseen__macro_pr": 0.0, "unseen__macro_rec": 0.0, "unseen__macro_ner_f1": 0.3270752429962158, "unseen__macro_ner_pr": 0.2014525979757309, "unseen__macro_ner_rec": 0.8689200282096863, "unseen__samples_per_s": 499.9817529220038, "unseen__samples_total_num": 2050, "unseen__samples_total_s": 4.100149631500244}}