{"test_metrics": {"Eval_Ent_Precision": 63.59575654539837, "Eval_Ent_Recall": 67.67676765576141, "Eval_Ent_F1": 65.57282669479237, "Eval_Time": 11.83684229850769, "Eval_Examples": 551, "Eval_Examples_Per_Second": 46.54957683008638, "seen_Eval_Ent_Precision": 12.562814112157664, "seen_Eval_Ent_Recall": 79.22535190686372, "seen_Eval_Ent_F1": 21.686747042531575, "seen_Eval_Time": 12.259893894195557, "seen_Eval_Examples": 551, "seen_Eval_Examples_Per_Second": 44.943292719757615, "unseen_Eval_Ent_Precision": 51.03294248907544, "unseen_Eval_Ent_Recall": 65.33238024970352, "unseen_Eval_Ent_F1": 57.30407522595101, "unseen_Eval_Time": 12.106144905090332, "unseen_Eval_Examples": 551, "unseen_Eval_Examples_Per_Second": 45.51407605969744}}