{"test_metrics": {"unseen_ner_prec_micro": 40.09699321047527, "unseen_ner_rec_micro": 70.06779661016948, "unseen_ner_f1_micro": 51.005552128315855, "unseen_ner_prec_macro": 47.25457903084416, "unseen_ner_rec_macro": 69.01803681250819, "unseen_ner_f1_macro": 54.63181571255316, "unseen_loc_prec_micro": 43.51489028213166, "unseen_loc_rec_micro": 75.28813559322035, "unseen_loc_f1_micro": 55.152719145766085, "unseen_loc_prec_macro": 43.51489028213166, "unseen_loc_rec_macro": 75.28813559322035, "unseen_loc_f1_macro": 55.152719145766085, "unseen_cls_prec_micro": 91.98931909212284, "unseen_cls_rec_micro": 70.06779661016948, "unseen_cls_f1_micro": 79.54589186068885, "unseen_cls_prec_macro": 90.08357047545664, "unseen_cls_rec_macro": 69.01803681250819, "unseen_cls_f1_macro": 77.89511530551779, "unseen_epoch": 0.0, "unseen_iteration": 0.0, "unseen_global_iteration": 0.0, "seen_ner_prec_micro": 40.7026397515528, "seen_ner_rec_micro": 82.04225352112677, "seen_ner_f1_micro": 54.41100155682408, "seen_ner_prec_macro": 33.93003755727726, "seen_ner_rec_macro": 77.1537038244281, "seen_ner_f1_macro": 45.72928715158153, "seen_loc_prec_micro": 41.36648394675019, "seen_loc_rec_micro": 82.66823161189359, "seen_loc_f1_micro": 55.14091858037579, "seen_loc_prec_macro": 41.36648394675019, "seen_loc_rec_macro": 82.66823161189359, "seen_loc_f1_macro": 55.14091858037579, "seen_cls_prec_micro": 98.72881355932203, "seen_cls_rec_micro": 82.04225352112677, "seen_cls_f1_micro": 89.61538461538461, "seen_cls_prec_macro": 98.24127383155611, "seen_cls_rec_macro": 77.1537038244281, "seen_cls_f1_macro": 86.18291602408263, "seen_epoch": 0.0, "seen_iteration": 0.0, "seen_global_iteration": 0.0, "ner_prec_micro": 80.89517535361364, "ner_rec_micro": 75.82637123138394, "ner_f1_micro": 78.27880378738165, "ner_prec_macro": 81.07855367278468, "ner_rec_macro": 73.30176718271778, "ner_f1_macro": 76.93542489471616, "loc_prec_micro": 84.92855744764142, "loc_rec_micro": 78.80494006538322, "loc_f1_micro": 81.7522373999058, "loc_prec_macro": 84.92855744764142, "loc_rec_macro": 78.80494006538322, "loc_f1_macro": 81.7522373999058, "cls_prec_micro": 95.3631795340338, "cls_rec_micro": 75.82637123138394, "cls_f1_micro": 84.47996762444355, "cls_prec_macro": 94.2585359476969, "cls_rec_macro": 73.30176718271778, "cls_f1_macro": 82.41760273254204, "epoch": 0.0, "iteration": 0.0, "global_iteration": 0.0}}