{"test_metrics": {"Eval_Ent_Precision": 81.04875799255058, "Eval_Ent_Recall": 81.64967556691441, "Eval_Ent_F1": 81.34810705198872, "Eval_Time": 30.2129909992218, "Eval_Examples": 288, "Eval_Examples_Per_Second": 9.532323364059454, "seen_Eval_Ent_Precision": 9.199631997792765e-08, "seen_Eval_Ent_Recall": 50.0, "seen_Eval_Ent_F1": 1.839926396173224e-07, "seen_Eval_Time": 30.153618097305298, "seen_Eval_Examples": 288, "seen_Eval_Examples_Per_Second": 9.551092644027927, "unseen_Eval_Ent_Precision": 81.04875799255058, "unseen_Eval_Ent_Recall": 81.64967556691441, "unseen_Eval_Ent_F1": 81.34810705198872, "unseen_Eval_Time": 30.2709059715271, "unseen_Eval_Examples": 288, "unseen_Eval_Examples_Per_Second": 9.51408591044132}}