{"test_metrics": {"f1": 0.0, "pr": 0.0, "rec": 0.0, "ner_f1": 0.7815175652503967, "ner_pr": 0.7943444848060608, "ner_rec": 0.7690982222557068, "macro_f1": 0.0, "macro_pr": 0.0, "macro_rec": 0.0, "macro_ner_f1": 0.7872231602668762, "macro_ner_pr": 0.8222543597221375, "macro_ner_rec": 0.7567239999771118, "samples_per_s": 393.90756911405947, "samples_total_num": 1854, "samples_total_s": 4.706687927246094, "dna_pr": 0.7724196314811707, "dna_rec": 0.7392712831497192, "dna_f1": 0.755482017993927, "rna_pr": 0.9032257795333862, "rna_rec": 0.807692289352417, "rna_f1": 0.8527918457984924, "cell_type_pr": 0.7739602327346802, "cell_type_rec": 0.7254237532615662, "cell_type_f1": 0.7489063739776611, "protein_pr": 0.7946304082870483, "protein_rec": 0.7982487082481384, "protein_f1": 0.7964354753494263, "cell_line_pr": 0.867035984992981, "cell_line_rec": 0.712984025478363, "cell_line_f1": 0.7824999690055847}, "test_metrics_bounds": {"f1": 0.0, "pr": 0.0, "rec": 0.0, "ner_f1": 0.8200836777687073, "ner_pr": 0.8337950110435486, "ner_rec": 0.8068159818649292, "macro_f1": 0.0, "macro_pr": 0.0, "macro_rec": 0.0, "macro_ner_f1": 0.8200836777687073, "macro_ner_pr": 0.8337950110435486, "macro_ner_rec": 0.8068159818649292, "samples_per_s": 393.90756911405947, "samples_total_num": 1854, "samples_total_s": 4.706687927246094}, "metrics": {"f1": [0.0, 0.0, 0.0, 0.0, 0.0, 0.0, 0.0, 0.0, 0.0, 0.0, 0.0, 0.0, 0.0, 0.0, 0.0, 0.0, 0.0, 0.0, 0.0, 0.0], "pr": [0.0, 0.0, 0.0, 0.0, 0.0, 0.0, 0.0, 0.0, 0.0, 0.0, 0.0, 0.0, 0.0, 0.0, 0.0, 0.0, 0.0, 0.0, 0.0, 0.0], "rec": [0.0, 0.0, 0.0, 0.0, 0.0, 0.0, 0.0, 0.0, 0.0, 0.0, 0.0, 0.0, 0.0, 0.0, 0.0, 0.0, 0.0, 0.0, 0.0, 0.0], "ner_f1": [0.6632770895957947, 0.689612090587616, 0.7523360252380371, 0.7563174962997437, 0.7677425742149353, 0.7621493339538574, 0.7696585655212402, 0.7652882933616638, 0.7662028074264526, 0.7659950256347656, 0.7714510560035706, 0.7698654532432556, 0.7719811797142029, 0.7748557925224304, 0.776032030582428, 0.774677038192749, 0.7766855955123901, 0.7759262919425964, 0.7812470197677612, 0.7815175652503967], "ner_pr": [0.6646798849105835, 0.6453604698181152, 0.7570763826370239, 0.7838948369026184, 0.7681103944778442, 0.7871862649917603, 0.7709894180297852, 0.7761370539665222, 0.7967748641967773, 0.7869547605514526, 0.7916582822799683, 0.7904396653175354, 0.7881507873535156, 0.7916499972343445, 0.7914012670516968, 0.7986986637115479, 0.798020601272583, 0.7949387431144714, 0.7939897179603577, 0.7943444848060608], "ner_rec": [0.6618801355361938, 0.7403790950775146, 0.7476546168327332, 0.7306146025657654, 0.7673750519752502, 0.7386559247970581, 0.7683323621749878, 0.7547386288642883, 0.7378901243209839, 0.7461228966712952, 0.7522496581077576, 0.7503350377082825, 0.7564617991447449, 0.7587593197822571, 0.7612483501434326, 0.752058207988739, 0.7564617991447449, 0.7578020095825195, 0.7689067721366882, 0.7690982222557068], "macro_f1": [0.0, 0.0, 0.0, 0.0, 0.0, 0.0, 0.0, 0.0, 0.0, 0.0, 0.0, 0.0, 0.0, 0.0, 0.0, 0.0, 0.0, 0.0, 0.0, 0.0], "macro_pr": [0.0, 0.0, 0.0, 0.0, 0.0, 0.0, 0.0, 0.0, 0.0, 0.0, 0.0, 0.0, 0.0, 0.0, 0.0, 0.0, 0.0, 0.0, 0.0, 0.0], "macro_rec": [0.0, 0.0, 0.0, 0.0, 0.0, 0.0, 0.0, 0.0, 0.0, 0.0, 0.0, 0.0, 0.0, 0.0, 0.0, 0.0, 0.0, 0.0, 0.0, 0.0], "macro_ner_f1": [0.6583117246627808, 0.6828747987747192, 0.7516276836395264, 0.7516009211540222, 0.7742547392845154, 0.7692335247993469, 0.7687641382217407, 0.7654932141304016, 0.7630069255828857, 0.769847571849823, 0.7732774019241333, 0.7753499150276184, 0.7773477435112, 0.779792845249176, 0.7806215286254883, 0.7774671316146851, 0.7795068025588989, 0.7803708910942078, 0.7852989435195923, 0.7872231602668762], "macro_ner_pr": [0.7310618758201599, 0.7228503227233887, 0.7629481554031372, 0.7922805547714233, 0.7898365259170532, 0.8104696273803711, 0.7878031134605408, 0.7865053415298462, 0.8038654327392578, 0.8018972277641296, 0.8154429197311401, 0.8072885274887085, 0.8077898025512695, 0.8164383172988892, 0.8081162571907043, 0.8214988708496094, 0.8186467289924622, 0.8212364315986633, 0.818672776222229, 0.8222543597221375], "macro_ner_rec": [0.6233364343643188, 0.6755316853523254, 0.745113730430603, 0.7169336080551147, 0.7629954814910889, 0.7336035966873169, 0.7549639940261841, 0.7482326030731201, 0.727586567401886, 0.7416287660598755, 0.7367779612541199, 0.7473249435424805, 0.7505424618721008, 0.7478960156440735, 0.7553023099899292, 0.7394915223121643, 0.7460347414016724, 0.7459629774093628, 0.7560778856277466, 0.7567239999771118], "samples_per_s": [371.6751544536075, 370.03107223049483, 381.14845745502623, 396.1535781408213, 381.83985238337624, 386.5846539868222, 382.3074402424588, 394.8680924777357, 398.8569129528792, 396.6066094780551, 396.29419350577615, 395.6842848112444, 383.86253405835834, 383.50655117109903, 383.34141135392105, 385.3442295439114, 395.53728141910494, 394.69494847653766, 384.1868133817195, 394.46916166472425], "samples_total_num": [1854, 1854, 1854, 1854, 1854, 1854, 1854, 1854, 1854, 1854, 1854, 1854, 1854, 1854, 1854, 1854, 1854, 1854, 1854, 1854], "samples_total_s": [4.988226890563965, 5.010390043258667, 4.864246368408203, 4.6800031661987305, 4.855438709259033, 4.795844793319702, 4.8495001792907715, 4.695238828659058, 4.6482834815979, 4.674657344818115, 4.678342580795288, 4.685553789138794, 4.8298540115356445, 4.83433723449707, 4.8364198207855225, 4.811282634735107, 4.687295198440552, 4.697298526763916, 4.825777292251587, 4.699987173080444], "dna_pr": [0.7825342416763306, 0.7430340647697449, 0.7146302461624146, 0.7952674627304077, 0.7462809681892395, 0.7893258333206177, 0.7804444432258606, 0.7936660051345825, 0.7810487747192383, 0.7179890275001526, 0.7559322118759155, 0.7652705311775208, 0.7346122860908508, 0.7867975234985352, 0.7706735134124756, 0.7915518879890442, 0.7648054361343384, 0.7547796964645386, 0.7754056453704834, 0.7724196314811707], "dna_rec": [0.3700404763221741, 0.5829959511756897, 0.7198380827903748, 0.6259109377861023, 0.731174111366272, 0.6825910806655884, 0.7109311819076538, 0.6696356534957886, 0.6874493956565857, 0.7400809526443481, 0.722267210483551, 0.7101214528083801, 0.7441295385360718, 0.7141700387001038, 0.7319837808609009, 0.6979756951332092, 0.7319837808609009, 0.7352226972579956, 0.7352226972579956, 0.7392712831497192], "dna_f1": [0.5024738311767578, 0.6533575057983398, 0.7172247171401978, 0.7004984617233276, 0.7386502623558044, 0.732088565826416, 0.7440677881240845, 0.7263944149017334, 0.7312661409378052, 0.7288675904273987, 0.7387163043022156, 0.7366653084754944, 0.7393402457237244, 0.7487267255783081, 0.7508305907249451, 0.7418244481086731, 0.7480347752571106, 0.7448728680610657, 0.7547797560691833, 0.755482017993927], "rna_pr": [0.7529411911964417, 0.8279569745063782, 0.8709677457809448, 0.8191489577293396, 0.8725489974021912, 0.9130434989929199, 0.8301886916160583, 0.8037382960319519, 0.8631578683853149, 0.8817204236984253, 0.9032257795333862, 0.8865979313850403, 0.8947368264198303, 0.9130434989929199, 0.8936170339584351, 0.8842105269432068, 0.9042553305625916, 0.9130434989929199, 0.8936170339584351, 0.9032257795333862], "rna_rec": [0.6153846383094788, 0.7403846383094788, 0.7788461446762085, 0.7403846383094788, 0.8557692170143127, 0.807692289352417, 0.8461538553237915, 0.8269230723381042, 0.7884615659713745, 0.7884615659713745, 0.807692289352417, 0.8269230723381042, 0.817307710647583, 0.807692289352417, 0.807692289352417, 0.807692289352417, 0.817307710647583, 0.807692289352417, 0.807692289352417, 0.807692289352417], "rna_f1": [0.6772487163543701, 0.7817259430885315, 0.8223350048065186, 0.7777777910232544, 0.8640776872634888, 0.8571428060531616, 0.8380953073501587, 0.8151658773422241, 0.8241205811500549, 0.8324872851371765, 0.8527918457984924, 0.8557213544845581, 0.854271411895752, 0.8571428060531616, 0.8484848737716675, 0.8442210555076599, 0.8585858345031738, 0.8571428060531616, 0.8484848737716675, 0.8527918457984924],