{"test_metrics": {"seen__f1": 0.0, "seen__pr": 0.0, "seen__rec": 0.0, "seen__ner_f1": 0.5015925765037537, "seen__ner_pr": 0.3581174612045288, "seen__ner_rec": 0.8368761539459229, "seen__macro_f1": 0.0, "seen__macro_pr": 0.0, "seen__macro_rec": 0.0, "seen__macro_ner_f1": 0.4343991279602051, "seen__macro_ner_pr": 0.3111807703971863, "seen__macro_ner_rec": 0.7949405908584595, "seen__samples_per_s": 483.77669242436883, "seen__samples_total_num": 1854, "seen__samples_total_s": 3.8323466777801514, "seen__dna_pr": 0.18527919054031372, "seen__dna_rec": 0.75, "seen__dna_f1": 0.2971506118774414, "seen__rna_pr": 0.1827957034111023, "seen__rna_rec": 0.739130437374115, "seen__rna_f1": 0.2931034564971924, "seen__cell_type_pr": 0.4882459342479706, "seen__cell_type_rec": 0.7520891427993774, "seen__cell_type_f1": 0.5921052098274231, "seen__protein_pr": 0.41980475187301636, "seen__protein_rec": 0.8775510191917419, "seen__protein_f1": 0.5679245591163635, "seen__cell_line_pr": 0.279778391122818, "seen__cell_line_rec": 0.8559321761131287, "seen__cell_line_f1": 0.42171189188957214, "unseen__f1": 0.0, "unseen__pr": 0.0, "unseen__rec": 0.0, "unseen__ner_f1": 0.5436175465583801, "unseen__ner_pr": 0.436227023601532, "unseen__ner_rec": 0.7211506962776184, "unseen__macro_f1": 0.0, "unseen__macro_pr": 0.0, "unseen__macro_rec": 0.0, "unseen__macro_ner_f1": 0.5884385108947754, "unseen__macro_ner_pr": 0.511073648929596, "unseen__macro_ner_rec": 0.7264820337295532, "unseen__samples_per_s": 541.8714584763721, "unseen__samples_total_num": 1854, "unseen__samples_total_s": 3.421475648880005, "unseen__dna_pr": 0.5871404409408569, "unseen__dna_rec": 0.7359490990638733, "unseen__dna_f1": 0.6531764268875122, "unseen__rna_pr": 0.7204301357269287, "unseen__rna_rec": 0.8271604776382446, "unseen__rna_f1": 0.7701149582862854, "unseen__cell_type_pr": 0.2857142984867096, "unseen__cell_type_rec": 0.6839826703071594, "unseen__cell_type_f1": 0.40306124091148376, "unseen__protein_pr": 0.374825656414032, "unseen__protein_rec": 0.7248820066452026, "unseen__protein_f1": 0.49413931369781494, "unseen__cell_line_pr": 0.5872576236724854, "unseen__cell_line_rec": 0.6604361534118652, "unseen__cell_line_f1": 0.6217008829116821}, "test_metrics_bounds": {"seen__f1": 0.0, "seen__pr": 0.0, "seen__rec": 0.0, "seen__ner_f1": 0.5062344670295715, "seen__ner_pr": 0.36149585247039795, "seen__ner_rec": 0.844269871711731, "seen__macro_f1": 0.0, "seen__macro_pr": 0.0, "seen__macro_rec": 0.0, "seen__macro_ner_f1": 0.5062344670295715, "seen__macro_ner_pr": 0.36149585247039795, "seen__macro_ner_rec": 0.844269871711731, "seen__samples_per_s": 483.77669242436883, "seen__samples_total_num": 1854, "seen__samples_total_s": 3.8323466777801514, "unseen__f1": 0.0, "unseen__pr": 0.0, "unseen__rec": 0.0, "unseen__ner_f1": 0.5884382724761963, "unseen__ner_pr": 0.47229915857315063, "unseen__ner_rec": 0.7803203463554382, "unseen__macro_f1": 0.0, "unseen__macro_pr": 0.0, "unseen__macro_rec": 0.0, "unseen__macro_ner_f1": 0.5884382724761963, "unseen__macro_ner_pr": 0.47229915857315063, "unseen__macro_ner_rec": 0.7803203463554382, "unseen__samples_per_s": 541.8714584763721, "unseen__samples_total_num": 1854, "unseen__samples_total_s": 3.421475648880005}}