{"test_metrics": {"unseen_ner_prec_micro": 40.89958158995816, "unseen_ner_rec_micro": 56.91411935953421, "unseen_ner_f1_micro": 47.59586122945831, "unseen_ner_prec_macro": 39.34325070354482, "unseen_ner_rec_macro": 52.09758174476802, "unseen_ner_f1_macro": 44.21648946316878, "unseen_loc_prec_micro": 49.66887417218543, "unseen_loc_rec_micro": 65.50218340611353, "unseen_loc_f1_micro": 56.49717514124294, "unseen_loc_prec_macro": 49.66887417218543, "unseen_loc_rec_macro": 65.50218340611353, "unseen_loc_f1_macro": 56.49717514124294, "unseen_cls_prec_micro": 81.12033195020747, "unseen_cls_rec_micro": 56.91411935953421, "unseen_cls_f1_micro": 66.89478186484175, "unseen_cls_prec_macro": 76.43301330571269, "unseen_cls_rec_macro": 52.09758174476802, "unseen_cls_f1_macro": 61.31715482219244, "unseen_epoch": 0.0, "unseen_iteration": 0.0, "unseen_global_iteration": 0.0, "seen_ner_prec_micro": 29.20997920997921, "seen_ner_rec_micro": 71.68367346938776, "seen_ner_f1_micro": 41.506646971935005, "seen_ner_prec_macro": 25.87006771197988, "seen_ner_rec_macro": 66.43852893870495, "seen_ner_f1_macro": 37.04544185015904, "seen_loc_prec_micro": 34.577387486278816, "seen_loc_rec_micro": 80.35714285714286, "seen_loc_f1_micro": 48.34996162701458, "seen_loc_prec_macro": 34.577387486278816, "seen_loc_rec_macro": 80.35714285714286, "seen_loc_f1_macro": 48.34996162701458, "seen_cls_prec_micro": 86.1963190184049, "seen_cls_rec_micro": 71.68367346938776, "seen_cls_f1_micro": 78.27298050139275, "seen_cls_prec_macro": 77.99047684207784, "seen_cls_rec_macro": 66.43852893870495, "seen_cls_f1_macro": 71.65768148562128, "seen_epoch": 0.0, "seen_iteration": 0.0, "seen_global_iteration": 0.0, "ner_prec_micro": 70.59436913451512, "ner_rec_micro": 62.74328081556997, "ner_f1_micro": 66.43768400392541, "ner_prec_macro": 65.65881753390785, "ner_rec_macro": 56.825353452622366, "ner_f1_macro": 60.6597007788175, "loc_prec_micro": 84.4298245614035, "loc_rec_micro": 71.36237256719184, "loc_f1_micro": 77.34806629834254, "loc_prec_macro": 84.4298245614035, "loc_rec_macro": 71.36237256719184, "loc_f1_macro": 77.34806629834254, "cls_prec_micro": 83.16953316953317, "cls_rec_micro": 62.74328081556997, "cls_f1_micro": 71.52667723190702, "cls_prec_macro": 77.21577611285615, "cls_rec_macro": 56.825353452622366, "cls_f1_macro": 65.14796225085936, "epoch": 0.0, "iteration": 0.0, "global_iteration": 0.0}}