{"test_metrics": {"unseen__f1": 0.0, "unseen__pr": 0.0, "unseen__rec": 0.0, "unseen__ner_f1": 0.6153846383094788, "unseen__ner_pr": 0.49563318490982056, "unseen__ner_rec": 0.811438798904419, "unseen__macro_f1": 0.0, "unseen__macro_pr": 0.0, "unseen__macro_rec": 0.0, "unseen__macro_ner_f1": 0.6409053802490234, "unseen__macro_ner_pr": 0.5762307047843933, "unseen__macro_ner_rec": 0.7609036564826965, "unseen__samples_per_s": 525.951954472719, "unseen__samples_total_num": 3259, "unseen__samples_total_s": 6.196383476257324, "unseen__organization_pr": 0.587579607963562, "unseen__organization_rec": 0.6362069249153137, "unseen__organization_f1": 0.6109271049499512, "unseen__location_pr": 0.41779235005378723, "unseen__location_rec": 0.876518189907074, "unseen__location_f1": 0.5658650994300842, "unseen__person_pr": 0.7233201861381531, "unseen__person_rec": 0.7699859738349915, "unseen__person_f1": 0.7459239363670349, "seen__f1": 0.0, "seen__pr": 0.0, "seen__rec": 0.0, "seen__ner_f1": 0.7224844098091125, "seen__ner_pr": 0.6077021956443787, "seen__ner_rec": 0.8907232880592346, "seen__macro_f1": 0.0, "seen__macro_pr": 0.0, "seen__macro_rec": 0.0, "seen__macro_ner_f1": 0.5349155068397522, "seen__macro_ner_pr": 0.4184931814670563, "seen__macro_ner_rec": 0.8184363842010498, "seen__samples_per_s": 569.7667256250131, "seen__samples_total_num": 4136, "seen__samples_total_s": 7.259111166000366, "seen__organization_pr": 0.28057554364204407, "seen__organization_rec": 0.6573033928871155, "seen__organization_f1": 0.39327728748321533, "seen__location_pr": 0.6928697228431702, "seen__location_rec": 0.8971619009971619, "seen__location_f1": 0.7818917632102966, "seen__person_pr": 0.28203433752059937, "seen__person_rec": 0.9008438587188721, "seen__person_f1": 0.42957744002342224}, "test_metrics_bounds": {"unseen__f1": 0.0, "unseen__pr": 0.0, "unseen__rec": 0.0, "unseen__ner_f1": 0.6472382545471191, "unseen__ner_pr": 0.5212882161140442, "unseen__ner_rec": 0.8534405827522278, "unseen__macro_f1": 0.0, "unseen__macro_pr": 0.0, "unseen__macro_rec": 0.0, "unseen__macro_ner_f1": 0.6472382545471191, "unseen__macro_ner_pr": 0.5212882161140442, "unseen__macro_ner_rec": 0.8534405827522278, "unseen__samples_per_s": 525.951954472719, "unseen__samples_total_num": 3259, "unseen__samples_total_s": 6.196383476257324, "seen__f1": 0.0, "seen__pr": 0.0, "seen__rec": 0.0, "seen__ner_f1": 0.7283509969711304, "seen__ner_pr": 0.6126367449760437, "seen__ner_rec": 0.8979559540748596, "seen__macro_f1": 0.0, "seen__macro_pr": 0.0, "seen__macro_rec": 0.0, "seen__macro_ner_f1": 0.7283509969711304, "seen__macro_ner_pr": 0.6126367449760437, "seen__macro_ner_rec": 0.8979559540748596, "seen__samples_per_s": 569.7667256250131, "seen__samples_total_num": 4136, "seen__samples_total_s": 7.259111166000366}}