{"test_metrics": {"f1": 0.0, "pr": 0.0, "rec": 0.0, "ner_f1": 0.8440691828727722, "ner_pr": 0.8306084275245667, "ner_rec": 0.8579733967781067, "macro_f1": 0.0, "macro_pr": 0.0, "macro_rec": 0.0, "macro_ner_f1": 0.7649998664855957, "macro_ner_pr": 0.753070592880249, "macro_ner_rec": 0.7782397866249084, "samples_per_s": 239.5657240680475, "samples_total_num": 5000, "samples_total_s": 20.87109923362732, "organization_pr": 0.6585366129875183, "organization_rec": 0.6411609649658203, "organization_f1": 0.6497326493263245, "location_pr": 0.8710101842880249, "location_rec": 0.8909268975257874, "location_f1": 0.880855917930603, "person_pr": 0.7296651005744934, "person_rec": 0.8026315569877625, "person_f1": 0.7644110321998596}, "test_metrics_bounds": {"f1": 0.0, "pr": 0.0, "rec": 0.0, "ner_f1": 0.8653138875961304, "ner_pr": 0.8515143394470215, "ner_rec": 0.8795680999755859, "macro_f1": 0.0, "macro_pr": 0.0, "macro_rec": 0.0, "macro_ner_f1": 0.8653138875961304, "macro_ner_pr": 0.8515143394470215, "macro_ner_rec": 0.8795680999755859, "samples_per_s": 239.5657240680475, "samples_total_num": 5000, "samples_total_s": 20.87109923362732}, "metrics": {"f1": [0.0, 0.0, 0.0, 0.0, 0.0, 0.0, 0.0], "pr": [0.0, 0.0, 0.0, 0.0, 0.0, 0.0, 0.0], "rec": [0.0, 0.0, 0.0, 0.0, 0.0, 0.0, 0.0], "ner_f1": [0.7465377449989319, 0.7939582467079163, 0.8037077188491821, 0.8233500719070435, 0.8408344984054565, 0.8150587677955627, 0.8152152895927429], "ner_pr": [0.7136253118515015, 0.7662493586540222, 0.8165128827095032, 0.8249884247779846, 0.8311419486999512, 0.808953046798706, 0.847493052482605], "ner_rec": [0.7826327681541443, 0.8237463235855103, 0.7912979125976562, 0.8217182755470276, 0.8507558703422546, 0.8212573528289795, 0.7853060364723206], "macro_f1": [0.0, 0.0, 0.0, 0.0, 0.0, 0.0, 0.0], "macro_pr": [0.0, 0.0, 0.0, 0.0, 0.0, 0.0, 0.0], "macro_rec": [0.0, 0.0, 0.0, 0.0, 0.0, 0.0, 0.0], "macro_ner_f1": [0.6519932150840759, 0.7072922587394714, 0.718826949596405, 0.7375790476799011, 0.757793128490448, 0.724530041217804, 0.7329848408699036], "macro_ner_pr": [0.5979507565498352, 0.651650071144104, 0.697001039981842, 0.7476485371589661, 0.7518515586853027, 0.6876981854438782, 0.742299497127533], "macro_ner_rec": [0.7268907427787781, 0.7857450842857361, 0.7519009113311768, 0.7346333861351013, 0.7640514373779297, 0.7782102227210999, 0.7369231581687927], "samples_per_s": [231.17784855449577, 227.78008552375658, 238.44984948446773, 237.8693819936696, 223.82314194497604, 231.1118365878049, 233.22148373116696], "samples_total_num": [5000, 5000, 5000, 5000, 5000, 5000, 5000], "samples_total_s": [21.62836980819702, 21.95099711418152, 20.968769788742065, 21.019939422607422, 22.33906626701355, 21.634547472000122, 21.43884825706482], "organization_pr": [0.4286956489086151, 0.49129238724708557, 0.50935959815979, 0.6931637525558472, 0.6454183459281921, 0.4769911468029022, 0.5187680721282959], "organization_rec": [0.6410923004150391, 0.6970090866088867, 0.672301709651947, 0.5669701099395752, 0.631989598274231, 0.7009102702140808, 0.7009102702140808], "organization_f1": [0.5138092041015625, 0.5763441324234009, 0.5795963406562805, 0.623748242855072, 0.6386334300041199, 0.5676671862602234, 0.5962389707565308], "location_pr": [0.7959946990013123, 0.8550125360488892, 0.8989071249961853, 0.8784753084182739, 0.8693208694458008, 0.8894948959350586, 0.9035326242446899], "location_rec": [0.8078854084014893, 0.8354352712631226, 0.8056814074516296, 0.8550263047218323, 0.8902902007102966, 0.8387413024902344, 0.814252495765686], "location_f1": [0.8018959164619446, 0.8451105356216431, 0.8497449159622192, 0.8665921688079834, 0.8796805143356323, 0.863372802734375, 0.8565724492073059], "person_pr": [0.5691618919372559, 0.6086453199386597, 0.6827364563941956, 0.6713066697120667, 0.740815281867981, 0.6966086030006409, 0.8045976758003235], "person_rec": [0.7316945791244507, 0.8247907757759094, 0.7777196764945984, 0.7819037437438965, 0.7698744535446167, 0.7949790954589844, 0.6956067085266113], "person_f1": [0.6402745842933655, 0.700421929359436, 0.7271393537521362, 0.722396731376648, 0.7550653219223022, 0.7425500750541687, 0.746143102645874]}}