{"test_metrics": {"seen__f1": 0.0, "seen__pr": 0.0, "seen__rec": 0.0, "seen__ner_f1": 0.5915322303771973, "seen__ner_pr": 0.4480794072151184, "seen__ner_rec": 0.8700928092002869, "seen__macro_f1": 0.0, "seen__macro_pr": 0.0, "seen__macro_rec": 0.0, "seen__macro_ner_f1": 0.5382344722747803, "seen__macro_ner_pr": 0.4030245840549469, "seen__macro_ner_rec": 0.8525959849357605, "seen__samples_per_s": 478.753010953354, "seen__samples_total_num": 1854, "seen__samples_total_s": 3.872560501098633, "seen__dna_pr": 0.30417007207870483, "seen__dna_rec": 0.7815126180648804, "seen__dna_f1": 0.4379046857357025, "seen__rna_pr": 0.3173076808452606, "seen__rna_rec": 0.9166666865348816, "seen__rna_f1": 0.47142860293388367, "seen__cell_type_pr": 0.5531197190284729, "seen__cell_type_rec": 0.7772511839866638, "seen__cell_type_f1": 0.6463053822517395, "seen__protein_pr": 0.5056836605072021, "seen__protein_rec": 0.916961133480072, "seen__protein_f1": 0.6518735289573669, "seen__cell_line_pr": 0.33484163880348206, "seen__cell_line_rec": 0.8705882430076599, "seen__cell_line_f1": 0.48366010189056396, "unseen__f1": 0.0, "unseen__pr": 0.0, "unseen__rec": 0.0, "unseen__ner_f1": 0.44874078035354614, "unseen__ner_pr": 0.32420510053634644, "unseen__ner_rec": 0.7286245226860046, "unseen__macro_f1": 0.0, "unseen__macro_pr": 0.0, "unseen__macro_rec": 0.0, "unseen__macro_ner_f1": 0.4963386654853821, "unseen__macro_ner_pr": 0.38427263498306274, "unseen__macro_ner_rec": 0.7420570850372314, "unseen__samples_per_s": 561.3325416016455, "unseen__samples_total_num": 1854, "unseen__samples_total_s": 3.3028550148010254, "unseen__dna_pr": 0.4652493894100189, "unseen__dna_rec": 0.7496706247329712, "unseen__dna_f1": 0.5741674900054932, "unseen__rna_pr": 0.5865384340286255, "unseen__rna_rec": 0.8970588445663452, "unseen__rna_f1": 0.7093023061752319, "unseen__cell_type_pr": 0.1888701468706131, "unseen__cell_type_rec": 0.6666666865348816, "unseen__cell_type_f1": 0.2943495512008667, "unseen__protein_pr": 0.27346542477607727, "unseen__protein_rec": 0.7277441620826721, "unseen__protein_f1": 0.39754483103752136, "unseen__cell_line_pr": 0.4072398245334625, "unseen__cell_line_rec": 0.6691449880599976, "unseen__cell_line_f1": 0.5063291192054749}, "test_metrics_bounds": {"seen__f1": 0.0, "seen__pr": 0.0, "seen__rec": 0.0, "seen__ner_f1": 0.6015786528587341, "seen__ner_pr": 0.4559175372123718, "seen__ner_rec": 0.884011447429657, "seen__macro_f1": 0.0, "seen__macro_pr": 0.0, "seen__macro_rec": 0.0, "seen__macro_ner_f1": 0.6015786528587341, "seen__macro_ner_pr": 0.4559175372123718, "seen__macro_ner_rec": 0.884011447429657, "seen__samples_per_s": 478.753010953354, "seen__samples_total_num": 1854, "seen__samples_total_s": 3.872560501098633, "unseen__f1": 0.0, "unseen__pr": 0.0, "unseen__rec": 0.0, "unseen__ner_f1": 0.48943212628364563, "unseen__ner_pr": 0.35376402735710144, "unseen__ner_rec": 0.7938868403434753, "unseen__macro_f1": 0.0, "unseen__macro_pr": 0.0, "unseen__macro_rec": 0.0, "unseen__macro_ner_f1": 0.48943212628364563, "unseen__macro_ner_pr": 0.35376402735710144, "unseen__macro_ner_rec": 0.7938868403434753, "unseen__samples_per_s": 561.3325416016455, "unseen__samples_total_num": 1854, "unseen__samples_total_s": 3.3028550148010254}}