{"test_metrics": {"seen__f1": 0.0, "seen__pr": 0.0, "seen__rec": 0.0, "seen__ner_f1": 0.4906606674194336, "seen__ner_pr": 0.3526347279548645, "seen__ner_rec": 0.8062299489974976, "seen__macro_f1": 0.0, "seen__macro_pr": 0.0, "seen__macro_rec": 0.0, "seen__macro_ner_f1": 0.43206557631492615, "seen__macro_ner_pr": 0.31104451417922974, "seen__macro_ner_rec": 0.7670468091964722, "seen__samples_per_s": 505.3575356780785, "seen__samples_total_num": 1854, "seen__samples_total_s": 3.668689727783203, "seen__dna_pr": 0.1901041716337204, "seen__dna_rec": 0.6886792182922363, "seen__dna_f1": 0.29795920848846436, "seen__rna_pr": 0.19801980257034302, "seen__rna_rec": 0.7407407164573669, "seen__rna_f1": 0.3124999701976776, "seen__cell_type_pr": 0.4887348413467407, "seen__cell_type_rec": 0.7601078152656555, "seen__cell_type_f1": 0.5949366688728333, "seen__protein_pr": 0.407645583152771, "seen__protein_rec": 0.8489583134651184, "seen__protein_f1": 0.5508085489273071, "seen__cell_line_pr": 0.2707182466983795, "seen__cell_line_rec": 0.7967479825019836, "seen__cell_line_f1": 0.4041237235069275, "unseen__f1": 0.0, "unseen__pr": 0.0, "unseen__rec": 0.0, "unseen__ner_f1": 0.5416511297225952, "unseen__ner_pr": 0.43578439950942993, "unseen__ner_rec": 0.7154605388641357, "unseen__macro_f1": 0.0, "unseen__macro_pr": 0.0, "unseen__macro_rec": 0.0, "unseen__macro_ner_f1": 0.5699785947799683, "unseen__macro_ner_pr": 0.48535260558128357, "unseen__macro_ner_rec": 0.7221335172653198, "unseen__samples_per_s": 566.9638821013939, "unseen__samples_total_num": 1854, "unseen__samples_total_s": 3.270049571990967, "unseen__dna_pr": 0.5859375, "unseen__dna_rec": 0.7360959649085999, "unseen__dna_f1": 0.652489185333252, "unseen__rna_pr": 0.6534653306007385, "unseen__rna_rec": 0.8571428656578064, "unseen__rna_f1": 0.7415730357170105, "unseen__cell_type_pr": 0.25649914145469666, "unseen__cell_type_rec": 0.6757990717887878, "unseen__cell_type_f1": 0.3718593120574951, "unseen__protein_pr": 0.38942480087280273, "unseen__protein_rec": 0.7213765978813171, "unseen__protein_f1": 0.5058004260063171, "unseen__cell_line_pr": 0.541436493396759, "unseen__cell_line_rec": 0.6202531456947327, "unseen__cell_line_f1": 0.5781710743904114}, "test_metrics_bounds": {"seen__f1": 0.0, "seen__pr": 0.0, "seen__rec": 0.0, "seen__ner_f1": 0.4972098469734192, "seen__ner_pr": 0.35747241973876953, "seen__ner_rec": 0.8163078427314758, "seen__macro_f1": 0.0, "seen__macro_pr": 0.0, "seen__macro_rec": 0.0, "seen__macro_ner_f1": 0.4972098469734192, "seen__macro_ner_pr": 0.35747241973876953, "seen__macro_ner_rec": 0.8163078427314758, "seen__samples_per_s": 505.3575356780785, "seen__samples_total_num": 1854, "seen__samples_total_s": 3.668689727783203, "unseen__f1": 0.0, "unseen__pr": 0.0, "unseen__rec": 0.0, "unseen__ner_f1": 0.5901557803153992, "unseen__ner_pr": 0.47502508759498596, "unseen__ner_rec": 0.7789473533630371, "unseen__macro_f1": 0.0, "unseen__macro_pr": 0.0, "unseen__macro_rec": 0.0, "unseen__macro_ner_f1": 0.5901557803153992, "unseen__macro_ner_pr": 0.47502508759498596, "unseen__macro_ner_rec": 0.7789473533630371, "unseen__samples_per_s": 566.9638821013939, "unseen__samples_total_num": 1854, "unseen__samples_total_s": 3.270049571990967}}