{"test_metrics": {"unseen_ner_prec_micro": 17.03940362087327, "unseen_ner_rec_micro": 71.03218645948945, "unseen_ner_f1_micro": 27.485505690358604, "unseen_ner_prec_macro": 25.52110477992069, "unseen_ner_rec_macro": 66.79610848759138, "unseen_ner_f1_macro": 34.6219556934695, "unseen_loc_prec_micro": 18.355346480911887, "unseen_loc_rec_micro": 75.06474287828338, "unseen_loc_f1_micro": 29.497710256596644, "unseen_loc_prec_macro": 18.355346480911887, "unseen_loc_rec_macro": 75.06474287828338, "unseen_loc_f1_macro": 29.497710256596644, "unseen_cls_prec_micro": 92.26333493512732, "unseen_cls_rec_micro": 71.03218645948945, "unseen_cls_f1_micro": 80.2675585284281, "unseen_cls_prec_macro": 90.8741347804204, "unseen_cls_rec_macro": 66.79610848759138, "unseen_cls_f1_macro": 76.48323224406221, "unseen_epoch": 0.0, "unseen_iteration": 0.0, "unseen_global_iteration": 0.0, "seen_ner_prec_micro": 68.11491399184253, "seen_ner_rec_micro": 94.454690766015, "seen_ner_f1_micro": 79.15099685745196, "seen_ner_prec_macro": 52.17608627727496, "seen_ner_rec_macro": 92.41790109900109, "seen_ner_f1_macro": 65.11497428686675, "seen_loc_prec_micro": 69.67094557946122, "seen_loc_rec_micro": 94.76208041313168, "seen_loc_f1_micro": 80.30216202135972, "seen_loc_prec_macro": 69.67094557946122, "seen_loc_rec_macro": 94.76208041313168, "seen_loc_f1_macro": 80.30216202135972, "seen_cls_prec_micro": 98.39887280645574, "seen_cls_rec_micro": 94.454690766015, "seen_cls_f1_micro": 96.38644918444166, "seen_cls_prec_macro": 93.83790145821465, "seen_cls_rec_macro": 92.41790109900109, "seen_cls_f1_macro": 93.1006164737711, "seen_epoch": 0.0, "seen_iteration": 0.0, "seen_global_iteration": 0.0, "ner_prec_micro": 85.08414526129317, "ner_rec_micro": 88.64894795127354, "ner_f1_micro": 86.82997378649553, "ner_prec_macro": 77.64776159637817, "ner_rec_macro": 79.99257068575353, "ner_f1_macro": 78.79632450234162, "loc_prec_micro": 87.98554652213188, "loc_rec_micro": 89.88556662975267, "loc_f1_micro": 88.92540856386378, "loc_prec_macro": 87.98554652213188, "loc_rec_macro": 89.88556662975267, "loc_f1_macro": 88.92540856386378, "cls_prec_micro": 97.03030303030305, "cls_rec_micro": 88.64894795127354, "cls_f1_micro": 92.65046296296296, "cls_prec_macro": 93.30028216148064, "cls_rec_macro": 79.99257068575353, "cls_f1_macro": 86.01000451432694, "epoch": 0.0, "iteration": 0.0, "global_iteration": 0.0}}