{"test_metrics": {"Eval_Ent_Precision": 87.83049618332832, "Eval_Ent_Recall": 88.56829801367118, "Eval_Ent_F1": 88.1978541414083, "Eval_Time": 66.61323738098145, "Eval_Examples": 2050, "Eval_Examples_Per_Second": 30.77466402474067, "seen_Eval_Ent_Precision": 67.45744294912805, "seen_Eval_Ent_Recall": 92.04348898342303, "seen_Eval_Ent_F1": 77.85557528358007, "seen_Eval_Time": 65.76376223564148, "seen_Eval_Examples": 2050, "seen_Eval_Examples_Per_Second": 31.172182525910557, "unseen_Eval_Ent_Precision": 20.373053252309646, "unseen_Eval_Ent_Recall": 78.72638204516952, "unseen_Eval_Ent_F1": 32.3694432557218, "unseen_Eval_Time": 64.58040499687195, "unseen_Eval_Examples": 2050, "unseen_Eval_Examples_Per_Second": 31.743374791460273}}