{"test_metrics": {"Eval_Ent_Precision": 61.977401116409716, "Eval_Ent_Recall": 65.18122398671274, "Eval_Ent_F1": 63.53895162057462, "Eval_Time": 28.607665538787842, "Eval_Examples": 551, "Eval_Examples_Per_Second": 19.26057193492157, "seen_Eval_Ent_Precision": 15.31073450247375, "seen_Eval_Ent_Recall": 79.00874618653792, "seen_Eval_Ent_F1": 25.65073360028257, "seen_Eval_Time": 25.36885666847229, "seen_Eval_Examples": 551, "seen_Eval_Examples_Per_Second": 21.71954405358628, "unseen_Eval_Ent_Precision": 46.666666670433145, "unseen_Eval_Ent_Recall": 61.641791027400316, "unseen_Eval_Ent_F1": 53.11897105708171, "unseen_Eval_Time": 25.274266719818115, "unseen_Eval_Examples": 551, "unseen_Eval_Examples_Per_Second": 21.800830311248898}}