{"test_metrics": {"unseen_ner_prec_micro": 33.912155260469866, "unseen_ner_rec_micro": 52.20125786163522, "unseen_ner_f1_micro": 41.11455108359133, "unseen_ner_prec_macro": 33.82586680701879, "unseen_ner_rec_macro": 48.14832263697351, "unseen_ner_f1_macro": 38.56514560436528, "unseen_loc_prec_micro": 41.90476190476191, "unseen_loc_rec_micro": 62.264150943396224, "unseen_loc_f1_micro": 50.09487666034156, "unseen_loc_prec_macro": 41.90476190476191, "unseen_loc_rec_macro": 62.264150943396224, "unseen_loc_f1_macro": 50.09487666034156, "unseen_cls_prec_micro": 79.8076923076923, "unseen_cls_rec_micro": 52.20125786163522, "unseen_cls_f1_micro": 63.11787072243346, "unseen_cls_prec_macro": 77.3595173918624, "unseen_cls_rec_macro": 48.14832263697351, "unseen_cls_f1_macro": 57.89239809327589, "unseen_epoch": 0.0, "unseen_iteration": 0.0, "unseen_global_iteration": 0.0, "seen_ner_prec_micro": 32.1501014198783, "seen_ner_rec_micro": 71.55756207674943, "seen_ner_f1_micro": 44.3666899930021, "seen_ner_prec_macro": 27.24527557735335, "seen_ner_rec_macro": 63.255473971524, "seen_ner_f1_macro": 37.89087023490508, "seen_loc_prec_micro": 37.63213530655391, "seen_loc_rec_micro": 80.36117381489842, "seen_loc_f1_micro": 51.25989920806335, "seen_loc_prec_macro": 37.63213530655391, "seen_loc_rec_macro": 80.36117381489842, "seen_loc_f1_macro": 51.25989920806335, "seen_cls_prec_micro": 85.90785907859079, "seen_cls_rec_micro": 71.55756207674943, "seen_cls_f1_micro": 78.07881773399015, "seen_cls_prec_macro": 75.73411524373063, "seen_cls_rec_macro": 63.255473971524, "seen_cls_f1_macro": 68.8093402956194, "seen_epoch": 0.0, "seen_iteration": 0.0, "seen_global_iteration": 0.0, "ner_prec_micro": 66.3265306122449, "ner_rec_micro": 60.24096385542169, "ner_f1_micro": 63.13744536182613, "ner_prec_macro": 61.64788567095189, "ner_rec_macro": 53.750806701606216, "ner_f1_macro": 56.74143785669068, "loc_prec_micro": 79.80972515856237, "loc_rec_micro": 69.97219647822057, "loc_f1_micro": 74.5679012345679, "loc_prec_macro": 79.80972515856237, "loc_rec_macro": 69.97219647822057, "loc_f1_macro": 74.5679012345679, "cls_prec_micro": 82.90816326530613, "cls_rec_micro": 60.24096385542169, "cls_f1_micro": 69.77992485238862, "cls_prec_macro": 77.79072567890289, "cls_rec_macro": 53.750806701606216, "cls_f1_macro": 62.5820941514879, "epoch": 0.0, "iteration": 0.0, "global_iteration": 0.0}}