{"test_metrics": {"f1": 0.0, "pr": 0.0, "rec": 0.0, "ner_f1": 0.7844408750534058, "ner_pr": 0.7812381386756897, "ner_rec": 0.7876698970794678, "macro_f1": 0.0, "macro_pr": 0.0, "macro_rec": 0.0, "macro_ner_f1": 0.7841684818267822, "macro_ner_pr": 0.7780478596687317, "macro_ner_rec": 0.790756344795227, "samples_per_s": 383.22435887421653, "samples_total_num": 1854, "samples_total_s": 4.837897062301636, "dna_pr": 0.7403400540351868, "dna_rec": 0.7757084965705872, "dna_f1": 0.7576116919517517, "rna_pr": 0.8272727131843567, "rna_rec": 0.875, "rna_f1": 0.8504672646522522, "cell_type_pr": 0.7406779527664185, "cell_type_rec": 0.7406779527664185, "cell_type_f1": 0.7406779527664185, "protein_pr": 0.8075299263000488, "protein_rec": 0.803852915763855, "protein_f1": 0.8056872487068176, "cell_line_pr": 0.7744185924530029, "cell_line_rec": 0.7585421204566956, "cell_line_f1": 0.7663981318473816}, "test_metrics_bounds": {"f1": 0.0, "pr": 0.0, "rec": 0.0, "ner_f1": 0.8194907903671265, "ner_pr": 0.8162993788719177, "ner_rec": 0.8227072358131409, "macro_f1": 0.0, "macro_pr": 0.0, "macro_rec": 0.0, "macro_ner_f1": 0.8194907903671265, "macro_ner_pr": 0.8162993788719177, "macro_ner_rec": 0.8227072358131409, "samples_per_s": 383.22435887421653, "samples_total_num": 1854, "samples_total_s": 4.837897062301636}, "metrics": {"f1": [0.0, 0.0, 0.0, 0.0, 0.0, 0.0, 0.0, 0.0, 0.0, 0.0, 0.0, 0.0, 0.0, 0.0, 0.0], "pr": [0.0, 0.0, 0.0, 0.0, 0.0, 0.0, 0.0, 0.0, 0.0, 0.0, 0.0, 0.0, 0.0, 0.0, 0.0], "rec": [0.0, 0.0, 0.0, 0.0, 0.0, 0.0, 0.0, 0.0, 0.0, 0.0, 0.0, 0.0, 0.0, 0.0, 0.0], "ner_f1": [0.7317027449607849, 0.7632533311843872, 0.77955561876297, 0.7773793339729309, 0.7844408750534058, 0.780164361000061, 0.7805195450782776, 0.7800264954566956, 0.7771642804145813, 0.7766008377075195, 0.7754569053649902, 0.7788308262825012, 0.7782465815544128, 0.7770366072654724, 0.7785680294036865], "ner_pr": [0.7139734029769897, 0.7096773982048035, 0.7460622787475586, 0.7478768825531006, 0.7812381386756897, 0.7615314722061157, 0.7570631504058838, 0.7706970572471619, 0.7601611018180847, 0.7741628885269165, 0.7558625936508179, 0.7637099623680115, 0.762587308883667, 0.7629151344299316, 0.7713265419006348], "ner_rec": [0.7503350377082825, 0.8255791664123535, 0.8161975741386414, 0.8093050122261047, 0.7876698970794678, 0.799731969833374, 0.8054757714271545, 0.7895845174789429, 0.7949454188346863, 0.7790541648864746, 0.7960941791534424, 0.7945625185966492, 0.7945625185966492, 0.7916905879974365, 0.785946786403656], "macro_f1": [0.0, 0.0, 0.0, 0.0, 0.0, 0.0, 0.0, 0.0, 0.0, 0.0, 0.0, 0.0, 0.0, 0.0, 0.0], "macro_pr": [0.0, 0.0, 0.0, 0.0, 0.0, 0.0, 0.0, 0.0, 0.0, 0.0, 0.0, 0.0, 0.0, 0.0, 0.0], "macro_rec": [0.0, 0.0, 0.0, 0.0, 0.0, 0.0, 0.0, 0.0, 0.0, 0.0, 0.0, 0.0, 0.0, 0.0, 0.0], "macro_ner_f1": [0.7055379152297974, 0.7578881978988647, 0.7756718397140503, 0.7696361541748047, 0.7841684818267822, 0.7819852828979492, 0.7815409302711487, 0.7704548835754395, 0.7755826115608215, 0.7701829671859741, 0.7678418159484863, 0.774922251701355, 0.7738625407218933, 0.7740260362625122, 0.7778818607330322], "macro_ner_pr": [0.7500330209732056, 0.7083534598350525, 0.7533510327339172, 0.7460139989852905, 0.7780478596687317, 0.7720270156860352, 0.769595742225647, 0.7774429321289062, 0.7630943655967712, 0.7846505641937256, 0.7587895393371582, 0.7669550180435181, 0.7715989351272583, 0.7728564739227295, 0.7839847803115845], "macro_ner_rec": [0.6766217350959778, 0.8157801628112793, 0.800489604473114, 0.795779287815094, 0.790756344795227, 0.7931182980537415, 0.7959477305412292, 0.7681127786636353, 0.7900143265724182, 0.7610622644424438, 0.7799941301345825, 0.7843600511550903, 0.777403712272644, 0.7763803601264954, 0.7746456861495972], "samples_per_s": [366.58508401073584, 366.2058035803426, 371.14699817625245, 370.23399086089177, 375.74525179616256, 372.7865755713524, 381.8738297494315, 374.53119978499797, 375.4543113558828, 387.74119471667046, 374.42752373516157, 385.6869331398874, 385.5049650081739, 384.1623676240542, 374.8696777955565], "samples_total_num": [1854, 1854, 1854, 1854, 1854, 1854, 1854, 1854, 1854, 1854, 1854, 1854, 1854, 1854, 1854], "samples_total_s": [5.057488918304443, 5.062726974487305, 4.995325326919556, 5.007643938064575, 4.934194087982178, 4.973355054855347, 4.855006694793701, 4.950188398361206, 4.9380176067352295, 4.7815399169921875, 4.951559066772461, 4.807007551193237, 4.809276580810547, 4.82608437538147, 4.945718765258789], "dna_pr": [0.6955782175064087, 0.6860863566398621, 0.7330827116966248, 0.7161383032798767, 0.7403400540351868, 0.7503974437713623, 0.7310292720794678, 0.7562149167060852, 0.7336999177932739, 0.7698962092399597, 0.7343629598617554, 0.7382445335388184, 0.7600657343864441, 0.7332293391227722, 0.7435483932495117], "dna_rec": [0.6623481512069702, 0.8105263113975525, 0.7894737124443054, 0.8048583269119263, 0.7757084965705872, 0.7643724679946899, 0.7878542542457581, 0.7635627388954163, 0.7562752962112427, 0.7206477522850037, 0.7700405120849609, 0.7627530097961426, 0.7489878535270691, 0.76113361120224, 0.7465587258338928], "dna_f1": [0.6785565614700317, 0.7431328892707825, 0.7602339386940002, 0.7579107880592346, 0.7576116919517517, 0.7573204636573792, 0.7583788633346558, 0.7598710656166077, 0.7448166012763977, 0.7444584369659424, 0.7517786622047424, 0.7502986788749695, 0.7544861435890198, 0.7469209432601929, 0.7450505495071411], "rna_pr": [0.8309859037399292, 0.7377049326896667, 0.8365384340286255, 0.7894737124443054, 0.8272727131843567, 0.8288288116455078, 0.8288288116455078, 0.8272727131843567, 0.8303571343421936, 0.8476190567016602, 0.8090909123420715, 0.8181818127632141, 0.8476190567016602, 0.8543689250946045, 0.8454545736312866], "rna_rec": [0.567307710647583, 0.8653846383094788, 0.8365384340286255, 0.8653846383094788, 0.875, 0.8846153616905212, 0.8846153616905212, 0.875, 0.8942307829856873, 0.8557692170143127, 0.8557692170143127, 0.8653846383094788, 0.8557692170143127, 0.8461538553237915, 0.8942307829856873], "rna_f1": [0.6742857098579407, 0.7964602112770081, 0.8365384340286255, 0.8256881237030029, 0.8504672646522522, 0.8558139204978943, 0.8558139204978943, 0.8504672646522522, 0.8611111044883728, 0.8516746759414673, 0.8317756652832031, 0.84112149477005, 0.8516746759414673, 0.8502415418624878, 0.869158923625946], "cell_type_pr": [0.7240773439407349, 0.7140549421310425, 0.6840536594390869, 0.6881029009819031, 0.7406779527664185, 0.7228714227676392, 0.7133655548095703, 0.7057850956916809, 0.6914728879928589, 0.6995305418968201, 0.6875957250595093, 0.7106109261512756, 0.7089430689811707, 0.7131147384643555, 0.745674729347229], "cell_type_rec": [0.698305070400238, 0.7491525411605835, 0.7779660820960999, 0.7254237532615662, 0.7406779527664185, 0.7338982820510864, 0.7508474588394165, 0.7237288355827332, 0.7559322118759155, 0.7576271295547485, 0.7610169649124146, 0.7491525411605835, 0.7389830350875854, 0.7372881174087524, 0.7305084466934204], "cell_type_f1": [0.7109577059745789, 0.7311828136444092, 0.7279936671257019, 0.7062706351280212, 0.7406779527664185, 0.72834312915802, 0.7316268086433411, 0.7146443724632263, 0.722267210483551, 0.7274207472801208, 0.7224457263946533, 0.7293728590011597, 0.7236514091491699, 0.7249999642372131, 0.7380136251449585], "protein_pr": [0.7080950736999512, 0.7224538326263428, 0.7608078122138977, 0.7699999809265137, 0.8075299263000488, 0.7671718597412109, 0.7681393027305603, 0.7823799848556519, 0.7807857394218445, 0.7835325598716736, 0.7734247446060181, 0.7802379131317139, 0.7702223658561707, 0.7796497941017151, 0.7808988690376282], "protein_rec": [0.8241681456565857, 0.849737286567688, 0.8444833755493164, 0.8360770344734192, 0.803852915763855, 0.8332749605178833, 0.8343257308006287, 0.8336251974105835, 0.8283712863922119, 0.8266199827194214, 0.8297723531723022, 0.8269702196121216, 0.8371278643608093, 0.8266199827194214, 0.8276707530021667],