{"test_metrics": {"unseen__f1": 0.0, "unseen__pr": 0.0, "unseen__rec": 0.0, "unseen__ner_f1": 0.43690457940101624, "unseen__ner_pr": 0.3178883492946625, "unseen__ner_rec": 0.6983729600906372, "unseen__macro_f1": 0.0, "unseen__macro_pr": 0.0, "unseen__macro_rec": 0.0, "unseen__macro_ner_f1": 0.4769012928009033, "unseen__macro_ner_pr": 0.36674126982688904, "unseen__macro_ner_rec": 0.7164261341094971, "unseen__samples_per_s": 499.53241686263095, "unseen__samples_total_num": 1854, "unseen__samples_total_s": 3.71147084236145, "unseen__dna_pr": 0.43894898891448975, "unseen__dna_rec": 0.7463863492012024, "unseen__dna_f1": 0.5527980327606201, "unseen__rna_pr": 0.5272727012634277, "unseen__rna_rec": 0.8529411554336548, "unseen__rna_f1": 0.6516854166984558, "unseen__cell_type_pr": 0.16610169410705566, "unseen__cell_type_rec": 0.612500011920929, "unseen__cell_type_f1": 0.2613333463668823, "unseen__protein_pr": 0.2688247859477997, "unseen__protein_rec": 0.668416440486908, "unseen__protein_f1": 0.3834379017353058, "unseen__cell_line_pr": 0.43255814909935, "unseen__cell_line_rec": 0.701886773109436, "unseen__cell_line_f1": 0.535251796245575, "seen__f1": 0.0, "seen__pr": 0.0, "seen__rec": 0.0, "seen__ner_f1": 0.603064775466919, "seen__ner_pr": 0.4633497893810272, "seen__ner_rec": 0.8634111881256104, "seen__macro_f1": 0.0, "seen__macro_pr": 0.0, "seen__macro_rec": 0.0, "seen__macro_ner_f1": 0.5434135794639587, "seen__macro_ner_pr": 0.41130656003952026, "seen__macro_ner_rec": 0.853385329246521, "seen__samples_per_s": 559.6825638199116, "seen__samples_total_num": 1854, "seen__samples_total_s": 3.312592029571533, "seen__dna_pr": 0.30139103531837463, "seen__dna_rec": 0.8227847814559937, "seen__dna_f1": 0.44117647409439087, "seen__rna_pr": 0.30000001192092896, "seen__rna_rec": 0.9166666865348816, "seen__rna_f1": 0.45205479860305786, "seen__cell_type_pr": 0.5745762586593628, "seen__cell_type_rec": 0.7883720993995667, "seen__cell_type_f1": 0.6647058725357056, "seen__protein_pr": 0.5387051105499268, "seen__protein_rec": 0.8942757248878479, "seen__protein_f1": 0.6723759770393372, "seen__cell_line_pr": 0.34186047315597534, "seen__cell_line_rec": 0.8448275923728943, "seen__cell_line_f1": 0.48675498366355896}, "test_metrics_bounds": {"unseen__f1": 0.0, "unseen__pr": 0.0, "unseen__rec": 0.0, "unseen__ner_f1": 0.47878870368003845, "unseen__ner_pr": 0.34840425848960876, "unseen__ner_rec": 0.7651230692863464, "unseen__macro_f1": 0.0, "unseen__macro_pr": 0.0, "unseen__macro_rec": 0.0, "unseen__macro_ner_f1": 0.47878870368003845, "unseen__macro_ner_pr": 0.34840425848960876, "unseen__macro_ner_rec": 0.7651230692863464, "unseen__samples_per_s": 499.53241686263095, "unseen__samples_total_num": 1854, "unseen__samples_total_s": 3.71147084236145, "seen__f1": 0.0, "seen__pr": 0.0, "seen__rec": 0.0, "seen__ner_f1": 0.6088998317718506, "seen__ner_pr": 0.46789515018463135, "seen__ner_rec": 0.8715499043464661, "seen__macro_f1": 0.0, "seen__macro_pr": 0.0, "seen__macro_rec": 0.0, "seen__macro_ner_f1": 0.6088998317718506, "seen__macro_ner_pr": 0.46789515018463135, "seen__macro_ner_rec": 0.8715499043464661, "seen__samples_per_s": 559.6825638199116, "seen__samples_total_num": 1854, "seen__samples_total_s": 3.312592029571533}}