{"test_metrics": {"Eval_Ent_Precision": 63.62606230750588, "Eval_Ent_Recall": 66.72608435326669, "Eval_Ent_F1": 65.13921111932807, "Eval_Time": 24.032100677490234, "Eval_Examples": 551, "Eval_Examples_Per_Second": 22.927666931592725, "seen_Eval_Ent_Precision": 15.184136016788516, "seen_Eval_Ent_Recall": 79.28994065508911, "seen_Eval_Ent_F1": 25.48739900049948, "seen_Eval_Time": 24.48008155822754, "seen_Eval_Examples": 551, "seen_Eval_Examples_Per_Second": 22.50809494606499, "unseen_Eval_Ent_Precision": 48.44192634737459, "unseen_Eval_Ent_Recall": 63.568773214024134, "unseen_Eval_Ent_F1": 54.9839228231718, "unseen_Eval_Time": 24.555456161499023, "unseen_Eval_Examples": 551, "unseen_Eval_Examples_Per_Second": 22.439004853997524}}