{"test_metrics": {"unseen_ner_prec_micro": 35.5119825708061, "unseen_ner_rec_micro": 51.828298887122415, "unseen_ner_f1_micro": 42.146089204912734, "unseen_ner_prec_macro": 35.80128340647274, "unseen_ner_rec_macro": 48.12033099586996, "unseen_ner_f1_macro": 39.89796410863937, "unseen_loc_prec_micro": 41.83673469387755, "unseen_loc_rec_micro": 58.66454689984102, "unseen_loc_f1_micro": 48.84182660489742, "unseen_loc_prec_macro": 41.83673469387755, "unseen_loc_rec_macro": 58.66454689984102, "unseen_loc_f1_macro": 48.84182660489742, "unseen_cls_prec_micro": 83.16326530612244, "unseen_cls_rec_micro": 51.828298887122415, "unseen_cls_f1_micro": 63.858961802154745, "unseen_cls_prec_macro": 79.385659839823, "unseen_cls_rec_macro": 48.12033099586996, "unseen_cls_f1_macro": 58.9909445010649, "unseen_epoch": 0.0, "unseen_iteration": 0.0, "unseen_global_iteration": 0.0, "seen_ner_prec_micro": 35.83877995642701, "seen_ner_rec_micro": 73.11111111111111, "seen_ner_f1_micro": 48.099415204678365, "seen_ner_prec_macro": 30.229322225909254, "seen_ner_rec_macro": 63.82417137615475, "seen_ner_f1_macro": 40.706370791730265, "seen_loc_prec_micro": 42.15909090909091, "seen_loc_rec_micro": 82.44444444444444, "seen_loc_f1_micro": 55.78947368421052, "seen_loc_prec_macro": 42.15909090909091, "seen_loc_rec_macro": 82.44444444444444, "seen_loc_f1_macro": 55.78947368421052, "seen_cls_prec_micro": 86.3517060367454, "seen_cls_rec_micro": 73.11111111111111, "seen_cls_f1_micro": 79.18170878459688, "seen_cls_prec_macro": 75.62200028232637, "seen_cls_rec_macro": 63.82417137615475, "seen_cls_f1_macro": 69.15604618486604, "seen_epoch": 0.0, "seen_iteration": 0.0, "seen_global_iteration": 0.0, "ner_prec_micro": 71.93932827735645, "ner_rec_micro": 61.53846153846154, "ner_f1_micro": 66.33366633366633, "ner_prec_macro": 67.02249244442038, "ner_rec_macro": 55.21257028760274, "ner_f1_macro": 59.81632419323274, "loc_prec_micro": 83.50282485875707, "loc_rec_micro": 68.48934198331789, "loc_f1_micro": 75.25458248472505, "loc_prec_macro": 83.50282485875707, "loc_rec_macro": 68.48934198331789, "loc_f1_macro": 75.25458248472505, "cls_prec_micro": 85.67741935483872, "cls_rec_micro": 61.53846153846154, "cls_f1_micro": 71.62891046386191, "cls_prec_macro": 79.37274209556786, "cls_rec_macro": 55.21257028760274, "cls_f1_macro": 64.41986309864096, "epoch": 0.0, "iteration": 0.0, "global_iteration": 0.0}}