{"test_metrics": {"unseen_ner_prec_micro": 52.265542676501575, "unseen_ner_rec_micro": 57.674418604651166, "unseen_ner_f1_micro": 54.83692647871752, "unseen_ner_prec_macro": 50.36174833642224, "unseen_ner_rec_macro": 52.47525291766687, "unseen_ner_f1_macro": 50.02080045278105, "unseen_loc_prec_micro": 63.02895322939867, "unseen_loc_rec_micro": 65.81395348837209, "unseen_loc_f1_micro": 64.39135381114903, "unseen_loc_prec_macro": 63.02895322939867, "unseen_loc_rec_macro": 65.81395348837209, "unseen_loc_f1_macro": 64.39135381114903, "unseen_cls_prec_micro": 83.22147651006712, "unseen_cls_rec_micro": 57.674418604651166, "unseen_cls_f1_micro": 68.13186813186813, "unseen_cls_prec_macro": 80.4626407089937, "unseen_cls_rec_macro": 52.47525291766687, "unseen_cls_f1_macro": 61.7682813799139, "unseen_epoch": 0.0, "unseen_iteration": 0.0, "unseen_global_iteration": 0.0, "seen_ner_prec_micro": 14.46673706441394, "seen_ner_rec_micro": 62.55707762557078, "seen_ner_f1_micro": 23.49914236706689, "seen_ner_prec_macro": 11.490508982680204, "seen_ner_rec_macro": 56.84498834498834, "seen_ner_f1_macro": 18.672137044137173, "seen_loc_prec_micro": 18.11023622047244, "seen_loc_rec_micro": 73.51598173515981, "seen_loc_f1_micro": 29.06137184115524, "seen_loc_prec_macro": 18.11023622047244, "seen_loc_rec_macro": 73.51598173515981, "seen_loc_f1_macro": 29.06137184115524, "seen_cls_prec_micro": 77.8409090909091, "seen_cls_rec_micro": 62.55707762557078, "seen_cls_f1_micro": 69.36708860759494, "seen_cls_prec_macro": 60.505503268661165, "seen_cls_rec_macro": 56.84498834498834, "seen_cls_f1_macro": 56.67702908205149, "seen_epoch": 0.0, "seen_iteration": 0.0, "seen_global_iteration": 0.0, "ner_prec_micro": 67.38894907908993, "ner_rec_micro": 57.64596848934198, "ner_f1_micro": 62.13786213786214, "ner_prec_macro": 61.946685210770745, "ner_rec_macro": 50.8320691522251, "ner_f1_macro": 54.961607466349946, "loc_prec_micro": 82.09806157354618, "loc_rec_micro": 66.72845227062095, "loc_f1_micro": 73.61963190184049, "loc_prec_macro": 82.09806157354618, "loc_rec_macro": 66.72845227062095, "loc_f1_macro": 73.61963190184049, "cls_prec_micro": 81.94993412384717, "cls_rec_micro": 57.64596848934198, "cls_f1_micro": 67.6822633297062, "cls_prec_macro": 76.52217330661813, "cls_rec_macro": 50.8320691522251, "cls_f1_macro": 59.89146618085503, "epoch": 0.0, "iteration": 0.0, "global_iteration": 0.0}}