{"test_metrics": {"f1": 0.0, "pr": 0.0, "rec": 0.0, "ner_f1": 0.7901139855384827, "ner_pr": 0.7906441688537598, "ner_rec": 0.7895845174789429, "macro_f1": 0.0, "macro_pr": 0.0, "macro_rec": 0.0, "macro_ner_f1": 0.7929854393005371, "macro_ner_pr": 0.8156160116195679, "macro_ner_rec": 0.7730867862701416, "samples_per_s": 389.1463548053665, "samples_total_num": 1854, "samples_total_s": 4.76427435874939, "dna_pr": 0.7677993774414062, "dna_rec": 0.7684210538864136, "dna_f1": 0.7681100368499756, "rna_pr": 0.945652186870575, "rna_rec": 0.8365384340286255, "rna_f1": 0.8877550959587097, "cell_type_pr": 0.7561837434768677, "cell_type_rec": 0.7254237532615662, "cell_type_f1": 0.7404844760894775, "protein_pr": 0.7996593117713928, "protein_rec": 0.8220665454864502, "protein_f1": 0.8107081651687622, "cell_line_pr": 0.8087855577468872, "cell_line_rec": 0.712984025478363, "cell_line_f1": 0.7578692436218262}, "test_metrics_bounds": {"f1": 0.0, "pr": 0.0, "rec": 0.0, "ner_f1": 0.8268327116966248, "ner_pr": 0.8277053236961365, "ner_rec": 0.8259620666503906, "macro_f1": 0.0, "macro_pr": 0.0, "macro_rec": 0.0, "macro_ner_f1": 0.8268327116966248, "macro_ner_pr": 0.8277053236961365, "macro_ner_rec": 0.8259620666503906, "samples_per_s": 389.1463548053665, "samples_total_num": 1854, "samples_total_s": 4.76427435874939}, "metrics": {"f1": [0.0, 0.0, 0.0, 0.0, 0.0, 0.0, 0.0, 0.0, 0.0, 0.0, 0.0, 0.0, 0.0, 0.0, 0.0, 0.0, 0.0, 0.0, 0.0, 0.0], "pr": [0.0, 0.0, 0.0, 0.0, 0.0, 0.0, 0.0, 0.0, 0.0, 0.0, 0.0, 0.0, 0.0, 0.0, 0.0, 0.0, 0.0, 0.0, 0.0, 0.0], "rec": [0.0, 0.0, 0.0, 0.0, 0.0, 0.0, 0.0, 0.0, 0.0, 0.0, 0.0, 0.0, 0.0, 0.0, 0.0, 0.0, 0.0, 0.0, 0.0, 0.0], "ner_f1": [0.7140603065490723, 0.7681721448898315, 0.7696467041969299, 0.7689023613929749, 0.7795503735542297, 0.7839006781578064, 0.7840137481689453, 0.7813394069671631, 0.7807201743125916, 0.7775959968566895, 0.7826168537139893, 0.7844201326370239, 0.7832037210464478, 0.7846183776855469, 0.7844380736351013, 0.7872481942176819, 0.7852737307548523, 0.7883920073509216, 0.790008544921875, 0.7901139855384827], "ner_pr": [0.7361252307891846, 0.77782142162323, 0.7270560264587402, 0.7180594801902771, 0.7601892352104187, 0.7702827453613281, 0.783040463924408, 0.7786651253700256, 0.7768720388412476, 0.7817337512969971, 0.7644696235656738, 0.794036865234375, 0.7671685814857483, 0.7859750390052795, 0.7871602177619934, 0.7849257588386536, 0.7784048318862915, 0.7836201786994934, 0.7838296294212341, 0.7906441688537598], "ner_rec": [0.6932797431945801, 0.7587593197822571, 0.817537784576416, 0.8274937868118286, 0.7999234199523926, 0.7980087995529175, 0.7849894762039185, 0.7840321660041809, 0.7846065759658813, 0.7735018134117126, 0.8016465902328491, 0.7750335335731506, 0.7999234199523926, 0.7832663059234619, 0.7817346453666687, 0.7895845174789429, 0.792264997959137, 0.7932223081588745, 0.7962856888771057, 0.7895845174789429], "macro_f1": [0.0, 0.0, 0.0, 0.0, 0.0, 0.0, 0.0, 0.0, 0.0, 0.0, 0.0, 0.0, 0.0, 0.0, 0.0, 0.0, 0.0, 0.0, 0.0, 0.0], "macro_pr": [0.0, 0.0, 0.0, 0.0, 0.0, 0.0, 0.0, 0.0, 0.0, 0.0, 0.0, 0.0, 0.0, 0.0, 0.0, 0.0, 0.0, 0.0, 0.0, 0.0], "macro_rec": [0.0, 0.0, 0.0, 0.0, 0.0, 0.0, 0.0, 0.0, 0.0, 0.0, 0.0, 0.0, 0.0, 0.0, 0.0, 0.0, 0.0, 0.0, 0.0, 0.0], "macro_ner_f1": [0.6875985860824585, 0.7522538304328918, 0.7592492699623108, 0.773605465888977, 0.7761117219924927, 0.7836974263191223, 0.7810013294219971, 0.7787070870399475, 0.7733305096626282, 0.7794997096061707, 0.7878901958465576, 0.7801367044448853, 0.7905271053314209, 0.7830253839492798, 0.7894981503486633, 0.7927765250205994, 0.7916833162307739, 0.7900285720825195, 0.7947580218315125, 0.7929854393005371], "macro_ner_pr": [0.7324783205986023, 0.7861328125, 0.7486217021942139, 0.7431615591049194, 0.775615394115448, 0.7878351807594299, 0.7877358198165894, 0.7791522145271301, 0.7961376905441284, 0.7963097095489502, 0.7770510911941528, 0.8046455383300781, 0.7921078205108643, 0.8025583028793335, 0.8080464601516724, 0.8101183176040649, 0.8005720973014832, 0.8066115379333496, 0.8072013854980469, 0.8156160116195679], "macro_ner_rec": [0.6597430109977722, 0.7249659299850464, 0.7820969820022583, 0.8095638155937195, 0.7783287763595581, 0.7830542325973511, 0.7750468254089355, 0.7791263461112976, 0.7541725039482117, 0.7654181718826294, 0.8004568815231323, 0.7589130401611328, 0.7909163236618042, 0.7662200331687927, 0.7732167840003967, 0.7779033184051514, 0.7845581769943237, 0.7757821679115295, 0.7842129468917847, 0.7730867862701416], "samples_per_s": [378.89152094093174, 378.1637039487662, 367.8421808887656, 366.27564473431164, 377.74123511651396, 383.3256515780714, 386.6983071878267, 386.23904937260437, 386.6244019401623, 388.2696263724017, 384.5579621667156, 390.05048861397154, 384.3355098165141, 377.2639867550266, 386.42391961914564, 375.9449454874871, 384.5915310272368, 388.0109709515676, 387.82202629567763, 388.85866328252706], "samples_total_num": [1854, 1854, 1854, 1854, 1854, 1854, 1854, 1854, 1854, 1854, 1854, 1854, 1854, 1854, 1854, 1854, 1854, 1854, 1854, 1854], "samples_total_s": [4.893221139907837, 4.902638673782349, 5.040205001831055, 5.0617616176605225, 4.908121824264526, 4.836618661880493, 4.794435262680054, 4.800136089324951, 4.79535174369812, 4.77503228187561, 4.821119785308838, 4.753230810165405, 4.823910236358643, 4.914330720901489, 4.797839641571045, 4.931573152542114, 4.820698976516724, 4.778215408325195, 4.780543327331543, 4.767799139022827], "dna_pr": [0.7152777910232544, 0.7412353754043579, 0.6715328693389893, 0.6635884046554565, 0.7241379022598267, 0.7450514435768127, 0.7557755708694458, 0.7483766078948975, 0.7561174631118774, 0.7508116960525513, 0.6966527104377747, 0.751207709312439, 0.7453271150588989, 0.7344589233398438, 0.7418096661567688, 0.7660438418388367, 0.739230751991272, 0.7537490129470825, 0.7542901635169983, 0.7677993774414062], "dna_rec": [0.5838056802749634, 0.7190283536911011, 0.8194332122802734, 0.8145748972892761, 0.7651821970939636, 0.7619433403015137, 0.7417004108428955, 0.7465587258338928, 0.7506073117256165, 0.7489878535270691, 0.8089068531990051, 0.755465567111969, 0.7748987674713135, 0.7748987674713135, 0.7700405120849609, 0.7635627388954163, 0.7781376242637634, 0.7732793688774109, 0.7829959392547607, 0.7684210538864136], "dna_f1": [0.6428889632225037, 0.7299630045890808, 0.7381473779678345, 0.7313705086708069, 0.7440944910049438, 0.7534027099609375, 0.74867182970047, 0.7474665641784668, 0.7533523440361023, 0.7498986721038818, 0.7485949993133545, 0.7533305883407593, 0.7598252892494202, 0.7541370987892151, 0.7556615471839905, 0.7648013234138489, 0.7581854462623596, 0.7633893489837646, 0.7683750987052917, 0.7681100368499756], "rna_pr": [0.7083333134651184, 0.7878788113594055, 0.8301886916160583, 0.8811880946159363, 0.8380952477455139, 0.8737863898277283, 0.8396226167678833, 0.8571428656578064, 0.8936170339584351, 0.8999999761581421, 0.8942307829856873, 0.8842105269432068, 0.8952381014823914, 0.9032257795333862, 0.9175257682800293, 0.9191918969154358, 0.9117646813392639, 0.9263157844543457, 0.9375, 0.945652186870575], "rna_rec": [0.6538461446762085, 0.75, 0.8461538553237915, 0.8557692170143127, 0.8461538553237915, 0.8653846383094788, 0.8557692170143127, 0.8653846383094788, 0.807692289352417, 0.8653846383094788, 0.8942307829856873, 0.807692289352417, 0.9038461446762085, 0.807692289352417, 0.8557692170143127, 0.875, 0.8942307829856873, 0.8461538553237915, 0.8653846383094788, 0.8365384340286255], "rna_f1": [0.6799999475479126, 0.7684729695320129, 0.8380953073501587, 0.8682926893234253, 0.8421052694320679, 0.8695652484893799, 0.8476189970970154, 0.8612440824508667, 0.8484848737716675, 0.882352888584137, 0.8942307829856873, 0.8442210555076599, 0.89952152967453, 0.8527918457984924, 0.8855721354484558, 0.8965517282485962, 0.9029126167297363, 0.8844221234321594, 0.9000000357627869, 0.8877550959587097],