{"test_metrics": {"Eval_Ent_Precision": 63.89701578244937, "Eval_Ent_Recall": 64.88413545468315, "Eval_Ent_F1": 64.38679243586463, "Eval_Time": 23.621235370635986, "Eval_Examples": 551, "Eval_Examples_Per_Second": 23.32646838128368, "seen_Eval_Ent_Precision": 10.356933925854966, "seen_Eval_Ent_Recall": 74.9999997881356, "seen_Eval_Ent_F1": 18.200514204214883, "seen_Eval_Time": 24.5185809135437, "seen_Eval_Examples": 551, "seen_Eval_Examples_Per_Second": 22.472752478738922, "unseen_Eval_Ent_Precision": 53.54008191510815, "unseen_Eval_Ent_Recall": 63.234277797879365, "unseen_Eval_Ent_F1": 57.98479086440458, "unseen_Eval_Time": 23.512239456176758, "unseen_Eval_Examples": 551, "unseen_Eval_Examples_Per_Second": 23.434603114985293}}