{"test_metrics": {"Eval_Ent_Precision": 64.57010961965366, "Eval_Ent_Recall": 66.488413527643, "Eval_Ent_F1": 65.5152224642679, "Eval_Time": 24.385101318359375, "Eval_Examples": 551, "Eval_Examples_Per_Second": 22.595764225312276, "seen_Eval_Ent_Precision": 9.347951576055452, "seen_Eval_Ent_Recall": 75.34883697349919, "seen_Eval_Ent_F1": 16.63244360034406, "seen_Eval_Time": 25.01493740081787, "seen_Eval_Examples": 551, "seen_Eval_Examples_Per_Second": 22.02683905105375, "unseen_Eval_Ent_Precision": 55.22215810130161, "unseen_Eval_Ent_Recall": 65.19073567412707, "unseen_Eval_Ent_F1": 59.79381442075125, "unseen_Eval_Time": 24.092261791229248, "unseen_Eval_Examples": 551, "unseen_Eval_Examples_Per_Second": 22.870413943475857}}