{"test_metrics": {"unseen_ner_prec_micro": 16.159941035562927, "unseen_ner_rec_micro": 75.79948141745895, "unseen_ner_f1_micro": 26.640340218712023, "unseen_ner_prec_macro": 14.838670244617468, "unseen_ner_rec_macro": 60.72956723512494, "unseen_ner_f1_macro": 23.534341949282148, "unseen_loc_prec_micro": 18.019359642591212, "unseen_loc_rec_micro": 83.66464995678479, "unseen_loc_f1_micro": 29.65232041660285, "unseen_loc_prec_macro": 18.019359642591212, "unseen_loc_rec_macro": 83.66464995678479, "unseen_loc_f1_macro": 29.65232041660285, "unseen_cls_prec_micro": 89.39857288481141, "unseen_cls_rec_micro": 75.79948141745895, "unseen_cls_f1_micro": 82.03928905519177, "unseen_cls_prec_macro": 80.47968532476528, "unseen_cls_rec_macro": 60.72956723512494, "unseen_cls_f1_macro": 68.15114299082937, "unseen_epoch": 0.0, "unseen_iteration": 0.0, "unseen_global_iteration": 0.0, "seen_ner_prec_micro": 71.52342309111029, "seen_ner_rec_micro": 89.78930307941653, "seen_ner_f1_micro": 79.62221537829791, "seen_ner_prec_macro": 67.42601444807106, "seen_ner_rec_macro": 88.10686759540481, "seen_ner_f1_macro": 76.09357431419443, "seen_loc_prec_micro": 76.50344442375722, "seen_loc_rec_micro": 95.13776337115073, "seen_loc_f1_micro": 84.80908152734779, "seen_loc_prec_macro": 76.50344442375722, "seen_loc_rec_macro": 95.13776337115073, "seen_loc_f1_macro": 84.80908152734779, "seen_cls_prec_micro": 93.92104625817387, "seen_cls_rec_micro": 89.78930307941653, "seen_cls_f1_micro": 91.80871212121212, "seen_cls_prec_macro": 92.87073055915305, "seen_cls_rec_macro": 88.10686759540481, "seen_cls_f1_macro": 90.38262358239054, "seen_epoch": 0.0, "seen_iteration": 0.0, "seen_global_iteration": 0.0, "ner_prec_micro": 87.59904182789755, "ner_rec_micro": 86.81519357195033, "ner_f1_micro": 87.20535632394754, "ner_prec_macro": 82.15268169558512, "ner_rec_macro": 80.92164582865927, "ner_f1_macro": 81.38906029184622, "loc_prec_micro": 94.45375023264472, "loc_rec_micro": 92.67713659605552, "loc_f1_micro": 93.55700986266017, "loc_prec_macro": 94.45375023264472, "loc_rec_macro": 92.67713659605552, "loc_f1_macro": 93.55700986266017, "cls_prec_micro": 92.99687010954617, "cls_rec_micro": 86.81519357195033, "cls_f1_micro": 89.79977332829618, "cls_prec_macro": 90.00000592497932, "cls_rec_macro": 80.92164582865927, "cls_f1_macro": 85.0824638184758, "epoch": 0.0, "iteration": 0.0, "global_iteration": 0.0}}