{"test_metrics": {"unseen__f1": 0.0, "unseen__pr": 0.0, "unseen__rec": 0.0, "unseen__ner_f1": 0.5056874752044678, "unseen__ner_pr": 0.3910881578922272, "unseen__ner_rec": 0.715285062789917, "unseen__macro_f1": 0.0, "unseen__macro_pr": 0.0, "unseen__macro_rec": 0.0, "unseen__macro_ner_f1": 0.55525141954422, "unseen__macro_ner_pr": 0.46243348717689514, "unseen__macro_ner_rec": 0.7332726716995239, "unseen__samples_per_s": 494.1054273864363, "unseen__samples_total_num": 1854, "unseen__samples_total_s": 3.7522356510162354, "unseen__dna_pr": 0.5274725556373596, "unseen__dna_rec": 0.7147766351699829, "unseen__dna_f1": 0.6070038676261902, "unseen__rna_pr": 0.6880733966827393, "unseen__rna_rec": 0.9036144614219666, "unseen__rna_f1": 0.78125, "unseen__cell_type_pr": 0.232876718044281, "unseen__cell_type_rec": 0.676616907119751, "unseen__cell_type_f1": 0.3464968204498291, "unseen__protein_pr": 0.3400605320930481, "unseen__protein_rec": 0.7252510786056519, "unseen__protein_f1": 0.4630180597305298, "unseen__cell_line_pr": 0.5236842036247253, "unseen__cell_line_rec": 0.6461039185523987, "unseen__cell_line_f1": 0.5784883499145508, "seen__f1": 0.0, "seen__pr": 0.0, "seen__rec": 0.0, "seen__ner_f1": 0.5283814072608948, "seen__ner_pr": 0.38362976908683777, "seen__ner_rec": 0.8485617637634277, "seen__macro_f1": 0.0, "seen__macro_pr": 0.0, "seen__macro_rec": 0.0, "seen__macro_ner_f1": 0.44666075706481934, "seen__macro_ner_pr": 0.32330554723739624, "seen__macro_ner_rec": 0.8049162030220032, "seen__samples_per_s": 531.3650937646679, "seen__samples_total_num": 1854, "seen__samples_total_s": 3.489126443862915, "seen__dna_pr": 0.2358410805463791, "seen__dna_rec": 0.7707182168960571, "seen__dna_f1": 0.36116504669189453, "seen__rna_pr": 0.14678898453712463, "seen__rna_rec": 0.761904776096344, "seen__rna_f1": 0.2461538314819336, "seen__cell_type_pr": 0.5051369667053223, "seen__cell_type_rec": 0.7583547830581665, "seen__cell_type_f1": 0.606372058391571, "seen__protein_pr": 0.4392869174480438, "seen__protein_rec": 0.8939082622528076, "seen__protein_f1": 0.5890843272209167, "seen__cell_line_pr": 0.28947368264198303, "seen__cell_line_rec": 0.8396946787834167, "seen__cell_line_f1": 0.4305283725261688}, "test_metrics_bounds": {"unseen__f1": 0.0, "unseen__pr": 0.0, "unseen__rec": 0.0, "unseen__ner_f1": 0.5522018671035767, "unseen__ner_pr": 0.4271770417690277, "unseen__ner_rec": 0.7806925773620605, "unseen__macro_f1": 0.0, "unseen__macro_pr": 0.0, "unseen__macro_rec": 0.0, "unseen__macro_ner_f1": 0.5522018671035767, "unseen__macro_ner_pr": 0.4271770417690277, "unseen__macro_ner_rec": 0.7806925773620605, "unseen__samples_per_s": 494.1054273864363, "unseen__samples_total_num": 1854, "unseen__samples_total_s": 3.7522356510162354, "seen__f1": 0.0, "seen__pr": 0.0, "seen__rec": 0.0, "seen__ner_f1": 0.534457802772522, "seen__ner_pr": 0.3881339728832245, "seen__ner_rec": 0.8578680157661438, "seen__macro_f1": 0.0, "seen__macro_pr": 0.0, "seen__macro_rec": 0.0, "seen__macro_ner_f1": 0.534457802772522, "seen__macro_ner_pr": 0.3881339728832245, "seen__macro_ner_rec": 0.8578680157661438, "seen__samples_per_s": 531.3650937646679, "seen__samples_total_num": 1854, "seen__samples_total_s": 3.489126443862915}}