{"test_metrics": {"f1": 0.0, "pr": 0.0, "rec": 0.0, "ner_f1": 0.7751626372337341, "ner_pr": 0.7747179269790649, "ner_rec": 0.7756078839302063, "macro_f1": 0.0, "macro_pr": 0.0, "macro_rec": 0.0, "macro_ner_f1": 0.7770611643791199, "macro_ner_pr": 0.7857390642166138, "macro_ner_rec": 0.7704227566719055, "samples_per_s": 397.03087728764376, "samples_total_num": 1854, "samples_total_s": 4.669661998748779, "dna_pr": 0.7633135914802551, "dna_rec": 0.731174111366272, "dna_f1": 0.7468982338905334, "rna_pr": 0.8348624110221863, "rna_rec": 0.875, "rna_f1": 0.8544601202011108, "cell_type_pr": 0.7380136847496033, "cell_type_rec": 0.7305084466934204, "cell_type_f1": 0.7342419028282166, "protein_pr": 0.7793474793434143, "protein_rec": 0.8115586638450623, "protein_f1": 0.7951270341873169, "cell_line_pr": 0.8131579160690308, "cell_line_rec": 0.7038724422454834, "cell_line_f1": 0.7545787692070007}, "test_metrics_bounds": {"f1": 0.0, "pr": 0.0, "rec": 0.0, "ner_f1": 0.815467119216919, "ner_pr": 0.8153110146522522, "ner_rec": 0.8156232237815857, "macro_f1": 0.0, "macro_pr": 0.0, "macro_rec": 0.0, "macro_ner_f1": 0.815467119216919, "macro_ner_pr": 0.8153110146522522, "macro_ner_rec": 0.8156232237815857, "samples_per_s": 397.03087728764376, "samples_total_num": 1854, "samples_total_s": 4.669661998748779}, "metrics": {"f1": [0.0, 0.0, 0.0, 0.0, 0.0, 0.0, 0.0, 0.0, 0.0, 0.0, 0.0, 0.0, 0.0, 0.0, 0.0, 0.0, 0.0, 0.0, 0.0, 0.0], "pr": [0.0, 0.0, 0.0, 0.0, 0.0, 0.0, 0.0, 0.0, 0.0, 0.0, 0.0, 0.0, 0.0, 0.0, 0.0, 0.0, 0.0, 0.0, 0.0, 0.0], "rec": [0.0, 0.0, 0.0, 0.0, 0.0, 0.0, 0.0, 0.0, 0.0, 0.0, 0.0, 0.0, 0.0, 0.0, 0.0, 0.0, 0.0, 0.0, 0.0, 0.0], "ner_f1": [0.6956015229225159, 0.7550275921821594, 0.7635620832443237, 0.7683206796646118, 0.76790452003479, 0.7686777710914612, 0.7725897431373596, 0.7685812711715698, 0.7653933167457581, 0.7702189683914185, 0.7698761224746704, 0.7751626372337341, 0.7670025825500488, 0.7703214287757874, 0.7707517743110657, 0.772598385810852, 0.7744697332382202, 0.7735649347305298, 0.7719984650611877, 0.7736160755157471], "ner_pr": [0.7056737542152405, 0.7381126284599304, 0.775627076625824, 0.7658360004425049, 0.7599849700927734, 0.7802761197090149, 0.7629269957542419, 0.7887948155403137, 0.7856854796409607, 0.7832541465759277, 0.7848051190376282, 0.7747179269790649, 0.7844275236129761, 0.7816318273544312, 0.788503885269165, 0.7890219688415527, 0.7873392701148987, 0.7796577215194702, 0.788811206817627, 0.7863923907279968], "ner_rec": [0.685812771320343, 0.7727359533309937, 0.7518667578697205, 0.7708213925361633, 0.7759907841682434, 0.7574191093444824, 0.7825005054473877, 0.7493777275085449, 0.7461228966712952, 0.757610559463501, 0.7555044889450073, 0.7756078839302063, 0.7503350377082825, 0.7593337297439575, 0.7537813782691956, 0.756844699382782, 0.7620141506195068, 0.7675665616989136, 0.7558874487876892, 0.7612483501434326], "macro_f1": [0.0, 0.0, 0.0, 0.0, 0.0, 0.0, 0.0, 0.0, 0.0, 0.0, 0.0, 0.0, 0.0, 0.0, 0.0, 0.0, 0.0, 0.0, 0.0, 0.0], "macro_pr": [0.0, 0.0, 0.0, 0.0, 0.0, 0.0, 0.0, 0.0, 0.0, 0.0, 0.0, 0.0, 0.0, 0.0, 0.0, 0.0, 0.0, 0.0, 0.0, 0.0], "macro_rec": [0.0, 0.0, 0.0, 0.0, 0.0, 0.0, 0.0, 0.0, 0.0, 0.0, 0.0, 0.0, 0.0, 0.0, 0.0, 0.0, 0.0, 0.0, 0.0, 0.0], "macro_ner_f1": [0.6551598310470581, 0.7421373724937439, 0.7571320533752441, 0.771536648273468, 0.7641188502311707, 0.7737616300582886, 0.7672983407974243, 0.7669448852539062, 0.7709590196609497, 0.766223132610321, 0.7739449739456177, 0.7770611643791199, 0.7700402140617371, 0.7733975648880005, 0.7746182680130005, 0.779304027557373, 0.7774772644042969, 0.7771368026733398, 0.7780011296272278, 0.7796401977539062], "macro_ner_pr": [0.7255679368972778, 0.7384945750236511, 0.780673623085022, 0.7793812155723572, 0.775080680847168, 0.7981697916984558, 0.7631645202636719, 0.7915711402893066, 0.7960141897201538, 0.7940722107887268, 0.8012283444404602, 0.7857390642166138, 0.8073328733444214, 0.7983269691467285, 0.8060051202774048, 0.8093719482421875, 0.7972640991210938, 0.793188214302063, 0.8042159080505371, 0.8055506944656372], "macro_ner_rec": [0.6179713010787964, 0.7498459219932556, 0.7360097169876099, 0.7646071910858154, 0.7548799514770508, 0.7519353032112122, 0.772674560546875, 0.7457922697067261, 0.7487403750419617, 0.7422922849655151, 0.7499775290489197, 0.7704227566719055, 0.7408159971237183, 0.7510057687759399, 0.747238039970398, 0.7521198391914368, 0.7595757842063904, 0.763433575630188, 0.7550873756408691, 0.7564090490341187], "samples_per_s": [384.9819874973823, 389.32320109535834, 396.11384437881804, 393.36162097629284, 391.73775255248876, 396.2076320811907, 391.66670230979025, 397.9202968099197, 397.5358249718421, 396.1970946441673, 397.77903400783174, 394.888264740454, 399.2550762388887, 397.62896572304624, 399.1080915235051, 390.1015394589896, 399.41981211205314, 397.6504174510381, 400.5090477953882, 399.63762453793964], "samples_total_num": [1854, 1854, 1854, 1854, 1854, 1854, 1854, 1854, 1854, 1854, 1854, 1854, 1854, 1854, 1854, 1854, 1854, 1854, 1854, 1854], "samples_total_s": [4.815809726715088, 4.762110233306885, 4.6804726123809814, 4.7132203578948975, 4.732758045196533, 4.6793646812438965, 4.733616590499878, 4.659224510192871, 4.663730621337891, 4.6794891357421875, 4.660879135131836, 4.6949989795684814, 4.643647909164429, 4.662638187408447, 4.645358085632324, 4.752608776092529, 4.641732692718506, 4.662386655807495, 4.629108905792236, 4.639202833175659], "dna_pr": [0.6703498959541321, 0.6583725810050964, 0.7608888745307922, 0.7356792092323303, 0.7444168925285339, 0.7612456679344177, 0.7242954969406128, 0.7699037790298462, 0.7724867463111877, 0.7615780234336853, 0.7673397660255432, 0.7633135914802551, 0.7706502676010132, 0.7416943311691284, 0.7720070481300354, 0.7589743733406067, 0.7601010203361511, 0.7427884340286255, 0.7628424763679504, 0.7649572491645813], "dna_rec": [0.5894736647605896, 0.7927125692367554, 0.6931173801422119, 0.7279351949691772, 0.7287449240684509, 0.7125505805015564, 0.7700405120849609, 0.7125505805015564, 0.7093117237091064, 0.7190283536911011, 0.7076923251152039, 0.731174111366272, 0.7101214528083801, 0.7230769395828247, 0.7101214528083801, 0.7190283536911011, 0.731174111366272, 0.7506073117256165, 0.7214574813842773, 0.7246963381767273], "dna_f1": [0.6273158192634583, 0.7193241119384766, 0.7254237532615662, 0.7317867279052734, 0.7364975214004517, 0.7360936999320984, 0.7464678287506104, 0.7401177287101746, 0.7395524978637695, 0.7396918535232544, 0.7363100051879883, 0.7468982338905334, 0.739148736000061, 0.7322673797607422, 0.7397722601890564, 0.7384614944458008, 0.7453570365905762, 0.7466773986816406, 0.7415730953216553, 0.7442827224731445], "rna_pr": [0.8309859037399292, 0.7788461446762085, 0.8659793734550476, 0.8476190567016602, 0.8736842274665833, 0.8799999952316284, 0.8380952477455139, 0.8301886916160583, 0.8989899158477783, 0.8775510191917419, 0.8877550959587097, 0.8348624110221863, 0.9081632494926453, 0.8947368264198303, 0.9157894849777222, 0.907216489315033, 0.8799999952316284, 0.8811880946159363, 0.8910890817642212, 0.907216489315033], "rna_rec": [0.567307710647583, 0.7788461446762085, 0.807692289352417, 0.8557692170143127, 0.7980769276618958, 0.8461538553237915, 0.8461538553237915, 0.8461538553237915, 0.8557692170143127, 0.8269230723381042, 0.8365384340286255, 0.875, 0.8557692170143127, 0.817307710647583, 0.8365384340286255, 0.8461538553237915, 0.8461538553237915, 0.8557692170143127, 0.8653846383094788, 0.8461538553237915], "rna_f1": [0.6742857098579407, 0.7788461446762085, 0.8358209133148193, 0.8516746759414673, 0.8341708779335022, 0.8627451062202454, 0.8421052694320679, 0.8380953073501587, 0.8768473267555237, 0.8514851331710815, 0.8613861799240112, 0.8544601202011108, 0.8811880946159363, 0.854271411895752, 0.8743718266487122, 0.8756219148635864, 0.8627451062202454, 0.8682926893234253, 0.8780487179756165, 0.8756219148635864],