{"test_metrics": {"unseen_ner_prec_micro": 43.2503970354685, "unseen_ner_rec_micro": 59.07447577729573, "unseen_ner_f1_micro": 49.93887530562347, "unseen_ner_prec_macro": 39.15095869767493, "unseen_ner_rec_macro": 53.43885679395795, "unseen_ner_f1_macro": 43.69456567145251, "unseen_loc_prec_micro": 60.93210586881474, "unseen_loc_rec_micro": 76.57266811279827, "unseen_loc_f1_micro": 67.86286446651714, "unseen_loc_prec_macro": 60.93210586881474, "unseen_loc_rec_macro": 76.57266811279827, "unseen_loc_f1_macro": 67.86286446651714, "unseen_cls_prec_micro": 70.06861063464837, "unseen_cls_rec_micro": 59.07447577729573, "unseen_cls_f1_micro": 64.10357002746176, "unseen_cls_prec_macro": 61.74018544531085, "unseen_cls_rec_macro": 53.43885679395795, "unseen_cls_f1_macro": 56.98904011099189, "unseen_epoch": 0.0, "unseen_iteration": 0.0, "unseen_global_iteration": 0.0, "seen_ner_prec_micro": 11.826268969126112, "seen_ner_rec_micro": 74.83443708609272, "seen_ner_f1_micro": 20.42476276547673, "seen_ner_prec_macro": 12.813756773846476, "seen_ner_rec_macro": 64.74703186513239, "seen_ner_f1_macro": 18.33099541824795, "seen_loc_prec_micro": 14.269340974212032, "seen_loc_rec_micro": 82.45033112582782, "seen_loc_f1_micro": 24.32828529555447, "seen_loc_prec_macro": 14.269340974212032, "seen_loc_rec_macro": 82.45033112582782, "seen_loc_f1_macro": 24.32828529555447, "seen_cls_prec_micro": 87.59689922480621, "seen_cls_rec_micro": 74.83443708609272, "seen_cls_f1_micro": 80.71428571428572, "seen_cls_prec_macro": 81.23841326513245, "seen_cls_rec_macro": 64.74703186513239, "seen_cls_f1_macro": 70.30744406196213, "seen_epoch": 0.0, "seen_iteration": 0.0, "seen_global_iteration": 0.0, "ner_prec_micro": 55.3146483342147, "ner_rec_micro": 62.07715133531158, "ner_f1_micro": 58.501118568232656, "ner_prec_macro": 52.60393290394877, "ner_rec_macro": 58.971301858794966, "ner_f1_macro": 55.30151789387151, "loc_prec_micro": 74.97129735935705, "loc_rec_micro": 77.50741839762611, "loc_f1_micro": 76.21826670557338, "loc_prec_macro": 74.97129735935705, "loc_rec_macro": 77.50741839762611, "loc_f1_macro": 76.21826670557338, "cls_prec_micro": 73.7138830162086, "cls_rec_micro": 62.07715133531158, "cls_f1_micro": 67.39690721649485, "cls_prec_macro": 68.38838386738252, "cls_rec_macro": 58.971301858794966, "cls_f1_macro": 63.16466504640971, "epoch": 0.0, "iteration": 0.0, "global_iteration": 0.0}}