{"test_metrics": {"Eval_Ent_Precision": 86.71171170509699, "Eval_Ent_Recall": 88.88170652158432, "Eval_Ent_F1": 87.78330064521258, "Eval_Time": 139.23633670806885, "Eval_Examples": 5000, "Eval_Examples_Per_Second": 35.91016625554647, "seen_Eval_Ent_Precision": 68.04504504179368, "seen_Eval_Ent_Recall": 94.41249998889687, "seen_Eval_Ent_F1": 79.08900522951015, "seen_Eval_Time": 138.01082849502563, "seen_Eval_Examples": 5000, "seen_Eval_Examples_Per_Second": 36.22904126091973, "unseen_Eval_Ent_Precision": 18.68468469032708, "unseen_Eval_Ent_Recall": 73.23446326042765, "unseen_Eval_Ent_F1": 29.773184042557222, "unseen_Eval_Time": 138.15060901641846, "unseen_Eval_Examples": 5000, "unseen_Eval_Examples_Per_Second": 36.19238478641652}}