{"test_metrics": {"unseen_ner_prec_micro": 20.81554808827536, "unseen_ner_rec_micro": 73.04015296367112, "unseen_ner_f1_micro": 32.39804933210827, "unseen_ner_prec_macro": 30.33699810547459, "unseen_ner_rec_macro": 69.05629093282911, "unseen_ner_f1_macro": 39.81967326431808, "unseen_loc_prec_micro": 22.25292438058396, "unseen_loc_rec_micro": 76.99171446781389, "unseen_loc_f1_micro": 34.52661664880314, "unseen_loc_prec_macro": 22.25292438058396, "unseen_loc_rec_macro": 76.99171446781389, "unseen_loc_f1_macro": 34.52661664880314, "unseen_cls_prec_micro": 93.4747145187602, "unseen_cls_rec_micro": 73.04015296367112, "unseen_cls_f1_micro": 82.00357781753131, "unseen_cls_prec_macro": 92.07254606576416, "unseen_cls_rec_macro": 69.05629093282911, "unseen_cls_f1_macro": 78.61204144611551, "unseen_epoch": 0.0, "unseen_iteration": 0.0, "unseen_global_iteration": 0.0, "seen_ner_prec_micro": 63.938294010889294, "seen_ner_rec_micro": 91.53026760197451, "seen_ner_f1_micro": 75.28582113473662, "seen_ner_prec_macro": 46.69230495111103, "seen_ner_rec_macro": 90.64168008166244, "seen_ner_f1_macro": 59.42858467080998, "seen_loc_prec_micro": 65.32903819604233, "seen_loc_rec_micro": 92.2057677318784, "seen_loc_f1_micro": 76.47470775197974, "seen_loc_prec_macro": 65.32903819604233, "seen_loc_rec_macro": 92.2057677318784, "seen_loc_f1_macro": 76.47470775197974, "seen_cls_prec_micro": 98.50412414371591, "seen_cls_rec_micro": 91.53026760197451, "seen_cls_f1_micro": 94.88923304827958, "seen_cls_prec_macro": 92.49778640841666, "seen_cls_rec_macro": 90.64168008166244, "seen_cls_f1_macro": 91.45621699959074, "seen_epoch": 0.0, "seen_iteration": 0.0, "seen_global_iteration": 0.0, "ner_prec_micro": 84.86776333727165, "ner_rec_micro": 86.17571059431525, "ner_f1_micro": 85.51673611429095, "ner_prec_macro": 77.15131244168174, "ner_rec_macro": 78.87226479271158, "ner_f1_macro": 77.99848500588152, "loc_prec_micro": 87.61396076986831, "loc_rec_micro": 87.7999261720192, "loc_f1_micro": 87.70684489513712, "loc_prec_macro": 87.61396076986831, "loc_rec_macro": 87.7999261720192, "loc_f1_macro": 87.70684489513712, "cls_prec_micro": 97.26070201020728, "cls_rec_micro": 86.17571059431525, "cls_f1_micro": 91.38327543181484, "cls_prec_macro": 93.16622133831169, "cls_rec_macro": 78.87226479271158, "cls_f1_macro": 85.35007013407339, "epoch": 0.0, "iteration": 0.0, "global_iteration": 0.0}}