{"test_metrics": {"unseen_ner_prec_micro": 38.14255685075483, "unseen_ner_rec_micro": 70.15817223198594, "unseen_ner_f1_micro": 49.41817281505323, "unseen_ner_prec_macro": 45.224923873772205, "unseen_ner_rec_macro": 70.60184122383052, "unseen_ner_f1_macro": 53.817058184318014, "unseen_loc_prec_micro": 41.57498552403011, "unseen_loc_rec_micro": 75.71177504393674, "unseen_loc_f1_micro": 53.67555444804386, "unseen_loc_prec_macro": 41.57498552403011, "unseen_loc_rec_macro": 75.71177504393674, "unseen_loc_f1_macro": 53.67555444804386, "unseen_cls_prec_micro": 91.4757103574702, "unseen_cls_rec_micro": 70.15817223198594, "unseen_cls_f1_micro": 79.411179629998, "unseen_cls_prec_macro": 89.21924213537216, "unseen_cls_rec_macro": 70.60184122383052, "unseen_cls_f1_macro": 78.52357835867546, "unseen_epoch": 0.0, "unseen_iteration": 0.0, "unseen_global_iteration": 0.0, "seen_ner_prec_micro": 41.59342758884218, "seen_ner_rec_micro": 81.81134911687336, "seen_ner_f1_micro": 55.148828372387584, "seen_ner_prec_macro": 36.29722051959817, "seen_ner_rec_macro": 76.92537609267566, "seen_ner_f1_macro": 48.281533982786925, "seen_loc_prec_micro": 42.27799227799228, "seen_loc_rec_micro": 82.2998872604284, "seen_loc_f1_micro": 55.8602219104706, "seen_loc_prec_macro": 42.27799227799228, "seen_loc_rec_macro": 82.2998872604284, "seen_loc_f1_macro": 55.8602219104706, "seen_cls_prec_micro": 99.13479052823315, "seen_cls_rec_micro": 81.81134911687336, "seen_cls_f1_micro": 89.64381305332509, "seen_cls_prec_macro": 98.95344139740156, "seen_cls_rec_macro": 76.92537609267566, "seen_cls_f1_macro": 86.4721321579402, "seen_epoch": 0.0, "seen_iteration": 0.0, "seen_global_iteration": 0.0, "ner_prec_micro": 79.78560490045942, "ner_rec_micro": 75.69923719578642, "ner_f1_micro": 77.68872320596458, "ner_prec_macro": 81.67217990482577, "ner_rec_macro": 74.00855444716805, "ner_f1_macro": 77.56903592776082, "loc_prec_micro": 83.78065263564395, "loc_rec_micro": 78.80494006538322, "loc_f1_micro": 81.21665886757135, "loc_prec_macro": 83.78065263564395, "loc_rec_macro": 78.80494006538322, "loc_f1_macro": 81.21665886757135, "cls_prec_micro": 95.31214269380288, "cls_rec_micro": 75.69923719578642, "cls_f1_micro": 84.38101022370685, "cls_prec_macro": 94.44221199838768, "cls_rec_macro": 74.00855444716805, "cls_f1_macro": 82.88851636996483, "epoch": 0.0, "iteration": 0.0, "global_iteration": 0.0}}