{"test_metrics": {"unseen_ner_prec_micro": 36.353829557713055, "unseen_ner_rec_micro": 52.65625000000001, "unseen_ner_f1_micro": 43.01212507977026, "unseen_ner_prec_macro": 36.13121207174721, "unseen_ner_rec_macro": 48.74520625313773, "unseen_ner_f1_macro": 40.20325872681031, "unseen_loc_prec_micro": 43.52678571428572, "unseen_loc_rec_micro": 60.9375, "unseen_loc_f1_micro": 50.78125, "unseen_loc_prec_macro": 43.52678571428572, "unseen_loc_rec_macro": 60.9375, "unseen_loc_f1_macro": 50.78125, "unseen_cls_prec_micro": 82.1951219512195, "unseen_cls_rec_micro": 52.65625000000001, "unseen_cls_f1_micro": 64.19047619047619, "unseen_cls_prec_macro": 78.49258700194893, "unseen_cls_rec_macro": 48.74520625313773, "unseen_cls_f1_macro": 58.91169146109014, "unseen_epoch": 0.0, "unseen_iteration": 0.0, "unseen_global_iteration": 0.0, "seen_ner_prec_micro": 34.08360128617363, "seen_ner_rec_micro": 72.4373576309795, "seen_ner_f1_micro": 46.35568513119534, "seen_ner_prec_macro": 29.567314358917475, "seen_ner_rec_macro": 65.80757026628592, "seen_ner_f1_macro": 40.35633890681571, "seen_loc_prec_micro": 39.31339977851606, "seen_loc_rec_micro": 80.86560364464692, "seen_loc_f1_micro": 52.90611028315947, "seen_loc_prec_macro": 39.31339977851606, "seen_loc_rec_macro": 80.86560364464692, "seen_loc_f1_macro": 52.90611028315947, "seen_cls_prec_micro": 86.64850136239782, "seen_cls_rec_micro": 72.4373576309795, "seen_cls_f1_micro": 78.90818858560795, "seen_cls_prec_macro": 80.01523056670116, "seen_cls_rec_macro": 65.80757026628592, "seen_cls_f1_macro": 71.5672026007959, "seen_epoch": 0.0, "seen_iteration": 0.0, "seen_global_iteration": 0.0, "ner_prec_micro": 70.81545064377683, "ner_rec_micro": 61.16774791473587, "ner_f1_micro": 65.63898557931377, "ner_prec_macro": 66.79248175783303, "ner_rec_macro": 55.538305059927794, "ner_f1_macro": 59.59194209251063, "loc_prec_micro": 83.33333333333334, "loc_rec_micro": 69.5088044485635, "loc_f1_micro": 75.79585649317838, "loc_prec_macro": 83.33333333333334, "loc_rec_macro": 69.5088044485635, "loc_f1_macro": 75.79585649317838, "cls_prec_micro": 84.61538461538461, "cls_rec_micro": 61.16774791473587, "cls_f1_micro": 71.00591715976331, "cls_prec_macro": 79.89493740636152, "cls_rec_macro": 55.538305059927794, "cls_f1_macro": 64.3616304543813, "epoch": 0.0, "iteration": 0.0, "global_iteration": 0.0}}