{"test_metrics": {"unseen_ner_prec_micro": 5.966916108704214, "unseen_ner_rec_micro": 13.73526745240254, "unseen_ner_f1_micro": 8.319604612850082, "unseen_ner_prec_macro": 6.622064876088523, "unseen_ner_rec_macro": 11.640227340515294, "unseen_ner_f1_macro": 7.43456869085906, "unseen_loc_prec_micro": 35.06623845845042, "unseen_loc_rec_micro": 79.19310970081595, "unseen_loc_f1_micro": 48.60879243183083, "unseen_loc_prec_macro": 35.06623845845042, "unseen_loc_rec_macro": 79.19310970081595, "unseen_loc_f1_macro": 48.60879243183083, "unseen_cls_prec_micro": 16.88963210702341, "unseen_cls_rec_micro": 13.73526745240254, "unseen_cls_f1_micro": 15.15, "unseen_cls_prec_macro": 17.056737440964547, "unseen_cls_rec_macro": 11.640227340515294, "unseen_cls_f1_macro": 12.262393650353808, "unseen_epoch": 0.0, "unseen_iteration": 0.0, "unseen_global_iteration": 0.0, "seen_ner_prec_micro": 6.637863315003928, "seen_ner_rec_micro": 10.336391437308867, "seen_ner_f1_micro": 8.08419038507534, "seen_ner_prec_macro": 6.277995137207783, "seen_ner_rec_macro": 12.609082972849404, "seen_ner_f1_macro": 7.611695438408199, "seen_loc_prec_micro": 59.37187437487498, "seen_loc_rec_micro": 90.7645259938838, "seen_loc_f1_micro": 71.78618938202926, "seen_loc_prec_macro": 59.37187437487498, "seen_loc_rec_macro": 90.7645259938838, "seen_loc_f1_macro": 71.78618938202926, "seen_cls_prec_micro": 11.26291236254582, "seen_cls_rec_micro": 10.336391437308867, "seen_cls_f1_micro": 10.779779939403603, "seen_cls_prec_macro": 12.61505812937998, "seen_cls_rec_macro": 12.609082972849404, "seen_cls_f1_macro": 11.629898245213214, "seen_epoch": 0.0, "seen_iteration": 0.0, "seen_global_iteration": 0.0, "ner_prec_micro": 12.721195438458514, "ner_rec_micro": 11.81519357195033, "ner_f1_micro": 12.251467525089948, "ner_prec_macro": 12.816247035485976, "ner_rec_macro": 12.181921812244584, "ner_f1_macro": 11.374720030777551, "loc_prec_micro": 94.5235707121364, "loc_rec_micro": 86.0482103725347, "loc_f1_micro": 90.08698977153236, "loc_prec_macro": 94.5235707121364, "loc_rec_macro": 86.0482103725347, "loc_f1_macro": 90.08698977153236, "cls_prec_micro": 13.479166666666668, "cls_rec_micro": 11.81519357195033, "cls_f1_micro": 12.592448423511094, "cls_prec_macro": 14.34379729835502, "cls_rec_macro": 12.181921812244584, "cls_f1_macro": 12.001579371707653, "epoch": 0.0, "iteration": 0.0, "global_iteration": 0.0}}