{"test_metrics": {"Eval_Ent_Precision": 85.57940678087121, "Eval_Ent_Recall": 88.72472065034172, "Eval_Ent_F1": 87.12368515830184, "Eval_Time": 127.28144025802612, "Eval_Examples": 5000, "Eval_Examples_Per_Second": 39.28302500241947, "seen_Eval_Ent_Precision": 63.64122205154694, "seen_Eval_Ent_Recall": 93.26458685726026, "seen_Eval_Ent_F1": 75.65650147698929, "seen_Eval_Time": 131.01422548294067, "seen_Eval_Examples": 5000, "seen_Eval_Examples_Per_Second": 38.163794668625876, "unseen_Eval_Ent_Precision": 21.964906035100217, "unseen_Eval_Ent_Recall": 77.7672658292228, "unseen_Eval_Ent_F1": 34.25475760959723, "unseen_Eval_Time": 129.51417136192322, "unseen_Eval_Examples": 5000, "unseen_Eval_Examples_Per_Second": 38.60581392307765}}