{"test_metrics": {"Eval_Ent_Precision": 84.54706921039596, "Eval_Ent_Recall": 88.2298423758483, "Eval_Ent_F1": 86.34920628326674, "Eval_Time": 7.886122941970825, "Eval_Examples": 288, "Eval_Examples_Per_Second": 36.51984658611292, "seen_Eval_Ent_Precision": 33.392539993974175, "seen_Eval_Ent_Recall": 96.65809744648793, "seen_Eval_Ent_F1": 49.63696369732815, "seen_Eval_Time": 7.911285400390625, "seen_Eval_Examples": 288, "seen_Eval_Examples_Per_Second": 36.403692374159554, "unseen_Eval_Ent_Precision": 51.15452930523175, "unseen_Eval_Ent_Recall": 83.47826077252678, "unseen_Eval_Ent_F1": 63.43612331842263, "unseen_Eval_Time": 8.085410833358765, "unseen_Eval_Examples": 288, "unseen_Eval_Examples_Per_Second": 35.619711346239875}}