{"test_metrics": {"unseen__f1": 0.0, "unseen__pr": 0.0, "unseen__rec": 0.0, "unseen__ner_f1": 0.5500326752662659, "unseen__ner_pr": 0.48668980598449707, "unseen__ner_rec": 0.6323308348655701, "unseen__macro_f1": 0.0, "unseen__macro_pr": 0.0, "unseen__macro_rec": 0.0, "unseen__macro_ner_f1": 0.4948917329311371, "unseen__macro_ner_pr": 0.4537700116634369, "unseen__macro_ner_rec": 0.5716527700424194, "unseen__samples_per_s": 295.2142284663357, "unseen__samples_total_num": 509, "unseen__samples_total_s": 1.7241716384887695, "unseen__task_pr": 0.5736433863639832, "unseen__task_rec": 0.6192468404769897, "unseen__task_f1": 0.5955734252929688, "unseen__method_pr": 0.6745843291282654, "unseen__method_rec": 0.7171717286109924, "unseen__method_f1": 0.6952264308929443, "unseen__material_pr": 0.4747474789619446, "unseen__material_rec": 0.7014925479888916, "unseen__material_f1": 0.5662651062011719, "unseen__otherscientificterm_pr": 0.48312610387802124, "unseen__otherscientificterm_rec": 0.6017699241638184, "unseen__otherscientificterm_f1": 0.5359605550765991, "unseen__metric_pr": 0.4385964870452881, "unseen__metric_rec": 0.46296295523643494, "unseen__metric_f1": 0.45045042037963867, "unseen__generic_pr": 0.07792207598686218, "unseen__generic_rec": 0.3272727131843567, "unseen__generic_f1": 0.1258741170167923, "seen__f1": 0.0, "seen__pr": 0.0, "seen__rec": 0.0, "seen__ner_f1": 0.4099472463130951, "seen__ner_pr": 0.27642276883125305, "seen__ner_rec": 0.7930029034614563, "seen__macro_f1": 0.0, "seen__macro_pr": 0.0, "seen__macro_rec": 0.0, "seen__macro_ner_f1": 0.36472371220588684, "seen__macro_ner_pr": 0.28018850088119507, "seen__macro_ner_rec": 0.7606022357940674, "seen__samples_per_s": 370.3872910697048, "seen__samples_total_num": 261, "seen__samples_total_s": 0.7046678066253662, "seen__task_pr": 0.12230215966701508, "seen__task_rec": 0.739130437374115, "seen__task_f1": 0.20987653732299805, "seen__method_pr": 0.1231527104973793, "seen__method_rec": 0.8620689511299133, "seen__method_f1": 0.21551723778247833, "seen__material_pr": 0.1666666716337204, "seen__material_rec": 0.7916666865348816, "seen__material_f1": 0.2753623127937317, "seen__otherscientificterm_pr": 0.13131313025951385, "seen__otherscientificterm_rec": 0.6000000238418579, "seen__otherscientificterm_f1": 0.2154695987701416, "seen__metric_pr": 0.30000001192092896, "seen__metric_rec": 0.7058823704719543, "seen__metric_f1": 0.4210526645183563, "seen__generic_pr": 0.8376963138580322, "seen__generic_rec": 0.8648648858070374, "seen__generic_f1": 0.8510638475418091}, "test_metrics_bounds": {"unseen__f1": 0.0, "unseen__pr": 0.0, "unseen__rec": 0.0, "unseen__ner_f1": 0.6908734440803528, "unseen__ner_pr": 0.6114649772644043, "unseen__ner_rec": 0.7939849495887756, "unseen__macro_f1": 0.0, "unseen__macro_pr": 0.0, "unseen__macro_rec": 0.0, "unseen__macro_ner_f1": 0.6908734440803528, "unseen__macro_ner_pr": 0.6114649772644043, "unseen__macro_ner_rec": 0.7939849495887756, "unseen__samples_per_s": 295.2142284663357, "unseen__samples_total_num": 509, "unseen__samples_total_s": 1.7241716384887695, "seen__f1": 0.0, "seen__pr": 0.0, "seen__rec": 0.0, "seen__ner_f1": 0.438914030790329, "seen__ner_pr": 0.29603254795074463, "seen__ner_rec": 0.8483964800834656, "seen__macro_f1": 0.0, "seen__macro_pr": 0.0, "seen__macro_rec": 0.0, "seen__macro_ner_f1": 0.438914030790329, "seen__macro_ner_pr": 0.29603254795074463, "seen__macro_ner_rec": 0.8483964800834656, "seen__samples_per_s": 370.3872910697048, "seen__samples_total_num": 261, "seen__samples_total_s": 0.7046678066253662}}