{"test_metrics": {"Eval_Ent_Precision": 64.0711901956939, "Eval_Ent_Recall": 68.44919783903839, "Eval_Ent_F1": 66.18787702822422, "Eval_Time": 24.38531756401062, "Eval_Examples": 551, "Eval_Examples_Per_Second": 22.595563849174567, "seen_Eval_Ent_Precision": 14.349277014071996, "seen_Eval_Ent_Recall": 84.86842082323408, "seen_Eval_Ent_F1": 24.548049525122646, "seen_Eval_Time": 21.300203323364258, "seen_Eval_Examples": 551, "seen_Eval_Examples_Per_Second": 25.868297669985452, "unseen_Eval_Ent_Precision": 49.72191323723925, "unseen_Eval_Ent_Recall": 64.82958663549009, "unseen_Eval_Ent_F1": 56.27950896282089, "unseen_Eval_Time": 25.23725700378418, "unseen_Eval_Examples": 551, "unseen_Eval_Examples_Per_Second": 21.832800605762376}}