{"test_metrics": {"unseen_ner_prec_micro": 37.73796192609182, "unseen_ner_rec_micro": 50.074294205052006, "unseen_ner_f1_micro": 43.039591315453386, "unseen_ner_prec_macro": 39.11120471797109, "unseen_ner_rec_macro": 45.73471804852587, "unseen_ner_f1_macro": 39.880216073981664, "unseen_loc_prec_micro": 50.42424242424243, "unseen_loc_rec_micro": 61.81277860326895, "unseen_loc_f1_micro": 55.54072096128171, "unseen_loc_prec_macro": 50.42424242424243, "unseen_loc_rec_macro": 61.81277860326895, "unseen_loc_f1_macro": 55.54072096128171, "unseen_cls_prec_micro": 74.22907488986785, "unseen_cls_rec_micro": 50.074294205052006, "unseen_cls_f1_micro": 59.80479148181011, "unseen_cls_prec_macro": 73.50379047592928, "unseen_cls_rec_macro": 45.73471804852587, "unseen_cls_f1_macro": 54.49191869943167, "unseen_epoch": 0.0, "unseen_iteration": 0.0, "unseen_global_iteration": 0.0, "seen_ner_prec_micro": 27.946127946127948, "seen_ner_rec_micro": 61.330049261083744, "seen_ner_f1_micro": 38.396299151888975, "seen_ner_prec_macro": 21.85429693309103, "seen_ner_rec_macro": 47.97595137420719, "seen_ner_f1_macro": 29.866423667628595, "seen_loc_prec_micro": 35.507246376811594, "seen_loc_rec_micro": 72.41379310344827, "seen_loc_f1_micro": 47.64991896272285, "seen_loc_prec_macro": 35.507246376811594, "seen_loc_rec_macro": 72.41379310344827, "seen_loc_f1_macro": 47.64991896272285, "seen_cls_prec_micro": 80.58252427184466, "seen_cls_rec_micro": 61.330049261083744, "seen_cls_f1_micro": 69.65034965034965, "seen_cls_prec_macro": 63.608324161786086, "seen_cls_rec_macro": 47.97595137420719, "seen_cls_f1_macro": 54.65608894511133, "seen_epoch": 0.0, "seen_iteration": 0.0, "seen_global_iteration": 0.0, "ner_prec_micro": 64.56953642384106, "ner_rec_micro": 54.21686746987952, "ner_f1_micro": 58.94206549118388, "ner_prec_macro": 60.31225211806154, "ner_rec_macro": 46.64543311912943, "ner_f1_macro": 51.17927502923878, "loc_prec_micro": 84.65227817745803, "loc_rec_micro": 65.4309545875811, "loc_f1_micro": 73.81076842655516, "loc_prec_macro": 84.65227817745803, "loc_rec_macro": 65.4309545875811, "loc_f1_macro": 73.81076842655516, "cls_prec_micro": 76.37075718015666, "cls_rec_micro": 54.21686746987952, "cls_f1_micro": 63.41463414634146, "cls_prec_macro": 70.84923141521834, "cls_rec_macro": 46.64543311912943, "cls_f1_macro": 54.916638825369255, "epoch": 0.0, "iteration": 0.0, "global_iteration": 0.0}}