{"test_metrics": {"seen__f1": 0.0, "seen__pr": 0.0, "seen__rec": 0.0, "seen__ner_f1": 0.6626532673835754, "seen__ner_pr": 0.5304226875305176, "seen__ner_rec": 0.8827053308486938, "seen__macro_f1": 0.0, "seen__macro_pr": 0.0, "seen__macro_rec": 0.0, "seen__macro_ner_f1": 0.414522260427475, "seen__macro_ner_pr": 0.31440478563308716, "seen__macro_ner_rec": 0.8766055107116699, "seen__samples_per_s": 542.2570700477471, "seen__samples_total_num": 3596, "seen__samples_total_s": 6.631541013717651, "seen__organization_pr": 0.0916905477643013, "seen__organization_rec": 0.8533333539962769, "seen__organization_f1": 0.1655886173248291, "seen__location_pr": 0.6492686867713928, "seen__location_rec": 0.8824021816253662, "seen__location_f1": 0.7480930089950562, "seen__person_pr": 0.20225511491298676, "seen__person_rec": 0.8940809965133667, "seen__person_f1": 0.3298850655555725, "unseen__f1": 0.0, "unseen__pr": 0.0, "unseen__rec": 0.0, "unseen__ner_f1": 0.6351659297943115, "unseen__ner_pr": 0.5210502743721008, "unseen__ner_rec": 0.8132838606834412, "unseen__macro_f1": 0.0, "unseen__macro_pr": 0.0, "unseen__macro_rec": 0.0, "unseen__macro_ner_f1": 0.6274663209915161, "unseen__macro_ner_pr": 0.531336784362793, "unseen__macro_ner_rec": 0.7815312743186951, "unseen__samples_per_s": 575.1610479156271, "unseen__samples_total_num": 3782, "unseen__samples_total_s": 6.575549602508545, "unseen__organization_pr": 0.4421708285808563, "unseen__organization_rec": 0.7276720404624939, "unseen__organization_f1": 0.5500830411911011, "unseen__location_pr": 0.49336960911750793, "unseen__location_rec": 0.8537805080413818, "unseen__location_f1": 0.6253636479377747, "unseen__person_pr": 0.6584699749946594, "unseen__person_rec": 0.7631412148475647, "unseen__person_f1": 0.7069522142410278}, "test_metrics_bounds": {"seen__f1": 0.0, "seen__pr": 0.0, "seen__rec": 0.0, "seen__ner_f1": 0.6733880043029785, "seen__ner_pr": 0.5390153527259827, "seen__ner_rec": 0.8970048427581787, "seen__macro_f1": 0.0, "seen__macro_pr": 0.0, "seen__macro_rec": 0.0, "seen__macro_ner_f1": 0.6733880043029785, "seen__macro_ner_pr": 0.5390153527259827, "seen__macro_ner_rec": 0.8970048427581787, "seen__samples_per_s": 542.2570700477471, "seen__samples_total_num": 3596, "seen__samples_total_s": 6.631541013717651, "unseen__f1": 0.0, "unseen__pr": 0.0, "unseen__rec": 0.0, "unseen__ner_f1": 0.6651031970977783, "unseen__ner_pr": 0.5456088781356812, "unseen__ner_rec": 0.8516163229942322, "unseen__macro_f1": 0.0, "unseen__macro_pr": 0.0, "unseen__macro_rec": 0.0, "unseen__macro_ner_f1": 0.6651031970977783, "unseen__macro_ner_pr": 0.5456088781356812, "unseen__macro_ner_rec": 0.8516163229942322, "unseen__samples_per_s": 575.1610479156271, "unseen__samples_total_num": 3782, "unseen__samples_total_s": 6.575549602508545}}