{"test_metrics": {"Eval_Ent_Precision": 84.69113691192275, "Eval_Ent_Recall": 87.6737719412905, "Eval_Ent_F1": 86.1566483858713, "Eval_Time": 7.840261220932007, "Eval_Examples": 288, "Eval_Examples_Per_Second": 36.73346995519674, "seen_Eval_Ent_Precision": 37.69024174093063, "seen_Eval_Ent_Recall": 95.89977200045662, "seen_Eval_Ent_F1": 54.11311052927221, "seen_Eval_Time": 7.865490436553955, "seen_Eval_Examples": 288, "seen_Eval_Examples_Per_Second": 36.615644291111636, "unseen_Eval_Ent_Precision": 47.000895260517645, "unseen_Eval_Ent_Recall": 82.03124989990235, "unseen_Eval_Ent_F1": 59.76095615307694, "unseen_Eval_Time": 7.927913188934326, "unseen_Eval_Examples": 288, "unseen_Eval_Examples_Per_Second": 36.3273402642686}}