{"test_metrics": {"seen__f1": 0.0, "seen__pr": 0.0, "seen__rec": 0.0, "seen__ner_f1": 0.8082080483436584, "seen__ner_pr": 0.7053918242454529, "seen__ner_rec": 0.9461108446121216, "seen__macro_f1": 0.0, "seen__macro_pr": 0.0, "seen__macro_rec": 0.0, "seen__macro_ner_f1": 0.6627235412597656, "seen__macro_ner_pr": 0.5417260527610779, "seen__macro_ner_rec": 0.8857260346412659, "seen__samples_per_s": 554.1760845458823, "seen__samples_total_num": 4609, "seen__samples_total_s": 8.316851139068604, "seen__organization_pr": 0.4287855923175812, "seen__organization_rec": 0.8242074847221375, "seen__organization_f1": 0.5641025304794312, "seen__location_pr": 0.7817112803459167, "seen__location_rec": 0.9603420495986938, "seen__location_f1": 0.8618682622909546, "seen__person_pr": 0.41468125581741333, "seen__person_rec": 0.8726287484169006, "seen__person_f1": 0.5621998906135559, "unseen__f1": 0.0, "unseen__pr": 0.0, "unseen__rec": 0.0, "unseen__ner_f1": 0.5383076071739197, "unseen__ner_pr": 0.4136371910572052, "unseen__ner_rec": 0.7705525755882263, "unseen__macro_f1": 0.0, "unseen__macro_pr": 0.0, "unseen__macro_rec": 0.0, "unseen__macro_ner_f1": 0.5749266147613525, "unseen__macro_ner_pr": 0.5017033219337463, "unseen__macro_ner_rec": 0.7454679012298584, "unseen__samples_per_s": 582.1979831862038, "unseen__samples_total_num": 2368, "unseen__samples_total_s": 4.067344903945923, "unseen__organization_pr": 0.46901172399520874, "unseen__organization_rec": 0.6812652349472046, "unseen__organization_f1": 0.5555555820465088, "unseen__location_pr": 0.31417322158813477, "unseen__location_rec": 0.8580645322799683, "unseen__location_f1": 0.45994237065315247, "unseen__person_pr": 0.7219251394271851, "unseen__person_rec": 0.6970739960670471, "unseen__person_f1": 0.7092819213867188}, "test_metrics_bounds": {"seen__f1": 0.0, "seen__pr": 0.0, "seen__rec": 0.0, "seen__ner_f1": 0.8164594173431396, "seen__ner_pr": 0.7125935554504395, "seen__ner_rec": 0.9557701945304871, "seen__macro_f1": 0.0, "seen__macro_pr": 0.0, "seen__macro_rec": 0.0, "seen__macro_ner_f1": 0.8164594173431396, "seen__macro_ner_pr": 0.7125935554504395, "seen__macro_ner_rec": 0.9557701945304871, "seen__samples_per_s": 554.1760845458823, "seen__samples_total_num": 4609, "seen__samples_total_s": 8.316851139068604, "unseen__f1": 0.0, "unseen__pr": 0.0, "unseen__rec": 0.0, "unseen__ner_f1": 0.573849618434906, "unseen__ner_pr": 0.4409477412700653, "unseen__ner_rec": 0.8214285969734192, "unseen__macro_f1": 0.0, "unseen__macro_pr": 0.0, "unseen__macro_rec": 0.0, "unseen__macro_ner_f1": 0.573849618434906, "unseen__macro_ner_pr": 0.4409477412700653, "unseen__macro_ner_rec": 0.8214285969734192, "unseen__samples_per_s": 582.1979831862038, "unseen__samples_total_num": 2368, "unseen__samples_total_s": 4.067344903945923}}