{"test_metrics": {"Eval_Ent_Precision": 63.70530876088266, "Eval_Ent_Recall": 69.87522279278049, "Eval_Ent_F1": 66.64777555494726, "Eval_Time": 25.79579520225525, "Eval_Examples": 551, "Eval_Examples_Per_Second": 21.3600703401393, "seen_Eval_Ent_Precision": 16.19718313521432, "seen_Eval_Ent_Recall": 83.9887638539957, "seen_Eval_Ent_F1": 27.157129923420293, "seen_Eval_Time": 25.200320959091187, "seen_Eval_Examples": 551, "seen_Eval_Examples_Per_Second": 21.8648008846579, "unseen_Eval_Ent_Precision": 47.508125679839516, "unseen_Eval_Ent_Recall": 66.08892235706266, "unseen_Eval_Ent_F1": 55.27891584585072, "unseen_Eval_Time": 25.265347003936768, "unseen_Eval_Examples": 551, "unseen_Eval_Examples_Per_Second": 21.808526908977143}}