{"test_metrics": {"Eval_Ent_Precision": 63.09771308409802, "Eval_Ent_Recall": 72.13309563620548, "Eval_Ent_F1": 67.31355695335343, "Eval_Time": 14.072640419006348, "Eval_Examples": 551, "Eval_Examples_Per_Second": 39.15398841967323, "seen_Eval_Ent_Precision": 17.411642445518044, "seen_Eval_Ent_Recall": 85.67774917811893, "seen_Eval_Ent_F1": 28.94168470161264, "seen_Eval_Time": 13.410844564437866, "seen_Eval_Examples": 551, "seen_Eval_Examples_Per_Second": 41.08615213251455, "unseen_Eval_Ent_Precision": 45.68607069055503, "unseen_Eval_Ent_Recall": 68.03405569963769, "unseen_Eval_Ent_F1": 54.6641790986764, "unseen_Eval_Time": 13.66266417503357, "unseen_Eval_Examples": 551, "unseen_Eval_Examples_Per_Second": 40.328884099110645}}