{"test_metrics": {"f1": 0.0, "pr": 0.0, "rec": 0.0, "ner_f1": 0.5893571376800537, "ner_pr": 0.6070975661277771, "ner_rec": 0.5726240277290344, "macro_f1": 0.0, "macro_pr": 0.0, "macro_rec": 0.0, "macro_ner_f1": 0.5597701668739319, "macro_ner_pr": 0.5903979539871216, "macro_ner_rec": 0.5436055660247803, "samples_per_s": 155.98083451788926, "samples_total_num": 529, "samples_total_s": 3.39144229888916, "task_pr": 0.5793358087539673, "task_rec": 0.5992366671562195, "task_f1": 0.589118242263794, "method_pr": 0.7220902442932129, "method_rec": 0.7152941226959229, "method_f1": 0.7186761498451233, "material_pr": 0.5473684072494507, "material_rec": 0.6582278609275818, "material_f1": 0.5977011919021606, "otherscientificterm_pr": 0.5828220844268799, "otherscientificterm_rec": 0.5512572526931763, "otherscientificterm_f1": 0.5666003823280334, "metric_pr": 0.6170212626457214, "metric_rec": 0.4084506928920746, "metric_f1": 0.49152544140815735, "generic_pr": 0.4937500059604645, "generic_rec": 0.3291666805744171, "generic_f1": 0.39500004053115845}, "test_metrics_bounds": {"f1": 0.0, "pr": 0.0, "rec": 0.0, "ner_f1": 0.7378461956977844, "ner_pr": 0.7603043913841248, "ner_rec": 0.716676652431488, "macro_f1": 0.0, "macro_pr": 0.0, "macro_rec": 0.0, "macro_ner_f1": 0.7378461956977844, "macro_ner_pr": 0.7603043913841248, "macro_ner_rec": 0.716676652431488, "samples_per_s": 155.98083451788926, "samples_total_num": 529, "samples_total_s": 3.39144229888916}, "metrics": {"f1": [0.0, 0.0, 0.0, 0.0, 0.0, 0.0, 0.0, 0.0, 0.0, 0.0, 0.0, 0.0, 0.0, 0.0, 0.0, 0.0, 0.0, 0.0, 0.0, 0.0, 0.0, 0.0, 0.0, 0.0], "pr": [0.0, 0.0, 0.0, 0.0, 0.0, 0.0, 0.0, 0.0, 0.0, 0.0, 0.0, 0.0, 0.0, 0.0, 0.0, 0.0, 0.0, 0.0, 0.0, 0.0, 0.0, 0.0, 0.0, 0.0], "rec": [0.0, 0.0, 0.0, 0.0, 0.0, 0.0, 0.0, 0.0, 0.0, 0.0, 0.0, 0.0, 0.0, 0.0, 0.0, 0.0, 0.0, 0.0, 0.0, 0.0, 0.0, 0.0, 0.0, 0.0], "ner_f1": [0.2211538404226303, 0.45939087867736816, 0.49641692638397217, 0.5311751365661621, 0.5767027139663696, 0.6003950238227844, 0.5766793489456177, 0.5954923033714294, 0.5854271054267883, 0.6117788553237915, 0.5984655022621155, 0.5820105671882629, 0.604472815990448, 0.6287192702293396, 0.6015523672103882, 0.5960434079170227, 0.5993442535400391, 0.6030534505844116, 0.612323522567749, 0.614503800868988, 0.602150559425354, 0.5992217659950256, 0.616264283657074, 0.6115061640739441], "ner_pr": [0.30666667222976685, 0.4652956426143646, 0.5169606804847717, 0.5091953873634338, 0.5860284566879272, 0.6324549317359924, 0.5833333134651184, 0.565315306186676, 0.5869017839431763, 0.587759792804718, 0.6109660863876343, 0.6162465214729309, 0.6166883707046509, 0.6497326493263245, 0.6216577291488647, 0.6072821617126465, 0.6286107301712036, 0.6124030947685242, 0.6276316046714783, 0.6240310072898865, 0.6079182624816895, 0.6209677457809448, 0.625, 0.6315087080001831], "ner_rec": [0.17293232679367065, 0.4536340832710266, 0.4774436056613922, 0.5551378726959229, 0.567669153213501, 0.5714285969734192, 0.5701754093170166, 0.6290726661682129, 0.5839598774909973, 0.6378446221351624, 0.5864661931991577, 0.5513784289360046, 0.5927318334579468, 0.6090225577354431, 0.5827067494392395, 0.5852130055427551, 0.572681725025177, 0.5939849615097046, 0.597744345664978, 0.6052631735801697, 0.5964912176132202, 0.5789473652839661, 0.6077694296836853, 0.5927318334579468], "macro_f1": [0.0, 0.0, 0.0, 0.0, 0.0, 0.0, 0.0, 0.0, 0.0, 0.0, 0.0, 0.0, 0.0, 0.0, 0.0, 0.0, 0.0, 0.0, 0.0, 0.0, 0.0, 0.0, 0.0, 0.0], "macro_pr": [0.0, 0.0, 0.0, 0.0, 0.0, 0.0, 0.0, 0.0, 0.0, 0.0, 0.0, 0.0, 0.0, 0.0, 0.0, 0.0, 0.0, 0.0, 0.0, 0.0, 0.0, 0.0, 0.0, 0.0], "macro_rec": [0.0, 0.0, 0.0, 0.0, 0.0, 0.0, 0.0, 0.0, 0.0, 0.0, 0.0, 0.0, 0.0, 0.0, 0.0, 0.0, 0.0, 0.0, 0.0, 0.0, 0.0, 0.0, 0.0, 0.0], "macro_ner_f1": [0.0965411439538002, 0.31200695037841797, 0.4132986068725586, 0.4720589220523834, 0.5284273028373718, 0.5462706089019775, 0.526762068271637, 0.5563932061195374, 0.5257523059844971, 0.5603434443473816, 0.5495315790176392, 0.5170480012893677, 0.5559154748916626, 0.581747829914093, 0.5520485043525696, 0.5440053343772888, 0.5402651429176331, 0.552707850933075, 0.5707647800445557, 0.5735727548599243, 0.5464837551116943, 0.5468112826347351, 0.5635613799095154, 0.5556083917617798], "macro_ner_pr": [0.2696428596973419, 0.4015030562877655, 0.543180525302887, 0.5353098511695862, 0.5707637667655945, 0.5892324447631836, 0.5831471085548401, 0.5582265853881836, 0.5915178656578064, 0.5636658072471619, 0.5892019271850586, 0.5923694372177124, 0.5968928933143616, 0.6196333765983582, 0.6001889705657959, 0.5788864493370056, 0.5848692059516907, 0.5714432597160339, 0.6030619740486145, 0.5911057591438293, 0.5738492608070374, 0.5847361087799072, 0.5966967940330505, 0.5881261229515076], "macro_ner_rec": [0.10780423879623413, 0.3321894705295563, 0.4063931405544281, 0.49695441126823425, 0.523056149482727, 0.5249024629592896, 0.5179890990257263, 0.5806615352630615, 0.523656964302063, 0.5754482746124268, 0.5366198420524597, 0.5007468461990356, 0.5341942310333252, 0.5646838545799255, 0.5389410853385925, 0.5368699431419373, 0.5281318426132202, 0.553049623966217, 0.5570517182350159, 0.5706706643104553, 0.538173496723175, 0.5335407257080078, 0.555229127407074, 0.5421474575996399], "samples_per_s": [153.82431750026095, 144.63341672543194, 167.23282128728533, 160.14603065792068, 171.52291760972477, 165.19969575307098, 188.71107653246986, 144.63151768797326, 166.42143244766018, 154.3782987964224, 174.85665211717966, 185.5455385967115, 178.81696890114833, 172.16922968837204, 159.55579739269456, 183.31803720492698, 155.40028876446317, 157.02530014275303, 168.06492910650354, 146.75309764071432, 173.52386201839815, 119.85007188131215, 176.41417474873754, 184.50160143917196], "samples_total_num": [260, 260, 260, 260, 260, 260, 260, 260, 260, 260, 260, 260, 260, 260, 260, 260, 260, 260, 260, 260, 260, 260, 260, 260], "samples_total_s": [1.6902399063110352, 1.7976481914520264, 1.5547187328338623, 1.6235182285308838, 1.5158324241638184, 1.573852777481079, 1.377767562866211, 1.7976717948913574, 1.5622987747192383, 1.6841745376586914, 1.4869322776794434, 1.401273250579834, 1.45400071144104, 1.5101420879364014, 1.6295239925384521, 1.4183001518249512, 1.6730985641479492, 1.6557841300964355, 1.5470211505889893, 1.7716832160949707, 1.4983530044555664, 2.169377088546753, 1.4738044738769531, 1.4092018604278564], "task_pr": [1.0, 0.5116279125213623, 0.369047611951828, 0.34306567907333374, 0.4971751272678375, 0.5657894611358643, 0.5714285969734192, 0.46000000834465027, 0.4417475759983063, 0.6220472455024719, 0.6074073910713196, 0.5120481848716736, 0.631147563457489, 0.6355932354927063, 0.5361445546150208, 0.60447758436203, 0.5928571224212646, 0.6194030046463013, 0.6060606241226196, 0.6475409865379333, 0.591549277305603, 0.556291401386261, 0.5957446694374084, 0.6222222447395325], "task_rec": [0.007936508394777775, 0.523809552192688, 0.738095223903656, 0.7460317611694336, 0.6984127163887024, 0.682539701461792, 0.6666666865348816, 0.7301587462425232, 0.7222222089767456, 0.6269841194152832, 0.6507936716079712, 0.6746031641960144, 0.6111111044883728, 0.5952380895614624, 0.7063491940498352, 0.6428571343421936, 0.658730149269104, 0.658730149269104, 0.6349206566810608, 0.6269841194152832, 0.6666666865348816, 0.6666666865348816, 0.6666666865348816, 0.6666666865348816], "task_f1": [0.015748033300042152, 0.5176470875740051, 0.4920634925365448, 0.4699999988079071, 0.5808581113815308, 0.6187050342559814, 0.6153846383094788, 0.5644172430038452, 0.5481927990913391, 0.6245059967041016, 0.6283524632453918, 0.5821917653083801, 0.6209677457809448, 0.6147540807723999, 0.6095889806747437, 0.6230769157409668, 0.6240600943565369, 0.6384615302085876, 0.6201550364494324, 0.6370967030525208, 0.6268656849861145, 0.6064981818199158, 0.6292135119438171, 0.6436781883239746],