{"test_metrics": {"Eval_Ent_Precision": 84.55428060978944, "Eval_Ent_Recall": 88.7859128104061, "Eval_Ent_F1": 86.61844478007514, "Eval_Time": 8.491753816604614, "Eval_Examples": 288, "Eval_Examples_Per_Second": 33.91525546075656, "seen_Eval_Ent_Precision": 35.48102385616765, "seen_Eval_Ent_Recall": 96.6346151604105, "seen_Eval_Ent_F1": 51.90445448184775, "seen_Eval_Time": 8.546879529953003, "seen_Eval_Examples": 288, "seen_Eval_Examples_Per_Second": 33.69650864864637, "unseen_Eval_Ent_Precision": 49.07325684188304, "unseen_Eval_Ent_Recall": 83.86123670026777, "unseen_Eval_Ent_F1": 61.91536745675864, "unseen_Eval_Time": 8.597745180130005, "unseen_Eval_Examples": 288, "unseen_Eval_Examples_Per_Second": 33.497154656966146}}