{"test_metrics": {"Eval_Ent_Precision": 85.3285327896876, "Eval_Ent_Recall": 87.85912875280977, "Eval_Ent_F1": 86.57534239894915, "Eval_Time": 8.661112070083618, "Eval_Examples": 288, "Eval_Examples_Per_Second": 33.25208098793479, "seen_Eval_Ent_Precision": 33.84338436751866, "seen_Eval_Ent_Recall": 95.67430002201374, "seen_Eval_Ent_F1": 50.0, "seen_Eval_Time": 8.868597030639648, "seen_Eval_Examples": 288, "seen_Eval_Examples_Per_Second": 32.474133056784964, "unseen_Eval_Ent_Precision": 51.48514851217795, "unseen_Eval_Ent_Recall": 83.38192410092734, "unseen_Eval_Ent_F1": 63.661658289011335, "unseen_Eval_Time": 8.779699325561523, "unseen_Eval_Examples": 288, "unseen_Eval_Examples_Per_Second": 32.802945672809855}}