{"test_metrics": {"unseen_ner_prec_micro": 48.73864783047427, "unseen_ner_rec_micro": 60.2996254681648, "unseen_ner_f1_micro": 53.90625, "unseen_ner_prec_macro": 46.2354095610255, "unseen_ner_rec_macro": 56.03314005408819, "unseen_ner_f1_macro": 50.33615583986701, "unseen_loc_prec_micro": 57.35767991407089, "unseen_loc_rec_micro": 66.66666666666666, "unseen_loc_f1_micro": 61.662817551963045, "unseen_loc_prec_macro": 57.35767991407089, "unseen_loc_rec_macro": 66.66666666666666, "unseen_loc_f1_macro": 61.662817551963045, "unseen_cls_prec_micro": 85.03521126760563, "unseen_cls_rec_micro": 60.2996254681648, "unseen_cls_f1_micro": 70.56245434623814, "unseen_cls_prec_macro": 79.76316030648277, "unseen_cls_rec_macro": 56.03314005408819, "unseen_cls_f1_macro": 65.63946256066845, "unseen_epoch": 0.0, "unseen_iteration": 0.0, "unseen_global_iteration": 0.0, "seen_ner_prec_micro": 19.63562753036437, "seen_ner_rec_micro": 69.7841726618705, "seen_ner_f1_micro": 30.647709320695103, "seen_ner_prec_macro": 17.00147149903534, "seen_ner_rec_macro": 64.74761961562103, "seen_ner_f1_macro": 26.52263061717462, "seen_loc_prec_micro": 23.89666307857912, "seen_loc_rec_micro": 79.85611510791367, "seen_loc_f1_micro": 36.7854183927092, "seen_loc_prec_macro": 23.89666307857912, "seen_loc_rec_macro": 79.85611510791367, "seen_loc_f1_macro": 36.7854183927092, "seen_cls_prec_micro": 82.5531914893617, "seen_cls_rec_micro": 69.7841726618705, "seen_cls_f1_micro": 75.6335282651072, "seen_cls_prec_macro": 76.14057644984877, "seen_cls_rec_macro": 64.74761961562103, "seen_cls_f1_macro": 68.60087147205051, "seen_epoch": 0.0, "seen_iteration": 0.0, "seen_global_iteration": 0.0, "ner_prec_micro": 68.54838709677419, "ner_rec_micro": 63.02131603336423, "ner_f1_micro": 65.6687590535973, "ner_prec_macro": 63.37085415562316, "ner_rec_macro": 58.40005831790968, "ner_f1_macro": 60.50149021170341, "loc_prec_micro": 80.68669527896995, "loc_rec_micro": 69.69416126042633, "loc_f1_micro": 74.7886623570363, "loc_prec_macro": 80.68669527896995, "loc_rec_macro": 69.69416126042633, "loc_f1_macro": 74.7886623570363, "cls_prec_micro": 84.78802992518703, "cls_rec_micro": 63.02131603336423, "cls_f1_micro": 72.30196703880914, "cls_prec_macro": 79.0119034197667, "cls_rec_macro": 58.40005831790968, "cls_f1_macro": 66.83667909820954, "epoch": 0.0, "iteration": 0.0, "global_iteration": 0.0}}