{"test_metrics": {"f1": 0.0, "pr": 0.0, "rec": 0.0, "ner_f1": 0.8750723004341125, "ner_pr": 0.8745664954185486, "ner_rec": 0.8755787014961243, "macro_f1": 0.0, "macro_pr": 0.0, "macro_rec": 0.0, "macro_ner_f1": 0.8052956461906433, "macro_ner_pr": 0.8239538073539734, "macro_ner_rec": 0.7933524250984192, "samples_per_s": 232.15547881590683, "samples_total_num": 2050, "samples_total_s": 8.830289125442505, "per_pr": 0.9126282334327698, "per_rec": 0.9307359457015991, "per_f1": 0.9215931296348572, "org_pr": 0.8124156594276428, "org_rec": 0.7432098984718323, "org_f1": 0.7762733697891235, "wea_pr": 0.8333333134651184, "wea_rec": 0.6190476417541504, "wea_f1": 0.7103825211524963, "gpe_pr": 0.886203408241272, "gpe_rec": 0.898876428604126, "gpe_f1": 0.8924949169158936, "veh_pr": 0.7943925261497498, "veh_rec": 0.7943925261497498, "veh_f1": 0.7943925261497498, "fac_pr": 0.7037037014961243, "fac_rec": 0.8172042965888977, "fac_f1": 0.7562188506126404, "loc_pr": 0.824999988079071, "loc_rec": 0.75, "loc_f1": 0.7857142090797424}, "test_metrics_bounds": {"f1": 0.0, "pr": 0.0, "rec": 0.0, "ner_f1": 0.9404945969581604, "ner_pr": 0.9404945969581604, "ner_rec": 0.9404945969581604, "macro_f1": 0.0, "macro_pr": 0.0, "macro_rec": 0.0, "macro_ner_f1": 0.9404945969581604, "macro_ner_pr": 0.9404945969581604, "macro_ner_rec": 0.9404945969581604, "samples_per_s": 232.15547881590683, "samples_total_num": 2050, "samples_total_s": 8.830289125442505}, "metrics": {"f1": [0.0, 0.0, 0.0, 0.0, 0.0, 0.0, 0.0, 0.0, 0.0, 0.0, 0.0, 0.0, 0.0, 0.0, 0.0, 0.0, 0.0, 0.0, 0.0, 0.0, 0.0, 0.0, 0.0, 0.0, 0.0], "pr": [0.0, 0.0, 0.0, 0.0, 0.0, 0.0, 0.0, 0.0, 0.0, 0.0, 0.0, 0.0, 0.0, 0.0, 0.0, 0.0, 0.0, 0.0, 0.0, 0.0, 0.0, 0.0, 0.0, 0.0, 0.0], "rec": [0.0, 0.0, 0.0, 0.0, 0.0, 0.0, 0.0, 0.0, 0.0, 0.0, 0.0, 0.0, 0.0, 0.0, 0.0, 0.0, 0.0, 0.0, 0.0, 0.0, 0.0, 0.0, 0.0, 0.0, 0.0], "ner_f1": [0.7796696424484253, 0.8339719176292419, 0.8221173286437988, 0.8498241305351257, 0.8574196696281433, 0.8488448262214661, 0.8515130877494812, 0.8517759442329407, 0.8566058874130249, 0.8523042798042297, 0.8645519018173218, 0.859184980392456, 0.864352822303772, 0.8639053702354431, 0.8652751445770264, 0.8649877905845642, 0.8626265525817871, 0.8597761988639832, 0.8631971478462219, 0.8651391267776489, 0.8624469041824341, 0.8662795424461365, 0.8658016324043274, 0.8649488687515259, 0.865625262260437], "ner_pr": [0.8137931227684021, 0.819065511226654, 0.8093587756156921, 0.8554951548576355, 0.8515073657035828, 0.861641526222229, 0.8712146878242493, 0.8594603538513184, 0.8608967065811157, 0.8535551428794861, 0.8671683073043823, 0.8683161735534668, 0.868252694606781, 0.8733798861503601, 0.8782448768615723, 0.8642857074737549, 0.8665900826454163, 0.8703765273094177, 0.8620074391365051, 0.8708401918411255, 0.8675551414489746, 0.8714826107025146, 0.8747096061706543, 0.870288074016571, 0.87082439661026], "ner_rec": [0.7482926845550537, 0.8494309186935425, 0.8352845311164856, 0.84422767162323, 0.8634146451950073, 0.8364227414131165, 0.8326829075813293, 0.84422767162323, 0.8523577451705933, 0.8510569334030151, 0.8619512319564819, 0.8502439260482788, 0.8604878187179565, 0.854634165763855, 0.8526829481124878, 0.865691065788269, 0.8586992025375366, 0.8494309186935425, 0.8643902540206909, 0.859512209892273, 0.8573983907699585, 0.8611382246017456, 0.857073187828064, 0.8596748113632202, 0.8604878187179565], "macro_f1": [0.0, 0.0, 0.0, 0.0, 0.0, 0.0, 0.0, 0.0, 0.0, 0.0, 0.0, 0.0, 0.0, 0.0, 0.0, 0.0, 0.0, 0.0, 0.0, 0.0, 0.0, 0.0, 0.0, 0.0, 0.0], "macro_pr": [0.0, 0.0, 0.0, 0.0, 0.0, 0.0, 0.0, 0.0, 0.0, 0.0, 0.0, 0.0, 0.0, 0.0, 0.0, 0.0, 0.0, 0.0, 0.0, 0.0, 0.0, 0.0, 0.0, 0.0, 0.0], "macro_rec": [0.0, 0.0, 0.0, 0.0, 0.0, 0.0, 0.0, 0.0, 0.0, 0.0, 0.0, 0.0, 0.0, 0.0, 0.0, 0.0, 0.0, 0.0, 0.0, 0.0, 0.0, 0.0, 0.0, 0.0, 0.0], "macro_ner_f1": [0.59180748462677, 0.7348256707191467, 0.750149667263031, 0.7509752511978149, 0.7746631503105164, 0.7671415209770203, 0.7600555419921875, 0.7781445384025574, 0.7805468440055847, 0.7759585380554199, 0.7826076745986938, 0.7802203893661499, 0.787896990776062, 0.7821178436279297, 0.7824195027351379, 0.7892693281173706, 0.7774829864501953, 0.7792443633079529, 0.7875012755393982, 0.7829416394233704, 0.7860292196273804, 0.7900323867797852, 0.7905809283256531, 0.7911713719367981, 0.7911337614059448], "macro_ner_pr": [0.711693286895752, 0.7551276087760925, 0.7895544767379761, 0.7943974733352661, 0.7642351388931274, 0.7918418645858765, 0.8260365128517151, 0.7919489741325378, 0.8235087990760803, 0.7812324166297913, 0.7854248881340027, 0.8030679821968079, 0.8074241876602173, 0.8303810358047485, 0.8362097144126892, 0.8066052198410034, 0.8103838562965393, 0.7825502753257751, 0.791020929813385, 0.8154434561729431, 0.808526337146759, 0.8211206197738647, 0.8311688303947449, 0.8074136972427368, 0.8078743815422058], "macro_ner_rec": [0.5505313277244568, 0.7205000519752502, 0.7299939393997192, 0.719624936580658, 0.7886767387390137, 0.7473710179328918, 0.7140218019485474, 0.7687174081802368, 0.7486985921859741, 0.7769174575805664, 0.7815004587173462, 0.7634929418563843, 0.7711352109909058, 0.7452049255371094, 0.7408701181411743, 0.7752082943916321, 0.7514152526855469, 0.7774981260299683, 0.7901630401611328, 0.7631994485855103, 0.7688702940940857, 0.7661029696464539, 0.7592695951461792, 0.7792655825614929, 0.7783307433128357], "samples_per_s": [201.82409071877655, 207.126660240503, 210.503413504741, 206.35944159874384, 206.86264954323252, 211.31474345779813, 242.5693547209159, 237.30448408038706, 236.59985034619882, 238.7707655286796, 235.9645004415697, 238.2891512377133, 234.8047958843642, 227.50105376697206, 227.86042218159483, 229.46452933552374, 234.27919443922104, 246.89946902660895, 243.30072925147306, 233.0444733081813, 241.4326973084632, 242.2334200892388, 245.99498214829325, 243.47590619626777, 239.45719345382767], "samples_total_num": [2420, 2420, 2420, 2420, 2420, 2420, 2420, 2420, 2420, 2420, 2420, 2420, 2420, 2420, 2420, 2420, 2420, 2420, 2420, 2420, 2420, 2420, 2420, 2420, 2420], "samples_total_s": [11.990639925003052, 11.683672189712524, 11.496250629425049, 11.727110624313354, 11.698583602905273, 11.45211148262024, 9.97652816772461, 10.197868824005127, 10.22823977470398, 10.135244131088257, 10.25577998161316, 10.155728816986084, 10.30643343925476, 10.63731336593628, 10.620536804199219, 10.546292304992676, 10.329555749893188, 9.801560163497925, 9.946538209915161, 10.384284019470215, 10.023497343063354, 9.990363836288452, 9.837599039077759, 9.939381837844849, 10.10619044303894], "per_pr": [0.8974359035491943, 0.8554720282554626, 0.8958333134651184, 0.8838691115379333, 0.8935672640800476, 0.8890860676765442, 0.9415796399116516, 0.9464938640594482, 0.8961958289146423, 0.9437129497528076, 0.9235982894897461, 0.9286161661148071, 0.9118623733520508, 0.9212791919708252, 0.9230532646179199, 0.9183175563812256, 0.9203187227249146, 0.934118390083313, 0.9188529849052429, 0.9338165521621704, 0.9289754629135132, 0.9221538305282593, 0.9211580157279968, 0.9306992888450623, 0.929264485836029], "per_rec": [0.8479709029197693, 0.9303452372550964, 0.8725014925003052, 0.9242883324623108, 0.925499677658081, 0.9103573560714722, 0.8737128973007202, 0.8625075817108154, 0.9203513264656067, 0.8682616353034973, 0.9079346060752869, 0.8982434868812561, 0.9149000644683838, 0.9073289036750793, 0.9082374572753906, 0.9124773144721985, 0.9094488024711609, 0.8888552188873291, 0.9121744632720947, 0.8973349332809448, 0.8952150344848633, 0.9076317548751831, 0.9058146476745605, 0.8988491892814636, 0.8991520404815674],