{"test_metrics": {"unseen_ner_prec_micro": 43.3502538071066, "unseen_ner_rec_micro": 59.14127423822715, "unseen_ner_f1_micro": 50.02929115407147, "unseen_ner_prec_macro": 43.01389586163011, "unseen_ner_rec_macro": 54.42557041791605, "unseen_ner_f1_macro": 46.96556385119197, "unseen_loc_prec_micro": 50.85653104925053, "unseen_loc_rec_micro": 65.78947368421053, "unseen_loc_f1_micro": 57.3671497584541, "unseen_loc_prec_macro": 50.85653104925053, "unseen_loc_rec_macro": 65.78947368421053, "unseen_loc_f1_macro": 57.3671497584541, "unseen_cls_prec_micro": 84.05511811023622, "unseen_cls_rec_micro": 59.14127423822715, "unseen_cls_f1_micro": 69.4308943089431, "unseen_cls_prec_macro": 79.95728541848565, "unseen_cls_rec_macro": 54.42557041791605, "unseen_cls_f1_macro": 64.08990911534288, "unseen_epoch": 0.0, "unseen_iteration": 0.0, "unseen_global_iteration": 0.0, "seen_ner_prec_micro": 25.101214574898783, "seen_ner_rec_micro": 69.46778711484593, "seen_ner_f1_micro": 36.87732342007435, "seen_ner_prec_macro": 20.8410356818763, "seen_ner_rec_macro": 60.44707412982898, "seen_ner_f1_macro": 30.785099258697247, "seen_loc_prec_micro": 30.010718113612008, "seen_loc_rec_micro": 78.43137254901961, "seen_loc_f1_micro": 43.41085271317829, "seen_loc_prec_macro": 30.010718113612008, "seen_loc_rec_macro": 78.43137254901961, "seen_loc_f1_macro": 43.41085271317829, "seen_cls_prec_micro": 84.93150684931507, "seen_cls_rec_micro": 69.46778711484593, "seen_cls_f1_micro": 76.42526964560862, "seen_cls_prec_macro": 72.50810660672299, "seen_cls_rec_macro": 60.44707412982898, "seen_cls_f1_macro": 65.69735227725775, "seen_epoch": 0.0, "seen_iteration": 0.0, "seen_global_iteration": 0.0, "ner_prec_micro": 68.10865191146881, "ner_rec_micro": 62.74328081556997, "ner_f1_micro": 65.31596719729859, "ner_prec_macro": 63.37095115265535, "ner_rec_macro": 56.5421578887909, "ner_f1_macro": 59.43927495343625, "loc_prec_micro": 81.32337246531483, "loc_rec_micro": 70.6209453197405, "loc_f1_micro": 75.59523809523809, "loc_prec_macro": 81.32337246531483, "loc_rec_macro": 70.6209453197405, "loc_f1_macro": 75.59523809523809, "cls_prec_micro": 83.06748466257669, "cls_rec_micro": 62.74328081556997, "cls_f1_micro": 71.48891235480464, "cls_prec_macro": 76.69291470359813, "cls_rec_macro": 56.5421578887909, "cls_f1_macro": 64.78250083703433, "epoch": 0.0, "iteration": 0.0, "global_iteration": 0.0}}