{"test_metrics": {"Eval_Ent_Precision": 84.15706900622888, "Eval_Ent_Recall": 85.69581678166112, "Eval_Ent_F1": 84.91947290722558, "Eval_Time": 123.75396132469177, "Eval_Examples": 5000, "Eval_Examples_Per_Second": 40.40274708363929, "seen_Eval_Ent_Precision": 58.91901695675723, "seen_Eval_Ent_Recall": 90.29881861284258, "seen_Eval_Ent_F1": 71.30940620759316, "seen_Eval_Time": 120.45626187324524, "seen_Eval_Examples": 5000, "seen_Eval_Examples_Per_Second": 41.508842481443125, "unseen_Eval_Ent_Precision": 25.247120708216713, "unseen_Eval_Ent_Recall": 76.52556348184412, "unseen_Eval_Ent_F1": 37.967950906793604, "unseen_Eval_Time": 120.32850933074951, "unseen_Eval_Examples": 5000, "unseen_Eval_Examples_Per_Second": 41.552912338142534}}