{"test_metrics": {"seen__f1": 0.0, "seen__pr": 0.0, "seen__rec": 0.0, "seen__ner_f1": 0.0, "seen__ner_pr": 0.0, "seen__ner_rec": 0.0, "seen__macro_f1": 0.0, "seen__macro_pr": 0.0, "seen__macro_rec": 0.0, "seen__macro_ner_f1": 0.0, "seen__macro_ner_pr": 0.0, "seen__macro_ner_rec": 0.0, "seen__samples_per_s": 581.9840341012975, "seen__samples_total_num": 1854, "seen__samples_total_s": 3.185654401779175, "seen__dna_pr": 0.0, "seen__dna_rec": 0.0, "seen__dna_f1": 0.0, "seen__rna_pr": 0.0, "seen__rna_rec": 0.0, "seen__rna_f1": 0.0, "seen__cell_type_pr": 0.0, "seen__cell_type_rec": 0.0, "seen__cell_type_f1": 0.0, "seen__protein_pr": 0.0, "seen__protein_rec": 0.0, "seen__protein_f1": 0.0, "seen__cell_line_pr": 0.0, "seen__cell_line_rec": 0.0, "seen__cell_line_f1": 0.0, "unseen__f1": 0.0, "unseen__pr": 0.0, "unseen__rec": 0.0, "unseen__ner_f1": 0.7276033163070679, "unseen__ner_pr": 0.769987165927887, "unseen__ner_rec": 0.6896419525146484, "unseen__macro_f1": 0.0, "unseen__macro_pr": 0.0, "unseen__macro_rec": 0.0, "unseen__macro_ner_f1": 0.7238206267356873, "unseen__macro_ner_pr": 0.7841760516166687, "unseen__macro_ner_rec": 0.6734389066696167, "unseen__samples_per_s": 649.4786971538075, "unseen__samples_total_num": 1854, "unseen__samples_total_s": 2.8545970916748047, "unseen__dna_pr": 0.7316652536392212, "unseen__dna_rec": 0.686639666557312, "unseen__dna_f1": 0.7084377408027649, "unseen__rna_pr": 0.9024389982223511, "unseen__rna_rec": 0.7115384340286255, "unseen__rna_f1": 0.795698881149292, "unseen__cell_type_pr": 0.719535768032074, "unseen__cell_type_rec": 0.6305084824562073, "unseen__cell_type_f1": 0.6720867156982422, "unseen__protein_pr": 0.7925925850868225, "unseen__protein_rec": 0.7120840549468994, "unseen__protein_f1": 0.7501845359802246, "unseen__cell_line_pr": 0.7746478915214539, "unseen__cell_line_rec": 0.626423716545105, "unseen__cell_line_f1": 0.6926952600479126}, "test_metrics_bounds": {"seen__f1": 0.0, "seen__pr": 0.0, "seen__rec": 0.0, "seen__ner_f1": 0.0, "seen__ner_pr": 0.0, "seen__ner_rec": 0.0, "seen__macro_f1": 0.0, "seen__macro_pr": 0.0, "seen__macro_rec": 0.0, "seen__macro_ner_f1": 0.0, "seen__macro_ner_pr": 0.0, "seen__macro_ner_rec": 0.0, "seen__samples_per_s": 581.9840341012975, "seen__samples_total_num": 1854, "seen__samples_total_s": 3.185654401779175, "unseen__f1": 0.0, "unseen__pr": 0.0, "unseen__rec": 0.0, "unseen__ner_f1": 0.7786536812782288, "unseen__ner_pr": 0.8246628046035767, "unseen__ner_rec": 0.737507164478302, "unseen__macro_f1": 0.0, "unseen__macro_pr": 0.0, "unseen__macro_rec": 0.0, "unseen__macro_ner_f1": 0.7786536812782288, "unseen__macro_ner_pr": 0.8246628046035767, "unseen__macro_ner_rec": 0.737507164478302, "unseen__samples_per_s": 649.4786971538075, "unseen__samples_total_num": 1854, "unseen__samples_total_s": 2.8545970916748047}}