{"test_metrics": {"f1": 0.0, "pr": 0.0, "rec": 0.0, "ner_f1": 0.7625913023948669, "ner_pr": 0.7874770760536194, "ner_rec": 0.7392303347587585, "macro_f1": 0.0, "macro_pr": 0.0, "macro_rec": 0.0, "macro_ner_f1": 0.7571375966072083, "macro_ner_pr": 0.785659909248352, "macro_ner_rec": 0.7313255071640015, "samples_per_s": 382.2940018710001, "samples_total_num": 1854, "samples_total_s": 4.849670648574829, "dna_pr": 0.7506383061408997, "dna_rec": 0.7141700387001038, "dna_f1": 0.7319502234458923, "rna_pr": 0.8333333134651184, "rna_rec": 0.817307710647583, "rna_f1": 0.8252427577972412, "cell_type_pr": 0.7654784321784973, "cell_type_rec": 0.691525399684906, "cell_type_f1": 0.7266250848770142, "protein_pr": 0.8084008693695068, "protein_rec": 0.7684763669967651, "protein_f1": 0.7879332304000854, "cell_line_pr": 0.7704485654830933, "cell_line_rec": 0.6651480793952942, "cell_line_f1": 0.7139363884925842}, "test_metrics_bounds": {"f1": 0.0, "pr": 0.0, "rec": 0.0, "ner_f1": 0.8077873587608337, "ner_pr": 0.8347630500793457, "ner_rec": 0.7825005054473877, "macro_f1": 0.0, "macro_pr": 0.0, "macro_rec": 0.0, "macro_ner_f1": 0.8077873587608337, "macro_ner_pr": 0.8347630500793457, "macro_ner_rec": 0.7825005054473877, "samples_per_s": 382.2940018710001, "samples_total_num": 1854, "samples_total_s": 4.849670648574829}, "metrics": {"f1": [0.0, 0.0, 0.0, 0.0, 0.0, 0.0, 0.0, 0.0, 0.0, 0.0, 0.0, 0.0, 0.0, 0.0, 0.0, 0.0, 0.0, 0.0, 0.0, 0.0], "pr": [0.0, 0.0, 0.0, 0.0, 0.0, 0.0, 0.0, 0.0, 0.0, 0.0, 0.0, 0.0, 0.0, 0.0, 0.0, 0.0, 0.0, 0.0, 0.0, 0.0], "rec": [0.0, 0.0, 0.0, 0.0, 0.0, 0.0, 0.0, 0.0, 0.0, 0.0, 0.0, 0.0, 0.0, 0.0, 0.0, 0.0, 0.0, 0.0, 0.0, 0.0], "ner_f1": [0.6779331564903259, 0.73279869556427, 0.7426493167877197, 0.7514152526855469, 0.7606189250946045, 0.7474191784858704, 0.7533177733421326, 0.7437406778335571, 0.7510015368461609, 0.7557041645050049, 0.7521688342094421, 0.7581298351287842, 0.7597743272781372, 0.7544087171554565, 0.7625913023948669, 0.7585729360580444, 0.7606988549232483, 0.7600159049034119, 0.7623496055603027, 0.7621963620185852], "ner_pr": [0.6879558563232422, 0.7587125897407532, 0.7862644195556641, 0.7806438207626343, 0.7837124466896057, 0.7681891918182373, 0.7681592106819153, 0.7763431668281555, 0.7874395847320557, 0.7769464254379272, 0.7752489447593689, 0.7836126089096069, 0.786475419998169, 0.7864561676979065, 0.7874770760536194, 0.7839052081108093, 0.7804632186889648, 0.7883151769638062, 0.792682945728302, 0.7870691418647766], "ner_rec": [0.6681983470916748, 0.7085965871810913, 0.703618586063385, 0.7242963910102844, 0.7388474345207214, 0.7277426719665527, 0.73903888463974, 0.7137660384178162, 0.7177867293357849, 0.7355925440788269, 0.7304231524467468, 0.7342523336410522, 0.7348267436027527, 0.7248707413673401, 0.7392303347587585, 0.7348267436027527, 0.7419107556343079, 0.7336779832839966, 0.7342523336410522, 0.7388474345207214], "macro_f1": [0.0, 0.0, 0.0, 0.0, 0.0, 0.0, 0.0, 0.0, 0.0, 0.0, 0.0, 0.0, 0.0, 0.0, 0.0, 0.0, 0.0, 0.0, 0.0, 0.0], "macro_pr": [0.0, 0.0, 0.0, 0.0, 0.0, 0.0, 0.0, 0.0, 0.0, 0.0, 0.0, 0.0, 0.0, 0.0, 0.0, 0.0, 0.0, 0.0, 0.0, 0.0], "macro_rec": [0.0, 0.0, 0.0, 0.0, 0.0, 0.0, 0.0, 0.0, 0.0, 0.0, 0.0, 0.0, 0.0, 0.0, 0.0, 0.0, 0.0, 0.0, 0.0, 0.0], "macro_ner_f1": [0.6424567699432373, 0.7150593996047974, 0.7241857051849365, 0.7496498227119446, 0.7523978352546692, 0.7320089340209961, 0.7503598928451538, 0.738307535648346, 0.7501222491264343, 0.7634577751159668, 0.7517396807670593, 0.7517209649085999, 0.7538173794746399, 0.7489036321640015, 0.7571375966072083, 0.7553771138191223, 0.7593561410903931, 0.7568885087966919, 0.7628381252288818, 0.7618951797485352], "macro_ner_pr": [0.7375463843345642, 0.7599014043807983, 0.787432074546814, 0.8077136874198914, 0.7848502993583679, 0.7561044692993164, 0.7754600644111633, 0.7964868545532227, 0.7933083176612854, 0.7956995368003845, 0.7891201972961426, 0.8008184432983398, 0.795773983001709, 0.7887829542160034, 0.785659909248352, 0.7916771173477173, 0.7893741726875305, 0.7962149381637573, 0.8056035041809082, 0.8016365170478821], "macro_ner_rec": [0.5846823453903198, 0.6780257225036621, 0.6740732192993164, 0.7055854201316833, 0.7229588627815247, 0.7169938087463379, 0.7290196418762207, 0.6943686008453369, 0.7121678590774536, 0.7350817322731018, 0.7209815979003906, 0.7114754915237427, 0.717706561088562, 0.713107705116272, 0.7313255071640015, 0.7229620218276978, 0.7335058450698853, 0.7229129076004028, 0.7251904010772705, 0.7274733185768127], "samples_per_s": [371.74462734179707, 383.1039050120773, 385.75384008198205, 384.4206856447769, 393.14262371439474, 380.96382130995784, 379.8135149661255, 396.14536436328854, 396.1640930804095, 381.9281648460397, 382.2316526718452, 382.89898661933364, 383.08086126692996, 394.85971136827317, 393.55180062114084, 382.00758528930976, 392.5070817180014, 394.6587915987162, 394.06145071259533, 393.72703284177703], "samples_total_num": [1854, 1854, 1854, 1854, 1854, 1854, 1854, 1854, 1854, 1854, 1854, 1854, 1854, 1854, 1854, 1854, 1854, 1854, 1854, 1854], "samples_total_s": [4.987294673919678, 4.839418172836304, 4.806173801422119, 4.82284140586853, 4.715845823287964, 4.866603851318359, 4.881342887878418, 4.680100202560425, 4.6798789501190186, 4.854315996170044, 4.850461721420288, 4.842008113861084, 4.839709281921387, 4.695338487625122, 4.71094274520874, 4.853306770324707, 4.72348165512085, 4.697728872299194, 4.7048499584198, 4.708846092224121], "dna_pr": [0.6475265026092529, 0.6818565130233765, 0.8125665783882141, 0.7631336450576782, 0.743953287601471, 0.7435232996940613, 0.7277147769927979, 0.79438316822052, 0.7692307829856873, 0.7094017267227173, 0.777158796787262, 0.7759562730789185, 0.7643369436264038, 0.7585902810096741, 0.7506383061408997, 0.768336296081543, 0.7544605135917664, 0.7704626321792603, 0.7566409707069397, 0.7613240480422974], "dna_rec": [0.5935222506523132, 0.6542510390281677, 0.617813766002655, 0.6704453229904175, 0.722267210483551, 0.6971659660339355, 0.7271255254745483, 0.6412955522537231, 0.6882591247558594, 0.7392712831497192, 0.6777327656745911, 0.689878523349762, 0.6906882524490356, 0.6971659660339355, 0.7141700387001038, 0.695546567440033, 0.7190283536911011, 0.7012145519256592, 0.7149797677993774, 0.7076923251152039], "dna_f1": [0.6193493604660034, 0.6677685976028442, 0.7019319534301758, 0.7137930393218994, 0.7329499125480652, 0.7195987701416016, 0.7274200320243835, 0.7096774578094482, 0.7264956831932068, 0.7240285873413086, 0.7240484356880188, 0.7303900122642517, 0.7256487011909485, 0.7265822887420654, 0.7319502234458923, 0.7301317453384399, 0.7363184690475464, 0.7342093586921692, 0.7352206110954285, 0.7335292100906372], "rna_pr": [0.859375, 0.8481012582778931, 0.8152173757553101, 0.9042553305625916, 0.8723404407501221, 0.7962962985038757, 0.843137264251709, 0.9021739363670349, 0.8936170339584351, 0.9347826242446899, 0.876288652420044, 0.9021739363670349, 0.8631578683853149, 0.8709677457809448, 0.8333333134651184, 0.8829787373542786, 0.8613861203193665, 0.875, 0.9021739363670349, 0.8947368264198303], "rna_rec": [0.5288461446762085, 0.6442307829856873, 0.7211538553237915, 0.817307710647583, 0.7884615659713745, 0.8269230723381042, 0.8269230723381042, 0.7980769276618958, 0.807692289352417, 0.8269230723381042, 0.817307710647583, 0.7980769276618958, 0.7884615659713745, 0.7788461446762085, 0.817307710647583, 0.7980769276618958, 0.8365384340286255, 0.807692289352417, 0.7980769276618958, 0.817307710647583], "rna_f1": [0.6547619104385376, 0.7322404980659485, 0.7653061747550964, 0.8585858345031738, 0.8282828330993652, 0.8113207221031189, 0.8349514007568359, 0.8469387888908386, 0.8484848737716675, 0.8775510787963867, 0.8457711935043335, 0.8469387888908386, 0.8241205811500549, 0.8223350048065186, 0.8252427577972412, 0.8383838534355164, 0.8487804532051086, 0.8399999737739563, 0.8469387888908386, 0.854271411895752],