{"test_metrics": {"unseen_ner_prec_micro": 49.57627118644068, "unseen_ner_rec_micro": 55.58194774346793, "unseen_ner_f1_micro": 52.40761478163493, "unseen_ner_prec_macro": 48.02302996569938, "unseen_ner_rec_macro": 50.20466359502852, "unseen_ner_f1_macro": 47.9624427073543, "unseen_loc_prec_micro": 59.39933259176863, "unseen_loc_rec_micro": 63.42042755344418, "unseen_loc_f1_micro": 61.34405514072372, "unseen_loc_prec_macro": 59.39933259176863, "unseen_loc_rec_macro": 63.42042755344418, "unseen_loc_f1_macro": 61.34405514072372, "unseen_cls_prec_micro": 83.42245989304813, "unseen_cls_rec_micro": 55.58194774346793, "unseen_cls_f1_micro": 66.71418389166072, "unseen_cls_prec_macro": 78.74803285946616, "unseen_cls_rec_macro": 50.20466359502852, "unseen_cls_f1_macro": 60.42625568453948, "unseen_epoch": 0.0, "unseen_iteration": 0.0, "unseen_global_iteration": 0.0, "seen_ner_prec_micro": 18.863879957127548, "seen_ner_rec_micro": 74.26160337552743, "seen_ner_f1_micro": 30.085470085470085, "seen_ner_prec_macro": 16.451213766360645, "seen_ner_rec_macro": 69.59617579908675, "seen_ner_f1_macro": 26.43901716586548, "seen_loc_prec_micro": 20.80989876265467, "seen_loc_rec_micro": 78.05907172995781, "seen_loc_f1_micro": 32.859680284191825, "seen_loc_prec_macro": 20.80989876265467, "seen_loc_rec_macro": 78.05907172995781, "seen_loc_f1_macro": 32.859680284191825, "seen_cls_prec_micro": 90.25641025641026, "seen_cls_rec_micro": 74.26160337552743, "seen_cls_f1_micro": 81.48148148148148, "seen_cls_prec_macro": 82.61046376392487, "seen_cls_rec_macro": 69.59617579908675, "seen_cls_f1_macro": 75.11729618154627, "seen_epoch": 0.0, "seen_iteration": 0.0, "seen_global_iteration": 0.0, "ner_prec_micro": 67.69722814498934, "ner_rec_micro": 58.850787766450416, "ner_f1_micro": 62.96479920674268, "ner_prec_macro": 63.706213790622925, "ner_rec_macro": 52.42072908406276, "ner_f1_macro": 56.68629513152205, "loc_prec_micro": 79.41834451901566, "loc_rec_micro": 65.80166821130676, "loc_f1_micro": 71.97161682716676, "loc_prec_macro": 79.41834451901566, "loc_rec_macro": 65.80166821130676, "loc_f1_macro": 71.97161682716676, "cls_prec_micro": 84.77970627503338, "cls_rec_micro": 58.850787766450416, "cls_f1_micro": 69.47483588621444, "cls_prec_macro": 78.76729500013253, "cls_rec_macro": 52.42072908406276, "cls_f1_macro": 62.25466215857518, "epoch": 0.0, "iteration": 0.0, "global_iteration": 0.0}}