{"test_metrics": {"f1": 0.0, "pr": 0.0, "rec": 0.0, "ner_f1": 0.8329593539237976, "ner_pr": 0.8835644721984863, "ner_rec": 0.7878368496894836, "macro_f1": 0.0, "macro_pr": 0.0, "macro_rec": 0.0, "macro_ner_f1": 0.7584888935089111, "macro_ner_pr": 0.8011038899421692, "macro_ner_rec": 0.7238016128540039, "samples_per_s": 210.8626936928069, "samples_total_num": 5000, "samples_total_s": 23.71211290359497, "organization_pr": 0.6573604345321655, "organization_rec": 0.6833773255348206, "organization_f1": 0.6701164245605469, "location_pr": 0.9196355938911438, "location_rec": 0.8269748091697693, "location_f1": 0.8708472847938538, "person_pr": 0.8263157606124878, "person_rec": 0.6610526442527771, "person_f1": 0.7345029711723328}, "test_metrics_bounds": {"f1": 0.0, "pr": 0.0, "rec": 0.0, "ner_f1": 0.8511074185371399, "ner_pr": 0.9028151631355286, "ner_rec": 0.8050018548965454, "macro_f1": 0.0, "macro_pr": 0.0, "macro_rec": 0.0, "macro_ner_f1": 0.8511074185371399, "macro_ner_pr": 0.9028151631355286, "macro_ner_rec": 0.8050018548965454, "samples_per_s": 210.8626936928069, "samples_total_num": 5000, "samples_total_s": 23.71211290359497}, "metrics": {"f1": [0.0, 0.0, 0.0, 0.0, 0.0, 0.0], "pr": [0.0, 0.0, 0.0, 0.0, 0.0, 0.0], "rec": [0.0, 0.0, 0.0, 0.0, 0.0, 0.0], "ner_f1": [0.7701014876365662, 0.8213123679161072, 0.7918925881385803, 0.8312420845031738, 0.8188002109527588, 0.8021299242973328], "ner_pr": [0.7566726207733154, 0.8055850863456726, 0.7896425127983093, 0.8797611594200134, 0.845964789390564, 0.8281955718994141], "ner_rec": [0.7840154767036438, 0.8376659154891968, 0.7941555976867676, 0.7877950072288513, 0.7933259606361389, 0.7776548862457275], "macro_f1": [0.0, 0.0, 0.0, 0.0, 0.0, 0.0], "macro_pr": [0.0, 0.0, 0.0, 0.0, 0.0, 0.0], "macro_rec": [0.0, 0.0, 0.0, 0.0, 0.0, 0.0], "macro_ner_f1": [0.6699473857879639, 0.7326421737670898, 0.7089850306510925, 0.7549660801887512, 0.7459826469421387, 0.7311185002326965], "macro_ner_pr": [0.6335277557373047, 0.7066199779510498, 0.6754207015037537, 0.7954087853431702, 0.7494129538536072, 0.7269080281257629], "macro_ner_rec": [0.7252002358436584, 0.7619616389274597, 0.7563695907592773, 0.722726583480835, 0.7449922561645508, 0.7412877678871155], "samples_per_s": [206.90468333629263, 211.173660326361, 210.68753350148603, 209.7211225245001, 211.77758542679962, 210.964536202683], "samples_total_num": [5000, 5000, 5000, 5000, 5000, 5000], "samples_total_s": [24.165716886520386, 23.67719531059265, 23.731826543807983, 23.841184616088867, 23.60967516899109, 23.700665950775146], "organization_pr": [0.425144761800766, 0.5608407258987427, 0.5014084577560425, 0.6295843720436096, 0.6011834144592285, 0.5729499459266663], "organization_rec": [0.6684005260467529, 0.6592977643013, 0.6944082975387573, 0.6697009205818176, 0.6605981588363647, 0.6996098756790161], "organization_f1": [0.5197169184684753, 0.6060968041419983, 0.5823336839675903, 0.6490233540534973, 0.629491925239563, 0.6299765706062317], "location_pr": [0.8380653262138367, 0.8578978776931763, 0.8691085577011108, 0.9155694246292114, 0.9001355171203613, 0.8903940916061401], "location_rec": [0.8168237805366516, 0.8744949102401733, 0.8105791807174683, 0.8258846402168274, 0.8133953809738159, 0.7967429757118225], "location_f1": [0.8273082375526428, 0.8661168813705444, 0.8388241529464722, 0.8684176206588745, 0.8545700311660767, 0.8409692645072937], "person_pr": [0.6373732686042786, 0.7011213898658752, 0.6557450890541077, 0.8410726189613342, 0.7469199299812317, 0.7173801064491272], "person_rec": [0.6903765797615051, 0.7520920634269714, 0.7641213536262512, 0.6725941300392151, 0.7609832882881165, 0.7275104522705078], "person_f1": [0.6628169417381287, 0.7257128357887268, 0.7057971358299255, 0.7474571466445923, 0.7538860440254211, 0.7224098443984985]}}