{"test_metrics": {"seen__f1": 0.0, "seen__pr": 0.0, "seen__rec": 0.0, "seen__ner_f1": 0.746666669845581, "seen__ner_pr": 0.6628687381744385, "seen__ner_rec": 0.8547176122665405, "seen__macro_f1": 0.0, "seen__macro_pr": 0.0, "seen__macro_rec": 0.0, "seen__macro_ner_f1": 0.5408999919891357, "seen__macro_ner_pr": 0.43529924750328064, "seen__macro_ner_rec": 0.8141594529151917, "seen__samples_per_s": 546.970239479273, "seen__samples_total_num": 4060, "seen__samples_total_s": 7.4227073192596436, "seen__organization_pr": 0.25612473487854004, "seen__organization_rec": 0.7666666507720947, "seen__organization_f1": 0.38397330045700073, "seen__location_pr": 0.7517597079277039, "seen__location_rec": 0.8597495555877686, "seen__location_f1": 0.8021363019943237, "seen__person_pr": 0.29801324009895325, "seen__person_rec": 0.8160621523857117, "seen__person_f1": 0.43659040331840515, "unseen__f1": 0.0, "unseen__pr": 0.0, "unseen__rec": 0.0, "unseen__ner_f1": 0.598549485206604, "unseen__ner_pr": 0.5223101377487183, "unseen__ner_rec": 0.7008492350578308, "unseen__macro_f1": 0.0, "unseen__macro_pr": 0.0, "unseen__macro_rec": 0.0, "unseen__macro_ner_f1": 0.631530225276947, "unseen__macro_ner_pr": 0.619901180267334, "unseen__macro_ner_rec": 0.6801812648773193, "unseen__samples_per_s": 599.1429542023161, "unseen__samples_total_num": 3356, "unseen__samples_total_s": 5.6013343334198, "unseen__organization_pr": 0.6219135522842407, "unseen__organization_rec": 0.6628289222717285, "unseen__organization_f1": 0.6417196989059448, "unseen__location_pr": 0.43488889932632446, "unseen__location_rec": 0.7561823725700378, "unseen__location_f1": 0.5522009134292603, "unseen__person_pr": 0.802901029586792, "unseen__person_rec": 0.6215323805809021, "unseen__person_f1": 0.7006701231002808}, "test_metrics_bounds": {"seen__f1": 0.0, "seen__pr": 0.0, "seen__rec": 0.0, "seen__ner_f1": 0.7506595849990845, "seen__ner_pr": 0.6664134860038757, "seen__ner_rec": 0.8592882752418518, "seen__macro_f1": 0.0, "seen__macro_pr": 0.0, "seen__macro_rec": 0.0, "seen__macro_ner_f1": 0.7506595849990845, "seen__macro_ner_pr": 0.6664134860038757, "seen__macro_ner_rec": 0.8592882752418518, "seen__samples_per_s": 546.970239479273, "seen__samples_total_num": 4060, "seen__samples_total_s": 7.4227073192596436, "unseen__f1": 0.0, "unseen__pr": 0.0, "unseen__rec": 0.0, "unseen__ner_f1": 0.6271985173225403, "unseen__ner_pr": 0.5473101139068604, "unseen__ner_rec": 0.734394907951355, "unseen__macro_f1": 0.0, "unseen__macro_pr": 0.0, "unseen__macro_rec": 0.0, "unseen__macro_ner_f1": 0.6271985173225403, "unseen__macro_ner_pr": 0.5473101139068604, "unseen__macro_ner_rec": 0.734394907951355, "unseen__samples_per_s": 599.1429542023161, "unseen__samples_total_num": 3356, "unseen__samples_total_s": 5.6013343334198}}