{"test_metrics": {"unseen_ner_prec_micro": 44.023796646836125, "unseen_ner_rec_micro": 56.92307692307692, "unseen_ner_f1_micro": 49.649283318084784, "unseen_ner_prec_macro": 39.31207883711419, "unseen_ner_rec_macro": 51.885916729426285, "unseen_ner_f1_macro": 43.28864363861484, "unseen_loc_prec_micro": 64.10557184750733, "unseen_loc_rec_micro": 76.43356643356644, "unseen_loc_f1_micro": 69.72886762360446, "unseen_loc_prec_macro": 64.10557184750733, "unseen_loc_rec_macro": 76.43356643356644, "unseen_loc_f1_macro": 69.72886762360446, "unseen_cls_prec_micro": 68.69198312236287, "unseen_cls_rec_micro": 56.92307692307692, "unseen_cls_f1_micro": 62.25621414913958, "unseen_cls_prec_macro": 61.04445388820419, "unseen_cls_rec_macro": 51.885916729426285, "unseen_cls_f1_macro": 55.205040714822026, "unseen_epoch": 0.0, "unseen_iteration": 0.0, "unseen_global_iteration": 0.0, "seen_ner_prec_micro": 9.16030534351145, "seen_ner_rec_micro": 65.88235294117646, "seen_ner_f1_micro": 16.0842508377214, "seen_ner_prec_macro": 11.000792425946994, "seen_ner_rec_macro": 54.63868003341686, "seen_ner_f1_macro": 14.975787751485534, "seen_loc_prec_micro": 11.078546307151232, "seen_loc_rec_micro": 74.11764705882354, "seen_loc_f1_micro": 19.275879653238142, "seen_loc_prec_macro": 11.078546307151232, "seen_loc_rec_macro": 74.11764705882354, "seen_loc_f1_macro": 19.275879653238142, "seen_cls_prec_micro": 87.04663212435233, "seen_cls_rec_micro": 65.88235294117646, "seen_cls_f1_micro": 75.0, "seen_cls_prec_macro": 78.52210097001765, "seen_cls_rec_macro": 54.63868003341686, "seen_cls_f1_macro": 63.5738992975835, "seen_epoch": 0.0, "seen_iteration": 0.0, "seen_global_iteration": 0.0, "ner_prec_micro": 53.217011995637954, "ner_rec_micro": 57.92284866468843, "ner_f1_micro": 55.47030406365445, "ner_prec_macro": 50.1031664254578, "ner_rec_macro": 55.085925585469, "ner_f1_macro": 51.88799044857867, "loc_prec_micro": 75.36916715888955, "loc_rec_micro": 75.72700296735904, "loc_f1_micro": 75.54766133806986, "loc_prec_macro": 75.36916715888955, "loc_rec_macro": 75.72700296735904, "loc_f1_macro": 75.54766133806986, "cls_prec_micro": 70.67342505430847, "cls_rec_micro": 57.92284866468843, "cls_f1_micro": 63.66601435094586, "cls_prec_macro": 64.71120928060303, "cls_rec_macro": 55.085925585469, "cls_f1_macro": 58.94059917625572, "epoch": 0.0, "iteration": 0.0, "global_iteration": 0.0}}