{"test_metrics": {"unseen_ner_prec_micro": 45.59471365638766, "unseen_ner_rec_micro": 64.61407491486946, "unseen_ner_f1_micro": 53.46325428504344, "unseen_ner_prec_macro": 50.84135368301644, "unseen_ner_rec_macro": 65.13912708566735, "unseen_ner_f1_macro": 55.98496091034878, "unseen_loc_prec_micro": 51.37860082304528, "unseen_loc_rec_micro": 70.85698070374575, "unseen_loc_f1_micro": 59.56583969465649, "unseen_loc_prec_macro": 51.37860082304528, "unseen_loc_rec_macro": 70.85698070374575, "unseen_loc_f1_macro": 59.56583969465649, "unseen_cls_prec_micro": 88.35855646100116, "unseen_cls_rec_micro": 64.61407491486946, "unseen_cls_f1_micro": 74.64350106539912, "unseen_cls_prec_macro": 85.84540773427506, "unseen_cls_rec_macro": 65.13912708566735, "unseen_cls_f1_macro": 73.4930169659437, "unseen_epoch": 0.0, "unseen_iteration": 0.0, "unseen_global_iteration": 0.0, "seen_ner_prec_micro": 28.829552298735194, "seen_ner_rec_micro": 72.45206861755801, "seen_ner_f1_micro": 41.246589113887694, "seen_ner_prec_macro": 23.4435278485972, "seen_ner_rec_macro": 64.23278399318362, "seen_ner_f1_macro": 33.02983282930525, "seen_loc_prec_micro": 29.812641548280837, "seen_loc_rec_micro": 73.05751765893037, "seen_loc_f1_micro": 42.34537213042843, "seen_loc_prec_macro": 29.812641548280837, "seen_loc_rec_macro": 73.05751765893037, "seen_loc_f1_macro": 42.34537213042843, "seen_cls_prec_micro": 97.68707482993196, "seen_cls_rec_micro": 72.45206861755801, "seen_cls_f1_micro": 83.1981460023175, "seen_cls_prec_macro": 94.29477306138378, "seen_cls_rec_macro": 64.23278399318362, "seen_cls_f1_macro": 75.96517267596012, "seen_epoch": 0.0, "seen_iteration": 0.0, "seen_global_iteration": 0.0, "ner_prec_micro": 74.88942501005226, "ner_rec_micro": 67.6534689429713, "ner_f1_micro": 71.08778625954199, "ner_prec_macro": 74.72355421016871, "ner_rec_macro": 66.24601938734592, "ner_f1_macro": 70.07814819556238, "loc_prec_micro": 81.56320890905342, "loc_rec_micro": 71.83073011260444, "loc_f1_micro": 76.38821825205216, "loc_prec_macro": 81.56320890905342, "loc_rec_macro": 71.83073011260444, "loc_f1_macro": 76.38821825205216, "cls_prec_micro": 92.0207509881423, "cls_rec_micro": 67.6534689429713, "cls_f1_micro": 77.97781034121833, "cls_prec_macro": 89.7881389989146, "cls_rec_macro": 66.24601938734592, "cls_f1_macro": 76.01622644261076, "epoch": 0.0, "iteration": 0.0, "global_iteration": 0.0}}