{"test_metrics": {"Eval_Ent_Precision": 83.10871512469234, "Eval_Ent_Recall": 85.72752542033822, "Eval_Ent_F1": 84.39781015620838, "Eval_Time": 8.752257347106934, "Eval_Examples": 288, "Eval_Examples_Per_Second": 32.905796593743744, "seen_Eval_Ent_Precision": 12.129380121959784, "seen_Eval_Ent_Recall": 95.07042190041659, "seen_Eval_Ent_F1": 21.51394431389978, "seen_Eval_Time": 8.771832942962646, "seen_Eval_Examples": 288, "seen_Eval_Examples_Per_Second": 32.83236261710307, "unseen_Eval_Ent_Precision": 70.97933509257982, "unseen_Eval_Ent_Recall": 84.31163279762725, "unseen_Eval_Ent_F1": 77.07317067888162, "unseen_Eval_Time": 8.912458896636963, "unseen_Eval_Examples": 288, "unseen_Eval_Examples_Per_Second": 32.31431452757378}}