{"test_metrics": {"f1": 0.0, "pr": 0.0, "rec": 0.0, "ner_f1": 0.6288869380950928, "ner_pr": 0.6119909286499023, "ner_rec": 0.6467424035072327, "macro_f1": 0.0, "macro_pr": 0.0, "macro_rec": 0.0, "macro_ner_f1": 0.6142809987068176, "macro_ner_pr": 0.6078599095344543, "macro_ner_rec": 0.6252328753471375, "samples_per_s": 212.11735891860422, "samples_total_num": 529, "samples_total_s": 2.4939024448394775, "task_pr": 0.5597484111785889, "task_rec": 0.6793892979621887, "task_f1": 0.613793134689331, "method_pr": 0.7367149591445923, "method_rec": 0.7176470756530762, "method_f1": 0.727056086063385, "material_pr": 0.6012658476829529, "material_rec": 0.6012658476829529, "material_f1": 0.6012658476829529, "otherscientificterm_pr": 0.5451263785362244, "otherscientificterm_rec": 0.5841392874717712, "otherscientificterm_f1": 0.5639589428901672, "metric_pr": 0.568965494632721, "metric_rec": 0.4647887349128723, "metric_f1": 0.5116279125213623, "generic_pr": 0.6353383660316467, "generic_rec": 0.7041666507720947, "generic_f1": 0.6679842472076416}, "test_metrics_bounds": {"f1": 0.0, "pr": 0.0, "rec": 0.0, "ner_f1": 0.7673066258430481, "ner_pr": 0.7473087906837463, "ner_rec": 0.7884040474891663, "macro_f1": 0.0, "macro_pr": 0.0, "macro_rec": 0.0, "macro_ner_f1": 0.7673066258430481, "macro_ner_pr": 0.7473087906837463, "macro_ner_rec": 0.7884040474891663, "samples_per_s": 212.11735891860422, "samples_total_num": 529, "samples_total_s": 2.4939024448394775}, "metrics": {"f1": [0.0, 0.0, 0.0, 0.0, 0.0, 0.0, 0.0, 0.0, 0.0, 0.0, 0.0, 0.0, 0.0, 0.0, 0.0, 0.0, 0.0, 0.0, 0.0, 0.0, 0.0, 0.0, 0.0, 0.0, 0.0], "pr": [0.0, 0.0, 0.0, 0.0, 0.0, 0.0, 0.0, 0.0, 0.0, 0.0, 0.0, 0.0, 0.0, 0.0, 0.0, 0.0, 0.0, 0.0, 0.0, 0.0, 0.0, 0.0, 0.0, 0.0, 0.0], "rec": [0.0, 0.0, 0.0, 0.0, 0.0, 0.0, 0.0, 0.0, 0.0, 0.0, 0.0, 0.0, 0.0, 0.0, 0.0, 0.0, 0.0, 0.0, 0.0, 0.0, 0.0, 0.0, 0.0, 0.0, 0.0], "ner_f1": [0.23352794349193573, 0.47380951046943665, 0.5885111093521118, 0.615384578704834, 0.6009500622749329, 0.6096115112304688, 0.6090633869171143, 0.6263256669044495, 0.6113160848617554, 0.6139592528343201, 0.6269744634628296, 0.6469104886054993, 0.6361415982246399, 0.6301197409629822, 0.6333549618721008, 0.6362500190734863, 0.6418006420135498, 0.6537529826164246, 0.6438438892364502, 0.6517691016197205, 0.6516854166984558, 0.6582278609275818, 0.6486817598342896, 0.6459096074104309, 0.6488457322120667], "ner_pr": [0.3491271734237671, 0.4512471556663513, 0.5528634190559387, 0.5955451130867004, 0.5711060762405396, 0.6421636343002319, 0.5880979895591736, 0.6236025094985962, 0.6002415418624878, 0.6053593158721924, 0.6084905862808228, 0.6510152220726013, 0.6202380657196045, 0.6337135434150696, 0.6567967534065247, 0.6346633434295654, 0.6591809988021851, 0.6323184967041016, 0.6182237863540649, 0.6457564830780029, 0.6492537260055542, 0.6341463327407837, 0.6350539922714233, 0.6297619342803955, 0.6297169923782349], "ner_rec": [0.17543859779834747, 0.4987468719482422, 0.6290726661682129, 0.6365914940834045, 0.6340852379798889, 0.5802004933357239, 0.6315789222717285, 0.6290726661682129, 0.6228070259094238, 0.6228070259094238, 0.646616518497467, 0.6428571343421936, 0.6528822183609009, 0.6265664100646973, 0.6115288138389587, 0.6378446221351624, 0.6253132820129395, 0.6766917109489441, 0.6716791987419128, 0.6578947305679321, 0.6541353464126587, 0.6842105388641357, 0.6629072427749634, 0.6629072427749634, 0.6691729426383972], "macro_f1": [0.0, 0.0, 0.0, 0.0, 0.0, 0.0, 0.0, 0.0, 0.0, 0.0, 0.0, 0.0, 0.0, 0.0, 0.0, 0.0, 0.0, 0.0, 0.0, 0.0, 0.0, 0.0, 0.0, 0.0, 0.0], "macro_pr": [0.0, 0.0, 0.0, 0.0, 0.0, 0.0, 0.0, 0.0, 0.0, 0.0, 0.0, 0.0, 0.0, 0.0, 0.0, 0.0, 0.0, 0.0, 0.0, 0.0, 0.0, 0.0, 0.0, 0.0, 0.0], "macro_rec": [0.0, 0.0, 0.0, 0.0, 0.0, 0.0, 0.0, 0.0, 0.0, 0.0, 0.0, 0.0, 0.0, 0.0, 0.0, 0.0, 0.0, 0.0, 0.0, 0.0, 0.0, 0.0, 0.0, 0.0, 0.0], "macro_ner_f1": [0.10103833675384521, 0.3375893533229828, 0.516723096370697, 0.5540404319763184, 0.5692886114120483, 0.5453093647956848, 0.568674623966217, 0.5861413478851318, 0.5809669494628906, 0.568398654460907, 0.5823636054992676, 0.607175886631012, 0.6007422208786011, 0.5871254801750183, 0.5854671597480774, 0.5933679938316345, 0.5981467962265015, 0.6166045069694519, 0.6119044423103333, 0.6169455051422119, 0.606863260269165, 0.6260671019554138, 0.6096197962760925, 0.6083695888519287, 0.6101567149162292], "macro_ner_pr": [0.14082126319408417, 0.46424663066864014, 0.5935447216033936, 0.613173246383667, 0.5890059471130371, 0.6454710960388184, 0.5601846575737, 0.5872254967689514, 0.5994362235069275, 0.632390558719635, 0.6105878949165344, 0.6322950720787048, 0.6012588143348694, 0.6118209958076477, 0.6424148678779602, 0.6378662586212158, 0.6572365760803223, 0.6129942536354065, 0.5983659625053406, 0.6290820240974426, 0.6270580291748047, 0.6165966987609863, 0.6239872574806213, 0.615055501461029, 0.6184273362159729], "macro_ner_rec": [0.10942629724740982, 0.3901005983352661, 0.5348219275474548, 0.5488678216934204, 0.5885711312294006, 0.5117607712745667, 0.5867574214935303, 0.5896315574645996, 0.5736086368560791, 0.5559707283973694, 0.5855071544647217, 0.593268871307373, 0.6058754324913025, 0.5791067481040955, 0.553899347782135, 0.5752902626991272, 0.5677259564399719, 0.627537190914154, 0.6317362189292908, 0.6122271418571472, 0.6020810604095459, 0.6410328149795532, 0.609738290309906, 0.6110101342201233, 0.6140761971473694], "samples_per_s": [196.27080110204895, 199.11660598022272, 192.83914207266363, 196.92140562410717, 215.3066303807455, 181.81353542709513, 202.3880143846092, 197.21378052668632, 206.54411235500496, 167.3495637324455, 188.21444992288608, 207.6266357570805, 189.94529218231574, 207.34323328491922, 202.66092399502472, 207.73041577359703, 192.36661667515148, 193.15101471145638, 228.54339608090024, 194.01729775006135, 205.72519932169408, 214.24790279425076, 207.2578000648085, 206.71195358056573, 223.45291321777233], "samples_total_num": [260, 260, 260, 260, 260, 260, 260, 260, 260, 260, 260, 260, 260, 260, 260, 260, 260, 260, 260, 260, 260, 260, 260, 260, 260], "samples_total_s": [1.3247003555297852, 1.30576753616333, 1.3482739925384521, 1.3203237056732178, 1.2075800895690918, 1.4300365447998047, 1.284661054611206, 1.318366289138794, 1.2588109970092773, 1.5536341667175293, 1.3814029693603516, 1.2522478103637695, 1.3688151836395264, 1.2539594173431396, 1.2829310894012451, 1.251622200012207, 1.351585865020752, 1.3460969924926758, 1.1376395225524902, 1.3400866985321045, 1.2638218402862549, 1.2135474681854248, 1.2544763088226318, 1.257788896560669, 1.1635560989379883], "task_pr": [0.0, 0.38383838534355164, 0.4265402853488922, 0.5982142686843872, 0.4885057508945465, 0.5629629492759705, 0.4829545319080353, 0.6274510025978088, 0.6036036014556885, 0.6292135119438171, 0.5492957830429077, 0.5424836874008179, 0.5869565010070801, 0.53125, 0.5789473652839661, 0.5661764740943909, 0.5833333134651184, 0.529411792755127, 0.5286624431610107, 0.5724138021469116, 0.5151515007019043, 0.5379746556282043, 0.5308641791343689, 0.5724138021469116, 0.5540540814399719], "task_rec": [0.0, 0.60317462682724, 0.7142857313156128, 0.5317460298538208, 0.6746031641960144, 0.60317462682724, 0.6746031641960144, 0.5079365372657776, 0.5317460298538208, 0.4444444477558136, 0.6190476417541504, 0.658730149269104, 0.6428571343421936, 0.6746031641960144, 0.6111111044883728, 0.6111111044883728, 0.6111111044883728, 0.6428571343421936, 0.658730149269104, 0.658730149269104, 0.6746031641960144, 0.6746031641960144, 0.682539701461792, 0.658730149269104, 0.6507936716079712],