{"test_metrics": {"f1": 0.0, "pr": 0.0, "rec": 0.0, "ner_f1": 0.859196126461029, "ner_pr": 0.8633187413215637, "ner_rec": 0.855112612247467, "macro_f1": 0.0, "macro_pr": 0.0, "macro_rec": 0.0, "macro_ner_f1": 0.780340850353241, "macro_ner_pr": 0.7915344834327698, "macro_ner_rec": 0.7701112627983093, "samples_per_s": 233.3046053127073, "samples_total_num": 5000, "samples_total_s": 21.431210041046143, "organization_pr": 0.6799468994140625, "organization_rec": 0.6754617691040039, "organization_f1": 0.677696943283081, "location_pr": 0.8931649923324585, "location_rec": 0.8996087312698364, "location_f1": 0.896375298500061, "person_pr": 0.8014916777610779, "person_rec": 0.7352631688117981, "person_f1": 0.7669503092765808}, "test_metrics_bounds": {"f1": 0.0, "pr": 0.0, "rec": 0.0, "ner_f1": 0.8792247772216797, "ner_pr": 0.8834435939788818, "ner_rec": 0.8750461339950562, "macro_f1": 0.0, "macro_pr": 0.0, "macro_rec": 0.0, "macro_ner_f1": 0.8792247772216797, "macro_ner_pr": 0.8834435939788818, "macro_ner_rec": 0.8750461339950562, "samples_per_s": 233.3046053127073, "samples_total_num": 5000, "samples_total_s": 21.431210041046143}, "metrics": {"f1": [0.0, 0.0, 0.0, 0.0, 0.0, 0.0], "pr": [0.0, 0.0, 0.0, 0.0, 0.0, 0.0], "rec": [0.0, 0.0, 0.0, 0.0, 0.0, 0.0], "ner_f1": [0.7883022427558899, 0.8037534952163696, 0.8473976850509644, 0.8500255346298218, 0.8425293564796448, 0.8497686982154846], "ner_pr": [0.7216945290565491, 0.7870648503303528, 0.8136772513389587, 0.8555420637130737, 0.8107209801673889, 0.8001302480697632], "ner_rec": [0.8684549927711487, 0.8211652040481567, 0.8840339183807373, 0.8445796370506287, 0.8769358396530151, 0.9059734344482422], "macro_f1": [0.0, 0.0, 0.0, 0.0, 0.0, 0.0], "macro_pr": [0.0, 0.0, 0.0, 0.0, 0.0, 0.0], "macro_rec": [0.0, 0.0, 0.0, 0.0, 0.0, 0.0], "macro_ner_f1": [0.6955782771110535, 0.7102377414703369, 0.7587893009185791, 0.7649107575416565, 0.7584910988807678, 0.7604511380195618], "macro_ner_pr": [0.6262116432189941, 0.6587491035461426, 0.7059206366539001, 0.7769732475280762, 0.7147104144096375, 0.7038367390632629], "macro_ner_rec": [0.7835496068000793, 0.7913474440574646, 0.8282241225242615, 0.7547731399536133, 0.8097035884857178, 0.828669548034668], "samples_per_s": [225.198248417501, 232.7510819810203, 232.78054163206892, 232.39832459712315, 232.73900369046035, 231.6389511291376], "samples_total_num": [5000, 5000, 5000, 5000, 5000, 5000], "samples_total_s": [22.202659368515015, 21.482177257537842, 21.479458570480347, 21.514785051345825, 21.48329210281372, 21.58531618118286], "organization_pr": [0.5049116015434265, 0.4564686715602875, 0.5915948152542114, 0.6351010203361511, 0.5734190940856934, 0.5599194169044495], "organization_rec": [0.6684005260467529, 0.7295188307762146, 0.713914155960083, 0.654096245765686, 0.695708692073822, 0.7230169177055359], "organization_f1": [0.5752657651901245, 0.5615615248680115, 0.6470241546630859, 0.6444587111473083, 0.6286721229553223, 0.6311010122299194], "location_pr": [0.7771966457366943, 0.892406702041626, 0.8985154628753662, 0.8862668871879578, 0.8637000918388367, 0.8510990738868713], "location_rec": [0.9097588062286377, 0.8317619562149048, 0.9041263461112976, 0.8921268582344055, 0.9054732322692871, 0.9434309005737305], "location_f1": [0.8382692933082581, 0.8610177636146545, 0.9013121128082275, 0.889187216758728, 0.8840934038162231, 0.8948897123336792], "person_pr": [0.5965266823768616, 0.6273718476295471, 0.6276515126228333, 0.8095518946647644, 0.7070120573043823, 0.700491726398468], "person_rec": [0.7724895477294922, 0.8127614855766296, 0.866631805896759, 0.7180962562561035, 0.8279288411140442, 0.8195606470108032], "person_f1": [0.6731997132301331, 0.7081339955329895, 0.7280316352844238, 0.7610864639282227, 0.7627077698707581, 0.7553626894950867]}}