{"test_metrics": {"seen__f1": 0.0, "seen__pr": 0.0, "seen__rec": 0.0, "seen__ner_f1": 0.7807890772819519, "seen__ner_pr": 0.6860906481742859, "seen__ner_rec": 0.9058152437210083, "seen__macro_f1": 0.0, "seen__macro_pr": 0.0, "seen__macro_rec": 0.0, "seen__macro_ner_f1": 0.6173766255378723, "seen__macro_ner_pr": 0.5023906826972961, "seen__macro_ner_rec": 0.8494645953178406, "seen__samples_per_s": 507.8985048271775, "seen__samples_total_num": 4387, "seen__samples_total_s": 8.637552499771118, "seen__organization_pr": 0.3927125632762909, "seen__organization_rec": 0.7886179089546204, "seen__organization_f1": 0.524324357509613, "seen__location_pr": 0.7652299404144287, "seen__location_rec": 0.9158043265342712, "seen__location_f1": 0.8337734341621399, "seen__person_pr": 0.349229633808136, "seen__person_rec": 0.8439716100692749, "seen__person_f1": 0.4940321445465088, "unseen__f1": 0.0, "unseen__pr": 0.0, "unseen__rec": 0.0, "unseen__ner_f1": 0.5783562064170837, "unseen__ner_pr": 0.46861711144447327, "unseen__ner_rec": 0.7552083134651184, "unseen__macro_f1": 0.0, "unseen__macro_pr": 0.0, "unseen__macro_rec": 0.0, "unseen__macro_ner_f1": 0.6132346987724304, "unseen__macro_ner_pr": 0.5749613046646118, "unseen__macro_ner_rec": 0.7175623774528503, "unseen__samples_per_s": 513.2338609173587, "unseen__samples_total_num": 2761, "unseen__samples_total_s": 5.379613876342773, "unseen__organization_pr": 0.5688729882240295, "unseen__organization_rec": 0.62109375, "unseen__organization_f1": 0.593837559223175, "unseen__location_pr": 0.36477380990982056, "unseen__location_rec": 0.8422222137451172, "unseen__location_f1": 0.5090665221214294, "unseen__person_pr": 0.7912371158599854, "unseen__person_rec": 0.6893712282180786, "unseen__person_f1": 0.7368000149726868}, "test_metrics_bounds": {"seen__f1": 0.0, "seen__pr": 0.0, "seen__rec": 0.0, "seen__ner_f1": 0.7872646450996399, "seen__ner_pr": 0.6917808055877686, "seen__ner_rec": 0.9133277535438538, "seen__macro_f1": 0.0, "seen__macro_pr": 0.0, "seen__macro_rec": 0.0, "seen__macro_ner_f1": 0.7872646450996399, "seen__macro_ner_pr": 0.6917808055877686, "seen__macro_ner_rec": 0.9133277535438538, "seen__samples_per_s": 507.8985048271775, "seen__samples_total_num": 4387, "seen__samples_total_s": 8.637552499771118, "unseen__f1": 0.0, "unseen__pr": 0.0, "unseen__rec": 0.0, "unseen__ner_f1": 0.6123648881912231, "unseen__ner_pr": 0.49617281556129456, "unseen__ner_rec": 0.7996162176132202, "unseen__macro_f1": 0.0, "unseen__macro_pr": 0.0, "unseen__macro_rec": 0.0, "unseen__macro_ner_f1": 0.6123648881912231, "unseen__macro_ner_pr": 0.49617281556129456, "unseen__macro_ner_rec": 0.7996162176132202, "unseen__samples_per_s": 513.2338609173587, "unseen__samples_total_num": 2761, "unseen__samples_total_s": 5.379613876342773}}