{"test_metrics": {"Eval_Ent_Precision": 65.90487953563326, "Eval_Ent_Recall": 63.39869279453513, "Eval_Ent_F1": 64.62749846804664, "Eval_Time": 11.265903234481812, "Eval_Examples": 551, "Eval_Examples_Per_Second": 48.90863950557835, "seen_Eval_Ent_Precision": 6.547251443425262, "seen_Eval_Ent_Recall": 63.09523793934241, "seen_Eval_Ent_F1": 11.863458395381182, "seen_Eval_Time": 11.00713062286377, "seen_Eval_Examples": 551, "seen_Eval_Examples_Per_Second": 50.05845927325282, "unseen_Eval_Ent_Precision": 59.35762815397452, "unseen_Eval_Ent_Recall": 63.43234321659097, "unseen_Eval_Ent_F1": 61.32737713933965, "unseen_Eval_Time": 11.216116189956665, "unseen_Eval_Examples": 551, "unseen_Eval_Examples_Per_Second": 49.12573930835223}}