{"test_metrics": {"unseen_ner_prec_micro": 25.853432282003716, "unseen_ner_rec_micro": 74.1617881852049, "unseen_ner_f1_micro": 38.34089971110194, "unseen_ner_prec_macro": 36.16948200500046, "unseen_ner_rec_macro": 70.88099974560448, "unseen_ner_f1_macro": 45.791647774455456, "unseen_loc_prec_micro": 27.418748825850088, "unseen_loc_rec_micro": 77.67429483767961, "unseen_loc_f1_micro": 40.530408219938906, "unseen_loc_prec_macro": 27.418748825850088, "unseen_loc_rec_macro": 77.67429483767961, "unseen_loc_f1_macro": 40.530408219938906, "unseen_cls_prec_micro": 94.2509299966182, "unseen_cls_rec_micro": 74.1617881852049, "unseen_cls_f1_micro": 83.00819061801936, "unseen_cls_prec_macro": 93.03802999007964, "unseen_cls_rec_macro": 70.88099974560448, "unseen_cls_f1_macro": 80.26448564534044, "unseen_epoch": 0.0, "unseen_iteration": 0.0, "unseen_global_iteration": 0.0, "seen_ner_prec_micro": 58.59541701456536, "seen_ner_rec_micro": 89.23424696241877, "seen_ner_f1_micro": 70.73976591812735, "seen_ner_prec_macro": 41.09354758335464, "seen_ner_rec_macro": 88.6739994358348, "seen_ner_f1_macro": 53.654701817825135, "seen_loc_prec_micro": 59.55087851169783, "seen_loc_rec_micro": 89.54506922859565, "seen_loc_f1_micro": 71.53095197787935, "seen_loc_prec_macro": 59.55087851169783, "seen_loc_rec_macro": 89.54506922859565, "seen_loc_f1_macro": 71.53095197787935, "seen_cls_prec_micro": 99.10560175741408, "seen_cls_rec_micro": 89.23424696241877, "seen_cls_f1_micro": 93.91123336554902, "seen_cls_prec_macro": 95.19983670973934, "seen_cls_rec_macro": 88.6739994358348, "seen_cls_f1_macro": 91.78979426903877, "seen_epoch": 0.0, "seen_iteration": 0.0, "seen_global_iteration": 0.0, "ner_prec_micro": 84.47187674030073, "ner_rec_micro": 83.98855666297527, "ner_f1_micro": 84.22952336881073, "ner_prec_macro": 77.25074849583774, "ner_rec_macro": 77.65980250992511, "ner_f1_macro": 77.44153911246397, "loc_prec_micro": 87.03459947348627, "loc_rec_micro": 85.4282022886674, "loc_f1_micro": 86.22391952309985, "loc_prec_macro": 87.03459947348627, "loc_rec_macro": 85.4282022886674, "loc_f1_macro": 86.22391952309985, "cls_prec_micro": 97.51419693560484, "cls_rec_micro": 83.98855666297527, "cls_f1_micro": 90.247409390649, "cls_prec_macro": 94.63516376238296, "cls_rec_macro": 77.65980250992511, "cls_f1_macro": 85.22178887294821, "epoch": 0.0, "iteration": 0.0, "global_iteration": 0.0}}