{"test_metrics": {"f1": 0.0, "pr": 0.0, "rec": 0.0, "ner_f1": 0.6965008974075317, "ner_pr": 0.7542163133621216, "ner_rec": 0.6469907164573669, "macro_f1": 0.0, "macro_pr": 0.0, "macro_rec": 0.0, "macro_ner_f1": 0.5437578558921814, "macro_ner_pr": 0.6499857902526855, "macro_ner_rec": 0.5105642080307007, "samples_per_s": 261.2471179355144, "samples_total_num": 2050, "samples_total_s": 7.8469765186309814, "per_pr": 0.8560933470726013, "per_rec": 0.7146464586257935, "per_f1": 0.7790011763572693, "org_pr": 0.5660660862922668, "org_rec": 0.4654321074485779, "org_f1": 0.5108401775360107, "wea_pr": 0.6666666865348816, "wea_rec": 0.24761904776096344, "wea_f1": 0.3611111342906952, "gpe_pr": 0.769729733467102, "gpe_rec": 0.7272727489471436, "gpe_f1": 0.7478992342948914, "veh_pr": 0.442176878452301, "veh_rec": 0.6074766516685486, "veh_f1": 0.5118110179901123, "fac_pr": 0.5174603462219238, "fac_rec": 0.5842294096946716, "fac_f1": 0.5488215684890747, "loc_pr": 0.7317073345184326, "loc_rec": 0.22727273404598236, "loc_f1": 0.34682080149650574}, "test_metrics_bounds": {"f1": 0.0, "pr": 0.0, "rec": 0.0, "ner_f1": 0.855415403842926, "ner_pr": 0.928911030292511, "ner_rec": 0.7926970720291138, "macro_f1": 0.0, "macro_pr": 0.0, "macro_rec": 0.0, "macro_ner_f1": 0.855415403842926, "macro_ner_pr": 0.928911030292511, "macro_ner_rec": 0.7926970720291138, "samples_per_s": 261.2471179355144, "samples_total_num": 2050, "samples_total_s": 7.8469765186309814}, "metrics": {"f1": [0.0, 0.0, 0.0, 0.0, 0.0, 0.0, 0.0, 0.0, 0.0, 0.0, 0.0, 0.0, 0.0, 0.0, 0.0, 0.0, 0.0, 0.0, 0.0, 0.0, 0.0, 0.0, 0.0, 0.0, 0.0], "pr": [0.0, 0.0, 0.0, 0.0, 0.0, 0.0, 0.0, 0.0, 0.0, 0.0, 0.0, 0.0, 0.0, 0.0, 0.0, 0.0, 0.0, 0.0, 0.0, 0.0, 0.0, 0.0, 0.0, 0.0, 0.0], "rec": [0.0, 0.0, 0.0, 0.0, 0.0, 0.0, 0.0, 0.0, 0.0, 0.0, 0.0, 0.0, 0.0, 0.0, 0.0, 0.0, 0.0, 0.0, 0.0, 0.0, 0.0, 0.0, 0.0, 0.0, 0.0], "ner_f1": [0.30953243374824524, 0.5019157528877258, 0.5602285265922546, 0.6661648750305176, 0.574889063835144, 0.6484783291816711, 0.5838956236839294, 0.5639805793762207, 0.6508582234382629, 0.6313461661338806, 0.6267246603965759, 0.688601016998291, 0.6653842329978943, 0.6721311807632446, 0.6446865200996399, 0.6604344248771667, 0.7051383852958679, 0.6606580018997192, 0.6719971895217896, 0.6915121674537659, 0.6771482825279236, 0.6726490259170532, 0.697043240070343, 0.6757156252861023, 0.6888019442558289], "ner_pr": [0.602256715297699, 0.6605626344680786, 0.6213111281394958, 0.6857782602310181, 0.6663094758987427, 0.7265940308570862, 0.6535750031471252, 0.6796606183052063, 0.7138975262641907, 0.7284711599349976, 0.7481949329376221, 0.7342541217803955, 0.761904776096344, 0.7639751434326172, 0.7545236349105835, 0.7567737698554993, 0.7667621970176697, 0.7411527037620544, 0.7508532404899597, 0.7654954791069031, 0.7620500326156616, 0.7698595523834229, 0.7791842222213745, 0.7818375825881958, 0.7817468643188477], "ner_rec": [0.20829267799854279, 0.4047154486179352, 0.5100812911987305, 0.6476422548294067, 0.505528450012207, 0.5855284333229065, 0.5276422500610352, 0.48195120692253113, 0.5980488061904907, 0.557073175907135, 0.5391870141029358, 0.6482926607131958, 0.5905690789222717, 0.6000000238418579, 0.5627642273902893, 0.585853636264801, 0.652682900428772, 0.5959349870681763, 0.6081300973892212, 0.6305691003799438, 0.609268307685852, 0.5972357988357544, 0.6305691003799438, 0.5949593782424927, 0.6156097650527954], "macro_f1": [0.0, 0.0, 0.0, 0.0, 0.0, 0.0, 0.0, 0.0, 0.0, 0.0, 0.0, 0.0, 0.0, 0.0, 0.0, 0.0, 0.0, 0.0, 0.0, 0.0, 0.0, 0.0, 0.0, 0.0, 0.0], "macro_pr": [0.0, 0.0, 0.0, 0.0, 0.0, 0.0, 0.0, 0.0, 0.0, 0.0, 0.0, 0.0, 0.0, 0.0, 0.0, 0.0, 0.0, 0.0, 0.0, 0.0, 0.0, 0.0, 0.0, 0.0, 0.0], "macro_rec": [0.0, 0.0, 0.0, 0.0, 0.0, 0.0, 0.0, 0.0, 0.0, 0.0, 0.0, 0.0, 0.0, 0.0, 0.0, 0.0, 0.0, 0.0, 0.0, 0.0, 0.0, 0.0, 0.0, 0.0, 0.0], "macro_ner_f1": [0.11477278172969818, 0.22734056413173676, 0.3470022678375244, 0.38889142870903015, 0.46323442459106445, 0.47958213090896606, 0.5032702088356018, 0.4190419614315033, 0.537920355796814, 0.5279011130332947, 0.48908448219299316, 0.5452327728271484, 0.5187565684318542, 0.5173309445381165, 0.45448511838912964, 0.5440619587898254, 0.5638808608055115, 0.5401125550270081, 0.551777720451355, 0.5921013951301575, 0.5714862942695618, 0.57415372133255, 0.5943094491958618, 0.572895348072052, 0.5811978578567505], "macro_ner_pr": [0.3094877600669861, 0.396637499332428, 0.45870527625083923, 0.3861517906188965, 0.5519508123397827, 0.6277500987052917, 0.6800716519355774, 0.7354182004928589, 0.6104283332824707, 0.6976860761642456, 0.6255643963813782, 0.649398148059845, 0.6317469477653503, 0.6780316233634949, 0.6955756545066833, 0.6679678559303284, 0.6606760621070862, 0.689844012260437, 0.6903036236763, 0.7016011476516724, 0.7031309008598328, 0.7122906446456909, 0.7150850296020508, 0.7092748880386353, 0.7037914991378784], "macro_ner_rec": [0.07453097403049469, 0.20348003506660461, 0.36279812455177307, 0.41808852553367615, 0.43958351016044617, 0.4245820641517639, 0.4520655572414398, 0.3501560091972351, 0.5226115584373474, 0.4568658471107483, 0.4496994614601135, 0.5175649523735046, 0.45637843012809753, 0.457241952419281, 0.40062347054481506, 0.47510501742362976, 0.5245052576065063, 0.48497459292411804, 0.4930720627307892, 0.5332348942756653, 0.5103207230567932, 0.5036704540252686, 0.525449812412262, 0.4979400038719177, 0.5107377767562866], "samples_per_s": [261.46463762054617, 257.36126785586515, 254.7053793887753, 252.6232797186867, 260.3975141416576, 259.8899713253997, 252.75306811425938, 260.6803993949775, 258.0056939502865, 264.5602164312018, 253.52402597389622, 243.5806155993679, 257.9821325625855, 265.82107714697025, 258.3332049330057, 266.8584276714794, 249.90186771456132, 253.10375739380783, 254.8441563179332, 260.88788413061206, 244.0405348725913, 251.09207716937027, 259.42595036568827, 265.4288673203679, 246.5034036053866], "samples_total_num": [2420, 2420, 2420, 2420, 2420, 2420, 2420, 2420, 2420, 2420, 2420, 2420, 2420, 2420, 2420, 2420, 2420, 2420, 2420, 2420, 2420, 2420, 2420, 2420, 2420], "samples_total_s": [9.255553722381592, 9.403124332427979, 9.501173496246338, 9.579481363296509, 9.29348349571228, 9.311632871627808, 9.574562311172485, 9.283398389816284, 9.379637956619263, 9.147255897521973, 9.545446395874023, 9.93510913848877, 9.380494594573975, 9.103868007659912, 9.367746591567993, 9.06847882270813, 9.683801174163818, 9.561296224594116, 9.495999574661255, 9.276015281677246, 9.916385412216187, 9.637898683547974, 9.328288078308105, 9.11732029914856, 9.8173086643219], "per_pr": [0.7636363506317139, 0.8684807419776917, 0.9215885996818542, 0.8063788414001465, 0.8951738476753235, 0.8852459192276001, 0.861376166343689, 0.9089868068695068, 0.8728421330451965, 0.8807384967803955, 0.8872028589248657, 0.8495575189590454, 0.8684321045875549, 0.8460000157356262, 0.8251121044158936, 0.871163010597229, 0.8599926233291626, 0.9128156304359436, 0.895666778087616, 0.8573108315467834, 0.8828025460243225, 0.8644425868988037, 0.8460336327552795, 0.8714912533760071, 0.8684647083282471], "per_rec": [0.3179891109466553, 0.5799515247344971, 0.5481526255607605, 0.7580254673957825, 0.5224106311798096, 0.6705027222633362, 0.5193821787834167, 0.4809206426143646, 0.6278013586997986, 0.5345245599746704, 0.531193196773529, 0.7268322110176086, 0.6256814002990723, 0.6405208706855774, 0.6129618287086487, 0.6102362275123596, 0.7050272822380066, 0.5802543759346008, 0.6447607278823853, 0.6623258590698242, 0.6296184062957764, 0.6199272871017456, 0.655663251876831, 0.6017565131187439, 0.6338582634925842],