{"test_metrics": {"unseen__f1": 0.0, "unseen__pr": 0.0, "unseen__rec": 0.0, "unseen__ner_f1": 0.6965008974075317, "unseen__ner_pr": 0.7542163133621216, "unseen__ner_rec": 0.6469907164573669, "unseen__macro_f1": 0.0, "unseen__macro_pr": 0.0, "unseen__macro_rec": 0.0, "unseen__macro_ner_f1": 0.5437578558921814, "unseen__macro_ner_pr": 0.6499857902526855, "unseen__macro_ner_rec": 0.5105642080307007, "unseen__samples_per_s": 106.00709047106174, "unseen__samples_total_num": 2050, "unseen__samples_total_s": 19.338329076766968, "unseen__per_pr": 0.8560933470726013, "unseen__per_rec": 0.7146464586257935, "unseen__per_f1": 0.7790011763572693, "unseen__org_pr": 0.5660660862922668, "unseen__org_rec": 0.4654321074485779, "unseen__org_f1": 0.5108401775360107, "unseen__wea_pr": 0.6666666865348816, "unseen__wea_rec": 0.24761904776096344, "unseen__wea_f1": 0.3611111342906952, "unseen__gpe_pr": 0.769729733467102, "unseen__gpe_rec": 0.7272727489471436, "unseen__gpe_f1": 0.7478992342948914, "unseen__veh_pr": 0.442176878452301, "unseen__veh_rec": 0.6074766516685486, "unseen__veh_f1": 0.5118110179901123, "unseen__fac_pr": 0.5174603462219238, "unseen__fac_rec": 0.5842294096946716, "unseen__fac_f1": 0.5488215684890747, "unseen__loc_pr": 0.7317073345184326, "unseen__loc_rec": 0.22727273404598236, "unseen__loc_f1": 0.34682080149650574, "seen__f1": 0.0, "seen__pr": 0.0, "seen__rec": 0.0, "seen__ner_f1": 0.0, "seen__ner_pr": 0.0, "seen__ner_rec": 0.0, "seen__macro_f1": 0.0, "seen__macro_pr": 0.0, "seen__macro_rec": 0.0, "seen__macro_ner_f1": 0.0, "seen__macro_ner_pr": 0.0, "seen__macro_ner_rec": 0.0, "seen__samples_per_s": 108.89680424716528, "seen__samples_total_num": 2050, "seen__samples_total_s": 18.825162172317505, "seen__per_pr": 0.0, "seen__per_rec": 0.0, "seen__per_f1": 0.0, "seen__org_pr": 0.0, "seen__org_rec": 0.0, "seen__org_f1": 0.0, "seen__wea_pr": 0.0, "seen__wea_rec": 0.0, "seen__wea_f1": 0.0, "seen__gpe_pr": 0.0, "seen__gpe_rec": 0.0, "seen__gpe_f1": 0.0, "seen__veh_pr": 0.0, "seen__veh_rec": 0.0, "seen__veh_f1": 0.0, "seen__fac_pr": 0.0, "seen__fac_rec": 0.0, "seen__fac_f1": 0.0, "seen__loc_pr": 0.0, "seen__loc_rec": 0.0, "seen__loc_f1": 0.0}, "test_metrics_bounds": {"unseen__f1": 0.0, "unseen__pr": 0.0, "unseen__rec": 0.0, "unseen__ner_f1": 0.855415403842926, "unseen__ner_pr": 0.928911030292511, "unseen__ner_rec": 0.7926970720291138, "unseen__macro_f1": 0.0, "unseen__macro_pr": 0.0, "unseen__macro_rec": 0.0, "unseen__macro_ner_f1": 0.855415403842926, "unseen__macro_ner_pr": 0.928911030292511, "unseen__macro_ner_rec": 0.7926970720291138, "unseen__samples_per_s": 106.00709047106174, "unseen__samples_total_num": 2050, "unseen__samples_total_s": 19.338329076766968, "seen__f1": 0.0, "seen__pr": 0.0, "seen__rec": 0.0, "seen__ner_f1": 0.0, "seen__ner_pr": 0.0, "seen__ner_rec": 0.0, "seen__macro_f1": 0.0, "seen__macro_pr": 0.0, "seen__macro_rec": 0.0, "seen__macro_ner_f1": 0.0, "seen__macro_ner_pr": 0.0, "seen__macro_ner_rec": 0.0, "seen__samples_per_s": 108.89680424716528, "seen__samples_total_num": 2050, "seen__samples_total_s": 18.825162172317505}}