{"test_metrics": {"f1": 0.0, "pr": 0.0, "rec": 0.0, "ner_f1": 0.8699690699577332, "ner_pr": 0.8726708292961121, "ner_rec": 0.8672839403152466, "macro_f1": 0.0, "macro_pr": 0.0, "macro_rec": 0.0, "macro_ner_f1": 0.7977801561355591, "macro_ner_pr": 0.8088520765304565, "macro_ner_rec": 0.7900070548057556, "samples_per_s": 181.6217063873349, "samples_total_num": 2050, "samples_total_s": 11.28719711303711, "per_pr": 0.9241153001785278, "per_rec": 0.913780689239502, "per_f1": 0.9189189672470093, "org_pr": 0.8162729740142822, "org_rec": 0.7679012417793274, "org_f1": 0.7913486361503601, "wea_pr": 0.8636363744735718, "wea_rec": 0.723809540271759, "wea_f1": 0.787564754486084, "gpe_pr": 0.8417061567306519, "gpe_rec": 0.9070479869842529, "gpe_f1": 0.8731563091278076, "veh_pr": 0.7394958138465881, "veh_rec": 0.822429895401001, "veh_f1": 0.778761088848114, "fac_pr": 0.7624521255493164, "fac_rec": 0.7132616639137268, "fac_f1": 0.7370371222496033, "loc_pr": 0.7142857313156128, "loc_rec": 0.6818181872367859, "loc_f1": 0.6976744532585144}, "test_metrics_bounds": {"f1": 0.0, "pr": 0.0, "rec": 0.0, "ner_f1": 0.9410623908042908, "ner_pr": 0.9443579912185669, "ner_rec": 0.937789797782898, "macro_f1": 0.0, "macro_pr": 0.0, "macro_rec": 0.0, "macro_ner_f1": 0.9410623908042908, "macro_ner_pr": 0.9443579912185669, "macro_ner_rec": 0.937789797782898, "samples_per_s": 181.6217063873349, "samples_total_num": 2050, "samples_total_s": 11.28719711303711}, "metrics": {"f1": [0.0, 0.0, 0.0, 0.0, 0.0, 0.0, 0.0, 0.0, 0.0, 0.0, 0.0, 0.0, 0.0, 0.0, 0.0, 0.0, 0.0, 0.0, 0.0, 0.0, 0.0, 0.0, 0.0, 0.0, 0.0], "pr": [0.0, 0.0, 0.0, 0.0, 0.0, 0.0, 0.0, 0.0, 0.0, 0.0, 0.0, 0.0, 0.0, 0.0, 0.0, 0.0, 0.0, 0.0, 0.0, 0.0, 0.0, 0.0, 0.0, 0.0, 0.0], "rec": [0.0, 0.0, 0.0, 0.0, 0.0, 0.0, 0.0, 0.0, 0.0, 0.0, 0.0, 0.0, 0.0, 0.0, 0.0, 0.0, 0.0, 0.0, 0.0, 0.0, 0.0, 0.0, 0.0, 0.0, 0.0], "ner_f1": [0.792241096496582, 0.7939505577087402, 0.8072572946548462, 0.8404972553253174, 0.838971734046936, 0.8501965403556824, 0.8457711338996887, 0.8444147706031799, 0.8436529636383057, 0.8486974239349365, 0.8505443334579468, 0.8511938452720642, 0.8585824966430664, 0.8596592545509338, 0.8509270548820496, 0.8571428656578064, 0.8605073094367981, 0.8586645126342773, 0.8594757914543152, 0.8592045903205872, 0.8588574528694153, 0.8607491850852966, 0.8630182147026062, 0.8611613512039185, 0.8614226579666138], "ner_pr": [0.7812203764915466, 0.8166036605834961, 0.8078488707542419, 0.8400194644927979, 0.8560067415237427, 0.8560830950737, 0.8484699726104736, 0.8670549988746643, 0.8476690649986267, 0.8722965717315674, 0.8630732893943787, 0.8417872190475464, 0.872565507888794, 0.8704783916473389, 0.8626566529273987, 0.8557536602020264, 0.8717050552368164, 0.865400493144989, 0.8632113933563232, 0.8666666746139526, 0.8684954047203064, 0.8621533513069153, 0.8697159886360168, 0.8713381886482239, 0.8673149943351746], "ner_rec": [0.8035772442817688, 0.7725203037261963, 0.8066666722297668, 0.8409755825996399, 0.8226016163825989, 0.8443902730941772, 0.8430894017219543, 0.8229268193244934, 0.8396747708320618, 0.826341450214386, 0.8383739590644836, 0.8608130216598511, 0.8450406789779663, 0.849105715751648, 0.8395121693611145, 0.8585366010665894, 0.8495935201644897, 0.8520325422286987, 0.8557723760604858, 0.8518699407577515, 0.8494309186935425, 0.8593496084213257, 0.8564227819442749, 0.8512195348739624, 0.8556097745895386], "macro_f1": [0.0, 0.0, 0.0, 0.0, 0.0, 0.0, 0.0, 0.0, 0.0, 0.0, 0.0, 0.0, 0.0, 0.0, 0.0, 0.0, 0.0, 0.0, 0.0, 0.0, 0.0, 0.0, 0.0, 0.0, 0.0], "macro_pr": [0.0, 0.0, 0.0, 0.0, 0.0, 0.0, 0.0, 0.0, 0.0, 0.0, 0.0, 0.0, 0.0, 0.0, 0.0, 0.0, 0.0, 0.0, 0.0, 0.0, 0.0, 0.0, 0.0, 0.0, 0.0], "macro_rec": [0.0, 0.0, 0.0, 0.0, 0.0, 0.0, 0.0, 0.0, 0.0, 0.0, 0.0, 0.0, 0.0, 0.0, 0.0, 0.0, 0.0, 0.0, 0.0, 0.0, 0.0, 0.0, 0.0, 0.0, 0.0], "macro_ner_f1": [0.648659348487854, 0.6662616729736328, 0.7044987082481384, 0.727256178855896, 0.7265395522117615, 0.7530843615531921, 0.7614031434059143, 0.745907723903656, 0.7600898146629333, 0.7587791681289673, 0.7555158734321594, 0.7606233358383179, 0.7622676491737366, 0.7774666547775269, 0.764311671257019, 0.7758669257164001, 0.767508327960968, 0.7698618173599243, 0.7736479043960571, 0.770984947681427, 0.7784828543663025, 0.7806413769721985, 0.7862610220909119, 0.7833175659179688, 0.7822890877723694], "macro_ner_pr": [0.6738247275352478, 0.7553796172142029, 0.7298988699913025, 0.7500427961349487, 0.7951534986495972, 0.757198691368103, 0.8144224286079407, 0.7807616591453552, 0.7840905785560608, 0.7912408113479614, 0.7840436697006226, 0.7447273135185242, 0.8008289337158203, 0.8187990188598633, 0.8123534321784973, 0.7848551869392395, 0.799796462059021, 0.7818999290466309, 0.7939503788948059, 0.7947317361831665, 0.8081012964248657, 0.7893574833869934, 0.7970111966133118, 0.8019400238990784, 0.7931660413742065], "macro_ner_rec": [0.6355717778205872, 0.6277863383293152, 0.6973271369934082, 0.7289096713066101, 0.6983904838562012, 0.7496700286865234, 0.7287783026695251, 0.7329264879226685, 0.7461872696876526, 0.7341930270195007, 0.7422057390213013, 0.782160222530365, 0.7417507171630859, 0.7491108179092407, 0.7404424548149109, 0.7708894610404968, 0.742468535900116, 0.7616850733757019, 0.7606226205825806, 0.7574438452720642, 0.758087694644928, 0.7740556001663208, 0.7801493406295776, 0.7686100602149963, 0.7733982801437378], "samples_per_s": [177.28724559078523, 178.06362223638632, 179.88763057260542, 180.2578847696388, 184.50154984370687, 190.33729433390667, 186.1885119543325, 182.28712647422702, 182.77364364985556, 181.57579504045287, 186.02446545447881, 182.31087359592402, 182.53400806060245, 184.18797574947354, 187.16293625670096, 184.57097415981258, 181.52550109943994, 185.1899210000233, 181.10358719508156, 187.6175644903652, 181.4496582910748, 188.7619278963726, 179.2789560668679, 177.12523304561012, 177.1318663752575], "samples_total_num": [2420, 2420, 2420, 2420, 2420, 2420, 2420, 2420, 2420, 2420, 2420, 2420, 2420, 2420, 2420, 2420, 2420, 2420, 2420, 2420, 2420, 2420, 2420, 2420, 2420], "samples_total_s": [13.650164127349854, 13.59064793586731, 13.452842712402344, 13.425210237503052, 13.116420984268188, 12.714271306991577, 12.997579574584961, 13.275759220123291, 13.240421056747437, 13.327767610549927, 13.009041547775269, 13.274029970169067, 13.257803440093994, 13.13875126838684, 12.92991042137146, 13.11148738861084, 13.331460237503052, 13.067665815353394, 13.362518310546875, 12.898579120635986, 13.337032556533813, 12.820381879806519, 13.49851679801941, 13.662649631500244, 13.662137985229492], "per_pr": [0.8646080493927002, 0.9420742392539978, 0.875, 0.9126786589622498, 0.9254580140113831, 0.9114471077919006, 0.9173682332038879, 0.918816864490509, 0.9314541816711426, 0.91664057970047, 0.9175515174865723, 0.8938547372817993, 0.9232449531555176, 0.9248049855232239, 0.9320888519287109, 0.8977474570274353, 0.9052600264549255, 0.9138770699501038, 0.9180929064750671, 0.9292675256729126, 0.9192106127738953, 0.919681191444397, 0.9326196312904358, 0.9278318285942078, 0.9192012548446655], "per_rec": [0.8818897604942322, 0.8225318193435669, 0.8776499032974243, 0.8894609212875366, 0.8873410224914551, 0.8946093320846558, 0.8909751772880554, 0.8843125104904175, 0.8806783556938171, 0.8858267664909363, 0.8897637724876404, 0.9206541776657104, 0.8961235880851746, 0.8976377844810486, 0.8770442008972168, 0.9173228144645691, 0.9173228144645691, 0.9094488024711609, 0.9097516536712646, 0.8952150344848633, 0.9027861952781677, 0.9085402488708496, 0.8970320820808411, 0.895517885684967, 0.9061174988746643],