{"test_metrics": {"f1": 0.0, "pr": 0.0, "rec": 0.0, "ner_f1": 0.6285713911056519, "ner_pr": 0.613545835018158, "ner_rec": 0.6443514823913574, "macro_f1": 0.0, "macro_pr": 0.0, "macro_rec": 0.0, "macro_ner_f1": 0.6275466084480286, "macro_ner_pr": 0.625095784664154, "macro_ner_rec": 0.6376375555992126, "samples_per_s": 141.76140266675048, "samples_total_num": 529, "samples_total_s": 3.7316222190856934, "task_pr": 0.5921986103057861, "task_rec": 0.6374045610427856, "task_f1": 0.6139706373214722, "method_pr": 0.7411167621612549, "method_rec": 0.6870588064193726, "method_f1": 0.7130647301673889, "material_pr": 0.5852272510528564, "material_rec": 0.6518987417221069, "material_f1": 0.6167664527893066, "otherscientificterm_pr": 0.5387387275695801, "otherscientificterm_rec": 0.5783365368843079, "otherscientificterm_f1": 0.5578358173370361, "metric_pr": 0.6851851940155029, "metric_rec": 0.5211267471313477, "metric_f1": 0.5920000076293945, "generic_pr": 0.6081081032752991, "generic_rec": 0.75, "generic_f1": 0.6716418266296387}, "test_metrics_bounds": {"f1": 0.0, "pr": 0.0, "rec": 0.0, "ner_f1": 0.7775831818580627, "ner_pr": 0.7598402500152588, "ner_rec": 0.7961745262145996, "macro_f1": 0.0, "macro_pr": 0.0, "macro_rec": 0.0, "macro_ner_f1": 0.7775831818580627, "macro_ner_pr": 0.7598402500152588, "macro_ner_rec": 0.7961745262145996, "samples_per_s": 141.76140266675048, "samples_total_num": 529, "samples_total_s": 3.7316222190856934}, "metrics": {"f1": [0.0, 0.0, 0.0, 0.0, 0.0, 0.0, 0.0, 0.0, 0.0, 0.0, 0.0, 0.0, 0.0, 0.0, 0.0, 0.0, 0.0, 0.0, 0.0, 0.0, 0.0, 0.0, 0.0, 0.0, 0.0], "pr": [0.0, 0.0, 0.0, 0.0, 0.0, 0.0, 0.0, 0.0, 0.0, 0.0, 0.0, 0.0, 0.0, 0.0, 0.0, 0.0, 0.0, 0.0, 0.0, 0.0, 0.0, 0.0, 0.0, 0.0, 0.0], "rec": [0.0, 0.0, 0.0, 0.0, 0.0, 0.0, 0.0, 0.0, 0.0, 0.0, 0.0, 0.0, 0.0, 0.0, 0.0, 0.0, 0.0, 0.0, 0.0, 0.0, 0.0, 0.0, 0.0, 0.0, 0.0], "ner_f1": [0.3293333649635315, 0.5157232880592346, 0.5799492001533508, 0.6021634936332703, 0.5991510152816772, 0.6218787431716919, 0.6225635409355164, 0.628366231918335, 0.629199743270874, 0.6229116916656494, 0.6289156675338745, 0.6307409405708313, 0.640350878238678, 0.6376284956932068, 0.630797803401947, 0.6405388712882996, 0.6386657953262329, 0.644108772277832, 0.650764524936676, 0.6376811265945435, 0.6495097875595093, 0.643118143081665, 0.6427289247512817, 0.6417369842529297, 0.6434155106544495], "ner_pr": [0.35185185074806213, 0.5176767706871033, 0.5874035954475403, 0.5785219669342041, 0.5804935097694397, 0.5916289687156677, 0.5888268351554871, 0.6013745665550232, 0.6138259768486023, 0.5945330262184143, 0.6055684685707092, 0.6167664527893066, 0.640350878238678, 0.6163742542266846, 0.622710645198822, 0.6263473033905029, 0.6297198534011841, 0.6219369769096375, 0.6356033682823181, 0.6153846383094788, 0.6354916095733643, 0.6255924105644226, 0.6151202917098999, 0.6186046600341797, 0.6184971332550049], "ner_rec": [0.3095238208770752, 0.5137844681739807, 0.572681725025177, 0.6278195381164551, 0.6190476417541504, 0.6553884744644165, 0.6604009866714478, 0.6578947305679321, 0.6453633904457092, 0.6541353464126587, 0.6541353464126587, 0.6453633904457092, 0.640350878238678, 0.6604009866714478, 0.6390977501869202, 0.6553884744644165, 0.6478696465492249, 0.6679198145866394, 0.6666666865348816, 0.6616541147232056, 0.664160430431366, 0.6616541147232056, 0.6729323267936707, 0.6666666865348816, 0.670426070690155], "macro_f1": [0.0, 0.0, 0.0, 0.0, 0.0, 0.0, 0.0, 0.0, 0.0, 0.0, 0.0, 0.0, 0.0, 0.0, 0.0, 0.0, 0.0, 0.0, 0.0, 0.0, 0.0, 0.0, 0.0, 0.0, 0.0], "macro_pr": [0.0, 0.0, 0.0, 0.0, 0.0, 0.0, 0.0, 0.0, 0.0, 0.0, 0.0, 0.0, 0.0, 0.0, 0.0, 0.0, 0.0, 0.0, 0.0, 0.0, 0.0, 0.0, 0.0, 0.0, 0.0], "macro_rec": [0.0, 0.0, 0.0, 0.0, 0.0, 0.0, 0.0, 0.0, 0.0, 0.0, 0.0, 0.0, 0.0, 0.0, 0.0, 0.0, 0.0, 0.0, 0.0, 0.0, 0.0, 0.0, 0.0, 0.0, 0.0], "macro_ner_f1": [0.2190057784318924, 0.4294799566268921, 0.5289353132247925, 0.5667891502380371, 0.5757520794868469, 0.5900829434394836, 0.5898066759109497, 0.6001499891281128, 0.601865291595459, 0.5953666567802429, 0.5890653133392334, 0.6016708016395569, 0.6033661961555481, 0.6048048734664917, 0.6079817414283752, 0.6024414896965027, 0.6056331396102905, 0.611487090587616, 0.6100676655769348, 0.6077940464019775, 0.6136966943740845, 0.6115639805793762, 0.6146165728569031, 0.6086776256561279, 0.6146883368492126], "macro_ner_pr": [0.2243528962135315, 0.4228481352329254, 0.5916934609413147, 0.5601165890693665, 0.5897312164306641, 0.5895905494689941, 0.6067042946815491, 0.6018337607383728, 0.6091406941413879, 0.601751446723938, 0.5955261588096619, 0.6380138397216797, 0.6391417384147644, 0.618827223777771, 0.6047234535217285, 0.6185886263847351, 0.6246850490570068, 0.6263574957847595, 0.6128403544425964, 0.6146828532218933, 0.6309435367584229, 0.6190445423126221, 0.6137414574623108, 0.609854519367218, 0.6131446957588196], "macro_ner_rec": [0.22799398005008698, 0.46791815757751465, 0.531566321849823, 0.5865182280540466, 0.5808852910995483, 0.602026641368866, 0.5980019569396973, 0.6094363331794739, 0.6019344925880432, 0.6024811863899231, 0.6000389456748962, 0.587696373462677, 0.5917997360229492, 0.6074842214584351, 0.6143777966499329, 0.5972616672515869, 0.6014699339866638, 0.6178092360496521, 0.6155529618263245, 0.6154839992523193, 0.6137291789054871, 0.6156756281852722, 0.6281015872955322, 0.6184093356132507, 0.6264989972114563], "samples_per_s": [110.91544993203306, 129.73559858876783, 142.88790210678997, 120.93256062047689, 123.4207305859072, 101.56144290167292, 130.99183048067218, 121.56566711074612, 114.5347392345264, 120.56179377781551, 136.55973159875657, 132.24925681581124, 143.82656388709265, 129.84847465534196, 123.27609111848858, 124.1362171135834, 149.65717235086385, 140.9170184469497, 138.5676786780277, 161.0652541419116, 161.95936368680503, 148.43189510941437, 152.86682175030506, 162.34424268589058, 100.09876055022974], "samples_total_num": [260, 260, 260, 260, 260, 260, 260, 260, 260, 260, 260, 260, 260, 260, 260, 260, 260, 260, 260, 260, 260, 260, 260, 260, 260], "samples_total_s": [2.344127893447876, 2.0040760040283203, 1.819608211517334, 2.149958610534668, 2.1066153049468994, 2.5600266456604004, 1.9848566055297852, 2.1387617588043213, 2.2700536251068115, 2.1565704345703125, 1.9039287567138672, 1.965984582901001, 1.8077328205108643, 2.002333879470825, 2.1090869903564453, 2.094473361968994, 1.7373039722442627, 1.845057487487793, 1.8763394355773926, 1.6142525672912598, 1.6053409576416016, 1.7516450881958008, 1.70082688331604, 1.6015350818634033, 2.5974347591400146], "task_pr": [0.0, 0.42405062913894653, 0.5258620977401733, 0.4968944191932678, 0.40566039085388184, 0.6083333492279053, 0.5882353186607361, 0.5839999914169312, 0.525547444820404, 0.6396396160125732, 0.6534653306007385, 0.5948275923728943, 0.5948275923728943, 0.5530303120613098, 0.5752212405204773, 0.6285714507102966, 0.548872172832489, 0.5748031735420227, 0.5680000185966492, 0.5419847369194031, 0.5833333134651184, 0.5496183037757874, 0.51408451795578, 0.5454545617103577, 0.548872172832489], "task_rec": [0.0, 0.5317460298538208, 0.4841269850730896, 0.6349206566810608, 0.682539701461792, 0.579365074634552, 0.5555555820465088, 0.579365074634552, 0.5714285969734192, 0.5634920597076416, 0.523809552192688, 0.5476190447807312, 0.5476190447807312, 0.579365074634552, 0.5158730149269104, 0.523809552192688, 0.579365074634552, 0.579365074634552, 0.5634920597076416, 0.5634920597076416, 0.5555555820465088, 0.5714285969734192, 0.579365074634552, 0.5714285969734192, 0.579365074634552],