{"test_metrics": {"seen__f1": 0.0, "seen__pr": 0.0, "seen__rec": 0.0, "seen__ner_f1": 0.36134451627731323, "seen__ner_pr": 0.24191279709339142, "seen__ner_rec": 0.7136929631233215, "seen__macro_f1": 0.0, "seen__macro_pr": 0.0, "seen__macro_rec": 0.0, "seen__macro_ner_f1": 0.2687576115131378, "seen__macro_ner_pr": 0.21325938403606415, "seen__macro_ner_rec": 0.5524200797080994, "seen__samples_per_s": 205.4795009301779, "seen__samples_total_num": 193, "seen__samples_total_s": 0.9392664432525635, "seen__task_pr": 0.06862745434045792, "seen__task_rec": 0.699999988079071, "seen__task_f1": 0.125, "seen__method_pr": 0.031496062874794006, "seen__method_rec": 0.3333333432674408, "seen__method_f1": 0.05755395442247391, "seen__material_pr": 0.12987013161182404, "seen__material_rec": 0.5555555820465088, "seen__material_f1": 0.21052631735801697, "seen__otherscientificterm_pr": 0.04663212597370148, "seen__otherscientificterm_rec": 0.36000001430511475, "seen__otherscientificterm_f1": 0.08256881684064865, "seen__metric_pr": 0.2666666805744171, "seen__metric_rec": 0.5333333611488342, "seen__metric_f1": 0.35555556416511536, "seen__generic_pr": 0.7362637519836426, "seen__generic_rec": 0.8322981595993042, "seen__generic_f1": 0.7813410758972168, "unseen__f1": 0.0, "unseen__pr": 0.0, "unseen__rec": 0.0, "unseen__ner_f1": 0.5723310708999634, "unseen__ner_pr": 0.5224913358688354, "unseen__ner_rec": 0.6326815485954285, "unseen__macro_f1": 0.0, "unseen__macro_pr": 0.0, "unseen__macro_rec": 0.0, "unseen__macro_ner_f1": 0.542228639125824, "unseen__macro_ner_pr": 0.5136198401451111, "unseen__macro_ner_rec": 0.6143515706062317, "unseen__samples_per_s": 407.8393834151489, "unseen__samples_total_num": 516, "unseen__samples_total_s": 1.2652039527893066, "unseen__task_pr": 0.5714285969734192, "unseen__task_rec": 0.6349206566810608, "unseen__task_f1": 0.6015037894248962, "unseen__method_pr": 0.7309644818305969, "unseen__method_rec": 0.6973365545272827, "unseen__method_f1": 0.7137545943260193, "unseen__material_pr": 0.5314285755157471, "unseen__material_rec": 0.6642857193946838, "unseen__material_f1": 0.5904762148857117, "unseen__otherscientificterm_pr": 0.5282331705093384, "unseen__otherscientificterm_rec": 0.5894308686256409, "unseen__otherscientificterm_f1": 0.5571565628051758, "unseen__metric_pr": 0.557692289352417, "unseen__metric_rec": 0.5178571343421936, "unseen__metric_f1": 0.5370370149612427, "unseen__generic_pr": 0.1619718372821808, "unseen__generic_rec": 0.5822784900665283, "unseen__generic_f1": 0.25344353914260864}, "test_metrics_bounds": {"seen__f1": 0.0, "seen__pr": 0.0, "seen__rec": 0.0, "seen__ner_f1": 0.39957940578460693, "seen__ner_pr": 0.26760563254356384, "seen__ner_rec": 0.7883817553520203, "seen__macro_f1": 0.0, "seen__macro_pr": 0.0, "seen__macro_rec": 0.0, "seen__macro_ner_f1": 0.39957940578460693, "seen__macro_ner_pr": 0.26760563254356384, "seen__macro_ner_rec": 0.7883817553520203, "seen__samples_per_s": 205.4795009301779, "seen__samples_total_num": 193, "seen__samples_total_s": 0.9392664432525635, "unseen__f1": 0.0, "unseen__pr": 0.0, "unseen__rec": 0.0, "unseen__ner_f1": 0.7223276495933533, "unseen__ner_pr": 0.6601155996322632, "unseen__ner_rec": 0.7974860072135925, "unseen__macro_f1": 0.0, "unseen__macro_pr": 0.0, "unseen__macro_rec": 0.0, "unseen__macro_ner_f1": 0.7223276495933533, "unseen__macro_ner_pr": 0.6601155996322632, "unseen__macro_ner_rec": 0.7974860072135925, "unseen__samples_per_s": 407.8393834151489, "unseen__samples_total_num": 516, "unseen__samples_total_s": 1.2652039527893066}}