{"test_metrics": {"unseen__f1": 0.0, "unseen__pr": 0.0, "unseen__rec": 0.0, "unseen__ner_f1": 0.5654259324073792, "unseen__ner_pr": 0.4595397114753723, "unseen__ner_rec": 0.7347180843353271, "unseen__macro_f1": 0.0, "unseen__macro_pr": 0.0, "unseen__macro_rec": 0.0, "unseen__macro_ner_f1": 0.5905938148498535, "unseen__macro_ner_pr": 0.5602096915245056, "unseen__macro_ner_rec": 0.6966810822486877, "unseen__samples_per_s": 519.8448015068896, "unseen__samples_total_num": 2600, "unseen__samples_total_s": 5.001492738723755, "unseen__organization_pr": 0.4892857074737549, "unseen__organization_rec": 0.5995623469352722, "unseen__organization_f1": 0.5388396978378296, "unseen__location_pr": 0.356189489364624, "unseen__location_rec": 0.8370233774185181, "unseen__location_f1": 0.4997245967388153, "unseen__person_pr": 0.8351539373397827, "unseen__person_rec": 0.6534576416015625, "unseen__person_f1": 0.7332171201705933, "seen__f1": 0.0, "seen__pr": 0.0, "seen__rec": 0.0, "seen__ner_f1": 0.7870616912841797, "seen__ner_pr": 0.7046056389808655, "seen__ner_rec": 0.8913742303848267, "seen__macro_f1": 0.0, "seen__macro_pr": 0.0, "seen__macro_rec": 0.0, "seen__macro_ner_f1": 0.65081387758255, "seen__macro_ner_pr": 0.5385558009147644, "seen__macro_ner_rec": 0.8624672889709473, "seen__samples_per_s": 508.14508545337435, "seen__samples_total_num": 4497, "seen__samples_total_s": 8.849834680557251, "seen__organization_pr": 0.4385964870452881, "seen__organization_rec": 0.8305647969245911, "seen__organization_f1": 0.5740528702735901, "seen__location_pr": 0.7781307697296143, "seen__location_rec": 0.8971306681632996, "seen__location_f1": 0.8334041833877563, "seen__person_pr": 0.39894020557403564, "seen__person_rec": 0.8597063422203064, "seen__person_f1": 0.5449845194816589}, "test_metrics_bounds": {"unseen__f1": 0.0, "unseen__pr": 0.0, "unseen__rec": 0.0, "unseen__ner_f1": 0.600365400314331, "unseen__ner_pr": 0.4879361689090729, "unseen__ner_rec": 0.7801187038421631, "unseen__macro_f1": 0.0, "unseen__macro_pr": 0.0, "unseen__macro_rec": 0.0, "unseen__macro_ner_f1": 0.600365400314331, "unseen__macro_ner_pr": 0.4879361689090729, "unseen__macro_ner_rec": 0.7801187038421631, "unseen__samples_per_s": 519.8448015068896, "unseen__samples_total_num": 2600, "unseen__samples_total_s": 5.001492738723755, "seen__f1": 0.0, "seen__pr": 0.0, "seen__rec": 0.0, "seen__ner_f1": 0.7925019264221191, "seen__ner_pr": 0.7094759345054626, "seen__ner_rec": 0.897535502910614, "seen__macro_f1": 0.0, "seen__macro_pr": 0.0, "seen__macro_rec": 0.0, "seen__macro_ner_f1": 0.7925019264221191, "seen__macro_ner_pr": 0.7094759345054626, "seen__macro_ner_rec": 0.897535502910614, "seen__samples_per_s": 508.14508545337435, "seen__samples_total_num": 4497, "seen__samples_total_s": 8.849834680557251}}