{"test_metrics": {"f1": 0.0, "pr": 0.0, "rec": 0.0, "ner_f1": 0.8580557703971863, "ner_pr": 0.8740308284759521, "ner_rec": 0.8426541090011597, "macro_f1": 0.0, "macro_pr": 0.0, "macro_rec": 0.0, "macro_ner_f1": 0.7809647917747498, "macro_ner_pr": 0.8002688884735107, "macro_ner_rec": 0.7654908299446106, "samples_per_s": 249.35559863930436, "samples_total_num": 5000, "samples_total_s": 20.051685333251953, "organization_pr": 0.6525529026985168, "organization_rec": 0.6912928819656372, "organization_f1": 0.6713644862174988, "location_pr": 0.9017189741134644, "location_rec": 0.8851797580718994, "location_f1": 0.8933728337287903, "person_pr": 0.8465346693992615, "person_rec": 0.7200000286102295, "person_f1": 0.7781569957733154}, "test_metrics_bounds": {"f1": 0.0, "pr": 0.0, "rec": 0.0, "ner_f1": 0.8767561316490173, "ner_pr": 0.8930793404579163, "ner_rec": 0.8610188364982605, "macro_f1": 0.0, "macro_pr": 0.0, "macro_rec": 0.0, "macro_ner_f1": 0.8767561316490173, "macro_ner_pr": 0.8930793404579163, "macro_ner_rec": 0.8610188364982605, "samples_per_s": 249.35559863930436, "samples_total_num": 5000, "samples_total_s": 20.051685333251953}, "metrics": {"f1": [0.0, 0.0, 0.0, 0.0, 0.0], "pr": [0.0, 0.0, 0.0, 0.0, 0.0], "rec": [0.0, 0.0, 0.0, 0.0, 0.0], "ner_f1": [0.7858880162239075, 0.8263367414474487, 0.8509941697120667, 0.8472687602043152, 0.8445520997047424], "ner_pr": [0.7314381003379822, 0.8307247757911682, 0.8639688491821289, 0.8683828711509705, 0.82284015417099], "ner_rec": [0.8490965962409973, 0.8219948410987854, 0.8384034037590027, 0.8271570801734924, 0.8674409985542297], "macro_f1": [0.0, 0.0, 0.0, 0.0, 0.0], "macro_pr": [0.0, 0.0, 0.0, 0.0, 0.0], "macro_rec": [0.0, 0.0, 0.0, 0.0, 0.0], "macro_ner_f1": [0.6858181953430176, 0.7442864775657654, 0.7784822583198547, 0.7641707062721252, 0.7574658989906311], "macro_ner_pr": [0.6131258606910706, 0.7616990208625793, 0.7926629185676575, 0.7759795188903809, 0.7175981998443604], "macro_ner_rec": [0.7913305759429932, 0.7314913868904114, 0.7692517638206482, 0.758390486240387, 0.8054442405700684], "samples_per_s": [206.3195373480507, 216.09798460523197, 216.0147073001705, 222.37596662646942, 246.95465859562248], "samples_total_num": [5000, 5000, 5000, 5000, 5000], "samples_total_s": [24.234253644943237, 23.137652158737183, 23.14657211303711, 22.48444414138794, 20.246631622314453], "organization_pr": [0.46821844577789307, 0.6371570825576782, 0.6498829126358032, 0.596238911151886, 0.5865800976753235], "organization_rec": [0.6801040172576904, 0.6644993424415588, 0.7217165231704712, 0.7009102702140808, 0.7048114538192749], "organization_f1": [0.554612934589386, 0.6505410075187683, 0.6839187145233154, 0.6443514823913574, 0.640283465385437], "location_pr": [0.8306093811988831, 0.8568007946014404, 0.8922943472862244, 0.9098150134086609, 0.8911929726600647], "location_rec": [0.8711889386177063, 0.8762091398239136, 0.8804946541786194, 0.8671482801437378, 0.8945757150650024], "location_f1": [0.8504154086112976, 0.8663963079452515, 0.8863552212715149, 0.887969434261322, 0.8928810954093933], "person_pr": [0.5405498147010803, 0.7911392450332642, 0.8358116745948792, 0.8218845129013062, 0.6750215888023376], "person_rec": [0.8226987719535828, 0.6537656784057617, 0.7055439352989197, 0.7071129679679871, 0.8169456124305725], "person_f1": [0.6524263620376587, 0.7159220576286316, 0.7651729583740234, 0.7601912021636963, 0.7392333149909973]}}