{"test_metrics": {"f1": 0.0, "pr": 0.0, "rec": 0.0, "ner_f1": 0.6480796337127686, "ner_pr": 0.6183496117591858, "ner_rec": 0.6808128952980042, "macro_f1": 0.0, "macro_pr": 0.0, "macro_rec": 0.0, "macro_ner_f1": 0.6483838558197021, "macro_ner_pr": 0.6169949173927307, "macro_ner_rec": 0.6866758465766907, "samples_per_s": 164.62716496432947, "samples_total_num": 529, "samples_total_s": 3.2133214473724365, "task_pr": 0.5737179517745972, "task_rec": 0.6832060813903809, "task_f1": 0.6236933469772339, "method_pr": 0.7430025339126587, "method_rec": 0.6870588064193726, "method_f1": 0.7139363884925842, "material_pr": 0.5775400996208191, "material_rec": 0.6835442781448364, "material_f1": 0.626086950302124, "otherscientificterm_pr": 0.5605536103248596, "otherscientificterm_rec": 0.6266924738883972, "otherscientificterm_f1": 0.5917808413505554, "metric_pr": 0.6052631735801697, "metric_rec": 0.6478873491287231, "metric_f1": 0.6258503794670105, "generic_pr": 0.6418918967247009, "generic_rec": 0.7916666865348816, "generic_f1": 0.7089552283287048}, "test_metrics_bounds": {"f1": 0.0, "pr": 0.0, "rec": 0.0, "ner_f1": 0.7877063751220703, "ner_pr": 0.7517653703689575, "ner_rec": 0.827256441116333, "macro_f1": 0.0, "macro_pr": 0.0, "macro_rec": 0.0, "macro_ner_f1": 0.7877063751220703, "macro_ner_pr": 0.7517653703689575, "macro_ner_rec": 0.827256441116333, "samples_per_s": 164.62716496432947, "samples_total_num": 529, "samples_total_s": 3.2133214473724365}, "metrics": {"f1": [0.0, 0.0, 0.0, 0.0, 0.0, 0.0, 0.0, 0.0, 0.0, 0.0, 0.0, 0.0, 0.0, 0.0, 0.0, 0.0, 0.0, 0.0, 0.0, 0.0, 0.0, 0.0, 0.0, 0.0, 0.0], "pr": [0.0, 0.0, 0.0, 0.0, 0.0, 0.0, 0.0, 0.0, 0.0, 0.0, 0.0, 0.0, 0.0, 0.0, 0.0, 0.0, 0.0, 0.0, 0.0, 0.0, 0.0, 0.0, 0.0, 0.0, 0.0], "rec": [0.0, 0.0, 0.0, 0.0, 0.0, 0.0, 0.0, 0.0, 0.0, 0.0, 0.0, 0.0, 0.0, 0.0, 0.0, 0.0, 0.0, 0.0, 0.0, 0.0, 0.0, 0.0, 0.0, 0.0, 0.0], "ner_f1": [0.3746958374977112, 0.568155825138092, 0.6091881990432739, 0.642691433429718, 0.634686291217804, 0.6594663262367249, 0.6500909924507141, 0.6468231081962585, 0.6254459023475647, 0.662235677242279, 0.6497341990470886, 0.656212329864502, 0.6483582258224487, 0.6670694947242737, 0.6572104096412659, 0.6603661775588989, 0.6621538400650024, 0.6576470732688904, 0.6654654741287231, 0.675059974193573, 0.6715328693389893, 0.6710368990898132, 0.679064154624939, 0.6794487237930298, 0.6814106702804565], "ner_pr": [0.3640661835670471, 0.5232067704200745, 0.6118836998939514, 0.5982721447944641, 0.6231883764266968, 0.6688144207000732, 0.6298472285270691, 0.5953635573387146, 0.5950226187705994, 0.6394398808479309, 0.6145251393318176, 0.6325581669807434, 0.6191562414169312, 0.6441073417663574, 0.6219239234924316, 0.624580979347229, 0.6505441069602966, 0.6197339296340942, 0.6389849781990051, 0.6471264362335205, 0.652482271194458, 0.6397727131843567, 0.6513233780860901, 0.6509758830070496, 0.6514285802841187], "ner_rec": [0.38596490025520325, 0.621553897857666, 0.6065163016319275, 0.6942355632781982, 0.646616518497467, 0.6503759622573853, 0.6716791987419128, 0.708020031452179, 0.6591478586196899, 0.6867167949676514, 0.689223051071167, 0.6817042827606201, 0.6804511547088623, 0.6917293071746826, 0.6967418789863586, 0.7005012631416321, 0.6741854548454285, 0.7005012631416321, 0.6942355632781982, 0.7055137753486633, 0.6917293071746826, 0.7055137753486633, 0.7092731595039368, 0.7105262875556946, 0.7142857313156128], "macro_f1": [0.0, 0.0, 0.0, 0.0, 0.0, 0.0, 0.0, 0.0, 0.0, 0.0, 0.0, 0.0, 0.0, 0.0, 0.0, 0.0, 0.0, 0.0, 0.0, 0.0, 0.0, 0.0, 0.0, 0.0, 0.0], "macro_pr": [0.0, 0.0, 0.0, 0.0, 0.0, 0.0, 0.0, 0.0, 0.0, 0.0, 0.0, 0.0, 0.0, 0.0, 0.0, 0.0, 0.0, 0.0, 0.0, 0.0, 0.0, 0.0, 0.0, 0.0, 0.0], "macro_rec": [0.0, 0.0, 0.0, 0.0, 0.0, 0.0, 0.0, 0.0, 0.0, 0.0, 0.0, 0.0, 0.0, 0.0, 0.0, 0.0, 0.0, 0.0, 0.0, 0.0, 0.0, 0.0, 0.0, 0.0, 0.0], "macro_ner_f1": [0.25008639693260193, 0.5262784957885742, 0.5763421654701233, 0.6078247427940369, 0.5948439836502075, 0.6264497637748718, 0.6279461979866028, 0.632317066192627, 0.6002727150917053, 0.6295009255409241, 0.6317951083183289, 0.6292422413825989, 0.6249772906303406, 0.6503745913505554, 0.6329886317253113, 0.6485019326210022, 0.6341734528541565, 0.6329289674758911, 0.6323819756507874, 0.6492335200309753, 0.64481520652771, 0.6463173031806946, 0.6525149941444397, 0.6554459929466248, 0.659191370010376], "macro_ner_pr": [0.24175067245960236, 0.5440261363983154, 0.6011145710945129, 0.5667122006416321, 0.6368588805198669, 0.6718456149101257, 0.6460970640182495, 0.597054123878479, 0.5809661746025085, 0.6315633654594421, 0.6101554036140442, 0.6361330151557922, 0.6324467658996582, 0.6573894619941711, 0.6133004426956177, 0.6138365268707275, 0.6525982618331909, 0.6111690402030945, 0.631310760974884, 0.628526508808136, 0.6440403461456299, 0.6317095160484314, 0.6347569227218628, 0.6379731297492981, 0.6434048414230347], "macro_ner_rec": [0.2980659306049347, 0.5558803677558899, 0.563830554485321, 0.6646407246589661, 0.5825068950653076, 0.6027318239212036, 0.623651921749115, 0.6778855323791504, 0.6300660967826843, 0.6359475255012512, 0.6604558825492859, 0.6348960399627686, 0.635040283203125, 0.6524184346199036, 0.6587381362915039, 0.691504716873169, 0.6266218423843384, 0.6643123030662537, 0.6412238478660583, 0.6724044680595398, 0.6503629088401794, 0.6656973958015442, 0.6732938885688782, 0.6763446927070618, 0.6791377067565918], "samples_per_s": [133.95111170725787, 151.02443326318425, 164.6598855056231, 157.04069925596698, 167.64887359756978, 143.3137126421646, 121.34267976484522, 136.90047176798757, 116.24454696810628, 147.97483454042776, 125.01275784219251, 140.87660535810065, 108.06089910647435, 124.9589539061338, 120.55919474718222, 138.50071560628788, 125.27398279991252, 128.6783355013376, 127.13230435490196, 169.73177866615407, 155.23802677335885, 173.4254287652182, 178.32721040935232, 170.96706092137487, 177.49269778005353], "samples_total_num": [260, 260, 260, 260, 260, 260, 260, 260, 260, 260, 260, 260, 260, 260, 260, 260, 260, 260, 260, 260, 260, 260, 260, 260, 260], "samples_total_s": [1.9410066604614258, 1.7215757369995117, 1.579012393951416, 1.6556217670440674, 1.5508604049682617, 1.814201831817627, 2.1426920890808105, 1.8991899490356445, 2.236664056777954, 1.7570555210113525, 2.0797877311706543, 1.8455867767333984, 2.406050682067871, 2.0806832313537598, 2.1566169261932373, 1.877246618270874, 2.075450897216797, 2.0205421447753906, 2.0451135635375977, 1.5318286418914795, 1.6748473644256592, 1.4992034435272217, 1.457993984222412, 1.5207607746124268, 1.4648489952087402], "task_pr": [0.390625, 0.403940886259079, 0.5106382966041565, 0.5597015023231506, 0.5590550899505615, 0.6888889074325562, 0.6228070259094238, 0.5194805264472961, 0.4941176474094391, 0.49673202633857727, 0.4797687828540802, 0.6559139490127563, 0.5736433863639832, 0.6285714507102966, 0.5714285969734192, 0.5539568066596985, 0.6601941585540771, 0.5129870176315308, 0.5703703761100769, 0.6171875, 0.6030534505844116, 0.6083333492279053, 0.6363636255264282, 0.6141732335090637, 0.6141732335090637], "task_rec": [0.1984127014875412, 0.6507936716079712, 0.5714285969734192, 0.5952380895614624, 0.5634920597076416, 0.4920634925365448, 0.5634920597076416, 0.6349206566810608, 0.6666666865348816, 0.60317462682724, 0.658730149269104, 0.4841269850730896, 0.5873016119003296, 0.523809552192688, 0.60317462682724, 0.6111111044883728, 0.5396825671195984, 0.6269841194152832, 0.6111111044883728, 0.6269841194152832, 0.6269841194152832, 0.579365074634552, 0.6111111044883728, 0.6190476417541504, 0.6190476417541504],