{"test_metrics": {"unseen__f1": 0.0, "unseen__pr": 0.0, "unseen__rec": 0.0, "unseen__ner_f1": 0.7573570013046265, "unseen__ner_pr": 0.6759167313575745, "unseen__ner_rec": 0.8611111044883728, "unseen__macro_f1": 0.0, "unseen__macro_pr": 0.0, "unseen__macro_rec": 0.0, "unseen__macro_ner_f1": 0.7374541163444519, "unseen__macro_ner_pr": 0.6724333763122559, "unseen__macro_ner_rec": 0.8269879817962646, "unseen__samples_per_s": 326.29836783701364, "unseen__samples_total_num": 272, "unseen__samples_total_s": 0.8335928916931152, "unseen__loc_pr": 0.6489899158477783, "unseen__loc_rec": 0.8892733454704285, "unseen__loc_f1": 0.7503648996353149, "unseen__org_pr": 0.6330274939537048, "unseen__org_rec": 0.8734177350997925, "unseen__org_f1": 0.7340425848960876, "unseen__peop_pr": 0.7508532404899597, "unseen__peop_rec": 0.936170220375061, "unseen__peop_f1": 0.8333333730697632, "unseen__other_pr": 0.656862735748291, "unseen__other_rec": 0.6090909242630005, "unseen__other_f1": 0.6320754885673523, "seen__f1": 0.0, "seen__pr": 0.0, "seen__rec": 0.0, "seen__ner_f1": 0.5444443821907043, "seen__ner_pr": 0.38704580068588257, "seen__ner_rec": 0.9176030158996582, "seen__macro_f1": 0.0, "seen__macro_pr": 0.0, "seen__macro_rec": 0.0, "seen__macro_ner_f1": 0.4896908402442932, "seen__macro_ner_pr": 0.34451717138290405, "seen__macro_ner_rec": 0.8731481432914734, "seen__samples_per_s": 516.9304621340431, "seen__samples_total_num": 163, "seen__samples_total_s": 0.3153228759765625, "seen__loc_pr": 0.4853556454181671, "seen__loc_rec": 0.9279999732971191, "seen__loc_f1": 0.6373626589775085, "seen__org_pr": 0.2956521809101105, "seen__org_rec": 0.9189189076423645, "seen__org_f1": 0.44736841320991516, "seen__peop_pr": 0.38277512788772583, "seen__peop_rec": 0.9638554453849792, "seen__peop_f1": 0.5479452013969421, "seen__other_pr": 0.2142857164144516, "seen__other_rec": 0.6818181872367859, "seen__other_f1": 0.32608696818351746}, "test_metrics_bounds": {"unseen__f1": 0.0, "unseen__pr": 0.0, "unseen__rec": 0.0, "unseen__ner_f1": 0.7748749256134033, "unseen__ner_pr": 0.6921549439430237, "unseen__ner_rec": 0.8800504803657532, "unseen__macro_f1": 0.0, "unseen__macro_pr": 0.0, "unseen__macro_rec": 0.0, "unseen__macro_ner_f1": 0.7748749256134033, "unseen__macro_ner_pr": 0.6921549439430237, "unseen__macro_ner_rec": 0.8800504803657532, "unseen__samples_per_s": 326.29836783701364, "unseen__samples_total_num": 272, "unseen__samples_total_s": 0.8335928916931152, "seen__f1": 0.0, "seen__pr": 0.0, "seen__rec": 0.0, "seen__ner_f1": 0.5545656681060791, "seen__ner_pr": 0.3946117162704468, "seen__ner_rec": 0.932584285736084, "seen__macro_f1": 0.0, "seen__macro_pr": 0.0, "seen__macro_rec": 0.0, "seen__macro_ner_f1": 0.5545656681060791, "seen__macro_ner_pr": 0.3946117162704468, "seen__macro_ner_rec": 0.932584285736084, "seen__samples_per_s": 516.9304621340431, "seen__samples_total_num": 163, "seen__samples_total_s": 0.3153228759765625}}
