{"test_metrics": {"unseen_ner_prec_micro": 61.91198786039453, "unseen_ner_rec_micro": 37.25346968590212, "unseen_ner_f1_micro": 46.51693079466423, "unseen_ner_prec_macro": 52.32983706045206, "unseen_ner_rec_macro": 28.45816589581533, "unseen_ner_f1_macro": 34.659764223750216, "unseen_loc_prec_micro": 88.54509545753785, "unseen_loc_rec_micro": 49.12344777209642, "unseen_loc_f1_micro": 63.19003993422599, "unseen_loc_prec_macro": 88.54509545753785, "unseen_loc_rec_macro": 49.12344777209642, "unseen_loc_f1_macro": 63.19003993422599, "unseen_cls_prec_micro": 69.93486458690435, "unseen_cls_rec_micro": 37.25346968590212, "unseen_cls_f1_micro": 48.6119385201954, "unseen_cls_prec_macro": 58.34113689170047, "unseen_cls_rec_macro": 28.45816589581533, "unseen_cls_f1_macro": 36.306611104852365, "unseen_epoch": 0.0, "unseen_iteration": 0.0, "unseen_global_iteration": 0.0, "seen_ner_prec_micro": 0.0, "seen_ner_rec_micro": 0.0, "seen_ner_f1_micro": 0.0, "seen_ner_prec_macro": 0.0, "seen_ner_rec_macro": 0.0, "seen_ner_f1_macro": 0.0, "seen_loc_prec_micro": 0.0, "seen_loc_rec_micro": 0.0, "seen_loc_f1_micro": 0.0, "seen_loc_prec_macro": 0.0, "seen_loc_rec_macro": 0.0, "seen_loc_f1_macro": 0.0, "seen_cls_prec_micro": 0.0, "seen_cls_rec_micro": 0.0, "seen_cls_f1_micro": 0.0, "seen_cls_prec_macro": NaN, "seen_cls_rec_macro": NaN, "seen_cls_f1_macro": NaN, "seen_epoch": 0.0, "seen_iteration": 0.0, "seen_global_iteration": 0.0, "ner_prec_micro": 61.705989110707804, "ner_rec_micro": 37.25346968590212, "ner_f1_micro": 46.45866545206104, "ner_prec_macro": 50.928480808351495, "ner_rec_macro": 28.10264686742908, "ner_f1_macro": 33.87864231365506, "loc_prec_micro": 88.49180327868854, "loc_rec_micro": 49.28780131482834, "loc_f1_micro": 63.312221440300256, "loc_prec_macro": 88.49180327868854, "loc_rec_macro": 49.28780131482834, "loc_f1_macro": 63.312221440300256, "cls_prec_micro": 69.74358974358974, "cls_rec_micro": 37.25346968590212, "cls_f1_micro": 48.56564694679204, "cls_prec_macro": 57.04502591901965, "cls_rec_macro": 28.10264686742908, "cls_f1_macro": 35.5543840938618, "epoch": 0.0, "iteration": 0.0, "global_iteration": 0.0}}