{"test_metrics": {"f1": 0.0, "pr": 0.0, "rec": 0.0, "ner_f1": 0.6330063343048096, "ner_pr": 0.6118237376213074, "ner_rec": 0.6557083129882812, "macro_f1": 0.0, "macro_pr": 0.0, "macro_rec": 0.0, "macro_ner_f1": 0.6203568577766418, "macro_ner_pr": 0.5985540747642517, "macro_ner_rec": 0.6448454260826111, "samples_per_s": 187.07558816010555, "samples_total_num": 529, "samples_total_s": 2.8277339935302734, "task_pr": 0.5681062936782837, "task_rec": 0.652671754360199, "task_f1": 0.607460081577301, "method_pr": 0.7339667677879333, "method_rec": 0.7270588278770447, "method_f1": 0.7304965257644653, "material_pr": 0.5792349576950073, "material_rec": 0.6708860993385315, "material_f1": 0.6217008233070374, "otherscientificterm_pr": 0.5519713163375854, "otherscientificterm_rec": 0.5957446694374084, "otherscientificterm_f1": 0.5730232000350952, "metric_pr": 0.5135135054588318, "metric_rec": 0.5352112650871277, "metric_f1": 0.5241379141807556, "generic_pr": 0.64453125, "generic_rec": 0.6875, "generic_f1": 0.6653226017951965}, "test_metrics_bounds": {"f1": 0.0, "pr": 0.0, "rec": 0.0, "ner_f1": 0.7720312476158142, "ner_pr": 0.7472035884857178, "ner_rec": 0.7985654473304749, "macro_f1": 0.0, "macro_pr": 0.0, "macro_rec": 0.0, "macro_ner_f1": 0.7720312476158142, "macro_ner_pr": 0.7472035884857178, "macro_ner_rec": 0.7985654473304749, "samples_per_s": 187.07558816010555, "samples_total_num": 529, "samples_total_s": 2.8277339935302734}, "metrics": {"f1": [0.0, 0.0, 0.0, 0.0, 0.0, 0.0, 0.0, 0.0, 0.0, 0.0, 0.0, 0.0, 0.0, 0.0, 0.0, 0.0, 0.0, 0.0, 0.0, 0.0, 0.0, 0.0, 0.0, 0.0, 0.0], "pr": [0.0, 0.0, 0.0, 0.0, 0.0, 0.0, 0.0, 0.0, 0.0, 0.0, 0.0, 0.0, 0.0, 0.0, 0.0, 0.0, 0.0, 0.0, 0.0, 0.0, 0.0, 0.0, 0.0, 0.0, 0.0], "rec": [0.0, 0.0, 0.0, 0.0, 0.0, 0.0, 0.0, 0.0, 0.0, 0.0, 0.0, 0.0, 0.0, 0.0, 0.0, 0.0, 0.0, 0.0, 0.0, 0.0, 0.0, 0.0, 0.0, 0.0, 0.0], "ner_f1": [0.3631613552570343, 0.4699828624725342, 0.5925449728965759, 0.5916473269462585, 0.6407651305198669, 0.6501854062080383, 0.6404358148574829, 0.6397590637207031, 0.6413243412971497, 0.6486161351203918, 0.6258102655410767, 0.6509090662002563, 0.6573099493980408, 0.6357056498527527, 0.6335697174072266, 0.6582733988761902, 0.6511628031730652, 0.6647465229034424, 0.6622275710105896, 0.6571598052978516, 0.6511628031730652, 0.6539151668548584, 0.6690734028816223, 0.6638349890708923, 0.6630630493164062], "ner_pr": [0.379263311624527, 0.4321766495704651, 0.6081793904304504, 0.5507559180259705, 0.6125714182853699, 0.6414633989334106, 0.6194379329681396, 0.6160092949867249, 0.627851128578186, 0.6238425970077515, 0.5906562805175781, 0.6302816867828369, 0.6162280440330505, 0.6127907037734985, 0.599552571773529, 0.6310344934463501, 0.6211603879928589, 0.615138590335846, 0.6405152082443237, 0.6248587369918823, 0.6211603879928589, 0.6251428723335266, 0.6435185074806213, 0.6435294151306152, 0.6366782188415527], "ner_rec": [0.3483709394931793, 0.5150375962257385, 0.5776942372322083, 0.6390977501869202, 0.6716791987419128, 0.6591478586196899, 0.6629072427749634, 0.6654135584831238, 0.6553884744644165, 0.6754385828971863, 0.6654135584831238, 0.6729323267936707, 0.7042606472969055, 0.6604009866714478, 0.6716791987419128, 0.6879699230194092, 0.6842105388641357, 0.7230576276779175, 0.6854636669158936, 0.6929824352264404, 0.6842105388641357, 0.6854636669158936, 0.6967418789863586, 0.6854636669158936, 0.6917293071746826], "macro_f1": [0.0, 0.0, 0.0, 0.0, 0.0, 0.0, 0.0, 0.0, 0.0, 0.0, 0.0, 0.0, 0.0, 0.0, 0.0, 0.0, 0.0, 0.0, 0.0, 0.0, 0.0, 0.0, 0.0, 0.0, 0.0], "macro_pr": [0.0, 0.0, 0.0, 0.0, 0.0, 0.0, 0.0, 0.0, 0.0, 0.0, 0.0, 0.0, 0.0, 0.0, 0.0, 0.0, 0.0, 0.0, 0.0, 0.0, 0.0, 0.0, 0.0, 0.0, 0.0], "macro_rec": [0.0, 0.0, 0.0, 0.0, 0.0, 0.0, 0.0, 0.0, 0.0, 0.0, 0.0, 0.0, 0.0, 0.0, 0.0, 0.0, 0.0, 0.0, 0.0, 0.0, 0.0, 0.0, 0.0, 0.0, 0.0], "macro_ner_f1": [0.2569081485271454, 0.3759200870990753, 0.5302920341491699, 0.5681745409965515, 0.6275473237037659, 0.6194474101066589, 0.6228408217430115, 0.6170029640197754, 0.6384708285331726, 0.6326510310173035, 0.6119690537452698, 0.6246822476387024, 0.6382919549942017, 0.6121342778205872, 0.6124520897865295, 0.6439815759658813, 0.6344010829925537, 0.6472958326339722, 0.6495578289031982, 0.6421356201171875, 0.634007453918457, 0.6359940767288208, 0.6563664674758911, 0.6497108936309814, 0.6515817642211914], "macro_ner_pr": [0.25551357865333557, 0.3551758825778961, 0.5731874704360962, 0.5716206431388855, 0.6241229772567749, 0.6319590210914612, 0.6160488128662109, 0.5958766341209412, 0.6420484781265259, 0.6080560684204102, 0.5989945530891418, 0.6090031266212463, 0.6207177639007568, 0.6010962128639221, 0.5918011665344238, 0.6268075108528137, 0.6076569557189941, 0.6044772863388062, 0.6413256525993347, 0.6176131367683411, 0.6142930388450623, 0.6183051466941833, 0.6380279660224915, 0.6369152665138245, 0.6323648691177368], "macro_ner_rec": [0.26975053548812866, 0.47867313027381897, 0.5136358141899109, 0.5880728363990784, 0.6400002837181091, 0.6168397068977356, 0.6411766409873962, 0.6413166522979736, 0.6466763019561768, 0.663140594959259, 0.6368417143821716, 0.6446637511253357, 0.6682584881782532, 0.6269544363021851, 0.6430222988128662, 0.6652527451515198, 0.6700150370597839, 0.6997691988945007, 0.6625095009803772, 0.6704692244529724, 0.6594271063804626, 0.6581704616546631, 0.6792648434638977, 0.6659771203994751, 0.6737011075019836], "samples_per_s": [191.56069794681434, 172.49818567662084, 222.55240808521538, 206.98302408211606, 212.26681034247838, 217.90412066382368, 204.1473174705868, 226.6607970755136, 221.57288604769434, 205.74274286039866, 219.70957741751363, 197.69776138614077, 199.28311230745896, 195.3129367263401, 217.41378014457715, 226.85605054360252, 212.4767024970886, 232.022958063407, 216.618928568449, 223.431212457348, 215.7784072606336, 199.5496423448476, 198.4488034683259, 196.12025693553107, 214.06869865778032], "samples_total_num": [260, 260, 260, 260, 260, 260, 260, 260, 260, 260, 260, 260, 260, 260, 260, 260, 260, 260, 260, 260, 260, 260, 260, 260, 260], "samples_total_s": [1.3572721481323242, 1.5072622299194336, 1.1682641506195068, 1.2561416625976562, 1.2248735427856445, 1.1931853294372559, 1.273590087890625, 1.1470885276794434, 1.1734287738800049, 1.263714075088501, 1.183380365371704, 1.315138816833496, 1.3046765327453613, 1.3311970233917236, 1.1958763599395752, 1.1461012363433838, 1.223663568496704, 1.1205787658691406, 1.2002644538879395, 1.1636691093444824, 1.204939842224121, 1.302933931350708, 1.3101615905761719, 1.3257172107696533, 1.2145633697509766], "task_pr": [0.3181818127632141, 0.3429751992225647, 0.6106194853782654, 0.6203703880310059, 0.5648854970932007, 0.7191011309623718, 0.5966386795043945, 0.6147540807723999, 0.6495726704597473, 0.6271186470985413, 0.4838709533214569, 0.6079999804496765, 0.5133333206176758, 0.5394737124443054, 0.5167785286903381, 0.5797101259231567, 0.5555555820465088, 0.595588207244873, 0.6293103694915771, 0.5895522236824036, 0.6147540807723999, 0.6198347210884094, 0.5744680762290955, 0.5833333134651184, 0.585185170173645], "task_rec": [0.2222222238779068, 0.658730149269104, 0.5476190447807312, 0.5317460298538208, 0.5873016119003296, 0.5079365372657776, 0.5634920597076416, 0.5952380895614624, 0.60317462682724, 0.5873016119003296, 0.5952380895614624, 0.60317462682724, 0.6111111044883728, 0.6507936716079712, 0.6111111044883728, 0.6349206566810608, 0.6349206566810608, 0.6428571343421936, 0.579365074634552, 0.6269841194152832, 0.5952380895614624, 0.5952380895614624, 0.6428571343421936, 0.6111111044883728, 0.6269841194152832],