{"test_metrics": {"unseen__f1": 0.0, "unseen__pr": 0.0, "unseen__rec": 0.0, "unseen__ner_f1": 0.5591875314712524, "unseen__ner_pr": 0.497178316116333, "unseen__ner_rec": 0.6388687491416931, "unseen__macro_f1": 0.0, "unseen__macro_pr": 0.0, "unseen__macro_rec": 0.0, "unseen__macro_ner_f1": 0.5112895369529724, "unseen__macro_ner_pr": 0.46257591247558594, "unseen__macro_ner_rec": 0.5964284539222717, "unseen__samples_per_s": 304.12817377669506, "unseen__samples_total_num": 517, "unseen__samples_total_s": 1.6999411582946777, "unseen__task_pr": 0.5284280776977539, "unseen__task_rec": 0.6556016802787781, "unseen__task_f1": 0.585185170173645, "unseen__method_pr": 0.7030878663063049, "unseen__method_rec": 0.7290640473365784, "unseen__method_f1": 0.7158403396606445, "unseen__material_pr": 0.49450549483299255, "unseen__material_rec": 0.6617646813392639, "unseen__material_f1": 0.5660377740859985, "unseen__otherscientificterm_pr": 0.5045207738876343, "unseen__otherscientificterm_rec": 0.5923566818237305, "unseen__otherscientificterm_f1": 0.544921875, "unseen__metric_pr": 0.4383561611175537, "unseen__metric_rec": 0.5517241358757019, "unseen__metric_f1": 0.4885496199131012, "unseen__generic_pr": 0.10655737668275833, "unseen__generic_rec": 0.38805970549583435, "unseen__generic_f1": 0.16720257699489594, "seen__f1": 0.0, "seen__pr": 0.0, "seen__rec": 0.0, "seen__ner_f1": 0.36734694242477417, "seen__ner_pr": 0.2448979616165161, "seen__ner_rec": 0.7346938848495483, "seen__macro_f1": 0.0, "seen__macro_pr": 0.0, "seen__macro_rec": 0.0, "seen__macro_ner_f1": 0.29648706316947937, "seen__macro_ner_pr": 0.22524838149547577, "seen__macro_ner_rec": 0.6543287634849548, "seen__samples_per_s": 330.09132323551313, "seen__samples_total_num": 236, "seen__samples_total_s": 0.7149536609649658, "seen__task_pr": 0.10236220806837082, "seen__task_rec": 0.6190476417541504, "seen__task_f1": 0.1756756752729416, "seen__method_pr": 0.06951871514320374, "seen__method_rec": 0.6842105388641357, "seen__method_f1": 0.12621359527111053, "seen__material_pr": 0.1818181872367859, "seen__material_rec": 0.7272727489471436, "seen__material_f1": 0.2909091114997864, "seen__otherscientificterm_pr": 0.11599999666213989, "seen__otherscientificterm_rec": 0.6304348111152649, "seen__otherscientificterm_f1": 0.19594594836235046, "seen__metric_pr": 0.1463414579629898, "seen__metric_rec": 0.4615384638309479, "seen__metric_f1": 0.2222222089767456, "seen__generic_pr": 0.7354497313499451, "seen__generic_rec": 0.8034682273864746, "seen__generic_f1": 0.7679557800292969}, "test_metrics_bounds": {"unseen__f1": 0.0, "unseen__pr": 0.0, "unseen__rec": 0.0, "unseen__ner_f1": 0.7018436193466187, "unseen__ner_pr": 0.6247877478599548, "unseen__ner_rec": 0.8005801439285278, "unseen__macro_f1": 0.0, "unseen__macro_pr": 0.0, "unseen__macro_rec": 0.0, "unseen__macro_ner_f1": 0.7018436193466187, "unseen__macro_ner_pr": 0.6247877478599548, "unseen__macro_ner_rec": 0.8005801439285278, "unseen__samples_per_s": 304.12817377669506, "unseen__samples_total_num": 517, "unseen__samples_total_s": 1.6999411582946777, "seen__f1": 0.0, "seen__pr": 0.0, "seen__rec": 0.0, "seen__ner_f1": 0.39590442180633545, "seen__ner_pr": 0.2642368972301483, "seen__ner_rec": 0.7891156673431396, "seen__macro_f1": 0.0, "seen__macro_pr": 0.0, "seen__macro_rec": 0.0, "seen__macro_ner_f1": 0.39590442180633545, "seen__macro_ner_pr": 0.2642368972301483, "seen__macro_ner_rec": 0.7891156673431396, "seen__samples_per_s": 330.09132323551313, "seen__samples_total_num": 236, "seen__samples_total_s": 0.7149536609649658}}