{"test_metrics": {"Eval_Ent_Precision": 86.25839518623923, "Eval_Ent_Recall": 90.13759349152505, "Eval_Ent_F1": 88.15533979893333, "Eval_Time": 131.6594614982605, "Eval_Examples": 5000, "Eval_Examples_Per_Second": 37.97676173896595, "seen_Eval_Ent_Precision": 68.44291268673685, "seen_Eval_Ent_Recall": 95.19419861229248, "seen_Eval_Ent_F1": 79.63191445000373, "seen_Eval_Time": 131.83827543258667, "seen_Eval_Examples": 5000, "seen_Eval_Examples_Per_Second": 37.925253372695, "unseen_Eval_Ent_Precision": 17.815482508339432, "unseen_Eval_Ent_Recall": 74.8051947867865, "unseen_Eval_Ent_F1": 28.777389200263393, "unseen_Eval_Time": 132.0571882724762, "unseen_Eval_Examples": 5000, "unseen_Eval_Examples_Per_Second": 37.8623842095093}}