{"test_metrics": {"Eval_Ent_Precision": 88.38628611079294, "Eval_Ent_Recall": 89.91964936452898, "Eval_Ent_F1": 89.14637456715981, "Eval_Time": 58.054253816604614, "Eval_Examples": 2050, "Eval_Examples_Per_Second": 35.311796556304394, "seen_Eval_Ent_Precision": 71.3875426238063, "seen_Eval_Ent_Recall": 93.07278256818499, "seen_Eval_Ent_F1": 80.8004875941485, "seen_Eval_Time": 57.38155817985535, "seen_Eval_Examples": 2050, "seen_Eval_Examples_Per_Second": 35.72576390439818, "unseen_Eval_Ent_Precision": 16.998743504936726, "unseen_Eval_Ent_Recall": 78.71986695142166, "unseen_Eval_Ent_F1": 27.959846484818513, "unseen_Eval_Time": 58.3927001953125, "unseen_Eval_Examples": 2050, "unseen_Eval_Examples_Per_Second": 35.107127999615344}}