{"test_metrics": {"seen__f1": 0.0, "seen__pr": 0.0, "seen__rec": 0.0, "seen__ner_f1": 0.0, "seen__ner_pr": 0.0, "seen__ner_rec": 0.0, "seen__macro_f1": 0.0, "seen__macro_pr": 0.0, "seen__macro_rec": 0.0, "seen__macro_ner_f1": 0.0, "seen__macro_ner_pr": 0.0, "seen__macro_ner_rec": 0.0, "seen__samples_per_s": 0.0, "seen__samples_total_num": 0, "seen__samples_total_s": 0.0, "seen__loc_pr": 0.0, "seen__loc_rec": 0.0, "seen__loc_f1": 0.0, "seen__org_pr": 0.0, "seen__org_rec": 0.0, "seen__org_f1": 0.0, "seen__peop_pr": 0.0, "seen__peop_rec": 0.0, "seen__peop_f1": 0.0, "seen__other_pr": 0.0, "seen__other_rec": 0.0, "seen__other_f1": 0.0, "unseen__f1": 0.0, "unseen__pr": 0.0, "unseen__rec": 0.0, "unseen__ner_f1": 0.796626091003418, "unseen__ner_pr": 0.7906976938247681, "unseen__ner_rec": 0.8026440143585205, "unseen__macro_f1": 0.0, "unseen__macro_pr": 0.0, "unseen__macro_rec": 0.0, "unseen__macro_ner_f1": 0.7534378170967102, "unseen__macro_ner_pr": 0.7430792450904846, "unseen__macro_ner_rec": 0.7661713361740112, "unseen__samples_per_s": 372.656451383518, "unseen__samples_total_num": 288, "unseen__samples_total_s": 0.7728297710418701, "unseen__loc_pr": 0.8629441857337952, "unseen__loc_rec": 0.8212560415267944, "unseen__loc_f1": 0.8415841460227966, "unseen__org_pr": 0.6606335043907166, "unseen__org_rec": 0.7487179636955261, "unseen__org_f1": 0.7019230723381042, "unseen__peop_pr": 0.9076433181762695, "unseen__peop_rec": 0.8962264060974121, "unseen__peop_f1": 0.9018987417221069, "unseen__other_pr": 0.5410959124565125, "unseen__other_rec": 0.5984848737716675, "unseen__other_f1": 0.5683453679084778}, "test_metrics_bounds": {"seen__f1": 0.0, "seen__pr": 0.0, "seen__rec": 0.0, "seen__ner_f1": 0.0, "seen__ner_pr": 0.0, "seen__ner_rec": 0.0, "seen__macro_f1": 0.0, "seen__macro_pr": 0.0, "seen__macro_rec": 0.0, "seen__macro_ner_f1": 0.0, "seen__macro_ner_pr": 0.0, "seen__macro_ner_rec": 0.0, "seen__samples_per_s": 0.0, "seen__samples_total_num": 0, "seen__samples_total_s": 0.0, "unseen__f1": 0.0, "unseen__pr": 0.0, "unseen__rec": 0.0, "unseen__ner_f1": 0.8362271189689636, "unseen__ner_pr": 0.8311567306518555, "unseen__ner_rec": 0.8413597941398621, "unseen__macro_f1": 0.0, "unseen__macro_pr": 0.0, "unseen__macro_rec": 0.0, "unseen__macro_ner_f1": 0.8362271189689636, "unseen__macro_ner_pr": 0.8311567306518555, "unseen__macro_ner_rec": 0.8413597941398621, "unseen__samples_per_s": 372.656451383518, "unseen__samples_total_num": 288, "unseen__samples_total_s": 0.7728297710418701}}