{"test_metrics": {"unseen_ner_prec_micro": 26.26525305061012, "unseen_ner_rec_micro": 60.03657978966621, "unseen_ner_f1_micro": 36.54327859727247, "unseen_ner_prec_macro": 24.75573372893957, "unseen_ner_rec_macro": 44.98476122020033, "unseen_ner_f1_macro": 30.71730507495501, "unseen_loc_prec_micro": 33.49412751677852, "unseen_loc_rec_micro": 73.02240512117055, "unseen_loc_f1_micro": 45.92379583033789, "unseen_loc_prec_macro": 33.49412751677852, "unseen_loc_rec_macro": 73.02240512117055, "unseen_loc_f1_macro": 45.92379583033789, "unseen_cls_prec_micro": 77.92284866468843, "unseen_cls_rec_micro": 60.03657978966621, "unseen_cls_f1_micro": 67.82024793388429, "unseen_cls_prec_macro": 64.8904424189821, "unseen_cls_rec_macro": 44.98476122020033, "unseen_cls_f1_macro": 52.247161140786936, "unseen_epoch": 0.0, "unseen_iteration": 0.0, "unseen_global_iteration": 0.0, "seen_ner_prec_micro": 47.66911327117636, "seen_ner_rec_micro": 73.06172088780785, "seen_ner_f1_micro": 57.69507803121249, "seen_ner_prec_macro": 33.10264242102144, "seen_ner_rec_macro": 57.32822097172553, "seen_ner_f1_macro": 40.94796481402148, "seen_loc_prec_micro": 56.95226183031061, "seen_loc_rec_micro": 83.06476132563088, "seen_loc_f1_micro": 67.5735839722978, "seen_loc_prec_macro": 56.95226183031061, "seen_loc_rec_macro": 83.06476132563088, "seen_loc_f1_macro": 67.5735839722978, "seen_cls_prec_micro": 84.10920546027302, "seen_cls_rec_micro": 73.06172088780785, "seen_cls_f1_micro": 78.19720143182558, "seen_cls_prec_macro": 68.4058709329379, "seen_cls_rec_macro": 57.32822097172553, "seen_cls_f1_macro": 61.64053280054033, "seen_epoch": 0.0, "seen_iteration": 0.0, "seen_global_iteration": 0.0, "ner_prec_micro": 74.29485897179437, "ner_rec_micro": 67.82322863403945, "ner_f1_micro": 70.91169451073985, "ner_prec_macro": 58.03153403153922, "ner_rec_macro": 51.10101109123551, "ner_f1_macro": 53.57472071697877, "loc_prec_micro": 90.61909758656871, "loc_rec_micro": 78.85317750182615, "loc_f1_micro": 84.32770237281515, "loc_prec_macro": 90.61909758656871, "loc_rec_macro": 78.85317750182615, "loc_f1_macro": 84.32770237281515, "cls_prec_micro": 82.11364138845899, "cls_rec_micro": 67.82322863403945, "cls_f1_micro": 74.28742874287428, "cls_prec_macro": 67.49535970089771, "cls_rec_macro": 51.10101109123551, "cls_f1_macro": 57.41386249733894, "epoch": 0.0, "iteration": 0.0, "global_iteration": 0.0}}