{"test_metrics": {"seen__f1": 0.0, "seen__pr": 0.0, "seen__rec": 0.0, "seen__ner_f1": 0.3947797417640686, "seen__ner_pr": 0.25993555784225464, "seen__ner_rec": 0.8203389644622803, "seen__macro_f1": 0.0, "seen__macro_pr": 0.0, "seen__macro_rec": 0.0, "seen__macro_ner_f1": 0.31995248794555664, "seen__macro_ner_pr": 0.239049032330513, "seen__macro_ner_rec": 0.7095096111297607, "seen__samples_per_s": 208.4867833454259, "seen__samples_total_num": 233, "seen__samples_total_s": 1.1175768375396729, "seen__task_pr": 0.07575757801532745, "seen__task_rec": 0.625, "seen__task_f1": 0.13513512909412384, "seen__method_pr": 0.09090909361839294, "seen__method_rec": 0.7272727489471436, "seen__method_f1": 0.16161616146564484, "seen__material_pr": 0.18518517911434174, "seen__material_rec": 0.6818181872367859, "seen__material_f1": 0.29126212000846863, "seen__otherscientificterm_pr": 0.11764705926179886, "seen__otherscientificterm_rec": 0.7906976938247681, "seen__otherscientificterm_f1": 0.20481927692890167, "seen__metric_pr": 0.2195121943950653, "seen__metric_rec": 0.529411792755127, "seen__metric_f1": 0.3103448152542114, "seen__generic_pr": 0.7452830076217651, "seen__generic_rec": 0.9028571248054504, "seen__generic_f1": 0.8165373802185059, "unseen__f1": 0.0, "unseen__pr": 0.0, "unseen__rec": 0.0, "unseen__ner_f1": 0.5624212026596069, "unseen__ner_pr": 0.4972129464149475, "unseen__ner_rec": 0.6473149657249451, "unseen__macro_f1": 0.0, "unseen__macro_pr": 0.0, "unseen__macro_rec": 0.0, "unseen__macro_ner_f1": 0.5151686072349548, "unseen__macro_ner_pr": 0.47420525550842285, "unseen__macro_ner_rec": 0.6044041514396667, "unseen__samples_per_s": 363.3118249358368, "unseen__samples_total_num": 513, "unseen__samples_total_s": 1.4120101928710938, "unseen__task_pr": 0.557894766330719, "unseen__task_rec": 0.6463414430618286, "unseen__task_f1": 0.598870038986206, "unseen__method_pr": 0.7098321318626404, "unseen__method_rec": 0.7344912886619568, "unseen__method_f1": 0.7219511866569519, "unseen__material_pr": 0.5666666626930237, "unseen__material_rec": 0.625, "unseen__material_f1": 0.5944055914878845, "unseen__otherscientificterm_pr": 0.5008576512336731, "unseen__otherscientificterm_rec": 0.6160337328910828, "unseen__otherscientificterm_f1": 0.5525071024894714, "unseen__metric_pr": 0.39393940567970276, "unseen__metric_rec": 0.48148149251937866, "unseen__metric_f1": 0.43333330750465393, "unseen__generic_pr": 0.11604095250368118, "unseen__generic_rec": 0.5230769515037537, "unseen__generic_f1": 0.18994413316249847}, "test_metrics_bounds": {"seen__f1": 0.0, "seen__pr": 0.0, "seen__rec": 0.0, "seen__ner_f1": 0.4212244749069214, "seen__ner_pr": 0.2774193584918976, "seen__ner_rec": 0.8745762705802917, "seen__macro_f1": 0.0, "seen__macro_pr": 0.0, "seen__macro_rec": 0.0, "seen__macro_ner_f1": 0.4212244749069214, "seen__macro_ner_pr": 0.2774193584918976, "seen__macro_ner_rec": 0.8745762705802917, "seen__samples_per_s": 208.4867833454259, "seen__samples_total_num": 233, "seen__samples_total_s": 1.1175768375396729, "unseen__f1": 0.0, "unseen__pr": 0.0, "unseen__rec": 0.0, "unseen__ner_f1": 0.7028391361236572, "unseen__ner_pr": 0.6216517686843872, "unseen__ner_rec": 0.8084179759025574, "unseen__macro_f1": 0.0, "unseen__macro_pr": 0.0, "unseen__macro_rec": 0.0, "unseen__macro_ner_f1": 0.7028391361236572, "unseen__macro_ner_pr": 0.6216517686843872, "unseen__macro_ner_rec": 0.8084179759025574, "unseen__samples_per_s": 363.3118249358368, "unseen__samples_total_num": 513, "unseen__samples_total_s": 1.4120101928710938}}