{"test_metrics": {"unseen__f1": 0.0, "unseen__pr": 0.0, "unseen__rec": 0.0, "unseen__ner_f1": 0.6554517149925232, "unseen__ner_pr": 0.5519412159919739, "unseen__ner_rec": 0.8067484498023987, "unseen__macro_f1": 0.0, "unseen__macro_pr": 0.0, "unseen__macro_rec": 0.0, "unseen__macro_ner_f1": 0.639054000377655, "unseen__macro_ner_pr": 0.5561566948890686, "unseen__macro_ner_rec": 0.7725942730903625, "unseen__samples_per_s": 304.9256121291773, "unseen__samples_total_num": 257, "unseen__samples_total_s": 0.8428285121917725, "unseen__loc_pr": 0.47733333706855774, "unseen__loc_rec": 0.8211008906364441, "unseen__loc_f1": 0.6037099361419678, "unseen__org_pr": 0.5472636818885803, "unseen__org_rec": 0.8396946787834167, "unseen__org_f1": 0.6626506447792053, "unseen__peop_pr": 0.6583629846572876, "unseen__peop_rec": 0.9343434572219849, "unseen__peop_f1": 0.772442638874054, "unseen__other_pr": 0.5416666865348816, "unseen__other_rec": 0.4952380955219269, "unseen__other_f1": 0.5174129605293274, "seen__f1": 0.0, "seen__pr": 0.0, "seen__rec": 0.0, "seen__ner_f1": 0.6424957513809204, "seen__ner_pr": 0.4890885651111603, "seen__ner_rec": 0.936117947101593, "seen__macro_f1": 0.0, "seen__macro_pr": 0.0, "seen__macro_rec": 0.0, "seen__macro_ner_f1": 0.5809216499328613, "seen__macro_ner_pr": 0.4355369806289673, "seen__macro_ner_rec": 0.9025492668151855, "seen__samples_per_s": 551.1716655460706, "seen__samples_total_num": 206, "seen__samples_total_s": 0.3737492561340332, "seen__loc_pr": 0.6065573692321777, "seen__loc_rec": 0.9438775777816772, "seen__loc_f1": 0.7385229468345642, "seen__org_pr": 0.4154929518699646, "seen__org_rec": 0.921875, "seen__org_f1": 0.572815477848053, "seen__peop_pr": 0.46399998664855957, "seen__peop_rec": 0.9666666388511658, "seen__peop_f1": 0.6270269751548767, "seen__other_pr": 0.25609755516052246, "seen__other_rec": 0.7777777910232544, "seen__other_f1": 0.38532111048698425}, "test_metrics_bounds": {"unseen__f1": 0.0, "unseen__pr": 0.0, "unseen__rec": 0.0, "unseen__ner_f1": 0.6828660368919373, "unseen__ner_pr": 0.5750262141227722, "unseen__ner_rec": 0.8404908180236816, "unseen__macro_f1": 0.0, "unseen__macro_pr": 0.0, "unseen__macro_rec": 0.0, "unseen__macro_ner_f1": 0.6828660368919373, "unseen__macro_ner_pr": 0.5750262141227722, "unseen__macro_ner_rec": 0.8404908180236816, "unseen__samples_per_s": 304.9256121291773, "unseen__samples_total_num": 257, "unseen__samples_total_s": 0.8428285121917725, "seen__f1": 0.0, "seen__pr": 0.0, "seen__rec": 0.0, "seen__ner_f1": 0.6441821455955505, "seen__ner_pr": 0.49037227034568787, "seen__ner_rec": 0.9385749101638794, "seen__macro_f1": 0.0, "seen__macro_pr": 0.0, "seen__macro_rec": 0.0, "seen__macro_ner_f1": 0.6441821455955505, "seen__macro_ner_pr": 0.49037227034568787, "seen__macro_ner_rec": 0.9385749101638794, "seen__samples_per_s": 551.1716655460706, "seen__samples_total_num": 206, "seen__samples_total_s": 0.3737492561340332}}
