{"test_metrics": {"unseen_ner_prec_micro": 41.474654377880185, "unseen_ner_rec_micro": 60.94808126410835, "unseen_ner_f1_micro": 49.36014625228519, "unseen_ner_prec_macro": 38.80797463918697, "unseen_ner_rec_macro": 56.25187555645024, "unseen_ner_f1_macro": 43.704390306221065, "unseen_loc_prec_micro": 56.94970254191455, "unseen_loc_rec_micro": 79.23250564334086, "unseen_loc_f1_micro": 66.26809314033983, "unseen_loc_prec_macro": 56.94970254191455, "unseen_loc_rec_macro": 79.23250564334086, "unseen_loc_f1_macro": 66.26809314033983, "unseen_cls_prec_micro": 72.97297297297297, "unseen_cls_rec_micro": 60.94808126410835, "unseen_cls_f1_micro": 66.42066420664207, "unseen_cls_prec_macro": 64.08657800205722, "unseen_cls_rec_macro": 56.25187555645024, "unseen_cls_f1_macro": 58.89018262310416, "unseen_epoch": 0.0, "unseen_iteration": 0.0, "unseen_global_iteration": 0.0, "seen_ner_prec_micro": 14.931437277805992, "seen_ner_rec_micro": 82.58426966292134, "seen_ner_f1_micro": 25.290322580645164, "seen_ner_prec_macro": 16.244696382336237, "seen_ner_rec_macro": 76.97857107992826, "seen_ner_f1_macro": 23.587077944019867, "seen_loc_prec_micro": 17.01782820097245, "seen_loc_rec_micro": 88.48314606741573, "seen_loc_f1_micro": 28.5455369279565, "seen_loc_prec_macro": 17.01782820097245, "seen_loc_rec_macro": 88.48314606741573, "seen_loc_f1_macro": 28.5455369279565, "seen_cls_prec_micro": 89.36170212765957, "seen_cls_rec_micro": 82.58426966292134, "seen_cls_f1_micro": 85.83941605839416, "seen_cls_prec_macro": 84.48397311238661, "seen_cls_rec_macro": 76.97857107992826, "seen_cls_f1_macro": 80.19975229606214, "seen_epoch": 0.0, "seen_iteration": 0.0, "seen_global_iteration": 0.0, "ner_prec_micro": 55.78470824949699, "ner_rec_micro": 65.8160237388724, "ner_f1_micro": 60.3866049550776, "ner_prec_macro": 54.229024887602726, "ner_rec_macro": 64.38738585898533, "ner_f1_macro": 58.015969363460016, "loc_prec_micro": 73.6021505376344, "loc_rec_micro": 81.24629080118694, "loc_f1_micro": 77.23554301833569, "loc_prec_macro": 73.6021505376344, "loc_rec_macro": 81.24629080118694, "loc_f1_macro": 77.23554301833569, "cls_prec_micro": 75.95890410958904, "cls_rec_micro": 65.8160237388724, "cls_f1_micro": 70.52464228934817, "cls_prec_macro": 71.12485562763213, "cls_rec_macro": 64.38738585898533, "cls_f1_macro": 66.77936141496112, "epoch": 0.0, "iteration": 0.0, "global_iteration": 0.0}}