{"test_metrics": {"seen__f1": 0.0, "seen__pr": 0.0, "seen__rec": 0.0, "seen__ner_f1": 0.8409403562545776, "seen__ner_pr": 0.7627846598625183, "seen__ner_rec": 0.9369402527809143, "seen__macro_f1": 0.0, "seen__macro_pr": 0.0, "seen__macro_rec": 0.0, "seen__macro_ner_f1": 0.7426624298095703, "seen__macro_ner_pr": 0.6396042704582214, "seen__macro_ner_rec": 0.9089088439941406, "seen__samples_per_s": 555.6120657028918, "seen__samples_total_num": 4693, "seen__samples_total_s": 8.446540832519531, "seen__organization_pr": 0.6158192157745361, "seen__organization_rec": 0.8650793433189392, "seen__organization_f1": 0.7194719314575195, "seen__location_pr": 0.8260706067085266, "seen__location_rec": 0.9428326487541199, "seen__location_f1": 0.8805980086326599, "seen__person_pr": 0.4769230782985687, "seen__person_rec": 0.9188144207000732, "seen__person_f1": 0.6279172301292419, "unseen__f1": 0.0, "unseen__pr": 0.0, "unseen__rec": 0.0, "unseen__ner_f1": 0.5152766108512878, "unseen__ner_pr": 0.4086444079875946, "unseen__ner_rec": 0.6972066760063171, "unseen__macro_f1": 0.0, "unseen__macro_pr": 0.0, "unseen__macro_rec": 0.0, "unseen__macro_ner_f1": 0.5431517362594604, "unseen__macro_ner_pr": 0.5256202816963196, "unseen__macro_ner_rec": 0.6476752758026123, "unseen__samples_per_s": 572.5204218253276, "unseen__samples_total_num": 2185, "unseen__samples_total_s": 3.816457748413086, "unseen__organization_pr": 0.4893048107624054, "unseen__organization_rec": 0.4815789461135864, "unseen__organization_f1": 0.4854111671447754, "unseen__location_pr": 0.2917046546936035, "unseen__location_rec": 0.812870442867279, "unseen__location_f1": 0.42933809757232666, "unseen__person_pr": 0.7958515286445618, "unseen__person_rec": 0.6485764980316162, "unseen__person_f1": 0.7147059440612793}, "test_metrics_bounds": {"seen__f1": 0.0, "seen__pr": 0.0, "seen__rec": 0.0, "seen__ner_f1": 0.8454550504684448, "seen__ner_pr": 0.7668797373771667, "seen__ner_rec": 0.9419702887535095, "seen__macro_f1": 0.0, "seen__macro_pr": 0.0, "seen__macro_rec": 0.0, "seen__macro_ner_f1": 0.8454550504684448, "seen__macro_ner_pr": 0.7668797373771667, "seen__macro_ner_rec": 0.9419702887535095, "seen__samples_per_s": 555.6120657028918, "seen__samples_total_num": 4693, "seen__samples_total_s": 8.446540832519531, "unseen__f1": 0.0, "unseen__pr": 0.0, "unseen__rec": 0.0, "unseen__ner_f1": 0.5524359941482544, "unseen__ner_pr": 0.4381139576435089, "unseen__ner_rec": 0.7474860548973083, "unseen__macro_f1": 0.0, "unseen__macro_pr": 0.0, "unseen__macro_rec": 0.0, "unseen__macro_ner_f1": 0.5524359941482544, "unseen__macro_ner_pr": 0.4381139576435089, "unseen__macro_ner_rec": 0.7474860548973083, "unseen__samples_per_s": 572.5204218253276, "unseen__samples_total_num": 2185, "unseen__samples_total_s": 3.816457748413086}}