{"test_metrics": {"f1": 0.0, "pr": 0.0, "rec": 0.0, "ner_f1": 0.8388227820396423, "ner_pr": 0.8621529340744019, "ner_rec": 0.81672203540802, "macro_f1": 0.0, "macro_pr": 0.0, "macro_rec": 0.0, "macro_ner_f1": 0.7616809010505676, "macro_ner_pr": 0.7772712707519531, "macro_ner_rec": 0.7469512820243835, "samples_per_s": 270.86346045780846, "samples_total_num": 5000, "samples_total_s": 18.459485054016113, "organization_pr": 0.6707988977432251, "organization_rec": 0.642480194568634, "organization_f1": 0.6563342213630676, "location_pr": 0.9070466756820679, "location_rec": 0.8483737111091614, "location_f1": 0.8767296075820923, "person_pr": 0.7539682388305664, "person_rec": 0.75, "person_f1": 0.751978874206543}, "test_metrics_bounds": {"f1": 0.0, "pr": 0.0, "rec": 0.0, "ner_f1": 0.8597697019577026, "ner_pr": 0.8836824297904968, "ner_rec": 0.8371170163154602, "macro_f1": 0.0, "macro_pr": 0.0, "macro_rec": 0.0, "macro_ner_f1": 0.8597697019577026, "macro_ner_pr": 0.8836824297904968, "macro_ner_rec": 0.8371170163154602, "samples_per_s": 270.86346045780846, "samples_total_num": 5000, "samples_total_s": 18.459485054016113}, "metrics": {"f1": [0.0, 0.0, 0.0, 0.0, 0.0, 0.0], "pr": [0.0, 0.0, 0.0, 0.0, 0.0, 0.0], "rec": [0.0, 0.0, 0.0, 0.0, 0.0, 0.0], "ner_f1": [0.7750055193901062, 0.7786300778388977, 0.8223284482955933, 0.8350817561149597, 0.7873111963272095, 0.7893568277359009], "ner_pr": [0.7438331842422485, 0.7669677138328552, 0.8203669786453247, 0.8566996455192566, 0.8043081164360046, 0.7925106883049011], "ner_rec": [0.8089048862457275, 0.7906526327133179, 0.8242993950843811, 0.8145280480384827, 0.7710176706314087, 0.7862278819084167], "macro_f1": [0.0, 0.0, 0.0, 0.0, 0.0, 0.0], "macro_pr": [0.0, 0.0, 0.0, 0.0, 0.0, 0.0], "macro_rec": [0.0, 0.0, 0.0, 0.0, 0.0, 0.0], "macro_ner_f1": [0.6855116486549377, 0.6958234906196594, 0.728627622127533, 0.7579348683357239, 0.7092683911323547, 0.7131417393684387], "macro_ner_pr": [0.6328936219215393, 0.6533262133598328, 0.7155976295471191, 0.7670004367828369, 0.6937739253044128, 0.6830325126647949], "macro_ner_rec": [0.7598628401756287, 0.7568928599357605, 0.7520604133605957, 0.7498161196708679, 0.7326584458351135, 0.7671476006507874], "samples_per_s": [275.6844919375558, 273.92906885117605, 279.7975949210584, 277.0354190862301, 275.59240648008637, 276.20654890812347], "samples_total_num": [5000, 5000, 5000, 5000, 5000, 5000], "samples_total_s": [18.136674880981445, 18.25290036201477, 17.870060682296753, 18.0482337474823, 18.14273500442505, 18.102394819259644], "organization_pr": [0.505091667175293, 0.4650132954120636, 0.49524715542793274, 0.6355721354484558, 0.5239651203155518, 0.5662650465965271], "organization_rec": [0.6449934840202332, 0.6827048063278198, 0.677503228187561, 0.6644993424415588, 0.6254876255989075, 0.672301709651947], "organization_f1": [0.5665333867073059, 0.5532139539718628, 0.5722130537033081, 0.649713933467865, 0.5702430605888367, 0.6147443056106567], "location_pr": [0.8390274047851562, 0.8465615510940552, 0.8712944388389587, 0.9025982618331909, 0.8784492015838623, 0.9106965065002441], "location_rec": [0.8239255547523499, 0.8018856644630432, 0.8637198209762573, 0.8464552760124207, 0.7796008586883545, 0.7829068303108215], "location_f1": [0.831407904624939, 0.8236181735992432, 0.8674906492233276, 0.8736257553100586, 0.826078474521637, 0.8419805765151978], "person_pr": [0.5545617341995239, 0.6484038233757019, 0.780251145362854, 0.762830913066864, 0.6789072751998901, 0.5721358060836792], "person_rec": [0.810669481754303, 0.7860878705978394, 0.714958131313324, 0.7384937405586243, 0.7928870320320129, 0.8462343215942383], "person_f1": [0.6585935950279236, 0.7106383442878723, 0.7461790442466736, 0.7504650354385376, 0.7314836382865906, 0.6827004551887512]}}