{"test_metrics": {"Eval_Ent_Precision": 85.0747621141686, "Eval_Ent_Recall": 86.6931387872023, "Eval_Ent_F1": 85.87632637470247, "Eval_Time": 127.90902161598206, "Eval_Examples": 5000, "Eval_Examples_Per_Second": 39.090284147519874, "seen_Eval_Ent_Precision": 62.15677389902007, "seen_Eval_Ent_Recall": 91.75919731324169, "seen_Eval_Ent_F1": 74.11129118873878, "seen_Eval_Time": 127.15222811698914, "seen_Eval_Examples": 5000, "seen_Eval_Examples_Per_Second": 39.322944426893116, "unseen_Eval_Ent_Precision": 22.936112374637766, "unseen_Eval_Ent_Recall": 75.39469763157898, "unseen_Eval_Ent_F1": 35.172317958540205, "unseen_Eval_Time": 126.76471781730652, "unseen_Eval_Examples": 5000, "unseen_Eval_Examples_Per_Second": 39.44315173884587}}