{"test_metrics": {"Eval_Ent_Precision": 86.04162862223085, "Eval_Ent_Recall": 87.0348139187303, "Eval_Ent_F1": 86.53537161336172, "Eval_Time": 128.08767414093018, "Eval_Examples": 5000, "Eval_Examples_Per_Second": 39.03576228965391, "seen_Eval_Ent_Precision": 64.82563446871907, "seen_Eval_Ent_Recall": 92.23275749000318, "seen_Eval_Ent_F1": 76.13788666141899, "seen_Eval_Time": 126.96271514892578, "seen_Eval_Examples": 5000, "seen_Eval_Examples_Per_Second": 39.38164046141466, "unseen_Eval_Ent_Precision": 21.23425233316884, "unseen_Eval_Ent_Recall": 74.24194061650691, "unseen_Eval_Ent_F1": 33.02335487100919, "unseen_Eval_Time": 127.24037790298462, "unseen_Eval_Examples": 5000, "unseen_Eval_Examples_Per_Second": 39.295702216573794}}