{"test_metrics": {"Eval_Ent_Precision": 86.40954997904582, "Eval_Ent_Recall": 87.21037991249234, "Eval_Ent_F1": 86.80811801326915, "Eval_Time": 8.0661461353302, "Eval_Examples": 288, "Eval_Examples_Per_Second": 35.70478332131163, "seen_Eval_Ent_Precision": 37.09825530376813, "seen_Eval_Ent_Recall": 95.96199503105942, "seen_Eval_Ent_F1": 53.5099337655366, "seen_Eval_Time": 8.086024522781372, "seen_Eval_Examples": 288, "seen_Eval_Examples_Per_Second": 35.617007985641855, "unseen_Eval_Ent_Precision": 49.31129476710506, "unseen_Eval_Ent_Recall": 81.61094215315823, "unseen_Eval_Ent_F1": 61.47681737498153, "unseen_Eval_Time": 8.26064658164978, "unseen_Eval_Examples": 288, "unseen_Eval_Examples_Per_Second": 34.864098972562736}}