{"test_metrics": {"unseen_ner_prec_micro": 29.298993028659957, "unseen_ner_rec_micro": 70.56902985074626, "unseen_ner_f1_micro": 41.40667761357417, "unseen_ner_prec_macro": 27.63845152816316, "unseen_ner_rec_macro": 54.58018271759377, "unseen_ner_f1_macro": 35.745074765128976, "unseen_loc_prec_micro": 34.44533762057878, "unseen_loc_rec_micro": 79.94402985074626, "unseen_loc_f1_micro": 48.146067415730336, "unseen_loc_prec_macro": 34.44533762057878, "unseen_loc_rec_macro": 79.94402985074626, "unseen_loc_f1_macro": 48.146067415730336, "unseen_cls_prec_micro": 84.85698261357263, "unseen_cls_rec_micro": 70.56902985074626, "unseen_cls_f1_micro": 77.05627705627705, "unseen_cls_prec_macro": 73.3288499926637, "unseen_cls_rec_macro": 54.58018271759377, "unseen_cls_f1_macro": 61.75776889596298, "unseen_epoch": 0.0, "unseen_iteration": 0.0, "unseen_global_iteration": 0.0, "seen_ner_prec_micro": 53.39542103220799, "seen_ner_rec_micro": 82.59303721488595, "seen_ner_f1_micro": 64.85976903134575, "seen_ner_prec_macro": 44.99651458011426, "seen_ner_rec_macro": 77.70061332167869, "seen_ner_f1_macro": 56.176255025423785, "seen_loc_prec_micro": 59.80313378867015, "seen_loc_rec_micro": 89.34573829531813, "seen_loc_f1_micro": 71.64861612515043, "seen_loc_prec_macro": 59.80313378867015, "seen_loc_rec_macro": 89.34573829531813, "seen_loc_f1_macro": 71.64861612515043, "seen_cls_prec_micro": 89.64169381107492, "seen_cls_rec_micro": 82.59303721488595, "seen_cls_f1_micro": 85.9731333958138, "seen_cls_prec_macro": 84.14426339636705, "seen_cls_rec_macro": 77.70061332167869, "seen_cls_f1_macro": 80.54281583614433, "seen_epoch": 0.0, "seen_iteration": 0.0, "seen_global_iteration": 0.0, "ner_prec_micro": 82.39504739794931, "ner_rec_micro": 77.77574872169467, "ner_f1_micro": 80.01878816345702, "ner_prec_macro": 71.68696822763853, "ner_rec_macro": 65.07065382210968, "ner_f1_macro": 67.75747790346047, "loc_prec_micro": 94.18254764292878, "loc_rec_micro": 85.73776479181885, "loc_f1_micro": 89.76197304273013, "loc_prec_macro": 94.18254764292878, "loc_rec_macro": 85.73776479181885, "loc_f1_macro": 89.76197304273013, "cls_prec_micro": 87.70593080724876, "cls_rec_micro": 77.77574872169467, "cls_f1_micro": 82.44289585753, "cls_prec_macro": 78.9102372216002, "cls_rec_macro": 65.07065382210968, "cls_f1_macro": 70.90278195936925, "epoch": 0.0, "iteration": 0.0, "global_iteration": 0.0}}