{"test_metrics": {"f1": 0.0, "pr": 0.0, "rec": 0.0, "ner_f1": 0.6487098932266235, "ner_pr": 0.61704421043396, "ner_rec": 0.683801531791687, "macro_f1": 0.0, "macro_pr": 0.0, "macro_rec": 0.0, "macro_ner_f1": 0.6411082744598389, "macro_ner_pr": 0.6119043827056885, "macro_ner_rec": 0.6782686114311218, "samples_per_s": 184.74648548281002, "samples_total_num": 529, "samples_total_s": 2.8633832931518555, "task_pr": 0.5897436141967773, "task_rec": 0.614503800868988, "task_f1": 0.6018691658973694, "method_pr": 0.739234447479248, "method_rec": 0.7270588278770447, "method_f1": 0.7330960631370544, "material_pr": 0.5571428537368774, "material_rec": 0.7405063509941101, "material_f1": 0.6358696222305298, "otherscientificterm_pr": 0.5551782846450806, "otherscientificterm_rec": 0.6324951648712158, "otherscientificterm_f1": 0.5913200974464417, "metric_pr": 0.5882353186607361, "metric_rec": 0.5633803009986877, "metric_f1": 0.5755395889282227, "generic_pr": 0.6418918967247009, "generic_rec": 0.7916666865348816, "generic_f1": 0.7089552283287048}, "test_metrics_bounds": {"f1": 0.0, "pr": 0.0, "rec": 0.0, "ner_f1": 0.7841134667396545, "ner_pr": 0.7462202906608582, "ner_rec": 0.826060950756073, "macro_f1": 0.0, "macro_pr": 0.0, "macro_rec": 0.0, "macro_ner_f1": 0.7841134667396545, "macro_ner_pr": 0.7462202906608582, "macro_ner_rec": 0.826060950756073, "samples_per_s": 184.74648548281002, "samples_total_num": 529, "samples_total_s": 2.8633832931518555}, "metrics": {"f1": [0.0, 0.0, 0.0, 0.0, 0.0, 0.0, 0.0, 0.0, 0.0, 0.0, 0.0, 0.0, 0.0, 0.0, 0.0, 0.0, 0.0, 0.0, 0.0, 0.0, 0.0, 0.0, 0.0, 0.0, 0.0], "pr": [0.0, 0.0, 0.0, 0.0, 0.0, 0.0, 0.0, 0.0, 0.0, 0.0, 0.0, 0.0, 0.0, 0.0, 0.0, 0.0, 0.0, 0.0, 0.0, 0.0, 0.0, 0.0, 0.0, 0.0, 0.0], "rec": [0.0, 0.0, 0.0, 0.0, 0.0, 0.0, 0.0, 0.0, 0.0, 0.0, 0.0, 0.0, 0.0, 0.0, 0.0, 0.0, 0.0, 0.0, 0.0, 0.0, 0.0, 0.0, 0.0, 0.0, 0.0], "ner_f1": [0.33642691373825073, 0.5384171009063721, 0.6015890836715698, 0.6184284687042236, 0.6371681094169617, 0.64462810754776, 0.6428969502449036, 0.624703049659729, 0.6459918022155762, 0.6431095600128174, 0.6547550559043884, 0.6571428179740906, 0.6559633016586304, 0.6592505574226379, 0.6521226167678833, 0.6654971241950989, 0.656682014465332, 0.667452871799469, 0.6689976453781128, 0.6760398149490356, 0.6784870028495789, 0.6706231236457825, 0.6717557311058044, 0.6757397055625916, 0.6777055263519287], "ner_pr": [0.31317493319511414, 0.49946409463882446, 0.5497925281524658, 0.5633367896080017, 0.6020066738128662, 0.609375, 0.5787361860275269, 0.5936794877052307, 0.6059275269508362, 0.6066666841506958, 0.6061899662017822, 0.6258503198623657, 0.604651153087616, 0.6186813116073608, 0.6158128976821899, 0.6239035129547119, 0.6076759099960327, 0.6302895545959473, 0.6252723336219788, 0.6347634792327881, 0.6420581936836243, 0.6369785666465759, 0.6320441961288452, 0.6401345133781433, 0.6416573524475098], "ner_rec": [0.36340853571891785, 0.5839598774909973, 0.664160430431366, 0.6854636669158936, 0.6766917109489441, 0.6842105388641357, 0.7230576276779175, 0.6591478586196899, 0.6917293071746826, 0.6842105388641357, 0.7117794752120972, 0.6917293071746826, 0.7167919874191284, 0.7055137753486633, 0.6929824352264404, 0.713032603263855, 0.7142857313156128, 0.7092731595039368, 0.719298243522644, 0.7230576276779175, 0.719298243522644, 0.708020031452179, 0.7167919874191284, 0.7155388593673706, 0.7180451154708862], "macro_f1": [0.0, 0.0, 0.0, 0.0, 0.0, 0.0, 0.0, 0.0, 0.0, 0.0, 0.0, 0.0, 0.0, 0.0, 0.0, 0.0, 0.0, 0.0, 0.0, 0.0, 0.0, 0.0, 0.0, 0.0, 0.0], "macro_pr": [0.0, 0.0, 0.0, 0.0, 0.0, 0.0, 0.0, 0.0, 0.0, 0.0, 0.0, 0.0, 0.0, 0.0, 0.0, 0.0, 0.0, 0.0, 0.0, 0.0, 0.0, 0.0, 0.0, 0.0, 0.0], "macro_rec": [0.0, 0.0, 0.0, 0.0, 0.0, 0.0, 0.0, 0.0, 0.0, 0.0, 0.0, 0.0, 0.0, 0.0, 0.0, 0.0, 0.0, 0.0, 0.0, 0.0, 0.0, 0.0, 0.0, 0.0, 0.0], "macro_ner_f1": [0.22088439762592316, 0.4697880744934082, 0.5630689263343811, 0.5896309614181519, 0.6017359495162964, 0.621285080909729, 0.6232076287269592, 0.6052259206771851, 0.6205377578735352, 0.6075530052185059, 0.6287853121757507, 0.6323187351226807, 0.6310492157936096, 0.6431964039802551, 0.6111738085746765, 0.6291143298149109, 0.6272833943367004, 0.6393074989318848, 0.6421281695365906, 0.649117648601532, 0.6404626965522766, 0.6498124599456787, 0.6442882418632507, 0.6475262641906738, 0.646528422832489], "macro_ner_pr": [0.19614076614379883, 0.4757702052593231, 0.5645406246185303, 0.5725443363189697, 0.5850706696510315, 0.6037859320640564, 0.5764169692993164, 0.6084146499633789, 0.594753086566925, 0.5889492630958557, 0.5918713212013245, 0.6174703240394592, 0.5919777750968933, 0.6500387191772461, 0.5947882533073425, 0.6221656203269958, 0.5925549864768982, 0.6216813921928406, 0.6151427626609802, 0.6230705380439758, 0.6345965266227722, 0.6408287286758423, 0.626778781414032, 0.6315814852714539, 0.6325375437736511], "macro_ner_rec": [0.2659323513507843, 0.49959683418273926, 0.5882983803749084, 0.6232290863990784, 0.6263781785964966, 0.6467265486717224, 0.684807538986206, 0.6261563897132874, 0.6570408940315247, 0.6374076008796692, 0.6740903854370117, 0.6547444462776184, 0.6802327632904053, 0.6575052738189697, 0.648750364780426, 0.6506795883178711, 0.6741752624511719, 0.6646339297294617, 0.6782288551330566, 0.6853578686714172, 0.6645295023918152, 0.6691926121711731, 0.673470675945282, 0.6726453304290771, 0.6711118221282959], "samples_per_s": [132.50907042469842, 204.50051550857575, 191.04616842181977, 153.89150168247536, 192.03109352622627, 181.28295556043548, 154.03472691482798, 197.79177904296205, 178.8455618046998, 166.14648058992017, 152.27771507263333, 184.87371845165157, 152.28537040029056, 155.44840200977518, 192.44900807989362, 207.1424115780424, 178.63454173136356, 202.57392379489661, 189.44251887964555, 152.30553311243247, 174.74183206361292, 160.66955233279128, 212.7527777848228, 188.70431700525853, 228.04058528767638], "samples_total_num": [260, 260, 260, 260, 260, 260, 260, 260, 260, 260, 260, 260, 260, 260, 260, 260, 260, 260, 260, 260, 260, 260, 260, 260, 260], "samples_total_s": [1.962129831314087, 1.271390438079834, 1.3609275817871094, 1.6895020008087158, 1.353947401046753, 1.4342219829559326, 1.6879310607910156, 1.3145136833190918, 1.453768253326416, 1.5648841857910156, 1.707406759262085, 1.4063653945922852, 1.7073209285736084, 1.6725807189941406, 1.3510072231292725, 1.2551751136779785, 1.4554855823516846, 1.2834820747375488, 1.3724479675292969, 1.7070949077606201, 1.4879093170166016, 1.6182281970977783, 1.2220757007598877, 1.377816915512085, 1.1401479244232178], "task_pr": [0.0, 0.49056604504585266, 0.5597015023231506, 0.5819672346115112, 0.5865384340286255, 0.4907975494861603, 0.5436241626739502, 0.6666666865348816, 0.5165562629699707, 0.6236559152603149, 0.5563910007476807, 0.5639097690582275, 0.5600000023841858, 0.5819672346115112, 0.5098039507865906, 0.5967742204666138, 0.5374149680137634, 0.6160714030265808, 0.5934959053993225, 0.626086950302124, 0.6000000238418579, 0.586776852607727, 0.5692307949066162, 0.605042040348053, 0.605042040348053], "task_rec": [0.0, 0.4126984179019928, 0.5952380895614624, 0.5634920597076416, 0.4841269850730896, 0.6349206566810608, 0.6428571343421936, 0.5079365372657776, 0.6190476417541504, 0.460317462682724, 0.5873016119003296, 0.5952380895614624, 0.5555555820465088, 0.5634920597076416, 0.6190476417541504, 0.5873016119003296, 0.6269841194152832, 0.5476190447807312, 0.579365074634552, 0.5714285969734192, 0.5714285969734192, 0.5634920597076416, 0.5873016119003296, 0.5714285969734192, 0.5714285969734192],