{"test_metrics": {"unseen__f1": 0.0, "unseen__pr": 0.0, "unseen__rec": 0.0, "unseen__ner_f1": 0.5505867600440979, "unseen__ner_pr": 0.47902870178222656, "unseen__ner_rec": 0.6472781300544739, "unseen__macro_f1": 0.0, "unseen__macro_pr": 0.0, "unseen__macro_rec": 0.0, "unseen__macro_ner_f1": 0.5005268454551697, "unseen__macro_ner_pr": 0.44983386993408203, "unseen__macro_ner_rec": 0.6070078015327454, "unseen__samples_per_s": 278.8487668885316, "unseen__samples_total_num": 511, "unseen__samples_total_s": 1.8325345516204834, "unseen__task_pr": 0.5335820913314819, "unseen__task_rec": 0.6059321761131287, "unseen__task_f1": 0.567460298538208, "unseen__method_pr": 0.6818181872367859, "unseen__method_rec": 0.7178841233253479, "unseen__method_f1": 0.6993865370750427, "unseen__material_pr": 0.46116504073143005, "unseen__material_rec": 0.7196969985961914, "unseen__material_f1": 0.5621302127838135, "unseen__otherscientificterm_pr": 0.5043327808380127, "unseen__otherscientificterm_rec": 0.625806450843811, "unseen__otherscientificterm_f1": 0.5585412979125977, "unseen__metric_pr": 0.42424243688583374, "unseen__metric_rec": 0.5, "unseen__metric_f1": 0.4590164124965668, "unseen__generic_pr": 0.09386281669139862, "unseen__generic_rec": 0.4727272689342499, "unseen__generic_f1": 0.15662650763988495, "seen__f1": 0.0, "seen__pr": 0.0, "seen__rec": 0.0, "seen__ner_f1": 0.4137931168079376, "seen__ner_pr": 0.27544909715652466, "seen__ner_rec": 0.8313252925872803, "seen__macro_f1": 0.0, "seen__macro_pr": 0.0, "seen__macro_rec": 0.0, "seen__macro_ner_f1": 0.35915112495422363, "seen__macro_ner_pr": 0.2609584629535675, "seen__macro_ner_rec": 0.7957331538200378, "seen__samples_per_s": 335.19884346437027, "seen__samples_total_num": 257, "seen__samples_total_s": 0.7667090892791748, "seen__task_pr": 0.12765957415103912, "seen__task_rec": 0.692307710647583, "seen__task_f1": 0.21556887030601501, "seen__method_pr": 0.12435232847929001, "seen__method_rec": 0.8571428656578064, "seen__method_f1": 0.2171945571899414, "seen__material_pr": 0.20000000298023224, "seen__material_rec": 0.8461538553237915, "seen__material_f1": 0.3235293924808502, "seen__otherscientificterm_pr": 0.125, "seen__otherscientificterm_rec": 0.692307710647583, "seen__otherscientificterm_f1": 0.21176470816135406, "seen__metric_pr": 0.25, "seen__metric_rec": 0.800000011920929, "seen__metric_f1": 0.3809524178504944, "seen__generic_pr": 0.7387387156486511, "seen__generic_rec": 0.8864864706993103, "seen__generic_f1": 0.8058968186378479}, "test_metrics_bounds": {"unseen__f1": 0.0, "unseen__pr": 0.0, "unseen__rec": 0.0, "unseen__ner_f1": 0.6937480568885803, "unseen__ner_pr": 0.6038674116134644, "unseen__ner_rec": 0.8150633573532104, "unseen__macro_f1": 0.0, "unseen__macro_pr": 0.0, "unseen__macro_rec": 0.0, "unseen__macro_ner_f1": 0.6937480568885803, "unseen__macro_ner_pr": 0.6038674116134644, "unseen__macro_ner_rec": 0.8150633573532104, "unseen__samples_per_s": 278.8487668885316, "unseen__samples_total_num": 511, "unseen__samples_total_s": 1.8325345516204834, "seen__f1": 0.0, "seen__pr": 0.0, "seen__rec": 0.0, "seen__ner_f1": 0.43360841274261475, "seen__ner_pr": 0.288711279630661, "seen__ner_rec": 0.8704819083213806, "seen__macro_f1": 0.0, "seen__macro_pr": 0.0, "seen__macro_rec": 0.0, "seen__macro_ner_f1": 0.43360841274261475, "seen__macro_ner_pr": 0.288711279630661, "seen__macro_ner_rec": 0.8704819083213806, "seen__samples_per_s": 335.19884346437027, "seen__samples_total_num": 257, "seen__samples_total_s": 0.7667090892791748}}