{"test_metrics": {"seen__f1": 0.0, "seen__pr": 0.0, "seen__rec": 0.0, "seen__ner_f1": 0.6315789222717285, "seen__ner_pr": 0.47268107533454895, "seen__ner_rec": 0.9514066576957703, "seen__macro_f1": 0.0, "seen__macro_pr": 0.0, "seen__macro_rec": 0.0, "seen__macro_ner_f1": 0.5658782720565796, "seen__macro_ner_pr": 0.4176604747772217, "seen__macro_ner_rec": 0.9026427268981934, "seen__samples_per_s": 272.1594860105286, "seen__samples_total_num": 201, "seen__samples_total_s": 0.7385375499725342, "seen__loc_pr": 0.5569620132446289, "seen__loc_rec": 0.9777777791023254, "seen__loc_f1": 0.7096774578094482, "seen__org_pr": 0.3834586441516876, "seen__org_rec": 0.8793103694915771, "seen__org_f1": 0.5340313911437988, "seen__peop_pr": 0.4921259880065918, "seen__peop_rec": 0.9842519760131836, "seen__peop_f1": 0.6561679840087891, "seen__other_pr": 0.2380952388048172, "seen__other_rec": 0.7692307829856873, "seen__other_f1": 0.3636363744735718, "unseen__f1": 0.0, "unseen__pr": 0.0, "unseen__rec": 0.0, "unseen__ner_f1": 0.6638400554656982, "unseen__ner_pr": 0.5574771165847778, "unseen__ner_rec": 0.8203592896461487, "unseen__macro_f1": 0.0, "unseen__macro_pr": 0.0, "unseen__macro_rec": 0.0, "unseen__macro_ner_f1": 0.6504732370376587, "unseen__macro_ner_pr": 0.5626285076141357, "unseen__macro_ner_rec": 0.7865591049194336, "unseen__samples_per_s": 541.8953486722507, "unseen__samples_total_num": 255, "unseen__samples_total_s": 0.47057056427001953, "unseen__loc_pr": 0.49875929951667786, "unseen__loc_rec": 0.8589743375778198, "unseen__loc_f1": 0.6310831904411316, "unseen__org_pr": 0.5583756566047668, "unseen__org_rec": 0.8029196858406067, "unseen__org_f1": 0.658682644367218, "unseen__peop_pr": 0.6462093591690063, "unseen__peop_rec": 0.9371727705001831, "unseen__peop_f1": 0.7649572491645813, "unseen__other_pr": 0.5471698045730591, "unseen__other_rec": 0.5471698045730591, "unseen__other_f1": 0.5471698045730591}, "test_metrics_bounds": {"seen__f1": 0.0, "seen__pr": 0.0, "seen__rec": 0.0, "seen__ner_f1": 0.6360543966293335, "seen__ner_pr": 0.476433128118515, "seen__ner_rec": 0.95652174949646, "seen__macro_f1": 0.0, "seen__macro_pr": 0.0, "seen__macro_rec": 0.0, "seen__macro_ner_f1": 0.6360543966293335, "seen__macro_ner_pr": 0.476433128118515, "seen__macro_ner_rec": 0.95652174949646, "seen__samples_per_s": 272.1594860105286, "seen__samples_total_num": 201, "seen__samples_total_s": 0.7385375499725342, "unseen__f1": 0.0, "unseen__pr": 0.0, "unseen__rec": 0.0, "unseen__ner_f1": 0.6913280487060547, "unseen__ner_pr": 0.5810397267341614, "unseen__ner_rec": 0.8532934188842773, "unseen__macro_f1": 0.0, "unseen__macro_pr": 0.0, "unseen__macro_rec": 0.0, "unseen__macro_ner_f1": 0.6913280487060547, "unseen__macro_ner_pr": 0.5810397267341614, "unseen__macro_ner_rec": 0.8532934188842773, "unseen__samples_per_s": 541.8953486722507, "unseen__samples_total_num": 255, "unseen__samples_total_s": 0.47057056427001953}}
