{"test_metrics": {"unseen_ner_prec_micro": 16.267592761835132, "unseen_ner_rec_micro": 76.46048109965635, "unseen_ner_f1_micro": 26.827430293896004, "unseen_ner_prec_macro": 15.367239343213187, "unseen_ner_rec_macro": 62.32938879292905, "unseen_ner_f1_macro": 24.37438335743653, "unseen_loc_prec_micro": 17.7818853974122, "unseen_loc_rec_micro": 82.64604810996563, "unseen_loc_f1_micro": 29.266808640097352, "unseen_loc_prec_macro": 17.7818853974122, "unseen_loc_rec_macro": 82.64604810996563, "unseen_loc_f1_macro": 29.266808640097352, "unseen_cls_prec_micro": 91.09518935516888, "unseen_cls_rec_micro": 76.46048109965635, "unseen_cls_f1_micro": 83.1387202241943, "unseen_cls_prec_macro": 84.14555916111101, "unseen_cls_rec_macro": 62.32938879292905, "unseen_cls_f1_macro": 69.62772584943883, "unseen_epoch": 0.0, "unseen_iteration": 0.0, "unseen_global_iteration": 0.0, "seen_ner_prec_micro": 70.83257423938787, "seen_ner_rec_micro": 90.1669758812616, "seen_ner_f1_micro": 79.33884297520662, "seen_ner_prec_macro": 64.84599411116749, "seen_ner_rec_macro": 88.94424958867118, "seen_ner_f1_macro": 74.68144282793853, "seen_loc_prec_micro": 75.63133640552996, "seen_loc_rec_micro": 95.1530612244898, "seen_loc_f1_micro": 84.27647119235905, "seen_loc_prec_macro": 75.63133640552996, "seen_loc_rec_macro": 95.1530612244898, "seen_loc_f1_macro": 84.27647119235905, "seen_cls_prec_micro": 93.9811457577955, "seen_cls_rec_micro": 90.1669758812616, "seen_cls_f1_micro": 92.03456030299444, "seen_cls_prec_macro": 92.44550637123804, "seen_cls_rec_macro": 88.94424958867118, "seen_cls_f1_macro": 90.63572632582948, "seen_epoch": 0.0, "seen_iteration": 0.0, "seen_global_iteration": 0.0, "ner_prec_micro": 87.15562853493888, "ner_rec_micro": 87.23520818115412, "ner_f1_micro": 87.19540020078489, "ner_prec_macro": 80.11105557820386, "ner_rec_macro": 81.32922891320602, "ner_f1_macro": 80.55674261776656, "loc_prec_micro": 93.42930970837948, "loc_rec_micro": 92.43973703433164, "loc_f1_micro": 92.93188911327336, "loc_prec_macro": 93.42930970837948, "loc_rec_macro": 92.43973703433164, "loc_f1_macro": 92.93188911327336, "cls_prec_micro": 93.51996867658576, "cls_rec_micro": 87.23520818115412, "cls_f1_micro": 90.26832955404385, "cls_prec_macro": 90.82174184361097, "cls_rec_macro": 81.32922891320602, "cls_f1_macro": 85.663064582505, "epoch": 0.0, "iteration": 0.0, "global_iteration": 0.0}}