{"test_metrics": {"unseen__f1": 0.0, "unseen__pr": 0.0, "unseen__rec": 0.0, "unseen__ner_f1": 0.5548902153968811, "unseen__ner_pr": 0.42798495292663574, "unseen__ner_rec": 0.7887768149375916, "unseen__macro_f1": 0.0, "unseen__macro_pr": 0.0, "unseen__macro_rec": 0.0, "unseen__macro_ner_f1": 0.592123806476593, "unseen__macro_ner_pr": 0.5187191963195801, "unseen__macro_ner_rec": 0.7467482089996338, "unseen__samples_per_s": 501.32135257622684, "unseen__samples_total_num": 2515, "unseen__samples_total_s": 5.01674222946167, "unseen__organization_pr": 0.5588235259056091, "unseen__organization_rec": 0.6059225797653198, "unseen__organization_f1": 0.5814208388328552, "unseen__location_pr": 0.3147194981575012, "unseen__location_rec": 0.8297150731086731, "unseen__location_f1": 0.45634326338768005, "unseen__person_pr": 0.6826145648956299, "unseen__person_rec": 0.8046068549156189, "unseen__person_f1": 0.7386073470115662, "seen__f1": 0.0, "seen__pr": 0.0, "seen__rec": 0.0, "seen__ner_f1": 0.7924716472625732, "seen__ner_pr": 0.6896985173225403, "seen__ner_rec": 0.9312369227409363, "seen__macro_f1": 0.0, "seen__macro_pr": 0.0, "seen__macro_rec": 0.0, "seen__macro_ner_f1": 0.6433277726173401, "seen__macro_ner_pr": 0.5315995216369629, "seen__macro_ner_rec": 0.8762205243110657, "seen__samples_per_s": 498.0485302696597, "seen__samples_total_num": 4577, "seen__samples_total_s": 9.189867496490479, "seen__organization_pr": 0.48616600036621094, "seen__organization_rec": 0.7711598873138428, "seen__organization_f1": 0.5963636636734009, "seen__location_pr": 0.7859102487564087, "seen__location_rec": 0.9401849508285522, "seen__location_f1": 0.8561531901359558, "seen__person_pr": 0.32272228598594666, "seen__person_rec": 0.9173166751861572, "seen__person_f1": 0.47746649384498596}, "test_metrics_bounds": {"unseen__f1": 0.0, "unseen__pr": 0.0, "unseen__rec": 0.0, "unseen__ner_f1": 0.5870481729507446, "unseen__ner_pr": 0.45278823375701904, "unseen__ner_rec": 0.8344892859458923, "unseen__macro_f1": 0.0, "unseen__macro_pr": 0.0, "unseen__macro_rec": 0.0, "unseen__macro_ner_f1": 0.5870481729507446, "unseen__macro_ner_pr": 0.45278823375701904, "unseen__macro_ner_rec": 0.8344892859458923, "unseen__samples_per_s": 501.32135257622684, "unseen__samples_total_num": 2515, "unseen__samples_total_s": 5.01674222946167, "seen__f1": 0.0, "seen__pr": 0.0, "seen__rec": 0.0, "seen__ner_f1": 0.7979125380516052, "seen__ner_pr": 0.6944336891174316, "seen__ner_rec": 0.9376304745674133, "seen__macro_f1": 0.0, "seen__macro_pr": 0.0, "seen__macro_rec": 0.0, "seen__macro_ner_f1": 0.7979125380516052, "seen__macro_ner_pr": 0.6944336891174316, "seen__macro_ner_rec": 0.9376304745674133, "seen__samples_per_s": 498.0485302696597, "seen__samples_total_num": 4577, "seen__samples_total_s": 9.189867496490479}}