{"test_metrics": {"f1": 0.0, "pr": 0.0, "rec": 0.0, "ner_f1": 0.6513100266456604, "ner_pr": 0.628333330154419, "ner_rec": 0.6760310530662537, "macro_f1": 0.0, "macro_pr": 0.0, "macro_rec": 0.0, "macro_ner_f1": 0.6347164511680603, "macro_ner_pr": 0.6286073327064514, "macro_ner_rec": 0.6482723355293274, "samples_per_s": 134.66847075419588, "samples_total_num": 529, "samples_total_s": 3.9281651973724365, "task_pr": 0.5957446694374084, "task_rec": 0.6412213444709778, "task_f1": 0.6176470518112183, "method_pr": 0.7481481432914734, "method_rec": 0.7129411697387695, "method_f1": 0.7301204800605774, "material_pr": 0.6190476417541504, "material_rec": 0.6582278609275818, "material_f1": 0.6380367875099182, "otherscientificterm_pr": 0.5603305697441101, "otherscientificterm_rec": 0.655705988407135, "otherscientificterm_f1": 0.6042780876159668, "metric_pr": 0.6037735939025879, "metric_rec": 0.4507042169570923, "metric_f1": 0.5161290168762207, "generic_pr": 0.6445993185043335, "generic_rec": 0.7708333134651184, "generic_f1": 0.7020872235298157}, "test_metrics_bounds": {"f1": 0.0, "pr": 0.0, "rec": 0.0, "ner_f1": 0.7911264896392822, "ner_pr": 0.7636262774467468, "ner_rec": 0.8206813931465149, "macro_f1": 0.0, "macro_pr": 0.0, "macro_rec": 0.0, "macro_ner_f1": 0.7911264896392822, "macro_ner_pr": 0.7636262774467468, "macro_ner_rec": 0.8206813931465149, "samples_per_s": 134.66847075419588, "samples_total_num": 529, "samples_total_s": 3.9281651973724365}, "metrics": {"f1": [0.0, 0.0, 0.0, 0.0, 0.0, 0.0, 0.0, 0.0, 0.0, 0.0, 0.0, 0.0, 0.0, 0.0, 0.0, 0.0, 0.0, 0.0, 0.0, 0.0, 0.0, 0.0, 0.0, 0.0, 0.0], "pr": [0.0, 0.0, 0.0, 0.0, 0.0, 0.0, 0.0, 0.0, 0.0, 0.0, 0.0, 0.0, 0.0, 0.0, 0.0, 0.0, 0.0, 0.0, 0.0, 0.0, 0.0, 0.0, 0.0, 0.0, 0.0], "rec": [0.0, 0.0, 0.0, 0.0, 0.0, 0.0, 0.0, 0.0, 0.0, 0.0, 0.0, 0.0, 0.0, 0.0, 0.0, 0.0, 0.0, 0.0, 0.0, 0.0, 0.0, 0.0, 0.0, 0.0, 0.0], "ner_f1": [0.3341676890850067, 0.5100056529045105, 0.6019091010093689, 0.6122931838035583, 0.6184448599815369, 0.6393141746520996, 0.6456224322319031, 0.6374926567077637, 0.6549707651138306, 0.6463834643363953, 0.6289307475090027, 0.658242404460907, 0.6596243977546692, 0.6598923802375793, 0.6510539054870605, 0.6599406599998474, 0.6642857193946838, 0.6670687198638916, 0.6650887131690979, 0.675059974193573, 0.6750903129577637, 0.6682380437850952, 0.6745842695236206, 0.6781472563743591, 0.6773428320884705], "ner_pr": [0.33375000953674316, 0.46898001432418823, 0.5452696084976196, 0.5794183611869812, 0.595818817615509, 0.6251497268676758, 0.6152099967002869, 0.6035834550857544, 0.6140350699424744, 0.5963982939720154, 0.5783385634422302, 0.6076352000236511, 0.620309054851532, 0.6308571696281433, 0.6109890341758728, 0.6268320083618164, 0.6326530575752258, 0.6430232524871826, 0.6300448179244995, 0.6471264362335205, 0.6493055820465088, 0.6307007670402527, 0.6410835385322571, 0.6444694995880127, 0.6430180072784424], "ner_rec": [0.3345864713191986, 0.5588972568511963, 0.6716791987419128, 0.6491228342056274, 0.6428571343421936, 0.6541353464126587, 0.6791979670524597, 0.6754385828971863, 0.7017543911933899, 0.7055137753486633, 0.689223051071167, 0.7180451154708862, 0.7042606472969055, 0.6917293071746826, 0.6967418789863586, 0.6967418789863586, 0.6992481350898743, 0.6929824352264404, 0.7042606472969055, 0.7055137753486633, 0.7030075192451477, 0.7105262875556946, 0.7117794752120972, 0.7155388593673706, 0.7155388593673706], "macro_f1": [0.0, 0.0, 0.0, 0.0, 0.0, 0.0, 0.0, 0.0, 0.0, 0.0, 0.0, 0.0, 0.0, 0.0, 0.0, 0.0, 0.0, 0.0, 0.0, 0.0, 0.0, 0.0, 0.0, 0.0, 0.0], "macro_pr": [0.0, 0.0, 0.0, 0.0, 0.0, 0.0, 0.0, 0.0, 0.0, 0.0, 0.0, 0.0, 0.0, 0.0, 0.0, 0.0, 0.0, 0.0, 0.0, 0.0, 0.0, 0.0, 0.0, 0.0, 0.0], "macro_rec": [0.0, 0.0, 0.0, 0.0, 0.0, 0.0, 0.0, 0.0, 0.0, 0.0, 0.0, 0.0, 0.0, 0.0, 0.0, 0.0, 0.0, 0.0, 0.0, 0.0, 0.0, 0.0, 0.0, 0.0, 0.0], "macro_ner_f1": [0.20648093521595, 0.42022988200187683, 0.530412495136261, 0.5655152201652527, 0.5798125863075256, 0.6043123006820679, 0.6071875691413879, 0.6016993522644043, 0.6390259861946106, 0.6270368695259094, 0.6001758575439453, 0.6373593807220459, 0.6308547258377075, 0.6498112678527832, 0.6231080293655396, 0.630059003829956, 0.6316580772399902, 0.6459025740623474, 0.6476427912712097, 0.6570043563842773, 0.652068555355072, 0.6429102420806885, 0.6492948532104492, 0.6516201496124268, 0.650583803653717], "macro_ner_pr": [0.17693458497524261, 0.3908139765262604, 0.570950984954834, 0.6069492101669312, 0.5955127477645874, 0.6246971487998962, 0.6040742993354797, 0.5944394469261169, 0.6214773058891296, 0.6032055020332336, 0.5780147910118103, 0.6114800572395325, 0.6051865816116333, 0.6422132849693298, 0.6068430542945862, 0.6152056455612183, 0.6167051196098328, 0.6476395726203918, 0.6256587505340576, 0.639827311038971, 0.6423385143280029, 0.621191680431366, 0.6311081051826477, 0.6310647130012512, 0.6291124224662781], "macro_ner_rec": [0.2538715898990631, 0.4678596556186676, 0.5738716125488281, 0.5646502375602722, 0.5856642127037048, 0.6065552234649658, 0.6223549246788025, 0.6205276846885681, 0.6651248335838318, 0.666660487651825, 0.6361463069915771, 0.6740124821662903, 0.6629364490509033, 0.6638161540031433, 0.6493234634399414, 0.6523412466049194, 0.652186930179596, 0.6532309055328369, 0.675447940826416, 0.6789082884788513, 0.6663152575492859, 0.6703882217407227, 0.6727603077888489, 0.6766853332519531, 0.676715075969696], "samples_per_s": [145.7016933835217, 166.28526276272385, 163.68504515181766, 163.53737232348132, 145.883155585515, 159.788277269214, 143.03037043760102, 156.9761833645577, 151.602620948767, 148.28629184136403, 141.2900011829025, 164.3699548122402, 162.13567538105306, 173.77609743147318, 147.22391441640542, 175.58391540947773, 180.75210790903049, 154.4815862722452, 143.9048347089498, 169.37804628591726, 163.7108219295712, 167.85952442632836, 141.0609825537581, 153.59775724428604, 169.9581618780758], "samples_total_num": [260, 260, 260, 260, 260, 260, 260, 260, 260, 260, 260, 260, 260, 260, 260, 260, 260, 260, 260, 260, 260, 260, 260, 260, 260], "samples_total_s": [1.7844679355621338, 1.5635781288146973, 1.588416337966919, 1.589850664138794, 1.7822482585906982, 1.6271531581878662, 1.817795753479004, 1.6563022136688232, 1.7150099277496338, 1.7533650398254395, 1.8401868343353271, 1.5817975997924805, 1.60359525680542, 1.496178150177002, 1.7660174369812012, 1.4807734489440918, 1.43843412399292, 1.6830484867095947, 1.8067495822906494, 1.5350277423858643, 1.5881662368774414, 1.5489141941070557, 1.8431744575500488, 1.6927330493927002, 1.5297882556915283], "task_pr": [0.0, 0.4296296238899231, 0.4804469347000122, 0.6329113841056824, 0.5062500238418579, 0.5430463552474976, 0.6637930870056152, 0.5249999761581421, 0.6880733966827393, 0.5569620132446289, 0.630630612373352, 0.5448718070983887, 0.5443037748336792, 0.6014492511749268, 0.5954198241233826, 0.6240000128746033, 0.6060606241226196, 0.6495726704597473, 0.5477706789970398, 0.553459107875824, 0.588652491569519, 0.5874125957489014, 0.5799999833106995, 0.6136363744735718, 0.60447758436203], "task_rec": [0.0, 0.460317462682724, 0.682539701461792, 0.3968254029750824, 0.6428571343421936, 0.6507936716079712, 0.6111111044883728, 0.6666666865348816, 0.5952380895614624, 0.6984127163887024, 0.5555555820465088, 0.6746031641960144, 0.682539701461792, 0.658730149269104, 0.6190476417541504, 0.6190476417541504, 0.6349206566810608, 0.60317462682724, 0.682539701461792, 0.6984127163887024, 0.658730149269104, 0.6666666865348816, 0.6904761791229248, 0.6428571343421936, 0.6428571343421936],