{"test_metrics": {"unseen__f1": 0.0, "unseen__pr": 0.0, "unseen__rec": 0.0, "unseen__ner_f1": 0.5590778589248657, "unseen__ner_pr": 0.4937782883644104, "unseen__ner_rec": 0.6442804336547852, "unseen__macro_f1": 0.0, "unseen__macro_pr": 0.0, "unseen__macro_rec": 0.0, "unseen__macro_ner_f1": 0.5025413632392883, "unseen__macro_ner_pr": 0.4668651521205902, "unseen__macro_ner_rec": 0.5840186476707458, "unseen__samples_per_s": 279.21558584816717, "unseen__samples_total_num": 512, "unseen__samples_total_s": 1.8337085247039795, "unseen__task_pr": 0.5448028445243835, "unseen__task_rec": 0.6255143880844116, "unseen__task_f1": 0.5823754668235779, "unseen__method_pr": 0.6947891116142273, "unseen__method_rec": 0.7088607549667358, "unseen__method_f1": 0.7017544507980347, "unseen__material_pr": 0.5178571343421936, "unseen__material_rec": 0.6492537260055542, "unseen__material_f1": 0.5761589407920837, "unseen__otherscientificterm_pr": 0.5134680271148682, "unseen__otherscientificterm_rec": 0.6475583910942078, "unseen__otherscientificterm_f1": 0.5727699398994446, "unseen__metric_pr": 0.4313725531101227, "unseen__metric_rec": 0.40740740299224854, "unseen__metric_f1": 0.41904762387275696, "unseen__generic_pr": 0.09890110045671463, "unseen__generic_rec": 0.4655172526836395, "unseen__generic_f1": 0.16314199566841125, "seen__f1": 0.0, "seen__pr": 0.0, "seen__rec": 0.0, "seen__ner_f1": 0.4121405780315399, "seen__ner_pr": 0.2762312591075897, "seen__ner_rec": 0.8113207817077637, "seen__macro_f1": 0.0, "seen__macro_pr": 0.0, "seen__macro_rec": 0.0, "seen__macro_ner_f1": 0.35518312454223633, "seen__macro_ner_pr": 0.2677924633026123, "seen__macro_ner_rec": 0.7521004676818848, "seen__samples_per_s": 345.2517093050818, "seen__samples_total_num": 241, "seen__samples_total_s": 0.6980414390563965, "seen__task_pr": 0.1221374049782753, "seen__task_rec": 0.8421052694320679, "seen__task_f1": 0.21333332359790802, "seen__method_pr": 0.12777778506278992, "seen__method_rec": 0.7666666507720947, "seen__method_f1": 0.21904762089252472, "seen__material_pr": 0.17894737422466278, "seen__material_rec": 0.7083333134651184, "seen__material_f1": 0.2857142984867096, "seen__otherscientificterm_pr": 0.11888112127780914, "seen__otherscientificterm_rec": 0.739130437374115, "seen__otherscientificterm_f1": 0.20481927692890167, "seen__metric_pr": 0.3030303120613098, "seen__metric_rec": 0.5882353186607361, "seen__metric_f1": 0.4000000059604645, "seen__generic_pr": 0.7559808492660522, "seen__generic_rec": 0.8681318759918213, "seen__generic_f1": 0.8081841468811035}, "test_metrics_bounds": {"unseen__f1": 0.0, "unseen__pr": 0.0, "unseen__rec": 0.0, "unseen__ner_f1": 0.7036206126213074, "unseen__ner_pr": 0.6217440366744995, "unseen__ner_rec": 0.8103321194648743, "unseen__macro_f1": 0.0, "unseen__macro_pr": 0.0, "unseen__macro_rec": 0.0, "unseen__macro_ner_f1": 0.7036206126213074, "unseen__macro_ner_pr": 0.6217440366744995, "unseen__macro_ner_rec": 0.8103321194648743, "unseen__samples_per_s": 279.21558584816717, "unseen__samples_total_num": 512, "unseen__samples_total_s": 1.8337085247039795, "seen__f1": 0.0, "seen__pr": 0.0, "seen__rec": 0.0, "seen__ner_f1": 0.439648300409317, "seen__ner_pr": 0.29474812746047974, "seen__ner_rec": 0.8647798895835876, "seen__macro_f1": 0.0, "seen__macro_pr": 0.0, "seen__macro_rec": 0.0, "seen__macro_ner_f1": 0.439648300409317, "seen__macro_ner_pr": 0.29474812746047974, "seen__macro_ner_rec": 0.8647798895835876, "seen__samples_per_s": 345.2517093050818, "seen__samples_total_num": 241, "seen__samples_total_s": 0.6980414390563965}}