{"test_metrics": {"f1": 0.0, "pr": 0.0, "rec": 0.0, "ner_f1": 0.8700140714645386, "ner_pr": 0.8647388219833374, "ner_rec": 0.8753541111946106, "macro_f1": 0.0, "macro_pr": 0.0, "macro_rec": 0.0, "macro_ner_f1": 0.8290345072746277, "macro_ner_pr": 0.8353123664855957, "macro_ner_rec": 0.8285222053527832, "samples_per_s": 173.91994001288893, "samples_total_num": 288, "samples_total_s": 1.6559343338012695, "loc_pr": 0.883449912071228, "loc_rec": 0.9154589176177979, "loc_f1": 0.8991696238517761, "org_pr": 0.752293586730957, "org_rec": 0.8410256505012512, "org_f1": 0.7941888570785522, "peop_pr": 0.953125, "peop_rec": 0.9591194987297058, "peop_f1": 0.9561128616333008, "other_pr": 0.7523809671401978, "other_rec": 0.5984848737716675, "other_f1": 0.6666666865348816}, "test_metrics_bounds": {"f1": 0.0, "pr": 0.0, "rec": 0.0, "ner_f1": 0.893896758556366, "ner_pr": 0.8888888955116272, "ner_rec": 0.8989613056182861, "macro_f1": 0.0, "macro_pr": 0.0, "macro_rec": 0.0, "macro_ner_f1": 0.893896758556366, "macro_ner_pr": 0.8888888955116272, "macro_ner_rec": 0.8989613056182861, "samples_per_s": 173.91994001288893, "samples_total_num": 288, "samples_total_s": 1.6559343338012695}, "metrics": {"f1": [0.0, 0.0, 0.0, 0.0, 0.0, 0.0, 0.0, 0.0, 0.0, 0.0, 0.0, 0.0, 0.0, 0.0, 0.0, 0.0, 0.0, 0.0, 0.0, 0.0, 0.0, 0.0, 0.0, 0.0, 0.0, 0.0, 0.0, 0.0, 0.0, 0.0, 0.0, 0.0, 0.0, 0.0, 0.0, 0.0, 0.0], "pr": [0.0, 0.0, 0.0, 0.0, 0.0, 0.0, 0.0, 0.0, 0.0, 0.0, 0.0, 0.0, 0.0, 0.0, 0.0, 0.0, 0.0, 0.0, 0.0, 0.0, 0.0, 0.0, 0.0, 0.0, 0.0, 0.0, 0.0, 0.0, 0.0, 0.0, 0.0, 0.0, 0.0, 0.0, 0.0, 0.0, 0.0], "rec": [0.0, 0.0, 0.0, 0.0, 0.0, 0.0, 0.0, 0.0, 0.0, 0.0, 0.0, 0.0, 0.0, 0.0, 0.0, 0.0, 0.0, 0.0, 0.0, 0.0, 0.0, 0.0, 0.0, 0.0, 0.0, 0.0, 0.0, 0.0, 0.0, 0.0, 0.0, 0.0, 0.0, 0.0, 0.0, 0.0, 0.0], "ner_f1": [0.5366178750991821, 0.73195880651474, 0.7704636454582214, 0.7888531684875488, 0.8104575276374817, 0.8229044079780579, 0.8048638701438904, 0.8117994070053101, 0.8370754718780518, 0.804532527923584, 0.8084378838539124, 0.8343839645385742, 0.8434432148933411, 0.8516638278961182, 0.850989580154419, 0.823863685131073, 0.8326625227928162, 0.8115941882133484, 0.8431486487388611, 0.8408442139625549, 0.849829375743866, 0.8334255218505859, 0.8558456301689148, 0.8521940112113953, 0.8467650413513184, 0.8607740998268127, 0.8617510795593262, 0.838412880897522, 0.8535324931144714, 0.8452786803245544, 0.8448074460029602, 0.8427029848098755, 0.8495677709579468, 0.8538550138473511, 0.8468571305274963, 0.8503754734992981, 0.8527572751045227], "ner_pr": [0.6427432298660278, 0.7336394786834717, 0.771789014339447, 0.7426841855049133, 0.844059407711029, 0.851037859916687, 0.815727710723877, 0.8390243649482727, 0.8433874845504761, 0.7977527976036072, 0.806598424911499, 0.8367816209793091, 0.8528037667274475, 0.8407572507858276, 0.8671411871910095, 0.8192090392112732, 0.8379629850387573, 0.8235294222831726, 0.8607142567634583, 0.839407742023468, 0.845979630947113, 0.807939887046814, 0.8500563502311707, 0.8611435294151306, 0.8410372138023376, 0.8703271150588989, 0.8687572479248047, 0.84375, 0.8579676747322083, 0.8414496183395386, 0.8629320859909058, 0.8374717831611633, 0.8569767475128174, 0.8597913980484009, 0.8468571305274963, 0.8598130941390991, 0.848416268825531], "ner_rec": [0.46057143807411194, 0.7302857041358948, 0.7691428661346436, 0.8411428332328796, 0.7794285416603088, 0.7965714335441589, 0.7942857146263123, 0.7862856984138489, 0.8308571577072144, 0.8114285469055176, 0.8102856874465942, 0.8320000171661377, 0.8342857360839844, 0.8628571629524231, 0.8354285955429077, 0.8285714387893677, 0.8274285793304443, 0.800000011920929, 0.826285719871521, 0.842285692691803, 0.8537142872810364, 0.8605714440345764, 0.8617143034934998, 0.8434285521507263, 0.852571427822113, 0.8514285683631897, 0.8548571467399597, 0.833142876625061, 0.849142849445343, 0.849142849445343, 0.8274285793304443, 0.8479999899864197, 0.842285692691803, 0.8479999899864197, 0.8468571305274963, 0.8411428332328796, 0.8571428656578064], "macro_f1": [0.0, 0.0, 0.0, 0.0, 0.0, 0.0, 0.0, 0.0, 0.0, 0.0, 0.0, 0.0, 0.0, 0.0, 0.0, 0.0, 0.0, 0.0, 0.0, 0.0, 0.0, 0.0, 0.0, 0.0, 0.0, 0.0, 0.0, 0.0, 0.0, 0.0, 0.0, 0.0, 0.0, 0.0, 0.0, 0.0, 0.0], "macro_pr": [0.0, 0.0, 0.0, 0.0, 0.0, 0.0, 0.0, 0.0, 0.0, 0.0, 0.0, 0.0, 0.0, 0.0, 0.0, 0.0, 0.0, 0.0, 0.0, 0.0, 0.0, 0.0, 0.0, 0.0, 0.0, 0.0, 0.0, 0.0, 0.0, 0.0, 0.0, 0.0, 0.0, 0.0, 0.0, 0.0, 0.0], "macro_rec": [0.0, 0.0, 0.0, 0.0, 0.0, 0.0, 0.0, 0.0, 0.0, 0.0, 0.0, 0.0, 0.0, 0.0, 0.0, 0.0, 0.0, 0.0, 0.0, 0.0, 0.0, 0.0, 0.0, 0.0, 0.0, 0.0, 0.0, 0.0, 0.0, 0.0, 0.0, 0.0, 0.0, 0.0, 0.0, 0.0, 0.0], "macro_ner_f1": [0.4083990156650543, 0.6557989716529846, 0.7238054275512695, 0.7418508529663086, 0.7409682869911194, 0.7702378630638123, 0.7536764740943909, 0.7486688494682312, 0.7862164974212646, 0.7524712085723877, 0.754815936088562, 0.7821016311645508, 0.7885493040084839, 0.8055778741836548, 0.7929266095161438, 0.7737725377082825, 0.7723020911216736, 0.7646167278289795, 0.7879393696784973, 0.797419011592865, 0.8043519258499146, 0.7903032302856445, 0.8066874146461487, 0.800072431564331, 0.8007950186729431, 0.8081275224685669, 0.8115525245666504, 0.7860852479934692, 0.8029163479804993, 0.7981485724449158, 0.7883156538009644, 0.7948390245437622, 0.79930579662323, 0.7987700700759888, 0.7954515218734741, 0.8029860854148865, 0.804444432258606], "macro_ner_pr": [0.6748181581497192, 0.7275717258453369, 0.7256104350090027, 0.7088651061058044, 0.8012366890907288, 0.8087986707687378, 0.7710647583007812, 0.8245915174484253, 0.7971872687339783, 0.7631336450576782, 0.7535132765769958, 0.7990614771842957, 0.8186943531036377, 0.8055658340454102, 0.8156334161758423, 0.7800111770629883, 0.7889192700386047, 0.7846173048019409, 0.8112205862998962, 0.8255689144134521, 0.8133179545402527, 0.7856923937797546, 0.8191033601760864, 0.8273800015449524, 0.8176105618476868, 0.8314052224159241, 0.8370732665061951, 0.8110834360122681, 0.8208419680595398, 0.8100940585136414, 0.8280213475227356, 0.8010573983192444, 0.818250834941864, 0.8221725821495056, 0.8138969540596008, 0.838219404220581, 0.8170158863067627], "macro_ner_rec": [0.3677205741405487, 0.646297812461853, 0.722211480140686, 0.7836169004440308, 0.7027259469032288, 0.7435189485549927, 0.7393842935562134, 0.7088861465454102, 0.7778517007827759, 0.7502180337905884, 0.7570724487304688, 0.7713130116462708, 0.7701753377914429, 0.8090953826904297, 0.7739248275756836, 0.7719537615776062, 0.7641379833221436, 0.748747706413269, 0.767475962638855, 0.7838714122772217, 0.8054003715515137, 0.804058849811554, 0.8034597039222717, 0.7885860800743103, 0.7950095534324646, 0.791568398475647, 0.7978774309158325, 0.7789495587348938, 0.7927139401435852, 0.791447103023529, 0.7633035182952881, 0.7941253185272217, 0.7855294942855835, 0.7899363040924072, 0.785657525062561, 0.7837205529212952, 0.7992514371871948], "samples_per_s": [134.77064469795667, 151.74304905597967, 152.29538838785734, 157.02893372878884, 165.83103238815465, 169.1088077294578, 144.2393211813436, 152.85841915095224, 162.49309011578472, 149.1528482130693, 165.1209325590412, 129.2219514179436, 166.79472845017992, 152.54480716520405, 167.9098315242021, 153.08863990797784, 154.2671956429356, 167.6890268945456, 158.88658914020604, 143.21994604885225, 139.8412898920048, 135.88330198574613, 156.40827923231004, 168.81189511643228, 161.73813720171273, 163.97628643259878, 143.28694028228387, 185.79633483004508, 154.89812736321812, 183.1956820401778, 138.99401981726342, 179.0671251135706, 155.03107536418656, 176.3682732902657, 167.52822150396074, 160.58320447021597, 147.3375514317401], "samples_total_num": [231, 231, 231, 231, 231, 231, 231, 231, 231, 231, 231, 231, 231, 231, 231, 231, 231, 231, 231, 231, 231, 231, 231, 231, 231, 231, 231, 231, 231, 231, 231, 231, 231, 231, 231, 231, 231],