{"test_metrics": {"seen__f1": 0.0, "seen__pr": 0.0, "seen__rec": 0.0, "seen__ner_f1": 0.5661030411720276, "seen__ner_pr": 0.4245207607746124, "seen__ner_rec": 0.8493807315826416, "seen__macro_f1": 0.0, "seen__macro_pr": 0.0, "seen__macro_rec": 0.0, "seen__macro_ner_f1": 0.5052620768547058, "seen__macro_ner_pr": 0.37971144914627075, "seen__macro_ner_rec": 0.8196955919265747, "seen__samples_per_s": 487.74506872690796, "seen__samples_total_num": 1854, "seen__samples_total_s": 3.80116605758667, "seen__dna_pr": 0.24938271939754486, "seen__dna_rec": 0.7870129942893982, "seen__dna_f1": 0.3787500262260437, "seen__rna_pr": 0.28260868787765503, "seen__rna_rec": 0.8666666746139526, "seen__rna_f1": 0.4262295067310333, "seen__cell_type_pr": 0.5719769597053528, "seen__cell_type_rec": 0.7431421279907227, "seen__cell_type_f1": 0.6464208364486694, "seen__protein_pr": 0.49291282892227173, "seen__protein_rec": 0.8956857919692993, "seen__protein_f1": 0.6358857154846191, "seen__cell_line_pr": 0.3016759753227234, "seen__cell_line_rec": 0.8059701323509216, "seen__cell_line_f1": 0.4390243887901306, "unseen__f1": 0.0, "unseen__pr": 0.0, "unseen__rec": 0.0, "unseen__ner_f1": 0.4821428656578064, "unseen__ner_pr": 0.37200480699539185, "unseen__ner_rec": 0.684926450252533, "unseen__macro_f1": 0.0, "unseen__macro_pr": 0.0, "unseen__macro_rec": 0.0, "unseen__macro_ner_f1": 0.5118461847305298, "unseen__macro_ner_pr": 0.4292846620082855, "unseen__macro_ner_rec": 0.6690999269485474, "unseen__samples_per_s": 543.4709261099401, "unseen__samples_total_num": 1854, "unseen__samples_total_s": 3.4114060401916504, "unseen__dna_pr": 0.5127571821212769, "unseen__dna_rec": 0.7329411506652832, "unseen__dna_f1": 0.6033897995948792, "unseen__rna_pr": 0.6086956262588501, "unseen__rna_rec": 0.7567567825317383, "unseen__rna_f1": 0.6746987700462341, "unseen__cell_type_pr": 0.21305182576179504, "unseen__cell_type_rec": 0.5873016119003296, "unseen__cell_type_f1": 0.3126760721206665, "unseen__protein_pr": 0.3175053298473358, "unseen__protein_rec": 0.6881720423698425, "unseen__protein_f1": 0.4345296025276184, "unseen__cell_line_pr": 0.4944134056568146, "unseen__cell_line_rec": 0.5803278684616089, "unseen__cell_line_f1": 0.5339366793632507}, "test_metrics_bounds": {"seen__f1": 0.0, "seen__pr": 0.0, "seen__rec": 0.0, "seen__ner_f1": 0.5715427398681641, "seen__ner_pr": 0.42874276638031006, "seen__ner_rec": 0.8569716215133667, "seen__macro_f1": 0.0, "seen__macro_pr": 0.0, "seen__macro_rec": 0.0, "seen__macro_ner_f1": 0.5715427398681641, "seen__macro_ner_pr": 0.42874276638031006, "seen__macro_ner_rec": 0.8569716215133667, "seen__samples_per_s": 487.74506872690796, "seen__samples_total_num": 1854, "seen__samples_total_s": 3.80116605758667, "unseen__f1": 0.0, "unseen__pr": 0.0, "unseen__rec": 0.0, "unseen__ner_f1": 0.5301048755645752, "unseen__ner_pr": 0.4091545045375824, "unseen__ner_rec": 0.752573549747467, "unseen__macro_f1": 0.0, "unseen__macro_pr": 0.0, "unseen__macro_rec": 0.0, "unseen__macro_ner_f1": 0.5301048755645752, "unseen__macro_ner_pr": 0.4091545045375824, "unseen__macro_ner_rec": 0.752573549747467, "unseen__samples_per_s": 543.4709261099401, "unseen__samples_total_num": 1854, "unseen__samples_total_s": 3.4114060401916504}}