{
  "test_metrics": {
    "f1": 0.0,
    "pr": 0.0,
    "rec": 0.0,
    "ner_f1": 0.6179479956626892,
    "ner_pr": 0.6046910881996155,
    "ner_rec": 0.6317991614341736,
    "macro_f1": 0.0,
    "macro_pr": 0.0,
    "macro_rec": 0.0,
    "macro_ner_f1": 0.6002224087715149,
    "macro_ner_pr": 0.6017584204673767,
    "macro_ner_rec": 0.607547402381897,
    "samples_per_s": 363.86450673173016,
    "samples_total_num": 529,
    "samples_total_s": 1.4538378715515137,
    "task_pr": 0.5537459254264832,
    "task_rec": 0.6488549709320068,
    "task_f1": 0.597539484500885,
    "method_pr": 0.7220902442932129,
    "method_rec": 0.7152941226959229,
    "method_f1": 0.7186761498451233,
    "material_pr": 0.6011560559272766,
    "material_rec": 0.6582278609275818,
    "material_f1": 0.6283987760543823,
    "otherscientificterm_pr": 0.53644859790802,
    "otherscientificterm_rec": 0.5551257133483887,
    "otherscientificterm_f1": 0.5456273555755615,
    "metric_pr": 0.5744680762290955,
    "metric_rec": 0.3802816867828369,
    "metric_f1": 0.4576271176338196,
    "generic_pr": 0.6226415038108826,
    "generic_rec": 0.6875,
    "generic_f1": 0.6534653306007385
  },
  "test_metrics_bounds": {
    "f1": 0.0,
    "pr": 0.0,
    "rec": 0.0,
    "ner_f1": 0.7653598189353943,
    "ner_pr": 0.7495701909065247,
    "ner_rec": 0.7818290591239929,
    "macro_f1": 0.0,
    "macro_pr": 0.0,
    "macro_rec": 0.0,
    "macro_ner_f1": 0.7653598189353943,
    "macro_ner_pr": 0.7495701909065247,
    "macro_ner_rec": 0.7818290591239929,
    "samples_per_s": 363.86450673173016,
    "samples_total_num": 529,
    "samples_total_s": 1.4538378715515137
  }
}