{"test_metrics": {"Eval_Ent_Precision": 63.87743074380975, "Eval_Ent_Recall": 64.40879380343578, "Eval_Ent_F1": 64.14201181758341, "Eval_Time": 24.29274892807007, "Eval_Examples": 551, "Eval_Examples_Per_Second": 22.681665283393436, "seen_Eval_Ent_Precision": 10.548025974604567, "seen_Eval_Ent_Recall": 70.19607827297195, "seen_Eval_Ent_F1": 18.340163999302945, "seen_Eval_Time": 24.985612154006958, "seen_Eval_Examples": 551, "seen_Eval_Examples_Per_Second": 22.05269162923574, "unseen_Eval_Ent_Precision": 53.329404828132695, "unseen_Eval_Ent_Recall": 63.37535012132304, "unseen_Eval_Ent_F1": 57.919999989862404, "unseen_Eval_Time": 20.40547013282776, "unseen_Eval_Examples": 551, "unseen_Eval_Examples_Per_Second": 27.002563352537827}}