{"test_metrics": {"f1": 0.0, "pr": 0.0, "rec": 0.0, "ner_f1": 0.8709442019462585, "ner_pr": 0.8626652359962463, "ner_rec": 0.8793835639953613, "macro_f1": 0.0, "macro_pr": 0.0, "macro_rec": 0.0, "macro_ner_f1": 0.7925493121147156, "macro_ner_pr": 0.7682967185974121, "macro_ner_rec": 0.8201305866241455, "samples_per_s": 189.760965384589, "samples_total_num": 5000, "samples_total_s": 26.348938465118408, "organization_pr": 0.6468489766120911, "organization_rec": 0.7176781296730042, "organization_f1": 0.6804252862930298, "location_pr": 0.918022632598877, "location_rec": 0.9037662148475647, "location_f1": 0.9108386635780334, "person_pr": 0.7400185465812683, "person_rec": 0.8389473557472229, "person_f1": 0.7863838076591492}, "test_metrics_bounds": {"f1": 0.0, "pr": 0.0, "rec": 0.0, "ner_f1": 0.8890818357467651, "ner_pr": 0.8806700110435486, "ner_rec": 0.8976559638977051, "macro_f1": 0.0, "macro_pr": 0.0, "macro_rec": 0.0, "macro_ner_f1": 0.8890818357467651, "macro_ner_pr": 0.8806700110435486, "macro_ner_rec": 0.8976559638977051, "samples_per_s": 189.760965384589, "samples_total_num": 5000, "samples_total_s": 26.348938465118408}, "metrics": {"f1": [0.0, 0.0, 0.0, 0.0, 0.0, 0.0, 0.0], "pr": [0.0, 0.0, 0.0, 0.0, 0.0, 0.0, 0.0], "rec": [0.0, 0.0, 0.0, 0.0, 0.0, 0.0, 0.0], "ner_f1": [0.8200035095214844, 0.8556480407714844, 0.8600938320159912, 0.8633008599281311, 0.8671201467514038, 0.8651893138885498, 0.8462687134742737], "ner_pr": [0.7866700291633606, 0.8446959257125854, 0.8351132869720459, 0.8483580946922302, 0.858847975730896, 0.8300864100456238, 0.7877511978149414], "ner_rec": [0.856286883354187, 0.8668879270553589, 0.8866150379180908, 0.8787794709205627, 0.8755530714988708, 0.9033923149108887, 0.9141777157783508], "macro_f1": [0.0, 0.0, 0.0, 0.0, 0.0, 0.0, 0.0], "macro_pr": [0.0, 0.0, 0.0, 0.0, 0.0, 0.0, 0.0], "macro_rec": [0.0, 0.0, 0.0, 0.0, 0.0, 0.0, 0.0], "macro_ner_f1": [0.7258071899414062, 0.7739903330802917, 0.7779389023780823, 0.7705877423286438, 0.7866407036781311, 0.785291850566864, 0.783728301525116], "macro_ner_pr": [0.6892556548118591, 0.7691407203674316, 0.7599725723266602, 0.7508533000946045, 0.7642586827278137, 0.7629544734954834, 0.7733491063117981], "macro_ner_rec": [0.7691006660461426, 0.7806865572929382, 0.7969388961791992, 0.7974177002906799, 0.8116351962089539, 0.8132114410400391, 0.8017274737358093], "samples_per_s": [216.97564107128372, 205.3378548382645, 190.42434028173804, 189.98568443402021, 185.28797314199429, 179.9137533503398, 185.384505165634], "samples_total_num": [5000, 5000, 5000, 5000, 5000, 5000, 5000], "samples_total_s": [23.044061422348022, 24.35011315345764, 26.257147550582886, 26.317772388458252, 26.985021829605103, 27.791093826293945, 26.970970392227173], "organization_pr": [0.5872235894203186, 0.6399521827697754, 0.6560102105140686, 0.5635808706283569, 0.6362586617469788, 0.7158930897712708, 0.7250000238418579], "organization_rec": [0.6215865015983582, 0.695708692073822, 0.6671001315116882, 0.7204161286354065, 0.7165149450302124, 0.6618985533714294, 0.6788036227226257], "organization_f1": [0.6039166450500488, 0.6666666269302368, 0.6615086793899536, 0.6324200630187988, 0.6740061044692993, 0.6878378391265869, 0.7011417150497437], "location_pr": [0.8487668633460999, 0.8757327198982239, 0.8699392080307007, 0.8924350142478943, 0.9121421575546265, 0.8730140924453735, 0.7889935374259949], "location_rec": [0.8933513164520264, 0.9146565198898315, 0.9287375807762146, 0.9244520664215088, 0.9051058888435364, 0.9419615268707275, 0.9742867350578308], "location_f1": [0.8704886436462402, 0.8947714567184448, 0.8983773589134216, 0.9081614017486572, 0.9086104035377502, 0.9061781764030457, 0.8719044327735901], "person_pr": [0.6317764520645142, 0.79173743724823, 0.7539682388305664, 0.7965440154075623, 0.7443752884864807, 0.6999561786651611, 0.8060538172721863], "person_rec": [0.7923640012741089, 0.7316945791244507, 0.7949790954589844, 0.7473849654197693, 0.8132845163345337, 0.8357740640640259, 0.7520920634269714], "person_f1": [0.7030162215232849, 0.760532796382904, 0.7739307880401611, 0.7711818218231201, 0.7773056030273438, 0.7618593573570251, 0.7781385183334351]}}