{"test_metrics": {"unseen_ner_prec_micro": 36.62114314618108, "unseen_ner_rec_micro": 54.84848484848485, "unseen_ner_f1_micro": 43.91871398240825, "unseen_ner_prec_macro": 33.689238945661444, "unseen_ner_rec_macro": 47.77277764045344, "unseen_ner_f1_macro": 37.178172017356445, "unseen_loc_prec_micro": 57.26118166758697, "unseen_loc_rec_micro": 78.56060606060606, "unseen_loc_f1_micro": 66.24081763015012, "unseen_loc_prec_macro": 57.26118166758697, "unseen_loc_rec_macro": 78.56060606060606, "unseen_loc_f1_macro": 66.24081763015012, "unseen_cls_prec_micro": 63.17626527050611, "unseen_cls_rec_micro": 54.84848484848485, "unseen_cls_f1_micro": 58.718572587185726, "unseen_cls_prec_macro": 63.951170214778685, "unseen_cls_rec_macro": 47.77277764045344, "unseen_cls_f1_macro": 52.28347172276744, "unseen_epoch": 0.0, "unseen_iteration": 0.0, "unseen_global_iteration": 0.0, "seen_ner_prec_micro": 14.72208312468703, "seen_ner_rec_micro": 80.54794520547945, "seen_ner_f1_micro": 24.89415749364945, "seen_ner_prec_macro": 16.840814090296284, "seen_ner_rec_macro": 72.99136410697767, "seen_ner_f1_macro": 24.086322801442524, "seen_loc_prec_micro": 17.80821917808219, "seen_loc_rec_micro": 89.04109589041096, "seen_loc_f1_micro": 29.68036529680365, "seen_loc_prec_macro": 17.80821917808219, "seen_loc_rec_macro": 89.04109589041096, "seen_loc_f1_macro": 29.68036529680365, "seen_cls_prec_micro": 86.21700879765396, "seen_cls_rec_micro": 80.54794520547945, "seen_cls_f1_micro": 83.28611898016997, "seen_cls_prec_macro": 74.890006124908, "seen_cls_rec_macro": 72.99136410697767, "seen_cls_f1_macro": 73.21354996846252, "seen_epoch": 0.0, "seen_iteration": 0.0, "seen_global_iteration": 0.0, "ner_prec_micro": 51.108870967741936, "ner_rec_micro": 60.17804154302671, "ner_f1_micro": 55.2739165985282, "ner_prec_macro": 50.145450167133646, "ner_rec_macro": 57.61054680794662, "ner_f1_macro": 52.42324747823067, "loc_prec_micro": 74.97249724972497, "loc_rec_micro": 80.89020771513353, "loc_f1_micro": 77.81901227519269, "loc_prec_macro": 74.97249724972497, "loc_rec_macro": 80.89020771513353, "loc_f1_macro": 77.81901227519269, "cls_prec_micro": 68.09939556749495, "cls_rec_micro": 60.17804154302671, "cls_f1_micro": 63.89413988657845, "cls_prec_macro": 67.9311598923839, "cls_rec_macro": 57.61054680794662, "cls_f1_macro": 61.03041245419658, "epoch": 0.0, "iteration": 0.0, "global_iteration": 0.0}}