{"test_metrics": {"f1": 0.0, "pr": 0.0, "rec": 0.0, "ner_f1": 0.651685357093811, "ner_pr": 0.6448215246200562, "ner_rec": 0.6586969494819641, "macro_f1": 0.0, "macro_pr": 0.0, "macro_rec": 0.0, "macro_ner_f1": 0.6525954008102417, "macro_ner_pr": 0.6456583142280579, "macro_ner_rec": 0.6611065864562988, "samples_per_s": 195.33479286536047, "samples_total_num": 529, "samples_total_s": 2.7081708908081055, "task_pr": 0.6443514823913574, "task_rec": 0.5877862572669983, "task_f1": 0.6147704720497131, "method_pr": 0.723809540271759, "method_rec": 0.7152941226959229, "method_f1": 0.7195267081260681, "material_pr": 0.6305732727050781, "material_rec": 0.6265822649002075, "material_f1": 0.6285713911056519, "otherscientificterm_pr": 0.5740072131156921, "otherscientificterm_rec": 0.6150870323181152, "otherscientificterm_f1": 0.5938374996185303, "metric_pr": 0.6153846383094788, "metric_rec": 0.6760563254356384, "metric_f1": 0.6442952752113342, "generic_pr": 0.6858237385749817, "generic_rec": 0.7458333373069763, "generic_f1": 0.7145708203315735}, "test_metrics_bounds": {"f1": 0.0, "pr": 0.0, "rec": 0.0, "ner_f1": 0.782608687877655, "ner_pr": 0.7745901346206665, "ner_rec": 0.7907949686050415, "macro_f1": 0.0, "macro_pr": 0.0, "macro_rec": 0.0, "macro_ner_f1": 0.782608687877655, "macro_ner_pr": 0.7745901346206665, "macro_ner_rec": 0.7907949686050415, "samples_per_s": 195.33479286536047, "samples_total_num": 529, "samples_total_s": 2.7081708908081055}, "metrics": {"f1": [0.0, 0.0, 0.0, 0.0, 0.0, 0.0, 0.0, 0.0, 0.0, 0.0, 0.0, 0.0, 0.0, 0.0, 0.0, 0.0, 0.0, 0.0, 0.0, 0.0, 0.0, 0.0, 0.0, 0.0], "pr": [0.0, 0.0, 0.0, 0.0, 0.0, 0.0, 0.0, 0.0, 0.0, 0.0, 0.0, 0.0, 0.0, 0.0, 0.0, 0.0, 0.0, 0.0, 0.0, 0.0, 0.0, 0.0, 0.0, 0.0], "rec": [0.0, 0.0, 0.0, 0.0, 0.0, 0.0, 0.0, 0.0, 0.0, 0.0, 0.0, 0.0, 0.0, 0.0, 0.0, 0.0, 0.0, 0.0, 0.0, 0.0, 0.0, 0.0, 0.0, 0.0], "ner_f1": [0.37081339955329895, 0.545642077922821, 0.6110800504684448, 0.6391509175300598, 0.6374133825302124, 0.6477404236793518, 0.6411313414573669, 0.6463834643363953, 0.6498498320579529, 0.6352807879447937, 0.666275680065155, 0.6539791822433472, 0.6634086966514587, 0.6785714626312256, 0.6714975833892822, 0.6662810444831848, 0.6682437062263489, 0.6682463884353638, 0.673822283744812, 0.6773238182067871, 0.6768328547477722, 0.6682243347167969, 0.675278902053833, 0.6701754331588745], "ner_pr": [0.3546910881996155, 0.4636283814907074, 0.5520728230476379, 0.6035634875297546, 0.5910063982009888, 0.6023706793785095, 0.6051167845726013, 0.5963982939720154, 0.6239907741546631, 0.5803108811378479, 0.6262403726577759, 0.6057692170143127, 0.6471990346908569, 0.667070209980011, 0.6480186581611633, 0.6186895966529846, 0.6326987743377686, 0.6337078809738159, 0.6427758932113647, 0.6419752836227417, 0.6361631751060486, 0.6258205771446228, 0.6353591084480286, 0.6282894611358643], "ner_rec": [0.38847118616104126, 0.6629072427749634, 0.6842105388641357, 0.6791979670524597, 0.6917293071746826, 0.7005012631416321, 0.6817042827606201, 0.7055137753486633, 0.6779448390007019, 0.7017543911933899, 0.7117794752120972, 0.7105262875556946, 0.6804511547088623, 0.6904761791229248, 0.6967418789863586, 0.7218044996261597, 0.708020031452179, 0.7067669034004211, 0.708020031452179, 0.7167919874191284, 0.7230576276779175, 0.7167919874191284, 0.7205513715744019, 0.7180451154708862], "macro_f1": [0.0, 0.0, 0.0, 0.0, 0.0, 0.0, 0.0, 0.0, 0.0, 0.0, 0.0, 0.0, 0.0, 0.0, 0.0, 0.0, 0.0, 0.0, 0.0, 0.0, 0.0, 0.0, 0.0, 0.0], "macro_pr": [0.0, 0.0, 0.0, 0.0, 0.0, 0.0, 0.0, 0.0, 0.0, 0.0, 0.0, 0.0, 0.0, 0.0, 0.0, 0.0, 0.0, 0.0, 0.0, 0.0, 0.0, 0.0, 0.0, 0.0], "macro_rec": [0.0, 0.0, 0.0, 0.0, 0.0, 0.0, 0.0, 0.0, 0.0, 0.0, 0.0, 0.0, 0.0, 0.0, 0.0, 0.0, 0.0, 0.0, 0.0, 0.0, 0.0, 0.0, 0.0, 0.0], "macro_ner_f1": [0.2403562217950821, 0.5310567617416382, 0.5811116695404053, 0.6060966849327087, 0.6135326623916626, 0.6204518675804138, 0.6215518116950989, 0.6203432679176331, 0.6143372654914856, 0.6006094813346863, 0.6252747178077698, 0.6210471987724304, 0.6324356198310852, 0.6470387578010559, 0.6382073163986206, 0.6291947364807129, 0.6270779371261597, 0.6340915560722351, 0.6395770907402039, 0.6532953381538391, 0.6458835005760193, 0.6326180100440979, 0.6444944143295288, 0.634697675704956], "macro_ner_pr": [0.21172408759593964, 0.47746193408966064, 0.5612663626670837, 0.5771741271018982, 0.5816436409950256, 0.6004290580749512, 0.6083404421806335, 0.585348904132843, 0.5956063270568848, 0.555054783821106, 0.6018463969230652, 0.5852590203285217, 0.638754665851593, 0.6484503149986267, 0.6395910382270813, 0.5903739333152771, 0.6115446090698242, 0.6027075052261353, 0.6271318793296814, 0.6308690309524536, 0.6165489554405212, 0.6042153239250183, 0.6158888936042786, 0.6059206128120422], "macro_ner_rec": [0.2863578498363495, 0.6367392539978027, 0.6346709728240967, 0.6462743282318115, 0.6551075577735901, 0.6548640727996826, 0.6467705965042114, 0.6636336445808411, 0.6415198445320129, 0.6644728779792786, 0.6595118045806885, 0.66667240858078, 0.6339619755744934, 0.648445188999176, 0.6459894180297852, 0.6776297092437744, 0.652229905128479, 0.6710184216499329, 0.6591050624847412, 0.6823819279670715, 0.6826853156089783, 0.6685850620269775, 0.6796209216117859, 0.6696497797966003], "samples_per_s": [155.8313546931212, 194.07848322082435, 189.96319255224898, 208.54215040397762, 199.79217579499135, 180.70083192183122, 198.79667493072773, 191.91956871383752, 210.97227015741487, 189.97702546292263, 186.07275940657732, 215.04657683575678, 210.29350714464778, 219.92052749351845, 196.68514927700306, 201.28451424646798, 213.58770947094632, 204.14338121805108, 212.00295651964294, 174.95236662060177, 210.9834948201119, 209.8920744365733, 219.41308978939125, 199.30776986997978], "samples_total_num": [260, 260, 260, 260, 260, 260, 260, 260, 260, 260, 260, 260, 260, 260, 260, 260, 260, 260, 260, 260, 260, 260, 260, 260], "samples_total_s": [1.6684703826904297, 1.3396642208099365, 1.3686861991882324, 1.2467503547668457, 1.3013522624969482, 1.4388422966003418, 1.3078689575195312, 1.354734182357788, 1.2323894500732422, 1.368586540222168, 1.3973028659820557, 1.2090404033660889, 1.2363672256469727, 1.1822452545166016, 1.3219096660614014, 1.2917039394378662, 1.2172985076904297, 1.2736146450042725, 1.22639799118042, 1.4861187934875488, 1.2323238849639893, 1.238731861114502, 1.1849794387817383, 1.3045151233673096], "task_pr": [0.0, 0.31768953800201416, 0.5409836173057556, 0.5065789222717285, 0.5714285969734192, 0.5454545617103577, 0.6203703880310059, 0.579365074634552, 0.5410959124565125, 0.53125, 0.5813953280448914, 0.6190476417541504, 0.6836734414100647, 0.6756756901741028, 0.6796116232872009, 0.6280992031097412, 0.6166666746139526, 0.5846154093742371, 0.6371681690216064, 0.6129032373428345, 0.5846154093742371, 0.5492957830429077, 0.5692307949066162, 0.5661764740943909], "task_rec": [0.0, 0.6984127163887024, 0.523809552192688, 0.6111111044883728, 0.60317462682724, 0.6190476417541504, 0.5317460298538208, 0.579365074634552, 0.6269841194152832, 0.5396825671195984, 0.5952380895614624, 0.6190476417541504, 0.5317460298538208, 0.5952380895614624, 0.5555555820465088, 0.60317462682724, 0.5873016119003296, 0.60317462682724, 0.5714285969734192, 0.60317462682724, 0.60317462682724, 0.6190476417541504, 0.5873016119003296, 0.6111111044883728], "task_f1": [0.0, 0.43672454357147217, 0.5322580933570862, 0.5539568066596985, 0.5868725776672363, 0.5799257159233093, 0.5726495981216431, 0.579365074634552, 0.5808823704719543, 0.5354330539703369, 0.5882353186607361, 0.6190476417541504, 0.5982142686843872, 0.6329113841056824, 0.6113536357879639, 0.615384578704834, 0.6016260385513306, 0.5937500596046448, 0.6025105118751526, 0.6080000400543213, 0.5937500596046448, 0.5820896029472351, 0.5781250596046448, 0.5877862572669983],