{"test_metrics": {"seen__f1": 0.0, "seen__pr": 0.0, "seen__rec": 0.0, "seen__ner_f1": 0.4406528174877167, "seen__ner_pr": 0.30399182438850403, "seen__ner_rec": 0.8005390763282776, "seen__macro_f1": 0.0, "seen__macro_pr": 0.0, "seen__macro_rec": 0.0, "seen__macro_ner_f1": 0.3930915296077728, "seen__macro_ner_pr": 0.2967703640460968, "seen__macro_ner_rec": 0.7618064284324646, "seen__samples_per_s": 237.17759561488234, "seen__samples_total_num": 274, "seen__samples_total_s": 1.155252456665039, "seen__task_pr": 0.14173229038715363, "seen__task_rec": 0.6666666865348816, "seen__task_f1": 0.23376624286174774, "seen__method_pr": 0.13106796145439148, "seen__method_rec": 0.7714285850524902, "seen__method_f1": 0.2240663766860962, "seen__material_pr": 0.2680412232875824, "seen__material_rec": 0.7878788113594055, "seen__material_f1": 0.3999999761581421, "seen__otherscientificterm_pr": 0.15068493783473969, "seen__otherscientificterm_rec": 0.6567164063453674, "seen__otherscientificterm_f1": 0.24512535333633423, "seen__metric_pr": 0.27659574151039124, "seen__metric_rec": 0.8125, "seen__metric_f1": 0.4126984179019928, "seen__generic_pr": 0.8125, "seen__generic_rec": 0.8756476640701294, "seen__generic_f1": 0.8428927659988403, "unseen__f1": 0.0, "unseen__pr": 0.0, "unseen__rec": 0.0, "unseen__ner_f1": 0.541358470916748, "unseen__ner_pr": 0.4814593195915222, "unseen__ner_rec": 0.6182795763015747, "unseen__macro_f1": 0.0, "unseen__macro_pr": 0.0, "unseen__macro_rec": 0.0, "unseen__macro_ner_f1": 0.49002334475517273, "unseen__macro_ner_pr": 0.45278632640838623, "unseen__macro_ner_rec": 0.5551663637161255, "unseen__samples_per_s": 360.6485985326417, "unseen__samples_total_num": 506, "unseen__samples_total_s": 1.4030277729034424, "unseen__task_pr": 0.5714285969734192, "unseen__task_rec": 0.5787234306335449, "unseen__task_f1": 0.5750529170036316, "unseen__method_pr": 0.6626794338226318, "unseen__method_rec": 0.7102563977241516, "unseen__method_f1": 0.6856436133384705, "unseen__material_pr": 0.4740259647369385, "unseen__material_rec": 0.5839999914169312, "unseen__material_f1": 0.5232974886894226, "unseen__otherscientificterm_pr": 0.5074074268341064, "unseen__otherscientificterm_rec": 0.6088888645172119, "unseen__otherscientificterm_f1": 0.5535354018211365, "unseen__metric_pr": 0.46052631735801697, "unseen__metric_rec": 0.6363636255264282, "unseen__metric_f1": 0.5343511700630188, "unseen__generic_pr": 0.04065040498971939, "unseen__generic_rec": 0.21276596188545227, "unseen__generic_f1": 0.06825938075780869}, "test_metrics_bounds": {"seen__f1": 0.0, "seen__pr": 0.0, "seen__rec": 0.0, "seen__ner_f1": 0.46176689863204956, "seen__ner_pr": 0.3186475336551666, "seen__ner_rec": 0.8382749557495117, "seen__macro_f1": 0.0, "seen__macro_pr": 0.0, "seen__macro_rec": 0.0, "seen__macro_ner_f1": 0.46176689863204956, "seen__macro_ner_pr": 0.3186475336551666, "seen__macro_ner_rec": 0.8382749557495117, "seen__samples_per_s": 237.17759561488234, "seen__samples_total_num": 274, "seen__samples_total_s": 1.155252456665039, "unseen__f1": 0.0, "unseen__pr": 0.0, "unseen__rec": 0.0, "unseen__ner_f1": 0.6807937622070312, "unseen__ner_pr": 0.6056253910064697, "unseen__ner_rec": 0.777265727519989, "unseen__macro_f1": 0.0, "unseen__macro_pr": 0.0, "unseen__macro_rec": 0.0, "unseen__macro_ner_f1": 0.6807937622070312, "unseen__macro_ner_pr": 0.6056253910064697, "unseen__macro_ner_rec": 0.777265727519989, "unseen__samples_per_s": 360.6485985326417, "unseen__samples_total_num": 506, "unseen__samples_total_s": 1.4030277729034424}}