{"test_metrics": {"f1": 0.0, "pr": 0.0, "rec": 0.0, "ner_f1": 0.8829070925712585, "ner_pr": 0.8800306916236877, "ner_rec": 0.8858024477958679, "macro_f1": 0.0, "macro_pr": 0.0, "macro_rec": 0.0, "macro_ner_f1": 0.8204562067985535, "macro_ner_pr": 0.8322827219963074, "macro_ner_rec": 0.8101039528846741, "samples_per_s": 245.696689094386, "samples_total_num": 2050, "samples_total_s": 8.343620777130127, "per_pr": 0.9110955595970154, "per_rec": 0.9390332102775574, "per_f1": 0.9248534440994263, "org_pr": 0.8396226167678833, "org_rec": 0.7691357731819153, "org_f1": 0.8028349876403809, "wea_pr": 0.8085106611251831, "wea_rec": 0.723809540271759, "wea_f1": 0.7638190388679504, "gpe_pr": 0.8785784840583801, "gpe_rec": 0.9090909361839294, "gpe_f1": 0.8935742974281311, "veh_pr": 0.8725489974021912, "veh_rec": 0.8317757248878479, "veh_f1": 0.8516746163368225, "fac_pr": 0.7597172856330872, "fac_rec": 0.7706093192100525, "fac_f1": 0.7651245594024658, "loc_pr": 0.7559055089950562, "loc_rec": 0.7272727489471436, "loc_f1": 0.7413128018379211}, "test_metrics_bounds": {"f1": 0.0, "pr": 0.0, "rec": 0.0, "ner_f1": 0.945573627948761, "ner_pr": 0.9429394602775574, "ner_rec": 0.9482225775718689, "macro_f1": 0.0, "macro_pr": 0.0, "macro_rec": 0.0, "macro_ner_f1": 0.945573627948761, "macro_ner_pr": 0.9429394602775574, "macro_ner_rec": 0.9482225775718689, "samples_per_s": 245.696689094386, "samples_total_num": 2050, "samples_total_s": 8.343620777130127}, "metrics": {"f1": [0.0, 0.0, 0.0, 0.0, 0.0, 0.0, 0.0, 0.0, 0.0, 0.0, 0.0, 0.0, 0.0, 0.0, 0.0, 0.0, 0.0, 0.0, 0.0, 0.0, 0.0, 0.0, 0.0, 0.0, 0.0], "pr": [0.0, 0.0, 0.0, 0.0, 0.0, 0.0, 0.0, 0.0, 0.0, 0.0, 0.0, 0.0, 0.0, 0.0, 0.0, 0.0, 0.0, 0.0, 0.0, 0.0, 0.0, 0.0, 0.0, 0.0, 0.0], "rec": [0.0, 0.0, 0.0, 0.0, 0.0, 0.0, 0.0, 0.0, 0.0, 0.0, 0.0, 0.0, 0.0, 0.0, 0.0, 0.0, 0.0, 0.0, 0.0, 0.0, 0.0, 0.0, 0.0, 0.0, 0.0], "ner_f1": [0.759487509727478, 0.8533486723899841, 0.8685272336006165, 0.8490505218505859, 0.861052930355072, 0.8674344420433044, 0.8671522736549377, 0.8662264347076416, 0.8688108921051025, 0.8737785220146179, 0.8763286471366882, 0.8677706718444824, 0.8679430484771729, 0.8778888583183289, 0.872654378414154, 0.8789017796516418, 0.8794974088668823, 0.8756939172744751, 0.8767436146736145, 0.8818255662918091, 0.8773677349090576, 0.8795112371444702, 0.8782792687416077, 0.8783189654350281, 0.8790618181228638], "ner_pr": [0.7624119520187378, 0.8604727983474731, 0.8617157340049744, 0.8403950333595276, 0.8526785969734192, 0.8714918494224548, 0.8730838894844055, 0.8685629963874817, 0.8746086955070496, 0.8752039074897766, 0.8882579207420349, 0.8706825971603394, 0.8735178112983704, 0.8849967122077942, 0.8609177470207214, 0.8833771347999573, 0.8825937509536743, 0.8666985034942627, 0.8796856999397278, 0.8839869499206543, 0.8811085820198059, 0.8813061118125916, 0.8801437020301819, 0.8798955678939819, 0.8805677890777588], "ner_rec": [0.7565853595733643, 0.8463414907455444, 0.875447154045105, 0.8578861951828003, 0.8695935010910034, 0.8634146451950073, 0.8613008260726929, 0.8639024496078491, 0.8630894422531128, 0.8723577260971069, 0.8647154569625854, 0.8648780584335327, 0.8624390363693237, 0.8708943128585815, 0.8847154378890991, 0.8744715452194214, 0.8764227628707886, 0.8848780393600464, 0.8738211393356323, 0.8796747922897339, 0.8736585378646851, 0.8777235746383667, 0.8764227628707886, 0.8767479658126831, 0.8775609731674194], "macro_f1": [0.0, 0.0, 0.0, 0.0, 0.0, 0.0, 0.0, 0.0, 0.0, 0.0, 0.0, 0.0, 0.0, 0.0, 0.0, 0.0, 0.0, 0.0, 0.0, 0.0, 0.0, 0.0, 0.0, 0.0, 0.0], "macro_pr": [0.0, 0.0, 0.0, 0.0, 0.0, 0.0, 0.0, 0.0, 0.0, 0.0, 0.0, 0.0, 0.0, 0.0, 0.0, 0.0, 0.0, 0.0, 0.0, 0.0, 0.0, 0.0, 0.0, 0.0, 0.0], "macro_rec": [0.0, 0.0, 0.0, 0.0, 0.0, 0.0, 0.0, 0.0, 0.0, 0.0, 0.0, 0.0, 0.0, 0.0, 0.0, 0.0, 0.0, 0.0, 0.0, 0.0, 0.0, 0.0, 0.0, 0.0, 0.0], "macro_ner_f1": [0.6165658235549927, 0.7441845536231995, 0.7811500430107117, 0.7572605013847351, 0.7756108045578003, 0.7829880118370056, 0.7853717803955078, 0.7844660878181458, 0.8053231239318848, 0.7954469323158264, 0.7949449419975281, 0.7864127159118652, 0.7938629984855652, 0.8035755157470703, 0.8003559112548828, 0.8082742691040039, 0.8056565523147583, 0.8041714429855347, 0.808416485786438, 0.8106757998466492, 0.801425039768219, 0.8081490397453308, 0.8062461614608765, 0.8069062232971191, 0.8104184865951538], "macro_ner_pr": [0.6847850680351257, 0.7518963813781738, 0.7698661684989929, 0.7513729333877563, 0.7972522974014282, 0.8071216940879822, 0.8223356008529663, 0.7855051159858704, 0.8272897601127625, 0.8161334991455078, 0.8417367935180664, 0.7964015603065491, 0.8187269568443298, 0.8170413970947266, 0.8074524998664856, 0.8252190351486206, 0.8175801634788513, 0.7909635305404663, 0.83204585313797, 0.833926796913147, 0.8155322074890137, 0.8148409128189087, 0.8146352171897888, 0.8090581893920898, 0.8155524134635925], "macro_ner_rec": [0.6047111749649048, 0.762076735496521, 0.7943853735923767, 0.7826176881790161, 0.7601630091667175, 0.7638096213340759, 0.760116457939148, 0.7859117388725281, 0.7875584363937378, 0.7799977660179138, 0.7577853202819824, 0.7799555659294128, 0.7751308679580688, 0.7973910570144653, 0.7954033017158508, 0.7940592765808105, 0.7961945533752441, 0.8187411427497864, 0.7893386483192444, 0.7919828295707703, 0.78900146484375, 0.8024653792381287, 0.7988895773887634, 0.8054312467575073, 0.8061965107917786], "samples_per_s": [231.32336395640147, 232.8282103804768, 236.22504297633506, 208.96106641909734, 187.31739926667257, 224.10034465900634, 224.79522542429143, 239.75374341532697, 241.55316479325344, 232.36105567694415, 237.89665388942686, 240.32954992417112, 236.4140491432176, 244.34395319461134, 238.89310537374502, 237.3820816118626, 238.05031413648052, 243.6410597752837, 243.02730987102564, 256.2587517131417, 261.78584964325535, 248.63698216477863, 253.61116333141342, 245.21606144119042, 258.3180376675176], "samples_total_num": [2420, 2420, 2420, 2420, 2420, 2420, 2420, 2420, 2420, 2420, 2420, 2420, 2420, 2420, 2420, 2420, 2420, 2420, 2420, 2420, 2420, 2420, 2420, 2420, 2420], "samples_total_s": [10.461545944213867, 10.393929481506348, 10.244468450546265, 11.581104755401611, 12.919248342514038, 10.798733949661255, 10.765353202819824, 10.093690156936646, 10.018498420715332, 10.414826154708862, 10.172484397888184, 10.069506645202637, 10.236278295516968, 9.904071569442749, 10.130053758621216, 10.194535255432129, 10.165918111801147, 9.932644367218018, 9.957728624343872, 9.443579912185669, 9.244197130203247, 9.733065366744995, 9.542166709899902, 9.868847846984863, 9.36829662322998], "per_pr": [0.7829594016075134, 0.920037031173706, 0.9158821702003479, 0.9097243547439575, 0.8899535536766052, 0.9200732111930847, 0.9232192635536194, 0.9194733500480652, 0.9212647080421448, 0.9026600122451782, 0.9209966659545898, 0.9252163171768188, 0.9204406142234802, 0.9222357273101807, 0.8958816528320312, 0.9327340126037598, 0.9307265877723694, 0.9111773371696472, 0.928615391254425, 0.920386016368866, 0.9170174598693848, 0.9211404323577881, 0.9194671511650085, 0.9241126179695129, 0.9214611649513245], "per_rec": [0.9406420588493347, 0.902483344078064, 0.913385808467865, 0.9094488024711609, 0.9282253384590149, 0.913385808467865, 0.9067232012748718, 0.9094488024711609, 0.9000605940818787, 0.9351907968521118, 0.9179285168647766, 0.9067232012748718, 0.9109630584716797, 0.9194427728652954, 0.9354936480522156, 0.9112659096717834, 0.9155057668685913, 0.9258025288581848, 0.9139915108680725, 0.9242883324623108, 0.9236826300621033, 0.9197456240653992, 0.9197456240653992, 0.91459721326828, 0.9167171120643616],