{"test_metrics": {"seen__f1": 0.0, "seen__pr": 0.0, "seen__rec": 0.0, "seen__ner_f1": 0.7950704097747803, "seen__ner_pr": 0.6985434889793396, "seen__ner_rec": 0.9225512742996216, "seen__macro_f1": 0.0, "seen__macro_pr": 0.0, "seen__macro_rec": 0.0, "seen__macro_ner_f1": 0.7602964043617249, "seen__macro_ner_pr": 0.6600281596183777, "seen__macro_ner_rec": 0.8991187810897827, "seen__samples_per_s": 473.6947179294755, "seen__samples_total_num": 2050, "seen__samples_total_s": 4.32768177986145, "seen__per_pr": 0.7287364602088928, "seen__per_rec": 0.9563619494438171, "seen__per_f1": 0.8271752595901489, "seen__org_pr": 0.5822102427482605, "seen__org_rec": 0.8044692873954773, "seen__org_f1": 0.6755277514457703, "seen__wea_pr": 0.7021276354789734, "seen__wea_rec": 0.95652174949646, "seen__wea_f1": 0.8098158836364746, "seen__gpe_pr": 0.7522211074829102, "seen__gpe_rec": 0.9270073175430298, "seen__gpe_f1": 0.8305177688598633, "seen__veh_pr": 0.6764705777168274, "seen__veh_rec": 0.9324324131011963, "seen__veh_f1": 0.7840909361839294, "seen__fac_pr": 0.5406360626220703, "seen__fac_rec": 0.8644067645072937, "seen__fac_f1": 0.665217399597168, "seen__loc_pr": 0.6377952694892883, "seen__loc_rec": 0.8526315689086914, "seen__loc_f1": 0.7297297716140747, "unseen__f1": 0.0, "unseen__pr": 0.0, "unseen__rec": 0.0, "unseen__ner_f1": 0.29359787702560425, "unseen__ner_pr": 0.18148715794086456, "unseen__ner_rec": 0.7680454254150391, "unseen__macro_f1": 0.0, "unseen__macro_pr": 0.0, "unseen__macro_rec": 0.0, "unseen__macro_ner_f1": 0.264594167470932, "unseen__macro_ner_pr": 0.1722545325756073, "unseen__macro_ner_rec": 0.6125196218490601, "unseen__samples_per_s": 517.0444593414359, "unseen__samples_total_num": 2050, "unseen__samples_total_s": 3.9648427963256836, "unseen__per_pr": 0.18235911428928375, "unseen__per_rec": 0.875630259513855, "unseen__per_f1": 0.3018539845943451, "unseen__org_pr": 0.2574124038219452, "unseen__org_rec": 0.6996337175369263, "unseen__org_f1": 0.3763546645641327, "unseen__wea_pr": 0.10638298094272614, "unseen__wea_rec": 0.2777777910232544, "unseen__wea_f1": 0.1538461595773697, "unseen__gpe_pr": 0.12635736167430878, "unseen__gpe_rec": 0.8152866363525391, "unseen__gpe_f1": 0.21880343556404114, "unseen__veh_pr": 0.19607843458652496, "unseen__veh_rec": 0.6060606241226196, "unseen__veh_f1": 0.29629629850387573, "unseen__fac_pr": 0.21908126771450043, "unseen__fac_rec": 0.6078431606292725, "unseen__fac_f1": 0.3220779001712799, "unseen__loc_pr": 0.11811023950576782, "unseen__loc_rec": 0.4054054021835327, "unseen__loc_f1": 0.18292683362960815}, "test_metrics_bounds": {"seen__f1": 0.0, "seen__pr": 0.0, "seen__rec": 0.0, "seen__ner_f1": 0.8433708548545837, "seen__ner_pr": 0.741210401058197, "seen__ner_rec": 0.9781947135925293, "seen__macro_f1": 0.0, "seen__macro_pr": 0.0, "seen__macro_rec": 0.0, "seen__macro_ner_f1": 0.8433708548545837, "seen__macro_ner_pr": 0.741210401058197, "seen__macro_ner_rec": 0.9781947135925293, "seen__samples_per_s": 473.6947179294755, "seen__samples_total_num": 2050, "seen__samples_total_s": 4.32768177986145, "unseen__f1": 0.0, "unseen__pr": 0.0, "unseen__rec": 0.0, "unseen__ner_f1": 0.3264988958835602, "unseen__ner_pr": 0.2019212245941162, "unseen__ner_rec": 0.8523925542831421, "unseen__macro_f1": 0.0, "unseen__macro_pr": 0.0, "unseen__macro_rec": 0.0, "unseen__macro_ner_f1": 0.3264988958835602, "unseen__macro_ner_pr": 0.2019212245941162, "unseen__macro_ner_rec": 0.8523925542831421, "unseen__samples_per_s": 517.0444593414359, "unseen__samples_total_num": 2050, "unseen__samples_total_s": 3.9648427963256836}}