{"test_metrics": {"unseen_ner_prec_micro": 28.722867238768305, "unseen_ner_rec_micro": 43.97217928902627, "unseen_ner_f1_micro": 34.74809160305343, "unseen_ner_prec_macro": 25.45162649475234, "unseen_ner_rec_macro": 36.555733519782535, "unseen_ner_f1_macro": 28.11029959736259, "unseen_loc_prec_micro": 52.4712643678161, "unseen_loc_rec_micro": 70.55641421947449, "unseen_loc_f1_micro": 60.18457481872116, "unseen_loc_prec_macro": 52.4712643678161, "unseen_loc_rec_macro": 70.55641421947449, "unseen_loc_f1_macro": 60.18457481872116, "unseen_cls_prec_micro": 53.22731524789523, "unseen_cls_rec_micro": 43.97217928902627, "unseen_cls_f1_micro": 48.15911976301312, "unseen_cls_prec_macro": 44.53281216005884, "unseen_cls_rec_macro": 36.555733519782535, "unseen_cls_f1_macro": 39.463265184834434, "unseen_epoch": 0.0, "unseen_iteration": 0.0, "unseen_global_iteration": 0.0, "seen_ner_prec_micro": 13.522954091816366, "seen_ner_rec_micro": 69.30946291560103, "seen_ner_f1_micro": 22.63048016701461, "seen_ner_prec_macro": 13.90990725826882, "seen_ner_rec_macro": 53.61216279954909, "seen_ner_f1_macro": 19.426755459319697, "seen_loc_prec_micro": 18.03652968036529, "seen_loc_rec_micro": 80.81841432225065, "seen_loc_f1_micro": 29.49136724218385, "seen_loc_prec_macro": 18.03652968036529, "seen_loc_rec_macro": 80.81841432225065, "seen_loc_f1_macro": 29.49136724218385, "seen_cls_prec_micro": 78.55072463768116, "seen_cls_rec_micro": 69.30946291560103, "seen_cls_f1_micro": 73.6413043478261, "seen_cls_prec_macro": 63.45589369807524, "seen_cls_rec_macro": 53.61216279954909, "seen_cls_f1_macro": 57.87921435928379, "seen_epoch": 0.0, "seen_iteration": 0.0, "seen_global_iteration": 0.0, "ner_prec_micro": 42.77861069465268, "ner_rec_micro": 50.80118694362018, "ner_f1_micro": 46.44601193705915, "ner_prec_macro": 39.92306574211521, "ner_rec_macro": 46.14311154384572, "ner_f1_macro": 41.93421700784163, "loc_prec_micro": 70.56818181818181, "loc_rec_micro": 73.70919881305637, "loc_f1_micro": 72.1044992743106, "loc_prec_macro": 70.56818181818181, "loc_rec_macro": 73.70919881305637, "loc_f1_macro": 72.1044992743106, "cls_prec_micro": 59.73482205163991, "cls_rec_micro": 50.80118694362018, "cls_f1_micro": 54.90699166132136, "cls_prec_macro": 53.93693541283352, "cls_rec_macro": 46.14311154384572, "cls_f1_macro": 49.14124085883984, "epoch": 0.0, "iteration": 0.0, "global_iteration": 0.0}}