{"test_metrics": {"unseen__f1": 0.0, "unseen__pr": 0.0, "unseen__rec": 0.0, "unseen__ner_f1": 0.564228355884552, "unseen__ner_pr": 0.43396225571632385, "unseen__ner_rec": 0.8062460422515869, "unseen__macro_f1": 0.0, "unseen__macro_pr": 0.0, "unseen__macro_rec": 0.0, "unseen__macro_ner_f1": 0.5926094055175781, "unseen__macro_ner_pr": 0.5048255324363708, "unseen__macro_ner_rec": 0.7728416919708252, "unseen__samples_per_s": 440.91566966085094, "unseen__samples_total_num": 2473, "unseen__samples_total_s": 5.6087822914123535, "unseen__organization_pr": 0.4805825352668762, "unseen__organization_rec": 0.6644295454025269, "unseen__organization_f1": 0.5577464699745178, "unseen__location_pr": 0.3267871141433716, "unseen__location_rec": 0.8654646277427673, "unseen__location_f1": 0.4744345545768738, "unseen__person_pr": 0.7071069478988647, "unseen__person_rec": 0.7886309027671814, "unseen__person_f1": 0.7456472516059875, "seen__f1": 0.0, "seen__pr": 0.0, "seen__rec": 0.0, "seen__ner_f1": 0.7832205295562744, "seen__ner_pr": 0.675098717212677, "seen__ner_rec": 0.9325798749923706, "seen__macro_f1": 0.0, "seen__macro_pr": 0.0, "seen__macro_rec": 0.0, "seen__macro_ner_f1": 0.6190095543861389, "seen__macro_ner_pr": 0.49669817090034485, "seen__macro_ner_rec": 0.897371768951416, "seen__samples_per_s": 524.1883102065344, "seen__samples_total_num": 4572, "seen__samples_total_s": 8.72205638885498, "seen__organization_pr": 0.3888048529624939, "seen__organization_rec": 0.8263665437698364, "seen__organization_f1": 0.5288066267967224, "seen__location_pr": 0.7815437912940979, "seen__location_rec": 0.9379453659057617, "seen__location_f1": 0.8526316285133362, "seen__person_pr": 0.31974589824676514, "seen__person_rec": 0.9278033971786499, "seen__person_f1": 0.4755905270576477}, "test_metrics_bounds": {"unseen__f1": 0.0, "unseen__pr": 0.0, "unseen__rec": 0.0, "unseen__ner_f1": 0.5996877551078796, "unseen__ner_pr": 0.461234986782074, "unseen__ner_rec": 0.8569152355194092, "unseen__macro_f1": 0.0, "unseen__macro_pr": 0.0, "unseen__macro_rec": 0.0, "unseen__macro_ner_f1": 0.5996877551078796, "unseen__macro_ner_pr": 0.461234986782074, "unseen__macro_ner_rec": 0.8569152355194092, "unseen__samples_per_s": 440.91566966085094, "unseen__samples_total_num": 2473, "unseen__samples_total_s": 5.6087822914123535, "seen__f1": 0.0, "seen__pr": 0.0, "seen__rec": 0.0, "seen__ner_f1": 0.7883482575416565, "seen__ner_pr": 0.6795185208320618, "seen__ner_rec": 0.9386853575706482, "seen__macro_f1": 0.0, "seen__macro_pr": 0.0, "seen__macro_rec": 0.0, "seen__macro_ner_f1": 0.7883482575416565, "seen__macro_ner_pr": 0.6795185208320618, "seen__macro_ner_rec": 0.9386853575706482, "seen__samples_per_s": 524.1883102065344, "seen__samples_total_num": 4572, "seen__samples_total_s": 8.72205638885498}}