{"test_metrics": {"seen__f1": 0.0, "seen__pr": 0.0, "seen__rec": 0.0, "seen__ner_f1": 0.8071643114089966, "seen__ner_pr": 0.6968518495559692, "seen__ner_rec": 0.9589704275131226, "seen__macro_f1": 0.0, "seen__macro_pr": 0.0, "seen__macro_rec": 0.0, "seen__macro_ner_f1": 0.671126663684845, "seen__macro_ner_pr": 0.5449244976043701, "seen__macro_ner_rec": 0.9205453991889954, "seen__samples_per_s": 552.3869219216124, "seen__samples_total_num": 4606, "seen__samples_total_s": 8.338358163833618, "seen__organization_pr": 0.4748201370239258, "seen__organization_rec": 0.8434504866600037, "seen__organization_f1": 0.607594907283783, "seen__location_pr": 0.7805110216140747, "seen__location_rec": 0.9648891091346741, "seen__location_f1": 0.8629615306854248, "seen__person_pr": 0.3794423043727875, "seen__person_rec": 0.9532967209815979, "seen__person_f1": 0.5428236126899719, "unseen__f1": 0.0, "unseen__pr": 0.0, "unseen__rec": 0.0, "unseen__ner_f1": 0.5533432960510254, "unseen__ner_pr": 0.42168042063713074, "unseen__ner_rec": 0.8045515418052673, "unseen__macro_f1": 0.0, "unseen__macro_pr": 0.0, "unseen__macro_rec": 0.0, "unseen__macro_ner_f1": 0.5909721255302429, "unseen__macro_ner_pr": 0.5158687233924866, "unseen__macro_ner_rec": 0.7609284520149231, "unseen__samples_per_s": 578.1303756076272, "unseen__samples_total_num": 2376, "unseen__samples_total_s": 4.10979962348938, "unseen__organization_pr": 0.5289575457572937, "unseen__organization_rec": 0.615730345249176, "unseen__organization_f1": 0.5690550804138184, "unseen__location_pr": 0.31240350008010864, "unseen__location_rec": 0.885485053062439, "unseen__location_f1": 0.46186038851737976, "unseen__person_pr": 0.7062451839447021, "unseen__person_rec": 0.7815699577331543, "unseen__person_f1": 0.7420008182525635}, "test_metrics_bounds": {"seen__f1": 0.0, "seen__pr": 0.0, "seen__rec": 0.0, "seen__ner_f1": 0.8125268220901489, "seen__ner_pr": 0.7014814615249634, "seen__ner_rec": 0.9653415083885193, "seen__macro_f1": 0.0, "seen__macro_pr": 0.0, "seen__macro_rec": 0.0, "seen__macro_ner_f1": 0.8125268220901489, "seen__macro_ner_pr": 0.7014814615249634, "seen__macro_ner_rec": 0.9653415083885193, "seen__samples_per_s": 552.3869219216124, "seen__samples_total_num": 4606, "seen__samples_total_s": 8.338358163833618, "unseen__f1": 0.0, "unseen__pr": 0.0, "unseen__rec": 0.0, "unseen__ner_f1": 0.5930019021034241, "unseen__ner_pr": 0.45192983746528625, "unseen__ner_rec": 0.8621151447296143, "unseen__macro_f1": 0.0, "unseen__macro_pr": 0.0, "unseen__macro_rec": 0.0, "unseen__macro_ner_f1": 0.5930019021034241, "unseen__macro_ner_pr": 0.45192983746528625, "unseen__macro_ner_rec": 0.8621151447296143, "unseen__samples_per_s": 578.1303756076272, "unseen__samples_total_num": 2376, "unseen__samples_total_s": 4.10979962348938}}