{"test_metrics": {"Eval_Ent_Precision": 62.31884056648541, "Eval_Ent_Recall": 68.98395719669168, "Eval_Ent_F1": 65.48223348507362, "Eval_Time": 24.739598035812378, "Eval_Examples": 551, "Eval_Examples_Per_Second": 22.271986763988128, "seen_Eval_Ent_Precision": 16.800858865484855, "seen_Eval_Ent_Recall": 82.36842088227147, "seen_Eval_Ent_F1": 27.909050418352116, "seen_Eval_Time": 24.964651346206665, "seen_Eval_Examples": 551, "seen_Eval_Examples_Per_Second": 22.07120749890719, "unseen_Eval_Ent_Precision": 45.51798175467742, "unseen_Eval_Ent_Recall": 65.08058324623089, "unseen_Eval_Ent_F1": 53.569172452850076, "unseen_Eval_Time": 25.280198335647583, "unseen_Eval_Examples": 551, "unseen_Eval_Examples_Per_Second": 21.795715076453156}}