{"test_metrics": {"unseen_ner_prec_micro": 77.57029405451814, "unseen_ner_rec_micro": 65.63748637849619, "unseen_ner_f1_micro": 71.10673880964093, "unseen_ner_prec_macro": 77.97969707067747, "unseen_ner_rec_macro": 64.90449677260199, "unseen_ner_f1_macro": 70.81658892920419, "unseen_loc_prec_micro": 83.63199300699301, "unseen_loc_rec_micro": 69.50599346167817, "unseen_loc_f1_micro": 75.91747669113272, "unseen_loc_prec_macro": 83.63199300699301, "unseen_loc_rec_macro": 69.50599346167817, "unseen_loc_f1_macro": 75.91747669113272, "unseen_cls_prec_micro": 92.69043344447294, "unseen_cls_rec_micro": 65.63748637849619, "unseen_cls_f1_micro": 76.85273790536948, "unseen_cls_prec_macro": 91.2384456654921, "unseen_cls_rec_macro": 64.90449677260199, "unseen_cls_f1_macro": 75.82508021654368, "unseen_epoch": 0.0, "unseen_iteration": 0.0, "unseen_global_iteration": 0.0, "seen_ner_prec_micro": 0.0, "seen_ner_rec_micro": 0.0, "seen_ner_f1_micro": 0.0, "seen_ner_prec_macro": 0.0, "seen_ner_rec_macro": 0.0, "seen_ner_f1_macro": 0.0, "seen_loc_prec_micro": 0.0, "seen_loc_rec_micro": 0.0, "seen_loc_f1_micro": 0.0, "seen_loc_prec_macro": 0.0, "seen_loc_rec_macro": 0.0, "seen_loc_f1_macro": 0.0, "seen_cls_prec_micro": 0.0, "seen_cls_rec_micro": 0.0, "seen_cls_f1_micro": 0.0, "seen_cls_prec_macro": NaN, "seen_cls_rec_macro": NaN, "seen_cls_f1_macro": NaN, "seen_epoch": 0.0, "seen_iteration": 0.0, "seen_global_iteration": 0.0, "ner_prec_micro": 77.82092772384036, "ner_rec_micro": 65.51035234289866, "ner_f1_micro": 71.13696874075535, "ner_prec_macro": 78.14585919911583, "ner_rec_macro": 64.77018375815477, "ner_f1_macro": 70.80133808894125, "loc_prec_micro": 83.70516185476815, "loc_rec_micro": 69.50599346167817, "loc_f1_micro": 75.94760865251043, "loc_prec_macro": 83.70516185476815, "loc_rec_macro": 69.50599346167817, "loc_f1_macro": 75.94760865251043, "cls_prec_micro": 92.93996392682298, "cls_rec_micro": 65.51035234289866, "cls_f1_micro": 76.85096409928624, "cls_prec_macro": 91.2748324485405, "cls_rec_macro": 64.77018375815477, "cls_f1_macro": 75.7346448635484, "epoch": 0.0, "iteration": 0.0, "global_iteration": 0.0}}