{"test_metrics": {"Eval_Ent_Precision": 84.24350933886569, "Eval_Ent_Recall": 87.21037991249234, "Eval_Ent_F1": 85.70127498050769, "Eval_Time": 8.065906286239624, "Eval_Examples": 288, "Eval_Examples_Per_Second": 35.70584504450862, "seen_Eval_Ent_Precision": 30.61772608662896, "seen_Eval_Ent_Recall": 95.79831907115788, "seen_Eval_Ent_F1": 46.40434193648754, "seen_Eval_Time": 8.202473163604736, "seen_Eval_Examples": 288, "seen_Eval_Examples_Per_Second": 35.11136144619007, "unseen_Eval_Ent_Precision": 53.625783341762244, "unseen_Eval_Ent_Recall": 82.9639888283546, "unseen_Eval_Ent_F1": 65.14410002143752, "unseen_Eval_Time": 8.057379722595215, "unseen_Eval_Examples": 288, "unseen_Eval_Examples_Per_Second": 35.743630052877485}}