{"test_metrics": {"unseen_ner_prec_micro": 37.29166666666666, "unseen_ner_rec_micro": 51.5850144092219, "unseen_ner_f1_micro": 43.28899637243048, "unseen_ner_prec_macro": 33.43364565130025, "unseen_ner_rec_macro": 44.55334959192532, "unseen_ner_f1_macro": 36.00525820717442, "unseen_loc_prec_micro": 62.384792626728114, "unseen_loc_rec_micro": 78.02593659942363, "unseen_loc_f1_micro": 69.33418693982074, "unseen_loc_prec_macro": 62.384792626728114, "unseen_loc_rec_macro": 78.02593659942363, "unseen_loc_f1_macro": 69.33418693982074, "unseen_cls_prec_micro": 59.27152317880795, "unseen_cls_rec_micro": 51.5850144092219, "unseen_cls_f1_micro": 55.1617873651772, "unseen_cls_prec_macro": 59.11654288959406, "unseen_cls_rec_macro": 44.55334959192532, "unseen_cls_f1_macro": 48.59007412328653, "unseen_epoch": 0.0, "unseen_iteration": 0.0, "unseen_global_iteration": 0.0, "seen_ner_prec_micro": 10.498687664041997, "seen_ner_rec_micro": 67.34006734006735, "seen_ner_f1_micro": 18.1653042688465, "seen_ner_prec_macro": 12.494043256964853, "seen_ner_rec_macro": 49.69890964366102, "seen_ner_f1_macro": 16.35605517322941, "seen_loc_prec_micro": 13.536866359447004, "seen_loc_rec_micro": 79.12457912457911, "seen_loc_f1_micro": 23.118544023610426, "seen_loc_prec_macro": 13.536866359447004, "seen_loc_rec_macro": 79.12457912457911, "seen_loc_f1_macro": 23.118544023610426, "seen_cls_prec_micro": 79.6812749003984, "seen_cls_rec_micro": 67.34006734006735, "seen_cls_f1_micro": 72.99270072992701, "seen_cls_prec_macro": 58.81124617794019, "seen_cls_rec_macro": 49.69890964366102, "seen_cls_f1_macro": 53.49996952938129, "seen_epoch": 0.0, "seen_iteration": 0.0, "seen_global_iteration": 0.0, "ner_prec_micro": 47.80334728033473, "ner_rec_micro": 54.24332344213651, "ner_f1_micro": 50.82012788434807, "ner_prec_macro": 46.24769562805693, "ner_rec_macro": 49.56586670732228, "ner_f1_macro": 46.70525859192698, "loc_prec_micro": 75.92592592592592, "loc_rec_micro": 77.86350148367951, "loc_f1_micro": 76.88250805742747, "loc_prec_macro": 75.92592592592592, "loc_rec_macro": 77.86350148367951, "loc_f1_macro": 76.88250805742747, "cls_prec_micro": 62.94765840220386, "cls_rec_micro": 54.24332344213651, "cls_f1_micro": 58.2722346190628, "cls_prec_macro": 60.24046616386111, "cls_rec_macro": 49.56586670732228, "cls_f1_macro": 53.14119538531558, "epoch": 0.0, "iteration": 0.0, "global_iteration": 0.0}}