{"test_metrics": {"unseen_ner_prec_micro": 17.91566930583686, "unseen_ner_rec_micro": 74.55938697318007, "unseen_ner_f1_micro": 28.889548693586697, "unseen_ner_prec_macro": 16.2560789441417, "unseen_ner_rec_macro": 59.18887912653867, "unseen_ner_f1_macro": 25.19797470494905, "unseen_loc_prec_micro": 19.977636973537084, "unseen_loc_rec_micro": 82.1455938697318, "unseen_loc_f1_micro": 32.1391095787738, "unseen_loc_prec_macro": 19.977636973537084, "unseen_loc_rec_macro": 82.1455938697318, "unseen_loc_f1_macro": 32.1391095787738, "unseen_cls_prec_micro": 88.61566484517304, "unseen_cls_rec_micro": 74.55938697318007, "unseen_cls_f1_micro": 80.98210570120683, "unseen_cls_prec_macro": 74.20998345129243, "unseen_cls_rec_macro": 59.18887912653867, "unseen_cls_f1_macro": 65.6572641404481, "unseen_epoch": 0.0, "unseen_iteration": 0.0, "unseen_global_iteration": 0.0, "seen_ner_prec_micro": 69.11062109518559, "seen_ner_rec_micro": 90.17022296811317, "seen_ner_f1_micro": 78.24820555497763, "seen_ner_prec_macro": 61.50806038296533, "seen_ner_rec_macro": 89.05495764294535, "seen_ner_f1_macro": 72.4797040105548, "seen_loc_prec_micro": 73.7458193979933, "seen_loc_rec_micro": 95.15703668185088, "seen_loc_f1_micro": 83.09431592169999, "seen_loc_prec_macro": 73.7458193979933, "seen_loc_rec_macro": 95.15703668185088, "seen_loc_f1_macro": 83.09431592169999, "seen_cls_prec_micro": 94.18983220636112, "seen_cls_rec_micro": 90.17022296811317, "seen_cls_f1_micro": 92.13620774130328, "seen_cls_prec_macro": 91.6080887000916, "seen_cls_rec_macro": 89.05495764294535, "seen_cls_f1_macro": 90.27401320368132, "seen_epoch": 0.0, "seen_iteration": 0.0, "seen_global_iteration": 0.0, "ner_prec_micro": 86.79418797130771, "ner_rec_micro": 86.17604090577063, "ner_f1_micro": 86.48400989645377, "ner_prec_macro": 77.31973663880237, "ner_rec_macro": 78.88648474427491, "ner_f1_macro": 78.05789796596382, "loc_prec_micro": 93.7511623581923, "loc_rec_micro": 92.05624543462382, "loc_f1_micro": 92.89597346355846, "loc_prec_macro": 93.7511623581923, "loc_rec_macro": 92.05624543462382, "loc_f1_macro": 92.89597346355846, "cls_prec_micro": 92.78411325206449, "cls_rec_micro": 86.17604090577063, "cls_f1_micro": 89.35807612194661, "cls_prec_macro": 86.7598135038717, "cls_rec_macro": 78.88648474427491, "cls_f1_macro": 82.58308864123556, "epoch": 0.0, "iteration": 0.0, "global_iteration": 0.0}}