{"test_metrics": {"unseen__f1": 0.0, "unseen__pr": 0.0, "unseen__rec": 0.0, "unseen__ner_f1": 0.7968503832817078, "unseen__ner_pr": 0.759759783744812, "unseen__ner_rec": 0.8377483487129211, "unseen__macro_f1": 0.0, "unseen__macro_pr": 0.0, "unseen__macro_rec": 0.0, "unseen__macro_ner_f1": 0.7631455659866333, "unseen__macro_ner_pr": 0.7390553951263428, "unseen__macro_ner_rec": 0.7942622900009155, "unseen__samples_per_s": 343.48781930934797, "unseen__samples_total_num": 280, "unseen__samples_total_s": 0.8151671886444092, "unseen__loc_pr": 0.7777777910232544, "unseen__loc_rec": 0.8826979398727417, "unseen__loc_f1": 0.8269230723381042, "unseen__org_pr": 0.7526316046714783, "unseen__org_rec": 0.7944444417953491, "unseen__org_f1": 0.7729730010032654, "unseen__peop_pr": 0.7809523940086365, "unseen__peop_rec": 0.9389312863349915, "unseen__peop_f1": 0.8526862859725952, "unseen__other_pr": 0.644859790802002, "unseen__other_rec": 0.5609756112098694, "unseen__other_f1": 0.6000000238418579, "seen__f1": 0.0, "seen__pr": 0.0, "seen__rec": 0.0, "seen__ner_f1": 0.46415093541145325, "seen__ner_pr": 0.32625994086265564, "seen__ner_rec": 0.8039215803146362, "seen__macro_f1": 0.0, "seen__macro_pr": 0.0, "seen__macro_rec": 0.0, "seen__macro_ner_f1": 0.3747365176677704, "seen__macro_ner_pr": 0.26445472240448, "seen__macro_ner_rec": 0.6950029730796814, "seen__samples_per_s": 533.3812257231892, "seen__samples_total_num": 101, "seen__samples_total_s": 0.18935799598693848, "seen__loc_pr": 0.4365079402923584, "seen__loc_rec": 0.7534246444702148, "seen__loc_f1": 0.552763819694519, "seen__org_pr": 0.18000000715255737, "seen__org_rec": 0.6000000238418579, "seen__org_f1": 0.2769230902194977, "seen__peop_pr": 0.34375, "seen__peop_rec": 0.9821428656578064, "seen__peop_f1": 0.5092592239379883, "seen__other_pr": 0.09756097197532654, "seen__other_rec": 0.4444444477558136, "seen__other_f1": 0.1599999964237213}, "test_metrics_bounds": {"unseen__f1": 0.0, "unseen__pr": 0.0, "unseen__rec": 0.0, "unseen__ner_f1": 0.825630247592926, "unseen__ner_pr": 0.7875751256942749, "unseen__ner_rec": 0.8675496578216553, "unseen__macro_f1": 0.0, "unseen__macro_pr": 0.0, "unseen__macro_rec": 0.0, "unseen__macro_ner_f1": 0.825630247592926, "unseen__macro_ner_pr": 0.7875751256942749, "unseen__macro_ner_rec": 0.8675496578216553, "unseen__samples_per_s": 343.48781930934797, "unseen__samples_total_num": 280, "unseen__samples_total_s": 0.8151671886444092, "seen__f1": 0.0, "seen__pr": 0.0, "seen__rec": 0.0, "seen__ner_f1": 0.4725898206233978, "seen__ner_pr": 0.332446813583374, "seen__ner_rec": 0.8169934749603271, "seen__macro_f1": 0.0, "seen__macro_pr": 0.0, "seen__macro_rec": 0.0, "seen__macro_ner_f1": 0.4725898206233978, "seen__macro_ner_pr": 0.332446813583374, "seen__macro_ner_rec": 0.8169934749603271, "seen__samples_per_s": 533.3812257231892, "seen__samples_total_num": 101, "seen__samples_total_s": 0.18935799598693848}}
