{"test_metrics": {"Eval_Ent_Precision": 86.26153577006389, "Eval_Ent_Recall": 90.46749450676862, "Eval_Ent_F1": 88.31446651633318, "Eval_Time": 57.656368017196655, "Eval_Examples": 2050, "Eval_Examples_Per_Second": 35.555482776656426, "seen_Eval_Ent_Precision": 71.46090892513985, "seen_Eval_Ent_Recall": 93.23034982134013, "seen_Eval_Ent_F1": 80.90685065316634, "seen_Eval_Time": 57.4671311378479, "seen_Eval_Examples": 2050, "seen_Eval_Examples_Per_Second": 35.67256550675223, "unseen_Eval_Ent_Precision": 14.800626862336538, "unseen_Eval_Ent_Recall": 79.14338914498438, "unseen_Eval_Ent_F1": 24.937655875054915, "unseen_Eval_Time": 56.81023097038269, "unseen_Eval_Examples": 2050, "unseen_Eval_Examples_Per_Second": 36.08504955856881}}