{"test_metrics": {"unseen__f1": 0.0, "unseen__pr": 0.0, "unseen__rec": 0.0, "unseen__ner_f1": 0.6790197491645813, "unseen__ner_pr": 0.5720040202140808, "unseen__ner_rec": 0.8352941274642944, "unseen__macro_f1": 0.0, "unseen__macro_pr": 0.0, "unseen__macro_rec": 0.0, "unseen__macro_ner_f1": 0.6649854183197021, "unseen__macro_ner_pr": 0.5733230710029602, "unseen__macro_ner_rec": 0.8027379512786865, "unseen__samples_per_s": 297.0020108062236, "unseen__samples_total_num": 257, "unseen__samples_total_s": 0.8653140068054199, "unseen__loc_pr": 0.4987468719482422, "unseen__loc_rec": 0.8432203531265259, "unseen__loc_f1": 0.6267716288566589, "unseen__org_pr": 0.5454545617103577, "unseen__org_rec": 0.8321167826652527, "unseen__org_f1": 0.6589595675468445, "unseen__peop_pr": 0.7127272486686707, "unseen__peop_rec": 0.9514563083648682, "unseen__peop_f1": 0.8149687647819519, "unseen__other_pr": 0.5363636612892151, "unseen__other_rec": 0.5841584205627441, "unseen__other_f1": 0.559241771697998, "seen__f1": 0.0, "seen__pr": 0.0, "seen__rec": 0.0, "seen__ner_f1": 0.5981308221817017, "seen__ner_pr": 0.4411027431488037, "seen__ner_rec": 0.9287598729133606, "seen__macro_f1": 0.0, "seen__macro_pr": 0.0, "seen__macro_rec": 0.0, "seen__macro_ner_f1": 0.5351192355155945, "seen__macro_ner_pr": 0.3904469907283783, "seen__macro_ner_rec": 0.8672657608985901, "seen__samples_per_s": 486.9730928878435, "seen__samples_total_num": 205, "seen__samples_total_s": 0.42096781730651855, "seen__loc_pr": 0.5485893487930298, "seen__loc_rec": 0.983146071434021, "seen__loc_f1": 0.7042253613471985, "seen__org_pr": 0.3401360511779785, "seen__org_rec": 0.8620689511299133, "seen__org_f1": 0.4878048896789551, "seen__peop_pr": 0.4344262182712555, "seen__peop_rec": 0.9464285969734192, "seen__peop_f1": 0.5955055952072144, "seen__other_pr": 0.23863635957241058, "seen__other_rec": 0.6774193644523621, "seen__other_f1": 0.3529411554336548}, "test_metrics_bounds": {"unseen__f1": 0.0, "unseen__pr": 0.0, "unseen__rec": 0.0, "unseen__ner_f1": 0.702573299407959, "unseen__ner_pr": 0.5923309922218323, "unseen__ner_rec": 0.8632352948188782, "unseen__macro_f1": 0.0, "unseen__macro_pr": 0.0, "unseen__macro_rec": 0.0, "unseen__macro_ner_f1": 0.702573299407959, "unseen__macro_ner_pr": 0.5923309922218323, "unseen__macro_ner_rec": 0.8632352948188782, "unseen__samples_per_s": 297.0020108062236, "unseen__samples_total_num": 257, "unseen__samples_total_s": 0.8653140068054199, "seen__f1": 0.0, "seen__pr": 0.0, "seen__rec": 0.0, "seen__ner_f1": 0.6042553186416626, "seen__ner_pr": 0.44597989320755005, "seen__ner_rec": 0.936675488948822, "seen__macro_f1": 0.0, "seen__macro_pr": 0.0, "seen__macro_rec": 0.0, "seen__macro_ner_f1": 0.6042553186416626, "seen__macro_ner_pr": 0.44597989320755005, "seen__macro_ner_rec": 0.936675488948822, "seen__samples_per_s": 486.9730928878435, "seen__samples_total_num": 205, "seen__samples_total_s": 0.42096781730651855}}