{"test_metrics": {"unseen_ner_prec_micro": 43.00736067297581, "unseen_ner_rec_micro": 59.27536231884057, "unseen_ner_f1_micro": 49.84765386959171, "unseen_ner_prec_macro": 44.897281474537365, "unseen_ner_rec_macro": 54.3782596924841, "unseen_ner_f1_macro": 46.38642573923937, "unseen_loc_prec_micro": 50.84937712344281, "unseen_loc_rec_micro": 65.07246376811594, "unseen_loc_f1_micro": 57.08836617927528, "unseen_loc_prec_macro": 50.84937712344281, "unseen_loc_rec_macro": 65.07246376811594, "unseen_loc_f1_macro": 57.08836617927528, "unseen_cls_prec_micro": 83.130081300813, "unseen_cls_rec_micro": 59.27536231884057, "unseen_cls_f1_micro": 69.20473773265653, "unseen_cls_prec_macro": 82.0590760176829, "unseen_cls_rec_macro": 54.3782596924841, "unseen_cls_f1_macro": 63.26455445633557, "unseen_epoch": 0.0, "unseen_iteration": 0.0, "unseen_global_iteration": 0.0, "seen_ner_prec_micro": 30.745015739769148, "seen_ner_rec_micro": 75.32133676092545, "seen_ner_f1_micro": 43.666169895678095, "seen_ner_prec_macro": 25.820423369740563, "seen_ner_rec_macro": 62.25102416916476, "seen_ner_f1_macro": 35.98887383778913, "seen_loc_prec_micro": 35.19553072625698, "seen_loc_rec_micro": 80.97686375321337, "seen_loc_f1_micro": 49.06542056074766, "seen_loc_prec_macro": 35.19553072625698, "seen_loc_rec_macro": 80.97686375321337, "seen_loc_f1_macro": 49.06542056074766, "seen_cls_prec_micro": 88.51963746223565, "seen_cls_rec_micro": 75.32133676092545, "seen_cls_f1_micro": 81.38888888888889, "seen_cls_prec_macro": 78.29381002177406, "seen_cls_rec_macro": 62.25102416916476, "seen_cls_f1_macro": 68.52896674841847, "seen_epoch": 0.0, "seen_iteration": 0.0, "seen_global_iteration": 0.0, "ner_prec_micro": 72.84079084287201, "ner_rec_micro": 64.87488415199259, "ner_f1_micro": 68.62745098039215, "ner_prec_macro": 69.26169367781274, "ner_rec_macro": 56.62978558350415, "ner_f1_macro": 60.23168919745356, "loc_prec_micro": 85.58659217877094, "loc_rec_micro": 70.99165894346618, "loc_f1_micro": 77.60891590678824, "loc_prec_macro": 85.58659217877094, "loc_rec_macro": 70.99165894346618, "loc_f1_macro": 77.60891590678824, "cls_prec_micro": 84.54106280193237, "cls_rec_micro": 64.87488415199259, "cls_f1_micro": 73.41373885684321, "cls_prec_macro": 80.03537733384339, "cls_rec_macro": 56.62978558350415, "cls_f1_macro": 64.39746888192307, "epoch": 0.0, "iteration": 0.0, "global_iteration": 0.0}}