{"test_metrics": {"unseen_ner_prec_micro": 37.58937691521961, "unseen_ner_rec_micro": 57.05426356589148, "unseen_ner_f1_micro": 45.320197044334975, "unseen_ner_prec_macro": 37.03167647730525, "unseen_ner_rec_macro": 52.768405975172925, "unseen_ner_f1_macro": 42.564520046882, "unseen_loc_prec_micro": 45.08108108108108, "unseen_loc_rec_micro": 64.65116279069767, "unseen_loc_f1_micro": 53.12101910828025, "unseen_loc_prec_macro": 45.08108108108108, "unseen_loc_rec_macro": 64.65116279069767, "unseen_loc_f1_macro": 53.12101910828025, "unseen_cls_prec_micro": 83.2579185520362, "unseen_cls_rec_micro": 57.05426356589148, "unseen_cls_f1_micro": 67.70929162833487, "unseen_cls_prec_macro": 79.88403357808588, "unseen_cls_rec_macro": 52.768405975172925, "unseen_cls_f1_macro": 62.50355923698555, "unseen_epoch": 0.0, "unseen_iteration": 0.0, "unseen_global_iteration": 0.0, "seen_ner_prec_micro": 33.50409836065574, "seen_ner_rec_micro": 75.34562211981567, "seen_ner_f1_micro": 46.38297872340426, "seen_ner_prec_macro": 28.88246156449577, "seen_ner_rec_macro": 67.56543767638338, "seen_ner_f1_macro": 40.1693632876986, "seen_loc_prec_micro": 37.93103448275862, "seen_loc_rec_micro": 81.10599078341014, "seen_loc_f1_micro": 51.68869309838473, "seen_loc_prec_macro": 37.93103448275862, "seen_loc_rec_macro": 81.10599078341014, "seen_loc_f1_macro": 51.68869309838473, "seen_cls_prec_micro": 87.2, "seen_cls_rec_micro": 75.34562211981567, "seen_cls_f1_micro": 80.84054388133498, "seen_cls_prec_macro": 79.41901744474558, "seen_cls_rec_macro": 67.56543767638338, "seen_cls_f1_macro": 72.65646075957262, "seen_epoch": 0.0, "seen_iteration": 0.0, "seen_global_iteration": 0.0, "ner_prec_micro": 72.0330237358101, "ner_rec_micro": 64.68952734012974, "ner_f1_micro": 68.1640625, "ner_prec_macro": 67.21807739897756, "ner_rec_macro": 58.60230402344938, "ner_f1_macro": 62.068989995492494, "loc_prec_micro": 83.18872017353578, "loc_rec_micro": 71.08433734939759, "loc_f1_micro": 76.6616691654173, "loc_prec_macro": 83.18872017353578, "loc_rec_macro": 71.08433734939759, "loc_f1_macro": 76.6616691654173, "cls_prec_micro": 86.27935723114956, "cls_rec_micro": 64.68952734012974, "cls_f1_micro": 73.9406779661017, "cls_prec_macro": 81.66513725950428, "cls_rec_macro": 58.60230402344938, "cls_f1_macro": 67.39137232702312, "epoch": 0.0, "iteration": 0.0, "global_iteration": 0.0}}