{"test_metrics": {"f1": 0.0, "pr": 0.0, "rec": 0.0, "ner_f1": 0.8638060092926025, "ner_pr": 0.8534561991691589, "ner_rec": 0.8744097948074341, "macro_f1": 0.0, "macro_pr": 0.0, "macro_rec": 0.0, "macro_ner_f1": 0.8215006589889526, "macro_ner_pr": 0.816069483757019, "macro_ner_rec": 0.8280344009399414, "samples_per_s": 179.14787595136565, "samples_total_num": 288, "samples_total_s": 1.6076104640960693, "loc_pr": 0.875, "loc_rec": 0.9130434989929199, "loc_f1": 0.8936170339584351, "org_pr": 0.7980295419692993, "org_rec": 0.8307692408561707, "org_f1": 0.8140704035758972, "peop_pr": 0.9300912022590637, "peop_rec": 0.9622641801834106, "peop_f1": 0.9459041357040405, "other_pr": 0.6611570119857788, "other_rec": 0.6060606241226196, "other_f1": 0.6324110627174377}, "test_metrics_bounds": {"f1": 0.0, "pr": 0.0, "rec": 0.0, "ner_f1": 0.8852612376213074, "ner_pr": 0.8746543526649475, "ner_rec": 0.8961284160614014, "macro_f1": 0.0, "macro_pr": 0.0, "macro_rec": 0.0, "macro_ner_f1": 0.8852612376213074, "macro_ner_pr": 0.8746543526649475, "macro_ner_rec": 0.8961284160614014, "samples_per_s": 179.14787595136565, "samples_total_num": 288, "samples_total_s": 1.6076104640960693}, "metrics": {"f1": [0.0, 0.0, 0.0, 0.0, 0.0, 0.0, 0.0, 0.0, 0.0, 0.0, 0.0, 0.0, 0.0, 0.0, 0.0, 0.0, 0.0, 0.0, 0.0, 0.0, 0.0, 0.0, 0.0, 0.0, 0.0, 0.0, 0.0, 0.0, 0.0, 0.0, 0.0, 0.0, 0.0, 0.0, 0.0, 0.0, 0.0, 0.0, 0.0, 0.0], "pr": [0.0, 0.0, 0.0, 0.0, 0.0, 0.0, 0.0, 0.0, 0.0, 0.0, 0.0, 0.0, 0.0, 0.0, 0.0, 0.0, 0.0, 0.0, 0.0, 0.0, 0.0, 0.0, 0.0, 0.0, 0.0, 0.0, 0.0, 0.0, 0.0, 0.0, 0.0, 0.0, 0.0, 0.0, 0.0, 0.0, 0.0, 0.0, 0.0, 0.0], "rec": [0.0, 0.0, 0.0, 0.0, 0.0, 0.0, 0.0, 0.0, 0.0, 0.0, 0.0, 0.0, 0.0, 0.0, 0.0, 0.0, 0.0, 0.0, 0.0, 0.0, 0.0, 0.0, 0.0, 0.0, 0.0, 0.0, 0.0, 0.0, 0.0, 0.0, 0.0, 0.0, 0.0, 0.0, 0.0, 0.0, 0.0, 0.0, 0.0, 0.0], "ner_f1": [0.5266757607460022, 0.7155323028564453, 0.7814335823059082, 0.8108108639717102, 0.8038768768310547, 0.8083382248878479, 0.8031585216522217, 0.8149010539054871, 0.8452174067497253, 0.8303622603416443, 0.8329545259475708, 0.8051642775535583, 0.8077154755592346, 0.8482400178909302, 0.8380203247070312, 0.8299643397331238, 0.8388987183570862, 0.8291283845901489, 0.8355855941772461, 0.8520438075065613, 0.8414352536201477, 0.8545140624046326, 0.8451025485992432, 0.8434982895851135, 0.8528389930725098, 0.8534584045410156, 0.8528736233711243, 0.8454545140266418, 0.8559719324111938, 0.8568155765533447, 0.8394202589988708, 0.849825382232666, 0.8422273397445679, 0.8514056205749512, 0.8425979614257812, 0.8461971879005432, 0.8489373922348022, 0.83677077293396, 0.8450376987457275, 0.8391203880310059], "ner_pr": [0.6558773517608643, 0.728672981262207, 0.8041112422943115, 0.8159722089767456, 0.8020477890968323, 0.8192488551139832, 0.7928730249404907, 0.8303677439689636, 0.8576470613479614, 0.8356481194496155, 0.8282485604286194, 0.8275030255317688, 0.8545918464660645, 0.8566433787345886, 0.8250277042388916, 0.8649318218231201, 0.8605769276618958, 0.8319907784461975, 0.8235294222831726, 0.8584686517715454, 0.8522860407829285, 0.8599537014961243, 0.8422247171401978, 0.8493626713752747, 0.8648648858070374, 0.876052975654602, 0.857803463935852, 0.8406779766082764, 0.8775510191917419, 0.8587830066680908, 0.8517646789550781, 0.8659549355506897, 0.8551236987113953, 0.8548387289047241, 0.8633093237876892, 0.8344444632530212, 0.8533487319946289, 0.8637469410896301, 0.8584905862808228, 0.8499413728713989], "ner_rec": [0.4399999976158142, 0.7028571367263794, 0.7599999904632568, 0.8057143092155457, 0.8057143092155457, 0.7977142930030823, 0.8137142658233643, 0.800000011920929, 0.833142876625061, 0.8251428604125977, 0.8377143144607544, 0.7839999794960022, 0.7657142877578735, 0.8399999737739563, 0.8514285683631897, 0.7977142930030823, 0.8182857036590576, 0.826285719871521, 0.8479999899864197, 0.845714271068573, 0.8308571577072144, 0.849142849445343, 0.8479999899864197, 0.8377143144607544, 0.8411428332328796, 0.8320000171661377, 0.8479999899864197, 0.8502857089042664, 0.8354285955429077, 0.8548571467399597, 0.8274285793304443, 0.8342857360839844, 0.829714298248291, 0.8479999899864197, 0.822857141494751, 0.8582857251167297, 0.8445714116096497, 0.8114285469055176, 0.8320000171661377, 0.8285714387893677], "macro_f1": [0.0, 0.0, 0.0, 0.0, 0.0, 0.0, 0.0, 0.0, 0.0, 0.0, 0.0, 0.0, 0.0, 0.0, 0.0, 0.0, 0.0, 0.0, 0.0, 0.0, 0.0, 0.0, 0.0, 0.0, 0.0, 0.0, 0.0, 0.0, 0.0, 0.0, 0.0, 0.0, 0.0, 0.0, 0.0, 0.0, 0.0, 0.0, 0.0, 0.0], "macro_pr": [0.0, 0.0, 0.0, 0.0, 0.0, 0.0, 0.0, 0.0, 0.0, 0.0, 0.0, 0.0, 0.0, 0.0, 0.0, 0.0, 0.0, 0.0, 0.0, 0.0, 0.0, 0.0, 0.0, 0.0, 0.0, 0.0, 0.0, 0.0, 0.0, 0.0, 0.0, 0.0, 0.0, 0.0, 0.0, 0.0, 0.0, 0.0, 0.0, 0.0], "macro_rec": [0.0, 0.0, 0.0, 0.0, 0.0, 0.0, 0.0, 0.0, 0.0, 0.0, 0.0, 0.0, 0.0, 0.0, 0.0, 0.0, 0.0, 0.0, 0.0, 0.0, 0.0, 0.0, 0.0, 0.0, 0.0, 0.0, 0.0, 0.0, 0.0, 0.0, 0.0, 0.0, 0.0, 0.0, 0.0, 0.0, 0.0, 0.0, 0.0, 0.0], "macro_ner_f1": [0.38953232765197754, 0.6494524478912354, 0.7126852869987488, 0.7565446496009827, 0.7470925450325012, 0.7469367384910583, 0.754315972328186, 0.7570602893829346, 0.794319748878479, 0.77903813123703, 0.7821996212005615, 0.750852108001709, 0.7545652389526367, 0.798202633857727, 0.7793368101119995, 0.7764389514923096, 0.7814622521400452, 0.7736738920211792, 0.7884460091590881, 0.801692008972168, 0.7812173366546631, 0.8027400970458984, 0.7961380481719971, 0.7959870100021362, 0.8030617833137512, 0.7955930829048157, 0.8024289011955261, 0.801121175289154, 0.8003954291343689, 0.8091922998428345, 0.7792074680328369, 0.7930222749710083, 0.790144681930542, 0.8052408695220947, 0.7989062070846558, 0.8038327693939209, 0.8035662174224854, 0.7839928865432739, 0.7992990612983704, 0.7876870632171631], "macro_ner_pr": [0.6579533815383911, 0.7030317187309265, 0.7677322626113892, 0.768836259841919, 0.7922791242599487, 0.7956832647323608, 0.7579695582389832, 0.7840284705162048, 0.8322376012802124, 0.7941761016845703, 0.7963146567344666, 0.7840883135795593, 0.8250560760498047, 0.8267159461975098, 0.7872940301895142, 0.823341429233551, 0.8262535929679871, 0.7801429033279419, 0.7774858474731445, 0.8232871294021606, 0.8151017427444458, 0.81037437915802, 0.8109320998191833, 0.8169206380844116, 0.8359220027923584, 0.8363498449325562, 0.8199403285980225, 0.8103196620941162, 0.8479245901107788, 0.8259365558624268, 0.8075398206710815, 0.830146312713623, 0.8080157041549683, 0.8169386386871338, 0.8312127590179443, 0.7931092977523804, 0.8246575593948364, 0.8315412998199463, 0.8300065398216248, 0.8162879347801208], "macro_ner_rec": [0.34767207503318787, 0.6256920099258423, 0.6891103982925415, 0.747393786907196, 0.7374104261398315, 0.7261846661567688, 0.7557346224784851, 0.7388648986816406, 0.7739151120185852, 0.7672438025474548, 0.7827255129814148, 0.7246350049972534, 0.7043583393096924, 0.7812113761901855, 0.7851179838180542, 0.7419515252113342, 0.75666344165802, 0.7685229778289795, 0.8001244068145752, 0.7866398096084595, 0.7623041868209839, 0.7967833280563354, 0.7884383201599121, 0.7823905944824219, 0.7825989723205566, 0.7667477130889893, 0.7923957109451294, 0.7963151931762695, 0.7712119817733765, 0.7986004948616028, 0.7594388723373413, 0.7683451771736145, 0.7773915529251099, 0.7958953380584717, 0.7736093997955322, 0.8150157332420349, 0.7900632619857788, 0.7524344325065613, 0.7765300273895264, 0.7677169442176819],