{"test_metrics": {"unseen_ner_prec_micro": 14.13265306122449, "unseen_ner_rec_micro": 76.80221811460258, "unseen_ner_f1_micro": 23.872450445274342, "unseen_ner_prec_macro": 13.02060288160228, "unseen_ner_rec_macro": 60.71466559101635, "unseen_ner_f1_macro": 21.142798300804973, "unseen_loc_prec_micro": 15.795806118941217, "unseen_loc_rec_micro": 84.93530499075786, "unseen_loc_f1_micro": 26.63768115942029, "unseen_loc_prec_macro": 15.795806118941217, "unseen_loc_rec_macro": 84.93530499075786, "unseen_loc_f1_macro": 26.63768115942029, "unseen_cls_prec_micro": 89.06752411575563, "unseen_cls_rec_micro": 76.80221811460258, "unseen_cls_f1_micro": 82.48138957816377, "unseen_cls_prec_macro": 84.32324852940258, "unseen_cls_rec_macro": 60.714665591016335, "unseen_cls_f1_macro": 66.75751007445363, "unseen_epoch": 0.0, "unseen_iteration": 0.0, "unseen_global_iteration": 0.0, "seen_ner_prec_micro": 67.96595744680852, "seen_ner_rec_micro": 90.87391898042786, "seen_ner_f1_micro": 77.7680397312299, "seen_ner_prec_macro": 64.00621553647318, "seen_ner_rec_macro": 88.5956803722056, "seen_ner_f1_macro": 74.11327706721094, "seen_loc_prec_micro": 72.42090784044017, "seen_loc_rec_micro": 95.85798816568048, "seen_loc_f1_micro": 82.5073457394711, "seen_loc_prec_macro": 72.42090784044017, "seen_loc_rec_macro": 95.85798816568048, "seen_loc_f1_macro": 82.5073457394711, "seen_cls_prec_micro": 94.21897121283624, "seen_cls_rec_micro": 90.87391898042786, "seen_cls_f1_micro": 92.516218721038, "seen_cls_prec_macro": 91.82342691787804, "seen_cls_rec_macro": 88.5956803722056, "seen_cls_f1_macro": 90.10614943311988, "seen_epoch": 0.0, "seen_iteration": 0.0, "seen_global_iteration": 0.0, "ner_prec_micro": 82.06087400102024, "ner_rec_micro": 88.1300219138057, "ner_f1_micro": 84.98723254380558, "ner_prec_macro": 77.02055393763222, "ner_rec_macro": 81.26395652611349, "ner_f1_macro": 78.91567247292464, "loc_prec_micro": 88.19181849432795, "loc_rec_micro": 93.69978086194304, "loc_f1_micro": 90.86240481671685, "loc_prec_macro": 88.19181849432795, "loc_rec_macro": 93.69978086194304, "loc_f1_macro": 90.86240481671685, "cls_prec_micro": 93.20200849748936, "cls_rec_micro": 88.1300219138057, "cls_f1_micro": 90.59508165947062, "cls_prec_macro": 89.72600445488523, "cls_rec_macro": 81.26395652611349, "cls_f1_macro": 85.02858187197546, "epoch": 0.0, "iteration": 0.0, "global_iteration": 0.0}}