{"test_metrics": {"f1": 0.0, "pr": 0.0, "rec": 0.0, "ner_f1": 0.7833883762359619, "ner_pr": 0.7725241780281067, "ner_rec": 0.7945625185966492, "macro_f1": 0.0, "macro_pr": 0.0, "macro_rec": 0.0, "macro_ner_f1": 0.7825465798377991, "macro_ner_pr": 0.7794011831283569, "macro_ner_rec": 0.7871235609054565, "samples_per_s": 387.4822000118892, "samples_total_num": 1854, "samples_total_s": 4.784735918045044, "dna_pr": 0.7029560208320618, "dna_rec": 0.7894737124443054, "dna_f1": 0.7437071204185486, "rna_pr": 0.8207547068595886, "rna_rec": 0.8365384340286255, "rna_f1": 0.8285714387893677, "cell_type_pr": 0.7677304744720459, "cell_type_rec": 0.7338982820510864, "cell_type_f1": 0.7504332661628723, "protein_pr": 0.800275981426239, "protein_rec": 0.8126094341278076, "protein_f1": 0.8063955307006836, "cell_line_pr": 0.8052884340286255, "cell_line_rec": 0.7630979418754578, "cell_line_f1": 0.7836257219314575}, "test_metrics_bounds": {"f1": 0.0, "pr": 0.0, "rec": 0.0, "ner_f1": 0.821597158908844, "ner_pr": 0.8102774024009705, "ner_rec": 0.8332375884056091, "macro_f1": 0.0, "macro_pr": 0.0, "macro_rec": 0.0, "macro_ner_f1": 0.821597158908844, "macro_ner_pr": 0.8102774024009705, "macro_ner_rec": 0.8332375884056091, "samples_per_s": 387.4822000118892, "samples_total_num": 1854, "samples_total_s": 4.784735918045044}, "metrics": {"f1": [0.0, 0.0, 0.0, 0.0, 0.0, 0.0, 0.0, 0.0, 0.0, 0.0, 0.0, 0.0, 0.0, 0.0, 0.0], "pr": [0.0, 0.0, 0.0, 0.0, 0.0, 0.0, 0.0, 0.0, 0.0, 0.0, 0.0, 0.0, 0.0, 0.0, 0.0], "rec": [0.0, 0.0, 0.0, 0.0, 0.0, 0.0, 0.0, 0.0, 0.0, 0.0, 0.0, 0.0, 0.0, 0.0, 0.0], "ner_f1": [0.7283698320388794, 0.7650443315505981, 0.7795581221580505, 0.7789810299873352, 0.7833883762359619, 0.7821405529975891, 0.7789080739021301, 0.7801969051361084, 0.7767415046691895, 0.7762607932090759, 0.7727360129356384, 0.7759992480278015, 0.7829222083091736, 0.7797710299491882, 0.7799791097640991], "ner_pr": [0.70697420835495, 0.7313198447227478, 0.7721638083457947, 0.7664936780929565, 0.7725241780281067, 0.7590991258621216, 0.759832501411438, 0.7715783715248108, 0.7721854448318481, 0.7537878751754761, 0.7727359533309937, 0.7769673466682434, 0.776001513004303, 0.7772493958473206, 0.7724370956420898], "ner_rec": [0.7511008977890015, 0.8020294904708862, 0.7870955467224121, 0.7918820381164551, 0.7945625185966492, 0.8066245317459106, 0.798966109752655, 0.7890101671218872, 0.7813516855239868, 0.8001148700714111, 0.7727359533309937, 0.7750335335731506, 0.7899674773216248, 0.7823089957237244, 0.7876698970794678], "macro_f1": [0.0, 0.0, 0.0, 0.0, 0.0, 0.0, 0.0, 0.0, 0.0, 0.0, 0.0, 0.0, 0.0, 0.0, 0.0], "macro_pr": [0.0, 0.0, 0.0, 0.0, 0.0, 0.0, 0.0, 0.0, 0.0, 0.0, 0.0, 0.0, 0.0, 0.0, 0.0], "macro_rec": [0.0, 0.0, 0.0, 0.0, 0.0, 0.0, 0.0, 0.0, 0.0, 0.0, 0.0, 0.0, 0.0, 0.0, 0.0], "macro_ner_f1": [0.7052357196807861, 0.753989040851593, 0.7712003588676453, 0.7707492113113403, 0.7825465798377991, 0.7807841300964355, 0.7780011296272278, 0.7777451276779175, 0.7729691863059998, 0.773724377155304, 0.769938588142395, 0.7757505178451538, 0.7834323644638062, 0.7780293226242065, 0.7818139791488647], "macro_ner_pr": [0.703527569770813, 0.722476601600647, 0.772092342376709, 0.7684286236763, 0.7794011831283569, 0.7745990753173828, 0.7640904188156128, 0.7847038507461548, 0.774748682975769, 0.7574557065963745, 0.7679359316825867, 0.7839852571487427, 0.7837927341461182, 0.7847973704338074, 0.7793328166007996], "macro_ner_rec": [0.7130719423294067, 0.7894469499588013, 0.772870659828186, 0.7748197317123413, 0.7871235609054565, 0.7889875173568726, 0.7948719263076782, 0.773032009601593, 0.7718429565429688, 0.7926566004753113, 0.7735151052474976, 0.7687379121780396, 0.783532977104187, 0.7722393274307251, 0.7850936651229858], "samples_per_s": [366.0989286898831, 381.65692484991496, 387.89387478776484, 376.5694263231642, 388.2369436509114, 375.0833307608246, 375.8568891657032, 388.9594936879812, 389.5509394545984, 385.7716565093017, 390.3303659234422, 390.789689259404, 389.1962147630248, 377.22079674086615, 376.1488725821897], "samples_total_num": [1854, 1854, 1854, 1854, 1854, 1854, 1854, 1854, 1854, 1854, 1854, 1854, 1854, 1854, 1854], "samples_total_s": [5.064204931259155, 4.8577659130096436, 4.77965784072876, 4.9233949184417725, 4.775434255599976, 4.942901611328125, 4.93272852897644, 4.766563177108765, 4.759326219558716, 4.805951833724976, 4.749822616577148, 4.744239807128906, 4.76366400718689, 4.914893388748169, 4.928899526596069], "dna_pr": [0.719851553440094, 0.6906993389129639, 0.7604252099990845, 0.7811965942382812, 0.7029560208320618, 0.7544141411781311, 0.734314501285553, 0.7448979616165161, 0.7421937584877014, 0.7225564122200012, 0.7260802388191223, 0.7614601254463196, 0.7408844232559204, 0.7502047419548035, 0.7360126376152039], "dna_rec": [0.6283400654792786, 0.7757084965705872, 0.7530364394187927, 0.7400809526443481, 0.7894737124443054, 0.76113361120224, 0.7676113247871399, 0.7684210538864136, 0.7506073117256165, 0.7781376242637634, 0.7619433403015137, 0.7263157963752747, 0.7732793688774109, 0.7417004108428955, 0.7562752962112427], "dna_f1": [0.6709900498390198, 0.7307398915290833, 0.7567128539085388, 0.7600831389427185, 0.7437071204185486, 0.7577590346336365, 0.7505938410758972, 0.756476640701294, 0.7463768124580383, 0.7493177652359009, 0.7435796856880188, 0.7434728741645813, 0.7567354440689087, 0.7459283471107483, 0.746006429195404], "rna_pr": [0.6637167930603027, 0.7213114500045776, 0.8349514603614807, 0.78899085521698, 0.8207547068595886, 0.8440366983413696, 0.8440366983413696, 0.8640776872634888, 0.8666666746139526, 0.8157894611358643, 0.8363636136054993, 0.8584905862808228, 0.8653846383094788, 0.8543689250946045, 0.8454545736312866], "rna_rec": [0.7211538553237915, 0.8461538553237915, 0.8269230723381042, 0.8269230723381042, 0.8365384340286255, 0.8846153616905212, 0.8846153616905212, 0.8557692170143127, 0.875, 0.8942307829856873, 0.8846153616905212, 0.875, 0.8653846383094788, 0.8461538553237915, 0.8942307829856873], "rna_f1": [0.6912442445755005, 0.778761088848114, 0.8309178948402405, 0.8075118064880371, 0.8285714387893677, 0.8638498187065125, 0.8638498187065125, 0.8599033951759338, 0.8708133697509766, 0.853210985660553, 0.8598130941390991, 0.8666666746139526, 0.8653846383094788, 0.8502415418624878, 0.869158923625946], "cell_type_pr": [0.6717325448989868, 0.7304492592811584, 0.6766020655632019, 0.7110754251480103, 0.7677304744720459, 0.7281879186630249, 0.6768559217453003, 0.7224080562591553, 0.7099999785423279, 0.6901408433914185, 0.7030497789382935, 0.724662184715271, 0.7474226951599121, 0.7378965020179749, 0.7513135075569153], "cell_type_rec": [0.7491525411605835, 0.7440677881240845, 0.7694915533065796, 0.7508474588394165, 0.7338982820510864, 0.7355931997299194, 0.7881355881690979, 0.7322033643722534, 0.7220339179039001, 0.7474576234817505, 0.7423728704452515, 0.7271186709403992, 0.7372881174087524, 0.7491525411605835, 0.7271186709403992], "cell_type_f1": [0.7083333730697632, 0.737195611000061, 0.7200635075569153, 0.7304204702377319, 0.7504332661628723, 0.7318718433380127, 0.7282693386077881, 0.7272727489471436, 0.7159663438796997, 0.7176566123962402, 0.7221764326095581, 0.7258884310722351, 0.7423207759857178, 0.7434818744659424, 0.7390181422233582], "protein_pr": [0.7056524157524109, 0.7515822649002075, 0.7936777472496033, 0.7678629159927368, 0.800275981426239, 0.76046222448349, 0.7838377356529236, 0.7851653695106506, 0.7961761951446533, 0.7743304967880249, 0.808282732963562, 0.7895989418029785, 0.7947404384613037, 0.7921768426895142, 0.7890651226043701], "protein_rec": [0.8220665454864502, 0.831873893737793, 0.817863404750824, 0.831873893737793, 0.8126094341278076, 0.8528896570205688, 0.8255691528320312, 0.8231173157691956, 0.8168126344680786, 0.8304728269577026, 0.7929947376251221, 0.8136602640151978, 0.8150612711906433, 0.8157618045806885, 0.8189141750335693],