{"test_metrics": {"f1": 0.0, "pr": 0.0, "rec": 0.0, "ner_f1": 0.6476567387580872, "ner_pr": 0.6136971712112427, "ner_rec": 0.6855947375297546, "macro_f1": 0.0, "macro_pr": 0.0, "macro_rec": 0.0, "macro_ner_f1": 0.6393821239471436, "macro_ner_pr": 0.6083665490150452, "macro_ner_rec": 0.6766574382781982, "samples_per_s": 186.76479053692503, "samples_total_num": 529, "samples_total_s": 2.832439661026001, "task_pr": 0.5709459185600281, "task_rec": 0.6450381875038147, "task_f1": 0.6057347655296326, "method_pr": 0.7529975771903992, "method_rec": 0.7388235330581665, "method_f1": 0.7458432912826538, "material_pr": 0.5580110549926758, "material_rec": 0.6392405033111572, "material_f1": 0.5958702564239502, "otherscientificterm_pr": 0.5443885922431946, "otherscientificterm_rec": 0.6286267042160034, "otherscientificterm_f1": 0.5834829211235046, "metric_pr": 0.5833333134651184, "metric_rec": 0.591549277305603, "metric_f1": 0.5874125361442566, "generic_pr": 0.6405228972434998, "generic_rec": 0.8166666626930237, "generic_f1": 0.7179487347602844}, "test_metrics_bounds": {"f1": 0.0, "pr": 0.0, "rec": 0.0, "ner_f1": 0.7901722192764282, "ner_pr": 0.7489293217658997, "ner_rec": 0.8362223505973816, "macro_f1": 0.0, "macro_pr": 0.0, "macro_rec": 0.0, "macro_ner_f1": 0.7901722192764282, "macro_ner_pr": 0.7489293217658997, "macro_ner_rec": 0.8362223505973816, "samples_per_s": 186.76479053692503, "samples_total_num": 529, "samples_total_s": 2.832439661026001}, "metrics": {"f1": [0.0, 0.0, 0.0, 0.0, 0.0, 0.0, 0.0, 0.0, 0.0, 0.0, 0.0, 0.0, 0.0, 0.0, 0.0, 0.0, 0.0, 0.0, 0.0, 0.0, 0.0, 0.0, 0.0, 0.0, 0.0], "pr": [0.0, 0.0, 0.0, 0.0, 0.0, 0.0, 0.0, 0.0, 0.0, 0.0, 0.0, 0.0, 0.0, 0.0, 0.0, 0.0, 0.0, 0.0, 0.0, 0.0, 0.0, 0.0, 0.0, 0.0, 0.0], "rec": [0.0, 0.0, 0.0, 0.0, 0.0, 0.0, 0.0, 0.0, 0.0, 0.0, 0.0, 0.0, 0.0, 0.0, 0.0, 0.0, 0.0, 0.0, 0.0, 0.0, 0.0, 0.0, 0.0, 0.0, 0.0], "ner_f1": [0.361359566450119, 0.5489977598190308, 0.5888821482658386, 0.6389891505241394, 0.6408904194831848, 0.6283084154129028, 0.6314553618431091, 0.6123661994934082, 0.6340023875236511, 0.6259632110595703, 0.6241299510002136, 0.6210960745811462, 0.6240378618240356, 0.6356589198112488, 0.6445103883743286, 0.6410564184188843, 0.6350491046905518, 0.6480582356452942, 0.63737553358078, 0.651685357093811, 0.644783079624176, 0.6379208564758301, 0.6437463760375977, 0.6476190686225891, 0.6433649063110352], "ner_pr": [0.3447099030017853, 0.4939879775047302, 0.5744934678077698, 0.6145833134651184, 0.6017601490020752, 0.5808510780334473, 0.5938189625740051, 0.5825791954994202, 0.5993303656578064, 0.5939257740974426, 0.5809935331344604, 0.5862069129943848, 0.5914702415466309, 0.6063708662986755, 0.6121758818626404, 0.6152073740959167, 0.5896884799003601, 0.6282352805137634, 0.5984598398208618, 0.6170212626457214, 0.6057268977165222, 0.6033519506454468, 0.6107986569404602, 0.6167800426483154, 0.6101123690605164], "ner_rec": [0.3796992599964142, 0.6177945137023926, 0.6040100455284119, 0.6654135584831238, 0.6854636669158936, 0.6842105388641357, 0.6741854548454285, 0.6453633904457092, 0.6729323267936707, 0.6616541147232056, 0.6741854548454285, 0.6604009866714478, 0.6604009866714478, 0.6679198145866394, 0.6804511547088623, 0.6691729426383972, 0.6879699230194092, 0.6691729426383972, 0.6817042827606201, 0.6904761791229248, 0.689223051071167, 0.6766917109489441, 0.6804511547088623, 0.6817042827606201, 0.6804511547088623], "macro_f1": [0.0, 0.0, 0.0, 0.0, 0.0, 0.0, 0.0, 0.0, 0.0, 0.0, 0.0, 0.0, 0.0, 0.0, 0.0, 0.0, 0.0, 0.0, 0.0, 0.0, 0.0, 0.0, 0.0, 0.0, 0.0], "macro_pr": [0.0, 0.0, 0.0, 0.0, 0.0, 0.0, 0.0, 0.0, 0.0, 0.0, 0.0, 0.0, 0.0, 0.0, 0.0, 0.0, 0.0, 0.0, 0.0, 0.0, 0.0, 0.0, 0.0, 0.0, 0.0], "macro_rec": [0.0, 0.0, 0.0, 0.0, 0.0, 0.0, 0.0, 0.0, 0.0, 0.0, 0.0, 0.0, 0.0, 0.0, 0.0, 0.0, 0.0, 0.0, 0.0, 0.0, 0.0, 0.0, 0.0, 0.0, 0.0], "macro_ner_f1": [0.23543661832809448, 0.4943046569824219, 0.5541444420814514, 0.605646014213562, 0.6139963865280151, 0.6032117009162903, 0.6025876402854919, 0.5865827202796936, 0.6022872924804688, 0.5945177674293518, 0.5898642539978027, 0.5929195284843445, 0.5995431542396545, 0.6045436263084412, 0.6173486113548279, 0.6087948679924011, 0.6063875555992126, 0.6121280789375305, 0.5992678999900818, 0.6197957992553711, 0.6106454133987427, 0.6025280356407166, 0.6167666912078857, 0.6184496283531189, 0.6152028441429138], "macro_ner_pr": [0.21092349290847778, 0.518483579158783, 0.5400494933128357, 0.6074297428131104, 0.5843366980552673, 0.5677677989006042, 0.5688479542732239, 0.5666163563728333, 0.5753094553947449, 0.5708989500999451, 0.55790776014328, 0.5990509986877441, 0.590663731098175, 0.5853225588798523, 0.6004984378814697, 0.5968489050865173, 0.5819305777549744, 0.6180170178413391, 0.5738358497619629, 0.5975500345230103, 0.5828518867492676, 0.5754250884056091, 0.5930333733558655, 0.598725438117981, 0.592889130115509], "macro_ner_rec": [0.2776353359222412, 0.5232604146003723, 0.5933343768119812, 0.6160187125205994, 0.6488671898841858, 0.6550473570823669, 0.6467065215110779, 0.6120577454566956, 0.6367245316505432, 0.6229277849197388, 0.6307684779167175, 0.6044907569885254, 0.6250995993614197, 0.6347177624702454, 0.6441152691841125, 0.6336581707000732, 0.6420881748199463, 0.6205163598060608, 0.632659375667572, 0.6482903361320496, 0.6459323167800903, 0.6356572508811951, 0.6442757248878479, 0.6429397463798523, 0.6437333822250366], "samples_per_s": [135.74939891016484, 151.27352466845946, 189.70866963051208, 167.51869133395854, 200.61813221433113, 197.56148348420268, 141.8374634779786, 162.6322308934699, 201.58280684877874, 206.37810571862704, 199.01812867460802, 186.63706083508913, 191.62896360150026, 190.9718960122332, 204.41943924630996, 195.1046390260432, 169.8843451310408, 198.2258757595345, 173.63534475607327, 203.2398229039547, 192.79035700862477, 198.9125646340547, 197.0247950607532, 190.99969121817844, 205.50205225220097], "samples_total_num": [260, 260, 260, 260, 260, 260, 260, 260, 260, 260, 260, 260, 260, 260, 260, 260, 260, 260, 260, 260, 260, 260, 260, 260, 260], "samples_total_s": [1.9152939319610596, 1.7187409400939941, 1.3705224990844727, 1.5520656108856201, 1.295994520187378, 1.3160459995269775, 1.8330841064453125, 1.5986990928649902, 1.289792537689209, 1.2598235607147217, 1.3064136505126953, 1.393078088760376, 1.3567886352539062, 1.3614568710327148, 1.2718946933746338, 1.332618236541748, 1.5304529666900635, 1.3116350173950195, 1.4973909854888916, 1.2792768478393555, 1.3486151695251465, 1.3071069717407227, 1.3196308612823486, 1.3612587451934814, 1.2651941776275635], "task_pr": [0.0, 0.5595238208770752, 0.51408451795578, 0.6399999856948853, 0.5447761416435242, 0.6132075190544128, 0.48124998807907104, 0.5230769515037537, 0.4968152940273285, 0.5373134613037109, 0.47560974955558777, 0.5892857313156128, 0.6238532066345215, 0.5748031735420227, 0.5950413346290588, 0.5419847369194031, 0.5066666603088379, 0.5338345766067505, 0.550000011920929, 0.573913037776947, 0.523809552192688, 0.550000011920929, 0.5185185074806213, 0.5267175436019897, 0.523809552192688], "task_rec": [0.0, 0.3730158805847168, 0.579365074634552, 0.5079365372657776, 0.579365074634552, 0.5158730149269104, 0.6111111044883728, 0.5396825671195984, 0.6190476417541504, 0.5714285969734192, 0.6190476417541504, 0.523809552192688, 0.5396825671195984, 0.579365074634552, 0.5714285969734192, 0.5634920597076416, 0.60317462682724, 0.5634920597076416, 0.523809552192688, 0.523809552192688, 0.523809552192688, 0.523809552192688, 0.5555555820465088, 0.5476190447807312, 0.523809552192688],