{"test_metrics": {"f1": 0.0, "pr": 0.0, "rec": 0.0, "ner_f1": 0.8096765279769897, "ner_pr": 0.8278688788414001, "ner_rec": 0.7922665476799011, "macro_f1": 0.0, "macro_pr": 0.0, "macro_rec": 0.0, "macro_ner_f1": 0.7439559102058411, "macro_ner_pr": 0.7363862991333008, "macro_ner_rec": 0.755746066570282, "samples_per_s": 193.01786173983098, "samples_total_num": 5000, "samples_total_s": 25.904338359832764, "organization_pr": 0.5849056839942932, "organization_rec": 0.6952506303787231, "organization_f1": 0.6353224515914917, "location_pr": 0.8781071305274963, "location_rec": 0.8077769875526428, "location_f1": 0.8414750695228577, "person_pr": 0.7461459636688232, "person_rec": 0.7642105221748352, "person_f1": 0.7550702691078186}, "test_metrics_bounds": {"f1": 0.0, "pr": 0.0, "rec": 0.0, "ner_f1": 0.834103524684906, "ner_pr": 0.8528447151184082, "ner_rec": 0.8161683082580566, "macro_f1": 0.0, "macro_pr": 0.0, "macro_rec": 0.0, "macro_ner_f1": 0.834103524684906, "macro_ner_pr": 0.8528447151184082, "macro_ner_rec": 0.8161683082580566, "samples_per_s": 193.01786173983098, "samples_total_num": 5000, "samples_total_s": 25.904338359832764}, "metrics": {"f1": [0.0, 0.0, 0.0, 0.0, 0.0, 0.0], "pr": [0.0, 0.0, 0.0, 0.0, 0.0, 0.0], "rec": [0.0, 0.0, 0.0, 0.0, 0.0, 0.0], "ner_f1": [0.7063182592391968, 0.7864368557929993, 0.7916591763496399, 0.8052898645401001, 0.7802218198776245, 0.7560690641403198], "ner_pr": [0.7286806702613831, 0.7432909607887268, 0.7707824110984802, 0.8195876479148865, 0.7574653029441833, 0.8396937847137451], "ner_rec": [0.685287594795227, 0.834900438785553, 0.8136983513832092, 0.7914823293685913, 0.8043879270553589, 0.6875922083854675], "macro_f1": [0.0, 0.0, 0.0, 0.0, 0.0, 0.0], "macro_pr": [0.0, 0.0, 0.0, 0.0, 0.0, 0.0], "macro_rec": [0.0, 0.0, 0.0, 0.0, 0.0, 0.0], "macro_ner_f1": [0.6311458945274353, 0.699496328830719, 0.7084142565727234, 0.7322443127632141, 0.6928080916404724, 0.7019400596618652], "macro_ner_pr": [0.6132517457008362, 0.6395439505577087, 0.6533718705177307, 0.7203252911567688, 0.6458835601806641, 0.7289348244667053], "macro_ner_rec": [0.669896125793457, 0.7849670052528381, 0.7924793362617493, 0.7508034706115723, 0.7599585652351379, 0.6911090016365051], "samples_per_s": [158.65676888639592, 158.6134021514844, 169.76773627942416, 174.50823075775136, 166.94367995167406, 175.22890258850646], "samples_total_num": [5000, 5000, 5000, 5000, 5000, 5000], "samples_total_s": [31.514570951461792, 31.523187398910522, 29.452003717422485, 28.651943683624268, 29.950220346450806, 28.5341055393219], "organization_pr": [0.42150169610977173, 0.5386221408843994, 0.48774081468582153, 0.5440573692321777, 0.43166667222976685, 0.5589856505393982], "organization_rec": [0.6423926949501038, 0.6710013151168823, 0.7243173122406006, 0.690507173538208, 0.6736021041870117, 0.6592977643013], "organization_f1": [0.5090159177780151, 0.5975680351257324, 0.5829408764839172, 0.6085960268974304, 0.526155412197113, 0.6050119400024414], "location_pr": [0.8236837983131409, 0.8387252688407898, 0.8728247880935669, 0.8750495910644531, 0.827105700969696, 0.9305485486984253], "location_rec": [0.691563606262207, 0.8507407903671265, 0.8168237805366516, 0.8103342652320862, 0.8212317824363708, 0.6791967749595642], "location_f1": [0.7518637180328369, 0.8446903228759766, 0.843896210193634, 0.841449499130249, 0.824158251285553, 0.7852492332458496], "person_pr": [0.594569742679596, 0.5412843823432922, 0.5995500683784485, 0.7418688535690308, 0.6788783073425293, 0.6972704529762268], "person_rec": [0.6757321953773499, 0.8331589698791504, 0.8362970948219299, 0.7515690326690674, 0.785041868686676, 0.7348326444625854], "person_f1": [0.6325581073760986, 0.6562306880950928, 0.6984057426452637, 0.7466874122619629, 0.7281106114387512, 0.7155588865280151]}}