{"test_metrics": {"unseen__f1": 0.0, "unseen__pr": 0.0, "unseen__rec": 0.0, "unseen__ner_f1": 0.6436528563499451, "unseen__ner_pr": 0.5315161943435669, "unseen__ner_rec": 0.8157573938369751, "unseen__macro_f1": 0.0, "unseen__macro_pr": 0.0, "unseen__macro_rec": 0.0, "unseen__macro_ner_f1": 0.6561424136161804, "unseen__macro_ner_pr": 0.5945988297462463, "unseen__macro_ner_rec": 0.7590588927268982, "unseen__samples_per_s": 522.5044193366547, "unseen__samples_total_num": 3777, "unseen__samples_total_s": 7.228646993637085, "unseen__organization_pr": 0.5766016840934753, "unseen__organization_rec": 0.6540284156799316, "unseen__organization_f1": 0.6128792762756348, "unseen__location_pr": 0.475651353597641, "unseen__location_rec": 0.8770374655723572, "unseen__location_f1": 0.6167923808097839, "unseen__person_pr": 0.7315436005592346, "unseen__person_rec": 0.746110737323761, "unseen__person_f1": 0.7387554049491882, "seen__f1": 0.0, "seen__pr": 0.0, "seen__rec": 0.0, "seen__ner_f1": 0.6717523336410522, "seen__ner_pr": 0.5365596413612366, "seen__ner_rec": 0.8980191946029663, "seen__macro_f1": 0.0, "seen__macro_pr": 0.0, "seen__macro_rec": 0.0, "seen__macro_ner_f1": 0.4767962694168091, "seen__macro_ner_pr": 0.35153627395629883, "seen__macro_ner_rec": 0.8602962493896484, "seen__samples_per_s": 532.5557584256983, "seen__samples_total_num": 3530, "seen__samples_total_s": 6.628413915634155, "seen__organization_pr": 0.2224719077348709, "seen__organization_rec": 0.7919999957084656, "seen__organization_f1": 0.34736841917037964, "seen__location_pr": 0.6099147200584412, "seen__location_rec": 0.9015167951583862, "seen__location_f1": 0.7275862693786621, "seen__person_pr": 0.2222222238779068, "seen__person_rec": 0.8873720169067383, "seen__person_f1": 0.3554340600967407}, "test_metrics_bounds": {"unseen__f1": 0.0, "unseen__pr": 0.0, "unseen__rec": 0.0, "unseen__ner_f1": 0.6696925759315491, "unseen__ner_pr": 0.5530440807342529, "unseen__ner_rec": 0.8487014174461365, "unseen__macro_f1": 0.0, "unseen__macro_pr": 0.0, "unseen__macro_rec": 0.0, "unseen__macro_ner_f1": 0.6696925759315491, "unseen__macro_ner_pr": 0.5530440807342529, "unseen__macro_ner_rec": 0.8487014174461365, "unseen__samples_per_s": 522.5044193366547, "unseen__samples_total_num": 3777, "unseen__samples_total_s": 7.228646993637085, "seen__f1": 0.0, "seen__pr": 0.0, "seen__rec": 0.0, "seen__ner_f1": 0.6792840361595154, "seen__ner_pr": 0.5425993204116821, "seen__ner_rec": 0.9080211520195007, "seen__macro_f1": 0.0, "seen__macro_pr": 0.0, "seen__macro_rec": 0.0, "seen__macro_ner_f1": 0.6792840361595154, "seen__macro_ner_pr": 0.5425993204116821, "seen__macro_ner_rec": 0.9080211520195007, "seen__samples_per_s": 532.5557584256983, "seen__samples_total_num": 3530, "seen__samples_total_s": 6.628413915634155}}