{"test_metrics": {"seen__f1": 0.0, "seen__pr": 0.0, "seen__rec": 0.0, "seen__ner_f1": 0.7582852244377136, "seen__ner_pr": 0.6483559012413025, "seen__ner_rec": 0.9131026864051819, "seen__macro_f1": 0.0, "seen__macro_pr": 0.0, "seen__macro_rec": 0.0, "seen__macro_ner_f1": 0.7115411162376404, "seen__macro_ner_pr": 0.5965949892997742, "seen__macro_ner_rec": 0.8856927752494812, "seen__samples_per_s": 449.74797694246894, "seen__samples_total_num": 2050, "seen__samples_total_s": 4.558108329772949, "seen__per_pr": 0.679138720035553, "seen__per_rec": 0.9449901580810547, "seen__per_f1": 0.790306031703949, "seen__org_pr": 0.5173333287239075, "seen__org_rec": 0.800000011920929, "seen__org_f1": 0.6283400654792786, "seen__wea_pr": 0.6100000143051147, "seen__wea_rec": 0.953125, "seen__wea_f1": 0.7439023852348328, "seen__gpe_pr": 0.7226130366325378, "seen__gpe_rec": 0.9217948913574219, "seen__gpe_f1": 0.8101407885551453, "seen__veh_pr": 0.5882353186607361, "seen__veh_rec": 0.9230769276618958, "seen__veh_f1": 0.71856290102005, "seen__fac_pr": 0.48507463932037354, "seen__fac_rec": 0.8333333134651184, "seen__fac_f1": 0.6132075190544128, "seen__loc_pr": 0.5737704634666443, "seen__loc_rec": 0.8235294222831726, "seen__loc_f1": 0.6763284802436829, "unseen__f1": 0.0, "unseen__pr": 0.0, "unseen__rec": 0.0, "unseen__ner_f1": 0.3522369861602783, "unseen__ner_pr": 0.22765956819057465, "unseen__ner_rec": 0.777924656867981, "unseen__macro_f1": 0.0, "unseen__macro_pr": 0.0, "unseen__macro_rec": 0.0, "unseen__macro_ner_f1": 0.3108530640602112, "unseen__macro_ner_pr": 0.2127179354429245, "unseen__macro_ner_rec": 0.6127562522888184, "unseen__samples_per_s": 524.9203690079568, "unseen__samples_total_num": 2050, "unseen__samples_total_s": 3.9053542613983154, "unseen__per_pr": 0.23120367527008057, "unseen__per_rec": 0.8899456262588501, "unseen__per_f1": 0.36704960465431213, "unseen__org_pr": 0.3160000145435333, "unseen__org_rec": 0.7292307615280151, "unseen__org_f1": 0.4409302771091461, "unseen__wea_pr": 0.17000000178813934, "unseen__wea_rec": 0.4146341383457184, "unseen__wea_f1": 0.24113476276397705, "unseen__gpe_pr": 0.161809042096138, "unseen__gpe_rec": 0.8090452551841736, "unseen__gpe_f1": 0.26968175172805786, "unseen__veh_pr": 0.19607843458652496, "unseen__veh_rec": 0.4761904776096344, "unseen__veh_f1": 0.277777761220932, "unseen__fac_pr": 0.25, "unseen__fac_rec": 0.5447154641151428, "unseen__fac_f1": 0.3427110016345978, "unseen__loc_pr": 0.16393442451953888, "unseen__loc_rec": 0.42553192377090454, "unseen__loc_f1": 0.23668639361858368}, "test_metrics_bounds": {"seen__f1": 0.0, "seen__pr": 0.0, "seen__rec": 0.0, "seen__ner_f1": 0.806213915348053, "seen__ner_pr": 0.6896217465400696, "seen__ner_rec": 0.9702510833740234, "seen__macro_f1": 0.0, "seen__macro_pr": 0.0, "seen__macro_rec": 0.0, "seen__macro_ner_f1": 0.806213915348053, "seen__macro_ner_pr": 0.6896217465400696, "seen__macro_ner_rec": 0.9702510833740234, "seen__samples_per_s": 449.74797694246894, "seen__samples_total_num": 2050, "seen__samples_total_s": 4.558108329772949, "unseen__f1": 0.0, "unseen__pr": 0.0, "unseen__rec": 0.0, "unseen__ner_f1": 0.38842231035232544, "unseen__ner_pr": 0.2512124180793762, "unseen__ner_rec": 0.8559154272079468, "unseen__macro_f1": 0.0, "unseen__macro_pr": 0.0, "unseen__macro_rec": 0.0, "unseen__macro_ner_f1": 0.38842231035232544, "unseen__macro_ner_pr": 0.2512124180793762, "unseen__macro_ner_rec": 0.8559154272079468, "unseen__samples_per_s": 524.9203690079568, "unseen__samples_total_num": 2050, "unseen__samples_total_s": 3.9053542613983154}}