{"test_metrics": {"unseen__f1": 0.0, "unseen__pr": 0.0, "unseen__rec": 0.0, "unseen__ner_f1": 0.2764483690261841, "unseen__ner_pr": 0.16819924116134644, "unseen__ner_rec": 0.7756183743476868, "unseen__macro_f1": 0.0, "unseen__macro_pr": 0.0, "unseen__macro_rec": 0.0, "unseen__macro_ner_f1": 0.24812830984592438, "unseen__macro_ner_pr": 0.15855540335178375, "unseen__macro_ner_rec": 0.6210360527038574, "unseen__samples_per_s": 473.3473665991501, "unseen__samples_total_num": 2050, "unseen__samples_total_s": 4.330857515335083, "unseen__per_pr": 0.17002081871032715, "unseen__per_rec": 0.8892921805381775, "unseen__per_f1": 0.2854645848274231, "unseen__org_pr": 0.25242719054222107, "unseen__org_rec": 0.6867924332618713, "unseen__org_f1": 0.36916837096214294, "unseen__wea_pr": 0.07608695328235626, "unseen__wea_rec": 0.23333333432674408, "unseen__wea_f1": 0.1147541031241417, "unseen__gpe_pr": 0.10998991131782532, "unseen__gpe_rec": 0.8257575631141663, "unseen__gpe_f1": 0.19412288069725037, "unseen__veh_pr": 0.1782178282737732, "unseen__veh_rec": 0.5142857432365417, "unseen__veh_f1": 0.2647058963775635, "unseen__fac_pr": 0.17525772750377655, "unseen__fac_rec": 0.6144578456878662, "unseen__fac_f1": 0.27272725105285645, "unseen__loc_pr": 0.14788731932640076, "unseen__loc_rec": 0.5833333134651184, "unseen__loc_f1": 0.23595505952835083, "seen__f1": 0.0, "seen__pr": 0.0, "seen__rec": 0.0, "seen__ner_f1": 0.8106126189231873, "seen__ner_pr": 0.7199233770370483, "seen__ner_rec": 0.927443265914917, "seen__macro_f1": 0.0, "seen__macro_pr": 0.0, "seen__macro_rec": 0.0, "seen__macro_ner_f1": 0.7705994248390198, "seen__macro_ner_pr": 0.6765831112861633, "seen__macro_ner_rec": 0.8986039757728577, "seen__samples_per_s": 519.7270151539641, "seen__samples_total_num": 2050, "seen__samples_total_s": 3.94437837600708, "seen__per_pr": 0.7442747950553894, "seen__per_rec": 0.9657811522483826, "seen__per_f1": 0.8406819105148315, "seen__org_pr": 0.6074895858764648, "seen__org_rec": 0.8036697506904602, "seen__org_f1": 0.6919431090354919, "seen__wea_pr": 0.760869562625885, "seen__wea_rec": 0.9333333373069763, "seen__wea_f1": 0.8383233547210693, "seen__gpe_pr": 0.7921291589736938, "seen__gpe_rec": 0.9268004894256592, "seen__gpe_f1": 0.8541893362998962, "seen__veh_pr": 0.6732673048973083, "seen__veh_rec": 0.9444444179534912, "seen__veh_f1": 0.7861270904541016, "seen__fac_pr": 0.5876288414001465, "seen__fac_rec": 0.8724489808082581, "seen__fac_f1": 0.7022587060928345, "seen__loc_pr": 0.5704225301742554, "seen__loc_rec": 0.84375, "seen__loc_f1": 0.680672287940979}, "test_metrics_bounds": {"unseen__f1": 0.0, "unseen__pr": 0.0, "unseen__rec": 0.0, "unseen__ner_f1": 0.30827420949935913, "unseen__ner_pr": 0.18760789930820465, "unseen__ner_rec": 0.8639575839042664, "unseen__macro_f1": 0.0, "unseen__macro_pr": 0.0, "unseen__macro_rec": 0.0, "unseen__macro_ner_f1": 0.30827420949935913, "unseen__macro_ner_pr": 0.18760789930820465, "unseen__macro_ner_rec": 0.8639575839042664, "unseen__samples_per_s": 473.3473665991501, "unseen__samples_total_num": 2050, "unseen__samples_total_s": 4.330857515335083, "seen__f1": 0.0, "seen__pr": 0.0, "seen__rec": 0.0, "seen__ner_f1": 0.85288405418396, "seen__ner_pr": 0.7573374509811401, "seen__ner_rec": 0.9760197997093201, "seen__macro_f1": 0.0, "seen__macro_pr": 0.0, "seen__macro_rec": 0.0, "seen__macro_ner_f1": 0.85288405418396, "seen__macro_ner_pr": 0.7573374509811401, "seen__macro_ner_rec": 0.9760197997093201, "seen__samples_per_s": 519.7270151539641, "seen__samples_total_num": 2050, "seen__samples_total_s": 3.94437837600708}}