{"test_metrics": {"unseen_ner_prec_micro": 52.295918367346935, "unseen_ner_rec_micro": 44.90690032858707, "unseen_ner_f1_micro": 48.320565704183856, "unseen_ner_prec_macro": 45.55508067499672, "unseen_ner_rec_macro": 39.11855388583334, "unseen_ner_f1_macro": 41.880907633990944, "unseen_loc_prec_micro": 63.24900133155792, "unseen_loc_rec_micro": 52.026286966046, "unseen_loc_f1_micro": 57.09134615384615, "unseen_loc_prec_macro": 63.24900133155792, "unseen_loc_rec_macro": 52.026286966046, "unseen_loc_f1_macro": 57.09134615384615, "unseen_cls_prec_micro": 82.82828282828282, "unseen_cls_rec_micro": 44.90690032858707, "unseen_cls_f1_micro": 58.23863636363637, "unseen_cls_prec_macro": 73.3621064304875, "unseen_cls_rec_macro": 39.11855388583334, "unseen_cls_f1_macro": 50.48005247539344, "unseen_epoch": 0.0, "unseen_iteration": 0.0, "unseen_global_iteration": 0.0, "seen_ner_prec_micro": 11.802030456852792, "seen_ner_rec_micro": 56.024096385542165, "seen_ner_f1_micro": 19.49685534591195, "seen_ner_prec_macro": 10.369285768168146, "seen_ner_rec_macro": 54.46350775811032, "seen_ner_f1_macro": 17.296309708838074, "seen_loc_prec_micro": 14.475431606905712, "seen_loc_rec_micro": 65.66265060240963, "seen_loc_f1_micro": 23.72143634385201, "seen_loc_prec_macro": 14.475431606905712, "seen_loc_rec_macro": 65.66265060240963, "seen_loc_f1_macro": 23.72143634385201, "seen_cls_prec_micro": 81.57894736842105, "seen_cls_rec_micro": 56.024096385542165, "seen_cls_f1_micro": 66.42857142857143, "seen_cls_prec_macro": 70.83562271062272, "seen_cls_rec_macro": 54.46350775811032, "seen_cls_f1_macro": 60.09816403109086, "seen_epoch": 0.0, "seen_iteration": 0.0, "seen_global_iteration": 0.0, "ner_prec_micro": 64.1318124207858, "ner_rec_micro": 46.8952734012975, "ner_f1_micro": 54.17558886509636, "ner_prec_macro": 56.01905834103976, "ner_rec_macro": 40.93178234619052, "ner_f1_macro": 47.14117765882219, "loc_prec_micro": 77.5132275132275, "loc_rec_micro": 54.30954587581094, "loc_f1_micro": 63.86920980926431, "loc_prec_macro": 77.5132275132275, "loc_rec_macro": 54.30954587581094, "loc_f1_macro": 63.86920980926431, "cls_prec_micro": 82.6797385620915, "cls_rec_micro": 46.8952734012975, "cls_f1_micro": 59.84624482554701, "cls_prec_macro": 72.5161750780209, "cls_rec_macro": 40.93178234619052, "cls_f1_macro": 52.021137870156295, "epoch": 0.0, "iteration": 0.0, "global_iteration": 0.0}}