{"test_metrics": {"unseen_ner_prec_micro": 35.503072196620586, "unseen_ner_rec_micro": 69.77358490566039, "unseen_ner_f1_micro": 47.06032069228812, "unseen_ner_prec_macro": 40.34477989847012, "unseen_ner_rec_macro": 69.5360027650338, "unseen_ner_f1_macro": 49.92021309329992, "unseen_loc_prec_micro": 38.57170505128701, "unseen_loc_rec_micro": 75.20754716981132, "unseen_loc_f1_micro": 50.99142893693232, "unseen_loc_prec_macro": 38.57170505128701, "unseen_loc_rec_macro": 75.20754716981132, "unseen_loc_f1_macro": 50.99142893693232, "unseen_cls_prec_micro": 91.85295578738202, "unseen_cls_rec_micro": 69.77358490566039, "unseen_cls_f1_micro": 79.305168346558, "unseen_cls_prec_macro": 89.3156960935807, "unseen_cls_rec_macro": 69.53600276503381, "unseen_cls_f1_macro": 77.8994011789303, "unseen_epoch": 0.0, "unseen_iteration": 0.0, "unseen_global_iteration": 0.0, "seen_ner_prec_micro": 45.69396386005383, "seen_ner_rec_micro": 83.22829131652661, "seen_ner_f1_micro": 58.997269793993546, "seen_ner_prec_macro": 40.883062846722986, "seen_ner_rec_macro": 80.9396417053425, "seen_ner_f1_macro": 53.3074492582022, "seen_loc_prec_micro": 46.28195197521301, "seen_loc_rec_micro": 83.68347338935574, "seen_loc_f1_micro": 59.60099750623441, "seen_loc_prec_macro": 46.28195197521301, "seen_loc_rec_macro": 83.68347338935574, "seen_loc_f1_macro": 59.60099750623441, "seen_cls_prec_micro": 99.12427022518766, "seen_cls_rec_micro": 83.22829131652661, "seen_cls_f1_micro": 90.48344118766651, "seen_cls_prec_macro": 99.30108814784931, "seen_cls_rec_macro": 80.9396417053425, "seen_cls_f1_macro": 89.08627381273166, "seen_epoch": 0.0, "seen_iteration": 0.0, "seen_global_iteration": 0.0, "ner_prec_micro": 81.38236426646131, "ner_rec_micro": 76.77079549582274, "ner_f1_micro": 79.00934579439253, "ner_prec_macro": 81.39330012090093, "ner_rec_macro": 74.95732092511143, "ner_f1_macro": 77.96062608005401, "loc_prec_micro": 84.9728892331526, "loc_rec_micro": 79.69487831456593, "loc_f1_micro": 82.24929709465792, "loc_prec_macro": 84.9728892331526, "loc_rec_macro": 79.69487831456593, "loc_f1_macro": 82.24929709465792, "cls_prec_micro": 95.78518014955812, "cls_rec_micro": 76.77079549582274, "cls_f1_micro": 85.23036596431092, "cls_prec_macro": 94.55047479350496, "cls_rec_macro": 74.95732092511143, "cls_f1_macro": 83.49720858070808, "epoch": 0.0, "iteration": 0.0, "global_iteration": 0.0}}