{"test_metrics": {"unseen_ner_prec_micro": 43.38292873923258, "unseen_ner_rec_micro": 70.61822817080943, "unseen_ner_f1_micro": 53.747271404317246, "unseen_ner_prec_macro": 48.71654247917173, "unseen_ner_rec_macro": 70.65597244002177, "unseen_ner_f1_macro": 56.62368575296321, "unseen_loc_prec_micro": 47.33926805143423, "unseen_loc_rec_micro": 76.25876354365838, "unseen_loc_f1_micro": 58.41572073721469, "unseen_loc_prec_macro": 47.33926805143423, "unseen_loc_rec_macro": 76.25876354365838, "unseen_loc_f1_macro": 58.41572073721469, "unseen_cls_prec_micro": 91.53242461792648, "unseen_cls_rec_micro": 70.61822817080943, "unseen_cls_f1_micro": 79.72656952689333, "unseen_cls_prec_macro": 90.2881671558647, "unseen_cls_rec_macro": 70.65597244002177, "unseen_cls_f1_macro": 79.06722566280774, "unseen_epoch": 0.0, "unseen_iteration": 0.0, "unseen_global_iteration": 0.0, "seen_ner_prec_micro": 36.50420825993345, "seen_ner_rec_micro": 78.75844594594594, "seen_ner_f1_micro": 49.88631804199545, "seen_ner_prec_macro": 31.4801786046213, "seen_ner_rec_macro": 73.91227147526126, "seen_ner_f1_macro": 42.97941207672668, "seen_loc_prec_micro": 37.21574055764288, "seen_loc_rec_micro": 79.47635135135135, "seen_loc_f1_micro": 50.69360269360269, "seen_loc_prec_macro": 37.21574055764288, "seen_loc_rec_macro": 79.47635135135135, "seen_loc_f1_macro": 50.69360269360269, "seen_cls_prec_micro": 98.67724867724868, "seen_cls_rec_micro": 78.75844594594594, "seen_cls_f1_micro": 87.59981211836543, "seen_cls_prec_macro": 98.30694904064715, "seen_cls_rec_macro": 73.91227147526126, "seen_cls_f1_macro": 84.24725667653803, "seen_epoch": 0.0, "seen_iteration": 0.0, "seen_global_iteration": 0.0, "ner_prec_micro": 79.84768599882835, "ner_rec_micro": 74.26443879404286, "ner_f1_micro": 76.9549261315517, "ner_prec_macro": 80.33666154770295, "ner_rec_macro": 72.49889529011696, "ner_f1_macro": 76.16527090246639, "loc_prec_micro": 84.52733372804421, "loc_rec_micro": 77.78786778060298, "loc_f1_micro": 81.01768656010593, "loc_prec_macro": 84.52733372804421, "loc_rec_macro": 77.78786778060298, "loc_f1_macro": 81.01768656010593, "cls_prec_micro": 94.63087248322148, "cls_rec_micro": 74.26443879404286, "cls_f1_micro": 83.21970082425969, "cls_prec_macro": 93.8269391348965, "cls_rec_macro": 72.49889529011696, "cls_f1_macro": 81.72691412145832, "epoch": 0.0, "iteration": 0.0, "global_iteration": 0.0}}