{"test_metrics": {"Eval_Ent_Precision": 84.72095144607327, "Eval_Ent_Recall": 85.82020382609787, "Eval_Ent_F1": 85.2670349258434, "Eval_Time": 8.584161043167114, "Eval_Examples": 288, "Eval_Examples_Per_Second": 33.550162741791105, "seen_Eval_Ent_Precision": 23.970722828964824, "seen_Eval_Ent_Recall": 94.24460399824027, "seen_Eval_Ent_F1": 38.22027720431721, "seen_Eval_Time": 8.40574336051941, "seen_Eval_Examples": 288, "seen_Eval_Examples_Per_Second": 34.26228801520344, "unseen_Eval_Ent_Precision": 60.750228708599764, "unseen_Eval_Ent_Recall": 82.89637944345473, "unseen_Eval_Ent_F1": 70.11615624051498, "unseen_Eval_Time": 8.573730230331421, "unseen_Eval_Examples": 288, "unseen_Eval_Examples_Per_Second": 33.590979919234904}}