{"test_metrics": {"unseen_ner_prec_micro": 19.287285525736912, "unseen_ner_rec_micro": 74.00405131667792, "unseen_ner_f1_micro": 30.59956725064563, "unseen_ner_prec_macro": 28.428714747802857, "unseen_ner_rec_macro": 70.44805784488703, "unseen_ner_f1_macro": 38.2958957076968, "unseen_loc_prec_micro": 20.765516007869792, "unseen_loc_rec_micro": 78.39297771775827, "unseen_loc_f1_micro": 32.83371040723982, "unseen_loc_prec_macro": 20.765516007869792, "unseen_loc_rec_macro": 78.39297771775827, "unseen_loc_f1_macro": 32.83371040723982, "unseen_cls_prec_micro": 92.52849303503588, "unseen_cls_rec_micro": 74.00405131667792, "unseen_cls_f1_micro": 82.23597824048021, "unseen_cls_prec_macro": 91.31202222253908, "unseen_cls_rec_macro": 70.44805784488703, "unseen_cls_f1_macro": 79.21636689792501, "unseen_epoch": 0.0, "unseen_iteration": 0.0, "unseen_global_iteration": 0.0, "seen_ner_prec_micro": 65.13777621269477, "seen_ner_rec_micro": 93.96748793497586, "seen_ner_f1_micro": 76.94067488171372, "seen_ner_prec_macro": 48.2572075775414, "seen_ner_rec_macro": 92.353565531414, "seen_ner_f1_macro": 61.47139962783622, "seen_loc_prec_micro": 66.41023347347705, "seen_loc_rec_micro": 94.28498856997712, "seen_loc_f1_micro": 77.92998477929984, "seen_loc_prec_macro": 66.41023347347705, "seen_loc_rec_macro": 94.28498856997712, "seen_loc_f1_macro": 77.92998477929984, "seen_cls_prec_micro": 98.67964790610829, "seen_cls_rec_micro": 93.96748793497586, "seen_cls_f1_micro": 96.26593806921676, "seen_cls_prec_macro": 93.94582380170326, "seen_cls_rec_macro": 92.353565531414, "seen_cls_f1_macro": 93.1076292987572, "seen_epoch": 0.0, "seen_iteration": 0.0, "seen_global_iteration": 0.0, "ner_prec_micro": 84.27993669773167, "ner_rec_micro": 88.46437799926173, "ner_f1_micro": 86.32147681224673, "ner_prec_macro": 76.44726625874937, "ner_rec_macro": 80.96492889931878, "ner_f1_macro": 78.63071949542659, "loc_prec_micro": 87.06765573330951, "loc_rec_micro": 89.90402362495385, "loc_f1_micro": 88.46311010215663, "loc_prec_macro": 87.06765573330951, "loc_rec_macro": 89.90402362495385, "loc_f1_macro": 88.46311010215663, "cls_prec_micro": 97.1915238771165, "cls_rec_micro": 88.46437799926173, "cls_f1_micro": 92.62283202087058, "cls_prec_macro": 93.47774317290217, "cls_rec_macro": 80.96492889931878, "cls_f1_macro": 86.68151935481966, "epoch": 0.0, "iteration": 0.0, "global_iteration": 0.0}}