{"test_metrics": {"f1": 0.0, "pr": 0.0, "rec": 0.0, "ner_f1": 0.8546134829521179, "ner_pr": 0.8452789187431335, "ner_rec": 0.8641565442085266, "macro_f1": 0.0, "macro_pr": 0.0, "macro_rec": 0.0, "macro_ner_f1": 0.7751041054725647, "macro_ner_pr": 0.772185742855072, "macro_ner_rec": 0.7789590954780579, "samples_per_s": 185.53503159750184, "samples_total_num": 5000, "samples_total_s": 26.94908857345581, "organization_pr": 0.6411543488502502, "organization_rec": 0.6741424798965454, "organization_f1": 0.6572346687316895, "location_pr": 0.8736160397529602, "location_rec": 0.9069454669952393, "location_f1": 0.8899688124656677, "person_pr": 0.8017867207527161, "person_rec": 0.7557894587516785, "person_f1": 0.7781088948249817}, "test_metrics_bounds": {"f1": 0.0, "pr": 0.0, "rec": 0.0, "ner_f1": 0.873231828212738, "ner_pr": 0.8636938333511353, "ner_rec": 0.8829826712608337, "macro_f1": 0.0, "macro_pr": 0.0, "macro_rec": 0.0, "macro_ner_f1": 0.873231828212738, "macro_ner_pr": 0.8636938333511353, "macro_ner_rec": 0.8829826712608337, "samples_per_s": 185.53503159750184, "samples_total_num": 5000, "samples_total_s": 26.94908857345581}, "metrics": {"f1": [0.0, 0.0, 0.0, 0.0, 0.0, 0.0, 0.0, 0.0, 0.0], "pr": [0.0, 0.0, 0.0, 0.0, 0.0, 0.0, 0.0, 0.0, 0.0], "rec": [0.0, 0.0, 0.0, 0.0, 0.0, 0.0, 0.0, 0.0, 0.0], "ner_f1": [0.78412926197052, 0.8020538091659546, 0.8326929807662964, 0.8269802331924438, 0.8468349575996399, 0.8385491967201233, 0.8572739362716675, 0.843891441822052, 0.8000378608703613], "ner_pr": [0.7560766935348511, 0.7714577913284302, 0.7991355061531067, 0.8088313341140747, 0.8145971894264221, 0.796319305896759, 0.8527775406837463, 0.8374943137168884, 0.8227157592773438], "ner_rec": [0.8143436312675476, 0.8351770043373108, 0.8691924810409546, 0.845962405204773, 0.8817293643951416, 0.8855088353157043, 0.8618178367614746, 0.8503871560096741, 0.778576672077179], "macro_f1": [0.0, 0.0, 0.0, 0.0, 0.0, 0.0, 0.0, 0.0, 0.0], "macro_pr": [0.0, 0.0, 0.0, 0.0, 0.0, 0.0, 0.0, 0.0, 0.0], "macro_rec": [0.0, 0.0, 0.0, 0.0, 0.0, 0.0, 0.0, 0.0, 0.0], "macro_ner_f1": [0.6886754631996155, 0.6913730502128601, 0.7454335689544678, 0.7605058550834656, 0.7707386016845703, 0.7695093154907227, 0.7865276336669922, 0.7604560852050781, 0.7333280444145203], "macro_ner_pr": [0.6453321576118469, 0.6379585862159729, 0.6864357590675354, 0.754835844039917, 0.7251504063606262, 0.7263627052307129, 0.7891984581947327, 0.7486061453819275, 0.7186363339424133], "macro_ner_rec": [0.7418351173400879, 0.7859177589416504, 0.8266544342041016, 0.7668049335479736, 0.824406623840332, 0.81878262758255, 0.7858081459999084, 0.7799935340881348, 0.7582368850708008], "samples_per_s": [173.65223730550278, 191.30039446803372, 206.4631554807599, 203.50370524567552, 205.56987725799618, 205.4512805593732, 212.54309437234787, 189.10836242846628, 184.54411855951517], "samples_total_num": [5000, 5000, 5000, 5000, 5000, 5000, 5000, 5000, 5000], "samples_total_s": [28.793179273605347, 26.136903762817383, 24.217396020889282, 24.56957721710205, 24.322629690170288, 24.336669921875, 23.524641036987305, 26.4398672580719, 27.0937922000885], "organization_pr": [0.4878048896789551, 0.38718292117118835, 0.5604288578033447, 0.6697247624397278, 0.5959915518760681, 0.626086950302124, 0.6711491346359253, 0.5501520037651062, 0.5400000214576721], "organization_rec": [0.6241872310638428, 0.7542262673377991, 0.7477242946624756, 0.6644993424415588, 0.7347204089164734, 0.7490246891975403, 0.713914155960083, 0.7061118483543396, 0.7022106647491455], "organization_f1": [0.54763263463974, 0.5116894841194153, 0.640668511390686, 0.6671018600463867, 0.6581246256828308, 0.6820604205131531, 0.6918714642524719, 0.6184510588645935, 0.6105144619941711], "location_pr": [0.8238941431045532, 0.8746597170829773, 0.89311283826828, 0.830672025680542, 0.8646599054336548, 0.8305383920669556, 0.8773159384727478, 0.8752864599227905, 0.8900793194770813], "location_rec": [0.8460879325866699, 0.8655564785003662, 0.886004626750946, 0.885392427444458, 0.9074323773384094, 0.9217582941055298, 0.9044936895370483, 0.8885759711265564, 0.7832741737365723], "location_f1": [0.8348435163497925, 0.8700842261314392, 0.8895444869995117, 0.8571597933769226, 0.8855299353599548, 0.8737740516662598, 0.8906975388526917, 0.8818811774253845, 0.8332682847976685], "person_pr": [0.6242974400520325, 0.652033269405365, 0.6057656407356262, 0.7641107439994812, 0.7147998213768005, 0.7224627137184143, 0.8191304206848145, 0.8203799724578857, 0.7258297204971313], "person_rec": [0.7552301287651062, 0.7379707098007202, 0.8462343215942383, 0.750523030757904, 0.8310669660568237, 0.7855648398399353, 0.7390167117118835, 0.7452929019927979, 0.7892259359359741], "person_f1": [0.6835502982139587, 0.6923454403877258, 0.7060877680778503, 0.7572559118270874, 0.7685611248016357, 0.7526935338973999, 0.7770140171051025, 0.7810359001159668, 0.7562013864517212]}}