{"test_metrics": {"f1": 0.0, "pr": 0.0, "rec": 0.0, "ner_f1": 0.7855220437049866, "ner_pr": 0.7622478604316711, "ner_rec": 0.8102623224258423, "macro_f1": 0.0, "macro_pr": 0.0, "macro_rec": 0.0, "macro_ner_f1": 0.7764237523078918, "macro_ner_pr": 0.7663281559944153, "macro_ner_rec": 0.7915803790092468, "samples_per_s": 378.54430715821, "samples_total_num": 1854, "samples_total_s": 4.897709369659424, "dna_pr": 0.7134629487991333, "dna_rec": 0.8024291396141052, "dna_f1": 0.7553353905677795, "rna_pr": 0.7731092572212219, "rna_rec": 0.8846153616905212, "rna_f1": 0.8251121640205383, "cell_type_pr": 0.7413194179534912, "cell_type_rec": 0.7237288355827332, "cell_type_f1": 0.7324184775352478, "protein_pr": 0.7802197933197021, "protein_rec": 0.8455341458320618, "protein_f1": 0.8115649819374084, "cell_line_pr": 0.8235294222831726, "cell_line_rec": 0.7015945315361023, "cell_line_f1": 0.7576876282691956}, "test_metrics_bounds": {"f1": 0.0, "pr": 0.0, "rec": 0.0, "ner_f1": 0.8282583951950073, "ner_pr": 0.8039286136627197, "ner_rec": 0.8541068434715271, "macro_f1": 0.0, "macro_pr": 0.0, "macro_rec": 0.0, "macro_ner_f1": 0.8282583951950073, "macro_ner_pr": 0.8039286136627197, "macro_ner_rec": 0.8541068434715271, "samples_per_s": 378.54430715821, "samples_total_num": 1854, "samples_total_s": 4.897709369659424}, "metrics": {"f1": [0.0, 0.0, 0.0, 0.0, 0.0, 0.0, 0.0, 0.0, 0.0, 0.0, 0.0, 0.0, 0.0, 0.0, 0.0, 0.0], "pr": [0.0, 0.0, 0.0, 0.0, 0.0, 0.0, 0.0, 0.0, 0.0, 0.0, 0.0, 0.0, 0.0, 0.0, 0.0, 0.0], "rec": [0.0, 0.0, 0.0, 0.0, 0.0, 0.0, 0.0, 0.0, 0.0, 0.0, 0.0, 0.0, 0.0, 0.0, 0.0, 0.0], "ner_f1": [0.7097936868667603, 0.7609561681747437, 0.7741877436637878, 0.7804878354072571, 0.7826586365699768, 0.7855220437049866, 0.7765589952468872, 0.7812018394470215, 0.7823355793952942, 0.7800813913345337, 0.7835977673530579, 0.7822906374931335, 0.7840887308120728, 0.7807334661483765, 0.7820391058921814, 0.7808482050895691], "ner_pr": [0.6703540086746216, 0.7540891170501709, 0.7322861552238464, 0.7798165082931519, 0.7824339866638184, 0.7622478604316711, 0.8024918437004089, 0.7858942151069641, 0.777819812297821, 0.7715355753898621, 0.7824012041091919, 0.7865298986434937, 0.7831900715827942, 0.7748444080352783, 0.7755601406097412, 0.7826505303382874], "ner_rec": [0.7541642785072327, 0.7679494619369507, 0.8211755752563477, 0.7811602354049683, 0.7828834056854248, 0.8102623224258423, 0.7522496581077576, 0.7765651941299438, 0.7869040966033936, 0.7888186573982239, 0.7847980260848999, 0.7780968546867371, 0.7849894762039185, 0.786712646484375, 0.7886272072792053, 0.7790541648864746], "macro_f1": [0.0, 0.0, 0.0, 0.0, 0.0, 0.0, 0.0, 0.0, 0.0, 0.0, 0.0, 0.0, 0.0, 0.0, 0.0, 0.0], "macro_pr": [0.0, 0.0, 0.0, 0.0, 0.0, 0.0, 0.0, 0.0, 0.0, 0.0, 0.0, 0.0, 0.0, 0.0, 0.0, 0.0], "macro_rec": [0.0, 0.0, 0.0, 0.0, 0.0, 0.0, 0.0, 0.0, 0.0, 0.0, 0.0, 0.0, 0.0, 0.0, 0.0, 0.0], "macro_ner_f1": [0.704375684261322, 0.7369362115859985, 0.7649703025817871, 0.7780317664146423, 0.7818032503128052, 0.7764237523078918, 0.7670010328292847, 0.776138424873352, 0.7730462551116943, 0.7748748660087585, 0.7787576913833618, 0.7754818797111511, 0.7732251882553101, 0.7710691690444946, 0.7734036445617676, 0.7736101746559143], "macro_ner_pr": [0.7179884314537048, 0.7181733250617981, 0.7379586100578308, 0.792983889579773, 0.7900950312614441, 0.7663281559944153, 0.8110687136650085, 0.7930914759635925, 0.775131106376648, 0.7764482498168945, 0.7881500124931335, 0.782879650592804, 0.7805650234222412, 0.7728775143623352, 0.7861420512199402, 0.7865375876426697], "macro_ner_rec": [0.7010741233825684, 0.7591468691825867, 0.7988219261169434, 0.7648342847824097, 0.7769575119018555, 0.7915803790092468, 0.7284604907035828, 0.7615719437599182, 0.7730776071548462, 0.7742456197738647, 0.7711809873580933, 0.7697291374206543, 0.7670644521713257, 0.7704883813858032, 0.7631288766860962, 0.7639975547790527], "samples_per_s": [362.6125361027572, 379.9397604919091, 372.13538476852204, 381.21807855340825, 384.2399101096058, 376.9808331805047, 386.1035416758522, 382.449098655843, 392.08447465929635, 391.1576161186982, 392.42087941756364, 394.4530539241695, 392.20983184672934, 382.36458736432155, 382.8317280922974, 384.61898006502514], "samples_total_num": [1854, 1854, 1854, 1854, 1854, 1854, 1854, 1854, 1854, 1854, 1854, 1854, 1854, 1854, 1854, 1854], "samples_total_s": [5.112895488739014, 4.87972092628479, 4.982057809829712, 4.863358020782471, 4.82511043548584, 4.91802191734314, 4.801820755004883, 4.84770393371582, 4.728572845458984, 4.739777326583862, 4.7245192527771, 4.700179100036621, 4.72706151008606, 4.848775386810303, 4.842858791351318, 4.82035493850708], "dna_pr": [0.5874916911125183, 0.6780250072479248, 0.651476263999939, 0.7292817831039429, 0.7170087695121765, 0.7134629487991333, 0.7769848108291626, 0.7311577200889587, 0.7119280099868774, 0.7132188081741333, 0.7471819519996643, 0.7375099062919617, 0.7351308465003967, 0.7510237693786621, 0.7459806799888611, 0.7218798398971558], "dna_rec": [0.7149797677993774, 0.7894737124443054, 0.8218623399734497, 0.7481781244277954, 0.7919028401374817, 0.8024291396141052, 0.7052631378173828, 0.7619433403015137, 0.7684210538864136, 0.7732793688774109, 0.7514169812202454, 0.7530364394187927, 0.7506073117256165, 0.7425101399421692, 0.7514169812202454, 0.758704423904419], "dna_f1": [0.6449963450431824, 0.7295173406600952, 0.7268170714378357, 0.7386090755462646, 0.7525971531867981, 0.7553353905677795, 0.7393887639045715, 0.7462331652641296, 0.7390966415405273, 0.7420357465744019, 0.7492935061454773, 0.745192289352417, 0.7427884936332703, 0.7467427253723145, 0.7486889362335205, 0.739834189414978], "rna_pr": [0.7840909361839294, 0.7008547186851501, 0.7652173638343811, 0.901098906993866, 0.8737863898277283, 0.7731092572212219, 0.8876404762268066, 0.8787878751754761, 0.8018018007278442, 0.8787878751754761, 0.8653846383094788, 0.8181818127632141, 0.8514851331710815, 0.8165137767791748, 0.8585858345031738, 0.8529411554336548], "rna_rec": [0.6634615659713745, 0.7884615659713745, 0.8461538553237915, 0.7884615659713745, 0.8653846383094788, 0.8846153616905212, 0.7596153616905212, 0.8365384340286255, 0.8557692170143127, 0.8365384340286255, 0.8653846383094788, 0.8653846383094788, 0.8269230723381042, 0.8557692170143127, 0.817307710647583, 0.8365384340286255], "rna_f1": [0.7187500596046448, 0.7420814633369446, 0.8036529421806335, 0.841025710105896, 0.8695652484893799, 0.8251121640205383, 0.8186528086662292, 0.8571428656578064, 0.8279069066047668, 0.8571428656578064, 0.8653846383094788, 0.84112149477005, 0.8390244245529175, 0.8356807827949524, 0.8374384045600891, 0.844660222530365], "cell_type_pr": [0.7624521255493164, 0.7272727489471436, 0.7811321020126343, 0.7635726928710938, 0.720588207244873, 0.7413194179534912, 0.7702205777168274, 0.745233952999115, 0.7616487741470337, 0.7225042581558228, 0.729411780834198, 0.7530864477157593, 0.7093595862388611, 0.7254237532615662, 0.7234401106834412, 0.7163934707641602], "cell_type_rec": [0.6745762825012207, 0.7186440825462341, 0.701694905757904, 0.7389830350875854, 0.7474576234817505, 0.7237288355827332, 0.7101694941520691, 0.7288135886192322, 0.7203390002250671, 0.7237288355827332, 0.7355931997299194, 0.7237288355827332, 0.7322033643722534, 0.7254237532615662, 0.7271186709403992, 0.7406779527664185], "cell_type_f1": [0.7158273458480835, 0.7229326367378235, 0.7392857670783997, 0.7510766983032227, 0.7337770462036133, 0.7324184775352478, 0.7389770746231079, 0.7369323372840881, 0.7404181957244873, 0.7231160998344421, 0.7324894666671753, 0.7381158471107483, 0.7206004858016968, 0.7254237532615662, 0.7252746820449829, 0.7283332943916321], "protein_pr": [0.6784348487854004, 0.8180473446846008, 0.7629351019859314, 0.8031933307647705, 0.8199137449264526, 0.7802197933197021, 0.8161499500274658, 0.8145788908004761, 0.808503270149231, 0.8062845468521118, 0.8035591840744019, 0.8128737211227417, 0.8165680766105652, 0.7922382354736328, 0.7908757925033569, 0.8169611096382141],