{"test_metrics": {"seen__f1": 0.0, "seen__pr": 0.0, "seen__rec": 0.0, "seen__ner_f1": 0.5805284380912781, "seen__ner_pr": 0.4333573579788208, "seen__ner_rec": 0.879064679145813, "seen__macro_f1": 0.0, "seen__macro_pr": 0.0, "seen__macro_rec": 0.0, "seen__macro_ner_f1": 0.5250164270401001, "seen__macro_ner_pr": 0.3923630714416504, "seen__macro_ner_rec": 0.8469874262809753, "seen__samples_per_s": 492.6732080704683, "seen__samples_total_num": 1854, "seen__samples_total_s": 3.763143539428711, "seen__dna_pr": 0.2850971817970276, "seen__dna_rec": 0.8461538553237915, "seen__dna_f1": 0.426494300365448, "seen__rna_pr": 0.2689075767993927, "seen__rna_rec": 0.8888888955116272, "seen__rna_f1": 0.4129032492637634, "seen__cell_type_pr": 0.5486111044883728, "seen__cell_type_rec": 0.7596153616905212, "seen__cell_type_f1": 0.6370967626571655, "seen__protein_pr": 0.4928894639015198, "seen__protein_rec": 0.9248028993606567, "seen__protein_f1": 0.643052875995636, "seen__cell_line_pr": 0.36631014943122864, "seen__cell_line_rec": 0.8154761791229248, "seen__cell_line_f1": 0.5055350661277771, "unseen__f1": 0.0, "unseen__pr": 0.0, "unseen__rec": 0.0, "unseen__ner_f1": 0.454341858625412, "unseen__ner_pr": 0.32889050245285034, "unseen__ner_rec": 0.7345132827758789, "unseen__macro_f1": 0.0, "unseen__macro_pr": 0.0, "unseen__macro_rec": 0.0, "unseen__macro_ner_f1": 0.48667603731155396, "unseen__macro_ner_pr": 0.3739650845527649, "unseen__macro_ner_rec": 0.7328354716300964, "unseen__samples_per_s": 542.6735546492976, "unseen__samples_total_num": 1854, "unseen__samples_total_s": 3.4164185523986816, "unseen__dna_pr": 0.4283657371997833, "unseen__dna_rec": 0.775749683380127, "unseen__dna_f1": 0.551948070526123, "unseen__rna_pr": 0.5042017102241516, "unseen__rna_rec": 0.8823529481887817, "unseen__rna_f1": 0.6417112350463867, "unseen__cell_type_pr": 0.1927083283662796, "unseen__cell_type_rec": 0.6379310488700867, "unseen__cell_type_f1": 0.29600000381469727, "unseen__protein_pr": 0.2873303294181824, "unseen__protein_rec": 0.7371475696563721, "unseen__protein_f1": 0.41348835825920105, "unseen__cell_line_pr": 0.4572192430496216, "unseen__cell_line_rec": 0.6309962868690491, "unseen__cell_line_f1": 0.5302325487136841}, "test_metrics_bounds": {"seen__f1": 0.0, "seen__pr": 0.0, "seen__rec": 0.0, "seen__ner_f1": 0.5916002988815308, "seen__ner_pr": 0.441701203584671, "seen__ner_rec": 0.8955060243606567, "seen__macro_f1": 0.0, "seen__macro_pr": 0.0, "seen__macro_rec": 0.0, "seen__macro_ner_f1": 0.5916002988815308, "seen__macro_ner_pr": 0.441701203584671, "seen__macro_ner_rec": 0.8955060243606567, "seen__samples_per_s": 492.6732080704683, "seen__samples_total_num": 1854, "seen__samples_total_s": 3.763143539428711, "unseen__f1": 0.0, "unseen__pr": 0.0, "unseen__rec": 0.0, "unseen__ner_f1": 0.5003111958503723, "unseen__ner_pr": 0.3622274398803711, "unseen__ner_rec": 0.8085277676582336, "unseen__macro_f1": 0.0, "unseen__macro_pr": 0.0, "unseen__macro_rec": 0.0, "unseen__macro_ner_f1": 0.5003111958503723, "unseen__macro_ner_pr": 0.3622274398803711, "unseen__macro_ner_rec": 0.8085277676582336, "unseen__samples_per_s": 542.6735546492976, "unseen__samples_total_num": 1854, "unseen__samples_total_s": 3.4164185523986816}}