{"test_metrics": {"f1": 0.0, "pr": 0.0, "rec": 0.0, "ner_f1": 0.7787542939186096, "ner_pr": 0.7771210670471191, "ner_rec": 0.780394434928894, "macro_f1": 0.0, "macro_pr": 0.0, "macro_rec": 0.0, "macro_ner_f1": 0.7727545499801636, "macro_ner_pr": 0.7976831197738647, "macro_ner_rec": 0.7510565519332886, "samples_per_s": 394.7416517327513, "samples_total_num": 1854, "samples_total_s": 4.69674277305603, "dna_pr": 0.7589437961578369, "dna_rec": 0.7214574813842773, "dna_f1": 0.7397260069847107, "rna_pr": 0.8924731016159058, "rna_rec": 0.7980769276618958, "rna_f1": 0.8426395654678345, "cell_type_pr": 0.771799623966217, "cell_type_rec": 0.7050847411155701, "cell_type_f1": 0.7369353771209717, "protein_pr": 0.7805837988853455, "protein_rec": 0.8336251974105835, "protein_f1": 0.8062331080436707, "cell_line_pr": 0.7846153974533081, "cell_line_rec": 0.6970387101173401, "cell_line_f1": 0.7382388114929199}, "test_metrics_bounds": {"f1": 0.0, "pr": 0.0, "rec": 0.0, "ner_f1": 0.821865439414978, "ner_pr": 0.8204541206359863, "ner_rec": 0.8232816457748413, "macro_f1": 0.0, "macro_pr": 0.0, "macro_rec": 0.0, "macro_ner_f1": 0.821865439414978, "macro_ner_pr": 0.8204541206359863, "macro_ner_rec": 0.8232816457748413, "samples_per_s": 394.7416517327513, "samples_total_num": 1854, "samples_total_s": 4.69674277305603}, "metrics": {"f1": [0.0, 0.0, 0.0, 0.0, 0.0, 0.0, 0.0, 0.0, 0.0, 0.0, 0.0, 0.0, 0.0, 0.0], "pr": [0.0, 0.0, 0.0, 0.0, 0.0, 0.0, 0.0, 0.0, 0.0, 0.0, 0.0, 0.0, 0.0, 0.0], "rec": [0.0, 0.0, 0.0, 0.0, 0.0, 0.0, 0.0, 0.0, 0.0, 0.0, 0.0, 0.0, 0.0, 0.0], "ner_f1": [0.6904875636100769, 0.7593134045600891, 0.757952094078064, 0.7787542939186096, 0.7736430168151855, 0.7770788073539734, 0.7701937556266785, 0.7773831486701965, 0.775128960609436, 0.7752537131309509, 0.7757517099380493, 0.7754159569740295, 0.772179901599884, 0.769607424736023], "ner_pr": [0.6854717135429382, 0.7738023996353149, 0.8019230961799622, 0.7771210670471191, 0.8030490279197693, 0.7984245419502258, 0.8147831559181213, 0.7795533537864685, 0.7880886197090149, 0.7828972935676575, 0.7861214876174927, 0.7790877223014832, 0.7770453691482544, 0.7875751256942749], "ner_rec": [0.6955772638320923, 0.745357096195221, 0.7185525298118591, 0.780394434928894, 0.7463144063949585, 0.756844699382782, 0.7302316427230835, 0.7752249836921692, 0.7625885605812073, 0.7677580118179321, 0.7656519412994385, 0.7717786431312561, 0.7673750519752502, 0.7524411082267761], "macro_f1": [0.0, 0.0, 0.0, 0.0, 0.0, 0.0, 0.0, 0.0, 0.0, 0.0, 0.0, 0.0, 0.0, 0.0], "macro_pr": [0.0, 0.0, 0.0, 0.0, 0.0, 0.0, 0.0, 0.0, 0.0, 0.0, 0.0, 0.0, 0.0, 0.0], "macro_rec": [0.0, 0.0, 0.0, 0.0, 0.0, 0.0, 0.0, 0.0, 0.0, 0.0, 0.0, 0.0, 0.0, 0.0], "macro_ner_f1": [0.6743030548095703, 0.752719521522522, 0.7485062479972839, 0.7727545499801636, 0.774382472038269, 0.7741225957870483, 0.77199387550354, 0.7692399024963379, 0.7662276029586792, 0.770153820514679, 0.7738116979598999, 0.7687512636184692, 0.7634037137031555, 0.7582594156265259], "macro_ner_pr": [0.6997199654579163, 0.7858937978744507, 0.8013375997543335, 0.7976831197738647, 0.8115335702896118, 0.8123859167098999, 0.8266034126281738, 0.7876366972923279, 0.8029736280441284, 0.7945259809494019, 0.7995800375938416, 0.7961512804031372, 0.7824375629425049, 0.796545684337616], "macro_ner_rec": [0.657788872718811, 0.7266441583633423, 0.7066279649734497, 0.7510565519332886, 0.7421475052833557, 0.7402872443199158, 0.7247152924537659, 0.7545889616012573, 0.7374705672264099, 0.7493343353271484, 0.75173419713974, 0.7456576824188232, 0.7476444244384766, 0.72697514295578], "samples_per_s": [377.30509965792737, 391.2713166608719, 396.16340686771105, 387.58689613868484, 397.3858588753366, 396.2420340531406, 401.024831109079, 394.51126810917583, 397.0700450621807, 396.2202091046825, 396.9423930600926, 383.5178240532048, 396.06800608161615, 398.4155893740672], "samples_total_num": [1854, 1854, 1854, 1854, 1854, 1854, 1854, 1854, 1854, 1854, 1854, 1854, 1854, 1854], "samples_total_s": [4.913795232772827, 4.738399982452393, 4.679887056350708, 4.783443450927734, 4.665490627288818, 4.678958415985107, 4.623155117034912, 4.699485540390015, 4.669201374053955, 4.679216146469116, 4.670702934265137, 4.834195137023926, 4.6810142993927, 4.653432369232178], "dna_pr": [0.7256355881690979, 0.7902735471725464, 0.7874345779418945, 0.7589437961578369, 0.7709401845932007, 0.7702935934066772, 0.7801911234855652, 0.7339667677879333, 0.7860381007194519, 0.7784482836723328, 0.7514355778694153, 0.7616279125213623, 0.7733563780784607, 0.7842435240745544], "dna_rec": [0.5546558499336243, 0.6315789222717285, 0.6089068651199341, 0.7214574813842773, 0.7303643822669983, 0.722267210483551, 0.7271255254745483, 0.7506073117256165, 0.7020242810249329, 0.731174111366272, 0.7417004108428955, 0.7425101399421692, 0.7238866686820984, 0.7093117237091064], "dna_f1": [0.6287287473678589, 0.7020701766014099, 0.6867579817771912, 0.7397260069847107, 0.7501039505004883, 0.7455077171325684, 0.7527242302894592, 0.7421938180923462, 0.7416595220565796, 0.7540709972381592, 0.7465363144874573, 0.7519475817680359, 0.7478042840957642, 0.7448979020118713], "rna_pr": [0.663551390171051, 0.807692289352417, 0.8299999833106995, 0.8924731016159058, 0.8888888955116272, 0.9204545617103577, 0.9425287246704102, 0.8600000143051147, 0.8673469424247742, 0.8936170339584351, 0.8865979313850403, 0.8829787373542786, 0.8600000143051147, 0.8901098966598511], "rna_rec": [0.682692289352417, 0.807692289352417, 0.7980769276618958, 0.7980769276618958, 0.8461538553237915, 0.7788461446762085, 0.7884615659713745, 0.8269230723381042, 0.817307710647583, 0.807692289352417, 0.8269230723381042, 0.7980769276618958, 0.8269230723381042, 0.7788461446762085], "rna_f1": [0.6729857921600342, 0.807692289352417, 0.813725471496582, 0.8426395654678345, 0.8669950366020203, 0.8437499403953552, 0.8586387634277344, 0.8431373238563538, 0.8415841460227966, 0.8484848737716675, 0.8557213544845581, 0.8383838534355164, 0.8431373238563538, 0.8307691812515259], "cell_type_pr": [0.7155796885490417, 0.7438596487045288, 0.7310344576835632, 0.771799623966217, 0.7639639377593994, 0.7526881694793701, 0.7771428823471069, 0.7222222089767456, 0.7226890921592712, 0.7063621282577515, 0.732876718044281, 0.7408695816993713, 0.6982055306434631, 0.7107843160629272], "cell_type_rec": [0.6694915294647217, 0.7186440825462341, 0.7186440825462341, 0.7050847411155701, 0.7186440825462341, 0.7118644118309021, 0.691525399684906, 0.7271186709403992, 0.7288135886192322, 0.7338982820510864, 0.7254237532615662, 0.7220339179039001, 0.7254237532615662, 0.7372881174087524], "cell_type_f1": [0.6917687654495239, 0.731034517288208, 0.7247863411903381, 0.7369353771209717, 0.7406113147735596, 0.7317072749137878, 0.731838583946228, 0.724662184715271, 0.7257384061813354, 0.719866931438446, 0.7291312217712402, 0.7313305139541626, 0.7115544676780701, 0.7237936854362488], "protein_pr": [0.6650660037994385, 0.7674187421798706, 0.8162739276885986, 0.7805837988853455, 0.8206562399864197, 0.8148282170295715, 0.836406409740448, 0.8038128018379211, 0.7931151986122131, 0.7952892184257507, 0.8039562106132507, 0.7868295907974243, 0.7905705571174622, 0.8011303544044495], "protein_rec": [0.7761821150779724, 0.8101575970649719, 0.7765324115753174, 0.8336251974105835, 0.7709282040596008, 0.789141833782196, 0.7467600703239441, 0.8122591972351074, 0.8150612711906433, 0.8042031526565552, 0.7971978783607483, 0.8119089603424072, 0.8105078935623169, 0.7943958044052124], "protein_f1": [0.7163406610488892, 0.7882092595100403, 0.7959073781967163, 0.8062331080436707, 0.7950153946876526, 0.8017793297767639, 0.7890451550483704, 0.808013916015625, 0.8039384484291077, 0.7997214198112488, 0.8005627393722534, 0.799172580242157, 0.8004150986671448, 0.7977488040924072],