{"test_metrics": {"unseen__f1": 0.0, "unseen__pr": 0.0, "unseen__rec": 0.0, "unseen__ner_f1": 0.6389257907867432, "unseen__ner_pr": 0.5280925035476685, "unseen__ner_rec": 0.8086386919021606, "unseen__macro_f1": 0.0, "unseen__macro_pr": 0.0, "unseen__macro_rec": 0.0, "unseen__macro_ner_f1": 0.6450389623641968, "unseen__macro_ner_pr": 0.5575425028800964, "unseen__macro_ner_rec": 0.7787270545959473, "unseen__samples_per_s": 486.9942508242412, "unseen__samples_total_num": 3825, "unseen__samples_total_s": 7.854302167892456, "unseen__organization_pr": 0.5060372948646545, "unseen__organization_rec": 0.7114197611808777, "unseen__organization_f1": 0.5914047360420227, "unseen__location_pr": 0.4805128276348114, "unseen__location_rec": 0.83835369348526, "unseen__location_f1": 0.6108877658843994, "unseen__person_pr": 0.6860772967338562, "unseen__person_rec": 0.7864077687263489, "unseen__person_f1": 0.732824444770813, "seen__f1": 0.0, "seen__pr": 0.0, "seen__rec": 0.0, "seen__ner_f1": 0.6655839085578918, "seen__ner_pr": 0.539298951625824, "seen__ner_rec": 0.8690958023071289, "seen__macro_f1": 0.0, "seen__macro_pr": 0.0, "seen__macro_rec": 0.0, "seen__macro_ner_f1": 0.43202927708625793, "seen__macro_ner_pr": 0.3270665109157562, "seen__macro_ner_rec": 0.863325297832489, "seen__samples_per_s": 510.71978406946886, "seen__samples_total_num": 3635, "seen__samples_total_s": 7.117405891418457, "seen__organization_pr": 0.1642066389322281, "seen__organization_rec": 0.8090909123420715, "seen__organization_f1": 0.2730061411857605, "seen__location_pr": 0.6534082293510437, "seen__location_rec": 0.8681865334510803, "seen__location_f1": 0.7456390261650085, "seen__person_pr": 0.1635846346616745, "seen__person_rec": 0.9126983880996704, "seen__person_f1": 0.27744272351264954}, "test_metrics_bounds": {"unseen__f1": 0.0, "unseen__pr": 0.0, "unseen__rec": 0.0, "unseen__ner_f1": 0.6652213335037231, "unseen__ner_pr": 0.5498265624046326, "unseen__ner_rec": 0.8419189453125, "unseen__macro_f1": 0.0, "unseen__macro_pr": 0.0, "unseen__macro_rec": 0.0, "unseen__macro_ner_f1": 0.6652213335037231, "unseen__macro_ner_pr": 0.5498265624046326, "unseen__macro_ner_rec": 0.8419189453125, "unseen__samples_per_s": 486.9942508242412, "unseen__samples_total_num": 3825, "unseen__samples_total_s": 7.854302167892456, "seen__f1": 0.0, "seen__pr": 0.0, "seen__rec": 0.0, "seen__ner_f1": 0.6697179675102234, "seen__ner_pr": 0.5426486134529114, "seen__ner_rec": 0.8744939565658569, "seen__macro_f1": 0.0, "seen__macro_pr": 0.0, "seen__macro_rec": 0.0, "seen__macro_ner_f1": 0.6697179675102234, "seen__macro_ner_pr": 0.5426486134529114, "seen__macro_ner_rec": 0.8744939565658569, "seen__samples_per_s": 510.71978406946886, "seen__samples_total_num": 3635, "seen__samples_total_s": 7.117405891418457}}