{"test_metrics": {"f1": 0.0, "pr": 0.0, "rec": 0.0, "ner_f1": 0.8182843327522278, "ner_pr": 0.7998589873313904, "ner_rec": 0.8375784158706665, "macro_f1": 0.0, "macro_pr": 0.0, "macro_rec": 0.0, "macro_ner_f1": 0.7347820401191711, "macro_ner_pr": 0.6896149516105652, "macro_ner_rec": 0.7949021458625793, "samples_per_s": 185.77020293432045, "samples_total_num": 5000, "samples_total_s": 26.91497302055359, "organization_pr": 0.5183789134025574, "organization_rec": 0.7255936861038208, "organization_f1": 0.6047279238700867, "location_pr": 0.8704302310943604, "location_rec": 0.8559550046920776, "location_f1": 0.8631319403648376, "person_pr": 0.6800356507301331, "person_rec": 0.8031578660011292, "person_f1": 0.7364864349365234}, "test_metrics_bounds": {"f1": 0.0, "pr": 0.0, "rec": 0.0, "ner_f1": 0.8377586007118225, "ner_pr": 0.8188948631286621, "ner_rec": 0.8575119972229004, "macro_f1": 0.0, "macro_pr": 0.0, "macro_rec": 0.0, "macro_ner_f1": 0.8377586007118225, "macro_ner_pr": 0.8188948631286621, "macro_ner_rec": 0.8575119972229004, "samples_per_s": 185.77020293432045, "samples_total_num": 5000, "samples_total_s": 26.91497302055359}, "metrics": {"f1": [0.0, 0.0, 0.0, 0.0, 0.0, 0.0, 0.0, 0.0], "pr": [0.0, 0.0, 0.0, 0.0, 0.0, 0.0, 0.0, 0.0], "rec": [0.0, 0.0, 0.0, 0.0, 0.0, 0.0, 0.0, 0.0], "ner_f1": [0.6937469840049744, 0.7876102924346924, 0.7785266637802124, 0.8041815161705017, 0.7952744960784912, 0.8129935264587402, 0.7484457492828369, 0.801853597164154], "ner_pr": [0.7315477132797241, 0.7514441013336182, 0.7965088486671448, 0.8298519253730774, 0.830075204372406, 0.7919580340385437, 0.7173526883125305, 0.7500401139259338], "ner_rec": [0.6596607565879822, 0.8274336457252502, 0.761338472366333, 0.7800516486167908, 0.7632743120193481, 0.8351770043373108, 0.7823562026023865, 0.8613569140434265], "macro_f1": [0.0, 0.0, 0.0, 0.0, 0.0, 0.0, 0.0, 0.0], "macro_pr": [0.0, 0.0, 0.0, 0.0, 0.0, 0.0, 0.0, 0.0], "macro_rec": [0.0, 0.0, 0.0, 0.0, 0.0, 0.0, 0.0, 0.0], "macro_ner_f1": [0.6271402835845947, 0.702634871006012, 0.6960305571556091, 0.7301525473594666, 0.7191477417945862, 0.724714994430542, 0.649677038192749, 0.7255280613899231], "macro_ner_pr": [0.61482834815979, 0.6577811241149902, 0.6757217049598694, 0.7392334938049316, 0.7144095301628113, 0.6790964007377625, 0.5869863629341125, 0.6638839244842529], "macro_ner_rec": [0.6703076362609863, 0.7660129070281982, 0.7345512509346008, 0.7224574089050293, 0.7373953461647034, 0.7868309020996094, 0.7865187525749207, 0.8021145462989807], "samples_per_s": [181.987680717504, 194.3453890746682, 200.34167386567495, 231.27481647324453, 227.24287961070232, 208.40259708253535, 195.21796996664946, 190.86139771641288], "samples_total_num": [5000, 5000, 5000, 5000, 5000, 5000, 5000, 5000], "samples_total_s": [27.474387168884277, 25.727391958236694, 24.957363605499268, 21.619301557540894, 22.00288963317871, 23.992023468017578, 25.612396240234375, 26.197020769119263], "organization_pr": [0.41815096139907837, 0.4682472348213196, 0.4598603844642639, 0.5975460410118103, 0.49952784180641174, 0.48843416571617126, 0.3407185673713684, 0.5243664979934692], "organization_rec": [0.6410923004150391, 0.7191157341003418, 0.6853055953979492, 0.6332899928092957, 0.6879063844680786, 0.713914155960083, 0.7399219870567322, 0.6996098756790161], "organization_f1": [0.5061601400375366, 0.5671795010566711, 0.550391674041748, 0.6148990392684937, 0.5787745714187622, 0.58003169298172, 0.4665846526622772, 0.5994428992271423], "location_pr": [0.8527131676673889, 0.7993655800819397, 0.8835482001304626, 0.8765645623207092, 0.9061558246612549, 0.862634003162384, 0.8786990642547607, 0.7956244349479675], "location_rec": [0.6465042233467102, 0.8639647364616394, 0.7720093131065369, 0.8060487508773804, 0.7732337713241577, 0.8573527336120605, 0.770784854888916, 0.8861271142959595], "location_f1": [0.73542720079422, 0.8304107785224915, 0.8240214586257935, 0.8398290276527405, 0.8344345092773438, 0.8599852919578552, 0.8212119340896606, 0.8384405970573425], "person_pr": [0.5736209154129028, 0.7057304978370667, 0.6837565898895264, 0.7435897588729858, 0.7375449538230896, 0.6862210035324097, 0.5415415167808533, 0.6716609597206116], "person_rec": [0.7233263850212097, 0.714958131313324, 0.7463389039039612, 0.7280334830284119, 0.7510460019111633, 0.7892259359359741, 0.848849356174469, 0.8206067085266113], "person_f1": [0.6398335099220276, 0.7103143334388733, 0.7136784791946411, 0.7357293963432312, 0.7442342042922974, 0.734127938747406, 0.661234438419342, 0.7387006282806396]}}