{"test_metrics": {"Eval_Ent_Precision": 88.15183341140525, "Eval_Ent_Recall": 87.36303870074396, "Eval_Ent_F1": 87.75566356498004, "Eval_Time": 61.05336618423462, "Eval_Examples": 2050, "Eval_Examples_Per_Second": 33.57718219522771, "seen_Eval_Ent_Precision": 63.257785143446554, "seen_Eval_Ent_Recall": 91.98821005252508, "seen_Eval_Ent_F1": 74.96451576592881, "seen_Eval_Time": 62.08688998222351, "seen_Eval_Examples": 2050, "seen_Eval_Examples_Per_Second": 33.01824266905539, "unseen_Eval_Ent_Precision": 24.894048286385093, "unseen_Eval_Ent_Recall": 77.465596298778, "unseen_Eval_Ent_F1": 37.67954260901991, "unseen_Eval_Time": 61.57034969329834, "unseen_Eval_Examples": 2050, "unseen_Eval_Examples_Per_Second": 33.29524698514313}}