{"test_metrics": {"unseen_ner_prec_micro": 49.92887624466572, "unseen_ner_rec_micro": 45.525291828793776, "unseen_ner_f1_micro": 47.62550881953867, "unseen_ner_prec_macro": 44.67015768317347, "unseen_ner_rec_macro": 38.87959049664745, "unseen_ner_f1_macro": 39.14686142946388, "unseen_loc_prec_micro": 60.56547619047619, "unseen_loc_rec_micro": 52.78858625162128, "unseen_loc_f1_micro": 56.41025641025641, "unseen_loc_prec_macro": 60.56547619047619, "unseen_loc_rec_macro": 52.78858625162128, "unseen_loc_f1_macro": 56.41025641025641, "unseen_cls_prec_micro": 81.4385150812065, "unseen_cls_rec_micro": 45.525291828793776, "unseen_cls_f1_micro": 58.402662229617306, "unseen_cls_prec_macro": 74.46586746586746, "unseen_cls_rec_macro": 38.87959049664745, "unseen_cls_f1_macro": 48.177514578435655, "unseen_epoch": 0.0, "unseen_iteration": 0.0, "unseen_global_iteration": 0.0, "seen_ner_prec_micro": 23.044692737430168, "seen_ner_rec_micro": 53.57142857142857, "seen_ner_f1_micro": 32.2265625, "seen_ner_prec_macro": 17.337290051679588, "seen_ner_rec_macro": 40.006313131313135, "seen_ner_f1_macro": 24.01768701210892, "seen_loc_prec_micro": 27.810650887573964, "seen_loc_rec_micro": 61.03896103896104, "seen_loc_f1_micro": 38.21138211382114, "seen_loc_prec_macro": 27.810650887573964, "seen_loc_rec_macro": 61.03896103896104, "seen_loc_f1_macro": 38.21138211382114, "seen_cls_prec_micro": 84.18367346938776, "seen_cls_rec_micro": 53.57142857142857, "seen_cls_f1_micro": 65.47619047619048, "seen_cls_prec_macro": 64.02909447531874, "seen_cls_rec_macro": 40.006313131313135, "seen_cls_f1_macro": 49.01435907189045, "seen_epoch": 0.0, "seen_iteration": 0.0, "seen_global_iteration": 0.0, "ner_prec_micro": 72.48603351955308, "ner_rec_micro": 48.10009267840593, "ner_f1_micro": 57.82729805013928, "ner_prec_macro": 64.63061618442455, "ner_rec_macro": 39.93909444325933, "ner_f1_macro": 47.10009341717838, "loc_prec_micro": 87.33431516936672, "loc_rec_micro": 54.95829471733086, "loc_f1_micro": 67.46302616609783, "loc_prec_macro": 87.33431516936672, "loc_rec_macro": 54.95829471733086, "loc_f1_macro": 67.46302616609783, "cls_prec_micro": 82.77511961722487, "cls_rec_micro": 48.10009267840593, "cls_f1_micro": 60.844079718640096, "cls_prec_macro": 73.70478983382209, "cls_rec_macro": 39.93909444325933, "cls_f1_macro": 49.61216041027704, "epoch": 0.0, "iteration": 0.0, "global_iteration": 0.0}}