{"test_metrics": {"Eval_Ent_Precision": 64.22668239170403, "Eval_Ent_Recall": 64.64646462905947, "Eval_Ent_F1": 64.4358898259569, "Eval_Time": 23.910725355148315, "Eval_Examples": 551, "Eval_Examples_Per_Second": 23.04405206516924, "seen_Eval_Ent_Precision": 10.566706067807905, "seen_Eval_Ent_Recall": 71.314740866018, "seen_Eval_Ent_F1": 18.40616973078423, "seen_Eval_Time": 24.48914647102356, "seen_Eval_Examples": 551, "seen_Eval_Examples_Per_Second": 22.499763340137765, "unseen_Eval_Ent_Precision": 53.65997638292801, "unseen_Eval_Ent_Recall": 63.47765361246138, "unseen_Eval_Ent_F1": 58.15738962487858, "unseen_Eval_Time": 24.402271509170532, "unseen_Eval_Examples": 551, "unseen_Eval_Examples_Per_Second": 22.57986514873956}}