{"test_metrics": {"unseen_ner_prec_micro": 38.55302279484639, "unseen_ner_rec_micro": 54.25383542538354, "unseen_ner_f1_micro": 45.07531865585168, "unseen_ner_prec_macro": 33.869115834487, "unseen_ner_rec_macro": 47.61405576870146, "unseen_ner_f1_macro": 37.95796510246676, "unseen_loc_prec_micro": 62.85221391604371, "unseen_loc_rec_micro": 76.22036262203626, "unseen_loc_f1_micro": 68.89379136463914, "unseen_loc_prec_macro": 62.85221391604371, "unseen_loc_rec_macro": 76.22036262203626, "unseen_loc_f1_macro": 68.89379136463914, "unseen_cls_prec_micro": 60.73380171740828, "unseen_cls_rec_micro": 54.25383542538354, "unseen_cls_f1_micro": 57.311233885819526, "unseen_cls_prec_macro": 51.19049181527701, "unseen_cls_rec_macro": 47.61405576870146, "unseen_cls_f1_macro": 47.93527383928463, "unseen_epoch": 0.0, "unseen_iteration": 0.0, "unseen_global_iteration": 0.0, "seen_ner_prec_micro": 8.12928501469148, "seen_ner_rec_micro": 66.13545816733067, "seen_ner_f1_micro": 14.478848669864805, "seen_ner_prec_macro": 10.350648197491672, "seen_ner_rec_macro": 53.05742731868287, "seen_ner_f1_macro": 13.634909034170096, "seen_loc_prec_micro": 11.663807890222984, "seen_loc_rec_micro": 81.27490039840637, "seen_loc_f1_micro": 20.4, "seen_loc_prec_macro": 11.663807890222984, "seen_loc_rec_macro": 81.27490039840637, "seen_loc_f1_macro": 20.4, "seen_cls_prec_micro": 72.48908296943232, "seen_cls_rec_micro": 66.13545816733067, "seen_cls_f1_micro": 69.16666666666667, "seen_cls_prec_macro": 56.844379821479066, "seen_cls_rec_macro": 53.05742731868287, "seen_cls_f1_macro": 52.29931090146144, "seen_epoch": 0.0, "seen_iteration": 0.0, "seen_global_iteration": 0.0, "ner_prec_micro": 46.84418145956607, "ner_rec_micro": 56.37982195845698, "ner_f1_micro": 51.17155938594129, "ner_prec_macro": 44.46381375756114, "ner_rec_macro": 53.11419109449119, "ner_f1_macro": 47.26361596541204, "loc_prec_micro": 73.98513436249286, "loc_rec_micro": 76.79525222551928, "loc_f1_micro": 75.36400698893418, "loc_prec_macro": 73.98513436249286, "loc_rec_macro": 76.79525222551928, "loc_f1_macro": 75.36400698893418, "cls_prec_micro": 63.24900133155792, "cls_rec_micro": 56.37982195845698, "cls_f1_micro": 59.61719485409476, "cls_prec_macro": 58.19270246112232, "cls_rec_macro": 53.11419109449119, "cls_f1_macro": 54.47045240482491, "epoch": 0.0, "iteration": 0.0, "global_iteration": 0.0}}