{"test_metrics": {"f1": 0.0, "pr": 0.0, "rec": 0.0, "ner_f1": 0.846064031124115, "ner_pr": 0.8235191106796265, "ner_rec": 0.8698781728744507, "macro_f1": 0.0, "macro_pr": 0.0, "macro_rec": 0.0, "macro_ner_f1": 0.7689798474311829, "macro_ner_pr": 0.7566326260566711, "macro_ner_rec": 0.7820451259613037, "samples_per_s": 166.27718444832223, "samples_total_num": 5000, "samples_total_s": 30.070271015167236, "organization_pr": 0.6671052575111389, "organization_rec": 0.668865442276001, "organization_f1": 0.6679841876029968, "location_pr": 0.8535665273666382, "location_rec": 0.913059413433075, "location_f1": 0.8823112845420837, "person_pr": 0.7492260336875916, "person_rec": 0.7642105221748352, "person_f1": 0.756644070148468}, "test_metrics_bounds": {"f1": 0.0, "pr": 0.0, "rec": 0.0, "ner_f1": 0.8649134039878845, "ner_pr": 0.841866135597229, "ner_rec": 0.8892580270767212, "macro_f1": 0.0, "macro_pr": 0.0, "macro_rec": 0.0, "macro_ner_f1": 0.8649134039878845, "macro_ner_pr": 0.841866135597229, "macro_ner_rec": 0.8892580270767212, "samples_per_s": 166.27718444832223, "samples_total_num": 5000, "samples_total_s": 30.070271015167236}, "metrics": {"f1": [0.0, 0.0, 0.0, 0.0, 0.0, 0.0], "pr": [0.0, 0.0, 0.0, 0.0, 0.0, 0.0], "rec": [0.0, 0.0, 0.0, 0.0, 0.0, 0.0], "ner_f1": [0.7364631295204163, 0.800621747970581, 0.8285940289497375, 0.8416147828102112, 0.8328874707221985, 0.8269705176353455], "ner_pr": [0.7575284838676453, 0.7941949963569641, 0.790703535079956, 0.818760335445404, 0.8065630197525024, 0.8343811631202698], "ner_rec": [0.716537594795227, 0.8071534037590027, 0.8702986836433411, 0.8657817244529724, 0.860988199710846, 0.8196902871131897], "macro_f1": [0.0, 0.0, 0.0, 0.0, 0.0, 0.0], "macro_pr": [0.0, 0.0, 0.0, 0.0, 0.0, 0.0], "macro_rec": [0.0, 0.0, 0.0, 0.0, 0.0, 0.0], "macro_ner_f1": [0.6489755511283875, 0.7145487666130066, 0.7516710162162781, 0.7621452212333679, 0.7464450001716614, 0.7467847466468811], "macro_ner_pr": [0.6656389832496643, 0.6716928482055664, 0.7123279571533203, 0.7497183680534363, 0.71207594871521, 0.7487277388572693], "macro_ner_rec": [0.6389941573143005, 0.7800312638282776, 0.7971196174621582, 0.7753288745880127, 0.790851891040802, 0.7469972968101501], "samples_per_s": [182.0056339548776, 185.03636848127482, 173.51713033959126, 184.71802784488062, 161.45521440333576, 168.62322027854648], "samples_total_num": [5000, 5000, 5000, 5000, 5000, 5000], "samples_total_s": [27.47167706489563, 27.02171492576599, 28.815598726272583, 27.068283796310425, 30.968340158462524, 29.651906728744507], "organization_pr": [0.588143527507782, 0.4841269850730896, 0.570974588394165, 0.653401792049408, 0.5340364575386047, 0.5777262449264526], "organization_rec": [0.49024707078933716, 0.713914155960083, 0.7009102702140808, 0.6618985533714294, 0.7243173122406006, 0.6475942730903625], "organization_f1": [0.5347517728805542, 0.5769836902618408, 0.6293053030967712, 0.657622754573822, 0.6147903203964233, 0.6106683015823364], "location_pr": [0.8243170380592346, 0.8916276097297668, 0.8250306248664856, 0.8493838310241699, 0.8519290685653687, 0.869814395904541], "location_rec": [0.7462960481643677, 0.8149871230125427, 0.9064527750015259, 0.9114729762077332, 0.9003306031227112, 0.8549038767814636], "location_f1": [0.7833686470985413, 0.8515864610671997, 0.8638272881507874, 0.8793337345123291, 0.8754613399505615, 0.8622946739196777], "person_pr": [0.5844564437866211, 0.6393240094184875, 0.7409787178039551, 0.7463693022727966, 0.7502623200416565, 0.7986425161361694], "person_rec": [0.6804393529891968, 0.8111924529075623, 0.7839958071708679, 0.7526150345802307, 0.7479079365730286, 0.7384937405586243], "person_f1": [0.6288062334060669, 0.7150760889053345, 0.7618805170059204, 0.7494791746139526, 0.7490832805633545, 0.7673912644386292]}}