{"test_metrics": {"Eval_Ent_Precision": 88.83074700872221, "Eval_Ent_Recall": 89.90138785978765, "Eval_Ent_F1": 89.3628607589897, "Eval_Time": 55.57957363128662, "Eval_Examples": 2050, "Eval_Examples_Per_Second": 36.884054087921655, "seen_Eval_Ent_Precision": 71.68892095933276, "seen_Eval_Ent_Recall": 93.08809744934953, "seen_Eval_Ent_F1": 80.99898061936841, "seen_Eval_Time": 55.4394428730011, "seen_Eval_Examples": 2050, "seen_Eval_Examples_Per_Second": 36.97728356859708, "unseen_Eval_Ent_Precision": 17.141826067433477, "unseen_Eval_Ent_Recall": 78.6423840585391, "unseen_Eval_Ent_F1": 28.148148161097392, "unseen_Eval_Time": 57.764017820358276, "unseen_Eval_Examples": 2050, "unseen_Eval_Examples_Per_Second": 35.48922109911649}}