{"test_metrics": {"seen__f1": 0.0, "seen__pr": 0.0, "seen__rec": 0.0, "seen__ner_f1": 0.5911608934402466, "seen__ner_pr": 0.44619959592819214, "seen__ner_rec": 0.8756382465362549, "seen__macro_f1": 0.0, "seen__macro_pr": 0.0, "seen__macro_rec": 0.0, "seen__macro_ner_f1": 0.5334622263908386, "seen__macro_ner_pr": 0.4052123427391052, "seen__macro_ner_rec": 0.8365638852119446, "seen__samples_per_s": 495.3367807948764, "seen__samples_total_num": 1854, "seen__samples_total_s": 3.742908000946045, "seen__dna_pr": 0.2840375602245331, "seen__dna_rec": 0.797802209854126, "seen__dna_f1": 0.4189266860485077, "seen__rna_pr": 0.3163265287876129, "seen__rna_rec": 0.837837815284729, "seen__rna_f1": 0.4592592716217041, "seen__cell_type_pr": 0.6063432693481445, "seen__cell_type_rec": 0.7683215141296387, "seen__cell_type_f1": 0.6777893304824829, "seen__protein_pr": 0.512487530708313, "seen__protein_rec": 0.9276672601699829, "seen__protein_f1": 0.6602317094802856, "seen__cell_line_pr": 0.30686694383621216, "seen__cell_line_rec": 0.851190447807312, "seen__cell_line_f1": 0.451104074716568, "unseen__f1": 0.0, "unseen__pr": 0.0, "unseen__rec": 0.0, "unseen__ner_f1": 0.453319787979126, "unseen__ner_pr": 0.33116522431373596, "unseen__ner_rec": 0.7182587385177612, "unseen__macro_f1": 0.0, "unseen__macro_pr": 0.0, "unseen__macro_rec": 0.0, "unseen__macro_ner_f1": 0.49579867720603943, "unseen__macro_ner_pr": 0.38525813817977905, "unseen__macro_ner_rec": 0.7282086610794067, "unseen__samples_per_s": 556.9062929474603, "unseen__samples_total_num": 1854, "unseen__samples_total_s": 3.329105854034424, "unseen__dna_pr": 0.45931142568588257, "unseen__dna_rec": 0.7525641322135925, "unseen__dna_f1": 0.5704568028450012, "unseen__rna_pr": 0.5714285969734192, "unseen__rna_rec": 0.8358209133148193, "unseen__rna_f1": 0.678787887096405, "unseen__cell_type_pr": 0.19589552283287048, "unseen__cell_type_rec": 0.628742516040802, "unseen__cell_type_f1": 0.2987197935581207, "unseen__protein_pr": 0.27905428409576416, "unseen__protein_rec": 0.7006688714027405, "unseen__protein_f1": 0.39914265275001526, "unseen__cell_line_pr": 0.42060086131095886, "unseen__cell_line_rec": 0.723247230052948, "unseen__cell_line_f1": 0.5318860411643982}, "test_metrics_bounds": {"seen__f1": 0.0, "seen__pr": 0.0, "seen__rec": 0.0, "seen__ner_f1": 0.6002217531204224, "seen__ner_pr": 0.4532093107700348, "seen__ner_rec": 0.8884026408195496, "seen__macro_f1": 0.0, "seen__macro_pr": 0.0, "seen__macro_rec": 0.0, "seen__macro_ner_f1": 0.6002217531204224, "seen__macro_ner_pr": 0.4532093107700348, "seen__macro_ner_rec": 0.8884026408195496, "seen__samples_per_s": 495.3367807948764, "seen__samples_total_num": 1854, "seen__samples_total_s": 3.742908000946045, "unseen__f1": 0.0, "unseen__pr": 0.0, "unseen__rec": 0.0, "unseen__ner_f1": 0.4954175353050232, "unseen__ner_pr": 0.3620465099811554, "unseen__ner_rec": 0.7843611240386963, "unseen__macro_f1": 0.0, "unseen__macro_pr": 0.0, "unseen__macro_rec": 0.0, "unseen__macro_ner_f1": 0.4954175353050232, "unseen__macro_ner_pr": 0.3620465099811554, "unseen__macro_ner_rec": 0.7843611240386963, "unseen__samples_per_s": 556.9062929474603, "unseen__samples_total_num": 1854, "unseen__samples_total_s": 3.329105854034424}}