{"test_metrics": {"f1": 0.0, "pr": 0.0, "rec": 0.0, "ner_f1": 0.788947582244873, "ner_pr": 0.7773647904396057, "ner_rec": 0.8008807301521301, "macro_f1": 0.0, "macro_pr": 0.0, "macro_rec": 0.0, "macro_ner_f1": 0.7883862257003784, "macro_ner_pr": 0.790470540523529, "macro_ner_rec": 0.787873387336731, "samples_per_s": 390.96239124054034, "samples_total_num": 1854, "samples_total_s": 4.7421441078186035, "dna_pr": 0.7433489561080933, "dna_rec": 0.7692307829856873, "dna_f1": 0.7560684680938721, "rna_pr": 0.8877550959587097, "rna_rec": 0.8365384340286255, "rna_f1": 0.8613861799240112, "cell_type_pr": 0.8022388219833374, "cell_type_rec": 0.7288135886192322, "cell_type_f1": 0.7637656331062317, "protein_pr": 0.7915418148040771, "protein_rec": 0.8325744271278381, "protein_f1": 0.8115397691726685, "cell_line_pr": 0.7274678349494934, "cell_line_rec": 0.7722095847129822, "cell_line_f1": 0.749171257019043}, "test_metrics_bounds": {"f1": 0.0, "pr": 0.0, "rec": 0.0, "ner_f1": 0.8269485235214233, "ner_pr": 0.8152558207511902, "ner_rec": 0.8389814496040344, "macro_f1": 0.0, "macro_pr": 0.0, "macro_rec": 0.0, "macro_ner_f1": 0.8269485235214233, "macro_ner_pr": 0.8152558207511902, "macro_ner_rec": 0.8389814496040344, "samples_per_s": 390.96239124054034, "samples_total_num": 1854, "samples_total_s": 4.7421441078186035}, "metrics": {"f1": [0.0, 0.0, 0.0, 0.0, 0.0, 0.0, 0.0, 0.0, 0.0, 0.0, 0.0, 0.0, 0.0, 0.0], "pr": [0.0, 0.0, 0.0, 0.0, 0.0, 0.0, 0.0, 0.0, 0.0, 0.0, 0.0, 0.0, 0.0, 0.0], "rec": [0.0, 0.0, 0.0, 0.0, 0.0, 0.0, 0.0, 0.0, 0.0, 0.0, 0.0, 0.0, 0.0, 0.0], "ner_f1": [0.7052983641624451, 0.7699475884437561, 0.7845830321311951, 0.788947582244873, 0.783801257610321, 0.7867162823677063, 0.7889213562011719, 0.7830414772033691, 0.7805986404418945, 0.7833735942840576, 0.7807618379592896, 0.7849249243736267, 0.7844529151916504, 0.7831188440322876], "ner_pr": [0.6671789884567261, 0.7808623909950256, 0.7517544031143188, 0.7773647904396057, 0.7595186829566956, 0.784246563911438, 0.8010657429695129, 0.7828167080879211, 0.772548258304596, 0.7910972237586975, 0.7767670750617981, 0.7746084928512573, 0.7660583853721619, 0.7741814851760864], "ner_rec": [0.7480375170707703, 0.7593337297439575, 0.8204097151756287, 0.8008807301521301, 0.8096879124641418, 0.7892016172409058, 0.7771396040916443, 0.7832663059234619, 0.7888186573982239, 0.7757993340492249, 0.7847980260848999, 0.7955198287963867, 0.8037526607513428, 0.792264997959137], "macro_f1": [0.0, 0.0, 0.0, 0.0, 0.0, 0.0, 0.0, 0.0, 0.0, 0.0, 0.0, 0.0, 0.0, 0.0], "macro_pr": [0.0, 0.0, 0.0, 0.0, 0.0, 0.0, 0.0, 0.0, 0.0, 0.0, 0.0, 0.0, 0.0, 0.0], "macro_rec": [0.0, 0.0, 0.0, 0.0, 0.0, 0.0, 0.0, 0.0, 0.0, 0.0, 0.0, 0.0, 0.0, 0.0], "macro_ner_f1": [0.6789573431015015, 0.7601597905158997, 0.7748593091964722, 0.7883862257003784, 0.7844327688217163, 0.7731485366821289, 0.7750386595726013, 0.778964638710022, 0.7815923690795898, 0.7818177938461304, 0.7771294116973877, 0.7825149297714233, 0.7828735709190369, 0.7777602076530457], "macro_ner_pr": [0.7029768228530884, 0.7775603532791138, 0.7558689117431641, 0.790470540523529, 0.7840902209281921, 0.7839089035987854, 0.8243521451950073, 0.7918969392776489, 0.782110333442688, 0.7960910797119141, 0.7783201336860657, 0.7750827074050903, 0.7814059257507324, 0.7766785025596619], "macro_ner_rec": [0.6832069754600525, 0.7447489500045776, 0.7978998422622681, 0.787873387336731, 0.7871727347373962, 0.7661722898483276, 0.7363868951797485, 0.7690870761871338, 0.7815535664558411, 0.7704352140426636, 0.7764695882797241, 0.7909024357795715, 0.785929799079895, 0.7805773019790649], "samples_per_s": [361.8010537968469, 394.1012131821172, 385.2809196990502, 390.1552658726362, 387.81303259997736, 392.4555380149306, 394.92231762893425, 393.0970928999935, 391.12409130957195, 395.21405324857363, 393.93103582433, 392.4731667358958, 379.95308955227165, 391.9300982758631], "samples_total_num": [1854, 1854, 1854, 1854, 1854, 1854, 1854, 1854, 1854, 1854, 1854, 1854, 1854, 1854], "samples_total_s": [5.12436318397522, 4.704375267028809, 4.812073230743408, 4.7519543170928955, 4.780654191970825, 4.724102020263672, 4.694594144821167, 4.7163920402526855, 4.740183591842651, 4.691128730773926, 4.70640754699707, 4.7238898277282715, 4.879549741744995, 4.730435371398926], "dna_pr": [0.6298552751541138, 0.7587354183197021, 0.7295321822166443, 0.7433489561080933, 0.7352496385574341, 0.7712854743003845, 0.7897033095359802, 0.7505919337272644, 0.7573467493057251, 0.7651452422142029, 0.7436507940292358, 0.7371647357940674, 0.7573822736740112, 0.7507861852645874], "dna_rec": [0.6696356534957886, 0.7384615540504456, 0.8080971837043762, 0.7692307829856873, 0.7870445251464844, 0.7481781244277954, 0.7327935099601746, 0.7700405120849609, 0.7303643822669983, 0.7465587258338928, 0.758704423904419, 0.7789473533630371, 0.7684210538864136, 0.7732793688774109], "dna_f1": [0.6491366028785706, 0.7484612464904785, 0.7668075561523438, 0.7560684680938721, 0.7602659463882446, 0.7595561146736145, 0.7601847648620605, 0.760191798210144, 0.7436108589172363, 0.7557377815246582, 0.7511021494865417, 0.757480263710022, 0.7628617882728577, 0.7618668079376221], "rna_pr": [0.7400000095367432, 0.7850467562675476, 0.7606837749481201, 0.8877550959587097, 0.8700000047683716, 0.792792797088623, 0.9268292784690857, 0.8775510191917419, 0.8557692170143127, 0.8627451062202454, 0.8461538553237915, 0.8272727131843567, 0.8557692170143127, 0.8380952477455139], "rna_rec": [0.7115384340286255, 0.807692289352417, 0.8557692170143127, 0.8365384340286255, 0.8365384340286255, 0.8461538553237915, 0.7307692170143127, 0.8269230723381042, 0.8557692170143127, 0.8461538553237915, 0.8461538553237915, 0.875, 0.8557692170143127, 0.8461538553237915], "rna_f1": [0.725490152835846, 0.7962085604667664, 0.8054298758506775, 0.8613861799240112, 0.8529411554336548, 0.8186047077178955, 0.8172042965888977, 0.8514851331710815, 0.8557692170143127, 0.8543689250946045, 0.8461538553237915, 0.8504672646522522, 0.8557692170143127, 0.8421052694320679], "cell_type_pr": [0.6348074078559875, 0.7663551568984985, 0.7947269082069397, 0.8022388219833374, 0.7361344695091248, 0.7478559017181396, 0.7411167621612549, 0.7111111283302307, 0.7307692170143127, 0.7176656126976013, 0.7260726094245911, 0.7388429641723633, 0.7376237511634827, 0.7037617564201355], "cell_type_rec": [0.7542372941970825, 0.694915235042572, 0.7152542471885681, 0.7288135886192322, 0.7423728704452515, 0.7389830350875854, 0.7423728704452515, 0.7593220472335815, 0.7406779527664185, 0.7711864113807678, 0.7457627058029175, 0.7576271295547485, 0.7576271295547485, 0.7610169649124146], "cell_type_f1": [0.6893880367279053, 0.7288889288902283, 0.752899169921875, 0.7637656331062317, 0.7392405271530151, 0.7433930039405823, 0.7417442798614502, 0.7344262003898621, 0.735690176486969, 0.7434640526771545, 0.7357859015464783, 0.7481171488761902, 0.7474916577339172, 0.7312703728675842], "protein_pr": [0.6740867495536804, 0.7921348214149475, 0.755562424659729, 0.7915418148040771, 0.7636823654174805, 0.7924842238426208, 0.8078243136405945, 0.80551677942276, 0.7823061347007751, 0.8120113611221313, 0.7993103265762329, 0.7965235114097595, 0.7694524526596069, 0.7943575978279114], "protein_rec": [0.8273205161094666, 0.7901926636695862, 0.8563923239707947, 0.8325744271278381, 0.8455341458320618, 0.8346760272979736, 0.8245183825492859, 0.8080560564994812, 0.8269702196121216, 0.8003502488136292, 0.8119089603424072, 0.8185639381408691, 0.8416812419891357, 0.8185639381408691], "protein_f1": [0.74288409948349, 0.7911625504493713, 0.8028238415718079, 0.8115397691726685, 0.8025266528129578, 0.8130331039428711, 0.8160859942436218, 0.8067843914031982, 0.8040183782577515, 0.8061386346817017, 0.8055603504180908, 0.8073933124542236, 0.8039477467536926, 0.806279182434082],