{"test_metrics": {"unseen_ner_prec_micro": 14.842200180342653, "unseen_ner_rec_micro": 76.274328081557, "unseen_ner_f1_micro": 24.84903381642512, "unseen_ner_prec_macro": 13.716142607962803, "unseen_ner_rec_macro": 63.839188116827664, "unseen_ner_f1_macro": 22.337589160005894, "unseen_loc_prec_micro": 16.517775752051048, "unseen_loc_rec_micro": 83.96663577386468, "unseen_loc_f1_micro": 27.60511882998172, "unseen_loc_prec_macro": 16.517775752051048, "unseen_loc_rec_macro": 83.96663577386468, "unseen_loc_f1_macro": 27.60511882998172, "unseen_cls_prec_micro": 89.26247288503254, "unseen_cls_rec_micro": 76.274328081557, "unseen_cls_f1_micro": 82.25887056471764, "unseen_cls_prec_macro": 83.76592430291622, "unseen_cls_rec_macro": 63.839188116827664, "unseen_cls_f1_macro": 70.77567078105871, "unseen_epoch": 0.0, "unseen_iteration": 0.0, "unseen_global_iteration": 0.0, "seen_ner_prec_micro": 71.71407994238386, "seen_ner_rec_micro": 90.58448942460768, "seen_ner_f1_micro": 80.05225605466786, "seen_ner_prec_macro": 64.9023701399048, "seen_ner_rec_macro": 89.00224354376675, "seen_ner_f1_macro": 74.79228438141891, "seen_loc_prec_micro": 76.35503819570752, "seen_loc_rec_micro": 95.47418694564476, "seen_loc_f1_micro": 84.85093481556342, "seen_loc_prec_macro": 76.35503819570752, "seen_loc_rec_macro": 95.47418694564476, "seen_loc_f1_macro": 84.85093481556342, "seen_cls_prec_micro": 94.3391757460919, "seen_cls_rec_micro": 90.58448942460768, "seen_cls_f1_micro": 92.42371504814945, "seen_cls_prec_macro": 92.99988189548768, "seen_cls_rec_macro": 89.00224354376675, "seen_cls_f1_macro": 90.92462992435485, "seen_epoch": 0.0, "seen_iteration": 0.0, "seen_global_iteration": 0.0, "ner_prec_micro": 86.45196113709967, "ner_rec_micro": 87.74653031409788, "ner_f1_micro": 87.09443538154794, "ner_prec_macro": 78.69397793442681, "ner_rec_macro": 82.741615207985, "ner_f1_macro": 80.54466003987419, "loc_prec_micro": 92.83375773008366, "loc_rec_micro": 93.20672023374726, "loc_f1_micro": 93.01986513577548, "loc_prec_macro": 92.83375773008366, "loc_rec_macro": 93.20672023374726, "loc_f1_macro": 93.01986513577548, "cls_prec_micro": 93.35535263260152, "cls_rec_micro": 87.74653031409788, "cls_f1_micro": 90.46408735762026, "cls_prec_macro": 90.78682845450912, "cls_rec_macro": 82.741615207985, "cls_f1_macro": 86.41244549693857, "epoch": 0.0, "iteration": 0.0, "global_iteration": 0.0}}