{"test_metrics": {"Eval_Ent_Precision": 85.8291184906378, "Eval_Ent_Recall": 87.75510203384336, "Eval_Ent_F1": 86.7814254989669, "Eval_Time": 138.52102947235107, "Eval_Examples": 5000, "Eval_Examples_Per_Second": 36.095602372042755, "seen_Eval_Ent_Precision": 63.294797685459756, "seen_Eval_Ent_Recall": 92.98129227995719, "seen_Eval_Ent_F1": 75.31839431988428, "seen_Eval_Time": 138.47953987121582, "seen_Eval_Examples": 5000, "seen_Eval_Examples_Per_Second": 36.10641690931335, "unseen_Eval_Ent_Precision": 22.552384398021605, "unseen_Eval_Ent_Recall": 75.68960289439855, "unseen_Eval_Ent_F1": 34.75053928473995, "unseen_Eval_Time": 138.69367671012878, "unseen_Eval_Examples": 5000, "unseen_Eval_Examples_Per_Second": 36.05067021512489}}