{"test_metrics": {"unseen_ner_prec_micro": 17.02746952883391, "unseen_ner_rec_micro": 76.40816326530611, "unseen_ner_f1_micro": 27.848854507587028, "unseen_ner_prec_macro": 16.40728879588804, "unseen_ner_rec_macro": 63.032872461063526, "unseen_ner_f1_macro": 25.74306452996576, "unseen_loc_prec_micro": 18.911439114391143, "unseen_loc_rec_micro": 83.6734693877551, "unseen_loc_f1_micro": 30.850263355906694, "unseen_loc_prec_macro": 18.911439114391143, "unseen_loc_rec_macro": 83.6734693877551, "unseen_loc_f1_macro": 30.850263355906694, "unseen_cls_prec_micro": 89.56937799043062, "unseen_cls_rec_micro": 76.40816326530611, "unseen_cls_f1_micro": 82.4669603524229, "unseen_cls_prec_macro": 79.94538559193128, "unseen_cls_rec_macro": 63.032872461063526, "unseen_cls_f1_macro": 70.07166676190096, "unseen_epoch": 0.0, "unseen_iteration": 0.0, "unseen_global_iteration": 0.0, "seen_ner_prec_micro": 69.39333211878302, "seen_ner_rec_micro": 89.60244648318043, "seen_ner_f1_micro": 78.2135523613963, "seen_ner_prec_macro": 61.82096619368129, "seen_ner_rec_macro": 87.48583013547547, "seen_ner_f1_macro": 72.18582878192572, "seen_loc_prec_micro": 74.72324723247232, "seen_loc_rec_micro": 95.27170077628794, "seen_loc_f1_micro": 83.75555785337608, "seen_loc_prec_macro": 74.72324723247232, "seen_loc_rec_macro": 95.27170077628794, "seen_loc_f1_macro": 83.75555785337608, "seen_cls_prec_micro": 93.15235999021766, "seen_cls_rec_micro": 89.60244648318043, "seen_cls_f1_micro": 91.3429256594724, "seen_cls_prec_macro": 89.89026024901793, "seen_cls_rec_macro": 87.48583013547547, "seen_cls_f1_macro": 88.603483963262, "seen_epoch": 0.0, "seen_iteration": 0.0, "seen_global_iteration": 0.0, "ner_prec_micro": 86.56934306569343, "ner_rec_micro": 86.63257852447042, "ner_f1_micro": 86.60094925155167, "ner_prec_macro": 78.14343006327003, "ner_rec_macro": 80.25479687944713, "ner_f1_macro": 79.11025236314646, "loc_prec_micro": 93.76964318728048, "loc_rec_micro": 92.62235208181154, "loc_f1_micro": 93.19246669728985, "loc_prec_macro": 93.76964318728048, "loc_rec_macro": 92.62235208181154, "loc_f1_macro": 93.19246669728985, "cls_prec_micro": 92.42158581726086, "cls_rec_micro": 86.63257852447042, "cls_f1_micro": 89.43349985861062, "cls_prec_macro": 87.27159445955779, "cls_rec_macro": 80.25479687944713, "cls_f1_macro": 83.5921991624964, "epoch": 0.0, "iteration": 0.0, "global_iteration": 0.0}}