{"test_metrics": {"Eval_Ent_Precision": 84.7184985974647, "Eval_Ent_Recall": 87.85912875280977, "Eval_Ent_F1": 86.26023651272024, "Eval_Time": 8.991390705108643, "Eval_Examples": 288, "Eval_Examples_Per_Second": 32.03064013627691, "seen_Eval_Ent_Precision": 31.456657763258878, "seen_Eval_Ent_Recall": 96.17486313565648, "seen_Eval_Ent_F1": 47.40740741439082, "seen_Eval_Time": 8.9847993850708, "seen_Eval_Examples": 288, "seen_Eval_Examples_Per_Second": 32.05413806773945, "unseen_Eval_Ent_Precision": 53.261840923571334, "unseen_Eval_Ent_Recall": 83.59046273887668, "unseen_Eval_Ent_F1": 65.06550215051202, "unseen_Eval_Time": 8.676944494247437, "unseen_Eval_Examples": 288, "unseen_Eval_Examples_Per_Second": 33.191407435063766}}