{"test_metrics": {"unseen_ner_prec_micro": 39.924568965517246, "unseen_ner_rec_micro": 52.293577981651374, "unseen_ner_f1_micro": 45.27956003666361, "unseen_ner_prec_macro": 34.32410162799662, "unseen_ner_rec_macro": 41.63956293246154, "unseen_ner_f1_macro": 36.78188109131815, "unseen_loc_prec_micro": 61.56583629893239, "unseen_loc_rec_micro": 73.25335215243473, "unseen_loc_f1_micro": 66.90299709958106, "unseen_loc_prec_macro": 61.56583629893239, "unseen_loc_rec_macro": 73.25335215243473, "unseen_loc_f1_macro": 66.90299709958106, "unseen_cls_prec_micro": 64.21143847487002, "unseen_cls_rec_micro": 52.293577981651374, "unseen_cls_f1_micro": 57.642940490081685, "unseen_cls_prec_macro": 55.36374107427245, "unseen_cls_rec_macro": 41.63956293246154, "unseen_cls_f1_macro": 46.80460848395964, "unseen_epoch": 0.0, "unseen_iteration": 0.0, "unseen_global_iteration": 0.0, "seen_ner_prec_micro": 9.52127659574468, "seen_ner_rec_micro": 66.7910447761194, "seen_ner_f1_micro": 16.666666666666664, "seen_ner_prec_macro": 11.96344972585602, "seen_ner_rec_macro": 50.10893741785461, "seen_ner_f1_macro": 16.3943341341345, "seen_loc_prec_micro": 12.470449172576831, "seen_loc_rec_micro": 78.73134328358209, "seen_loc_f1_micro": 21.53061224489796, "seen_loc_prec_macro": 12.470449172576831, "seen_loc_rec_macro": 78.73134328358209, "seen_loc_f1_macro": 21.53061224489796, "seen_cls_prec_micro": 77.82608695652173, "seen_cls_rec_micro": 66.7910447761194, "seen_cls_f1_micro": 71.8875502008032, "seen_cls_prec_macro": 63.66999777447538, "seen_cls_rec_macro": 50.10893741785461, "seen_cls_f1_macro": 54.89933973757134, "seen_epoch": 0.0, "seen_iteration": 0.0, "seen_global_iteration": 0.0, "ner_prec_micro": 49.59612277867528, "ner_rec_micro": 54.65875370919881, "ner_f1_micro": 52.00451722190853, "ner_prec_macro": 46.04348277331607, "ner_rec_macro": 47.619897242363, "ner_f1_macro": 46.351656194744045, "loc_prec_micro": 74.09387997623291, "loc_rec_micro": 74.00593471810089, "loc_f1_micro": 74.04988123515439, "loc_prec_macro": 74.09387997623291, "loc_rec_macro": 74.00593471810089, "loc_f1_macro": 74.04988123515439, "cls_prec_micro": 66.5943600867679, "cls_rec_micro": 54.65875370919881, "cls_f1_micro": 60.039113428943935, "cls_prec_macro": 61.2021517296541, "cls_rec_macro": 47.619897242363, "cls_f1_macro": 53.057229977327104, "epoch": 0.0, "iteration": 0.0, "global_iteration": 0.0}}