{"test_metrics": {"unseen_ner_prec_micro": 62.5531914893617, "unseen_ner_rec_micro": 54.49490268767377, "unseen_ner_f1_micro": 58.246656760772666, "unseen_ner_prec_macro": 56.85467409553394, "unseen_ner_rec_macro": 50.16010168090999, "unseen_ner_f1_macro": 53.2308331692946, "unseen_loc_prec_micro": 79.841449603624, "unseen_loc_rec_micro": 65.33827618164968, "unseen_loc_f1_micro": 71.86544342507645, "unseen_loc_prec_macro": 79.841449603624, "unseen_loc_rec_macro": 65.33827618164968, "unseen_loc_f1_macro": 71.86544342507645, "unseen_cls_prec_micro": 78.19148936170212, "unseen_cls_rec_micro": 54.49490268767377, "unseen_cls_f1_micro": 64.22719825232114, "unseen_cls_prec_macro": 71.34059733669108, "unseen_cls_rec_macro": 50.16010168090999, "unseen_cls_f1_macro": 58.78054894895479, "unseen_epoch": 0.0, "unseen_iteration": 0.0, "unseen_global_iteration": 0.0, "seen_ner_prec_micro": 0.0, "seen_ner_rec_micro": 0.0, "seen_ner_f1_micro": 0.0, "seen_ner_prec_macro": 0.0, "seen_ner_rec_macro": 0.0, "seen_ner_f1_macro": 0.0, "seen_loc_prec_micro": 0.0, "seen_loc_rec_micro": 0.0, "seen_loc_f1_micro": 0.0, "seen_loc_prec_macro": 0.0, "seen_loc_rec_macro": 0.0, "seen_loc_f1_macro": 0.0, "seen_cls_prec_micro": 0.0, "seen_cls_rec_micro": 0.0, "seen_cls_f1_micro": 0.0, "seen_cls_prec_macro": NaN, "seen_cls_rec_macro": NaN, "seen_cls_f1_macro": NaN, "seen_epoch": 0.0, "seen_iteration": 0.0, "seen_global_iteration": 0.0, "ner_prec_micro": 63.61679224973089, "ner_rec_micro": 54.77293790546802, "ner_f1_micro": 58.864541832669325, "ner_prec_macro": 57.88543328017012, "ner_rec_macro": 50.37070646331369, "ner_f1_macro": 53.791206761571566, "loc_prec_micro": 80.18327605956472, "loc_rec_micro": 64.87488415199259, "loc_f1_micro": 71.72131147540983, "loc_prec_macro": 80.18327605956472, "loc_rec_macro": 64.87488415199259, "loc_f1_macro": 71.72131147540983, "cls_prec_micro": 79.11646586345381, "cls_rec_micro": 54.77293790546802, "cls_f1_micro": 64.73165388828039, "cls_prec_macro": 72.3367471085814, "cls_rec_macro": 50.37070646331369, "cls_f1_macro": 59.22190214646971, "epoch": 0.0, "iteration": 0.0, "global_iteration": 0.0}}