{"test_metrics": {"unseen_ner_prec_micro": 34.89780469341408, "unseen_ner_rec_micro": 69.95447647951441, "unseen_ner_f1_micro": 46.56565656565657, "unseen_ner_prec_macro": 41.50348800786865, "unseen_ner_rec_macro": 71.01875411315841, "unseen_ner_f1_macro": 51.15034478666925, "unseen_loc_prec_micro": 37.67619047619048, "unseen_loc_rec_micro": 75.03793626707133, "unseen_loc_f1_micro": 50.16484909967031, "unseen_loc_prec_macro": 37.67619047619048, "unseen_loc_rec_macro": 75.03793626707133, "unseen_loc_f1_macro": 50.16484909967031, "unseen_cls_prec_micro": 92.24612306153077, "unseen_cls_rec_micro": 69.95447647951441, "unseen_cls_f1_micro": 79.56850053937433, "unseen_cls_prec_macro": 90.64451991303363, "unseen_cls_rec_macro": 71.01875411315841, "unseen_cls_f1_macro": 79.26353364884736, "unseen_epoch": 0.0, "unseen_iteration": 0.0, "unseen_global_iteration": 0.0, "seen_ner_prec_micro": 45.71428571428572, "seen_ner_rec_micro": 84.18118466898954, "seen_ner_f1_micro": 59.251992642550576, "seen_ner_prec_macro": 40.10427173075555, "seen_ner_rec_macro": 80.47726471793084, "seen_ner_f1_macro": 52.64013339354676, "seen_loc_prec_micro": 46.601941747572816, "seen_loc_rec_micro": 85.29616724738676, "seen_loc_f1_micro": 60.2732980425951, "seen_loc_prec_macro": 46.601941747572816, "seen_loc_rec_macro": 85.29616724738676, "seen_loc_f1_macro": 60.2732980425951, "seen_cls_prec_micro": 98.45150774246127, "seen_cls_rec_micro": 84.18118466898954, "seen_cls_f1_micro": 90.7588279489106, "seen_cls_prec_macro": 98.68072946208716, "seen_cls_rec_macro": 80.47726471793084, "seen_cls_f1_macro": 88.5932428840562, "seen_epoch": 0.0, "seen_iteration": 0.0, "seen_global_iteration": 0.0, "ner_prec_micro": 80.54084720121028, "ner_rec_micro": 77.3519796585543, "ner_f1_micro": 78.9142115990365, "ner_prec_macro": 81.48848797600424, "ner_rec_macro": 75.78261315482835, "ner_f1_macro": 78.44950177125843, "loc_prec_micro": 84.23757852655626, "loc_rec_micro": 80.36687250272429, "loc_f1_micro": 82.25671530811414, "loc_prec_macro": 84.23757852655626, "loc_rec_macro": 80.36687250272429, "loc_f1_macro": 82.25671530811414, "cls_prec_micro": 95.68636261514266, "cls_rec_micro": 77.3519796585543, "cls_f1_micro": 85.54785577985336, "cls_prec_macro": 95.62601975564164, "cls_rec_macro": 75.78261315482835, "cls_f1_macro": 84.4542008917333, "epoch": 0.0, "iteration": 0.0, "global_iteration": 0.0}}