{"test_metrics": {"f1": 0.0, "pr": 0.0, "rec": 0.0, "ner_f1": 0.6349842548370361, "ner_pr": 0.6093406677246094, "ner_rec": 0.662881076335907, "macro_f1": 0.0, "macro_pr": 0.0, "macro_rec": 0.0, "macro_ner_f1": 0.6357844471931458, "macro_ner_pr": 0.6119857430458069, "macro_ner_rec": 0.6638594269752502, "samples_per_s": 148.79515751638294, "samples_total_num": 529, "samples_total_s": 3.555223226547241, "task_pr": 0.6007905006408691, "task_rec": 0.580152690410614, "task_f1": 0.5902912616729736, "method_pr": 0.7153109908103943, "method_rec": 0.703529417514801, "method_f1": 0.7093712687492371, "material_pr": 0.5942857265472412, "material_rec": 0.6582278609275818, "material_f1": 0.6246246099472046, "otherscientificterm_pr": 0.5328947305679321, "otherscientificterm_rec": 0.6266924738883972, "otherscientificterm_f1": 0.5760000348091125, "metric_pr": 0.5897436141967773, "metric_rec": 0.6478873491287231, "metric_f1": 0.6174497008323669, "generic_pr": 0.6388888955116272, "generic_rec": 0.7666666507720947, "generic_f1": 0.696969747543335}, "test_metrics_bounds": {"f1": 0.0, "pr": 0.0, "rec": 0.0, "ner_f1": 0.7776504755020142, "ner_pr": 0.746835470199585, "ner_rec": 0.8111177682876587, "macro_f1": 0.0, "macro_pr": 0.0, "macro_rec": 0.0, "macro_ner_f1": 0.7776504755020142, "macro_ner_pr": 0.746835470199585, "macro_ner_rec": 0.8111177682876587, "samples_per_s": 148.79515751638294, "samples_total_num": 529, "samples_total_s": 3.555223226547241}, "metrics": {"f1": [0.0, 0.0, 0.0, 0.0, 0.0, 0.0, 0.0, 0.0, 0.0, 0.0, 0.0, 0.0, 0.0, 0.0, 0.0, 0.0, 0.0, 0.0, 0.0, 0.0, 0.0, 0.0, 0.0, 0.0, 0.0], "pr": [0.0, 0.0, 0.0, 0.0, 0.0, 0.0, 0.0, 0.0, 0.0, 0.0, 0.0, 0.0, 0.0, 0.0, 0.0, 0.0, 0.0, 0.0, 0.0, 0.0, 0.0, 0.0, 0.0, 0.0, 0.0], "rec": [0.0, 0.0, 0.0, 0.0, 0.0, 0.0, 0.0, 0.0, 0.0, 0.0, 0.0, 0.0, 0.0, 0.0, 0.0, 0.0, 0.0, 0.0, 0.0, 0.0, 0.0, 0.0, 0.0, 0.0, 0.0], "ner_f1": [0.35329341888427734, 0.5520094633102417, 0.6029083132743835, 0.6326034069061279, 0.621021032333374, 0.6388405561447144, 0.6130883693695068, 0.6174647808074951, 0.6354044675827026, 0.652709424495697, 0.6403253674507141, 0.6291131973266602, 0.6437317728996277, 0.6461359858512878, 0.6460071206092834, 0.6600234508514404, 0.6642941236495972, 0.6670644283294678, 0.6630695462226868, 0.6590498685836792, 0.661556601524353, 0.6638806462287903, 0.6626865863800049, 0.665083110332489, 0.6611177325248718], "ner_pr": [0.33830276131629944, 0.5223713517189026, 0.5444444417953491, 0.6146572232246399, 0.5963091254234314, 0.5943905115127563, 0.5656779408454895, 0.5609006881713867, 0.5969163179397583, 0.6416465044021606, 0.5969663858413696, 0.5668341517448425, 0.6019629240036011, 0.602383553981781, 0.6159090995788574, 0.6200440526008606, 0.630630612373352, 0.6366742849349976, 0.6356321573257446, 0.6335260272026062, 0.6247215867042542, 0.6339794993400574, 0.6328392028808594, 0.6320541501045227, 0.6289592981338501], "ner_rec": [0.3696741759777069, 0.5852130055427551, 0.6754385828971863, 0.6516290903091431, 0.6478696465492249, 0.6904761791229248, 0.6691729426383972, 0.6867167949676514, 0.6791979670524597, 0.664160430431366, 0.6904761791229248, 0.7067669034004211, 0.6917293071746826, 0.6967418789863586, 0.6791979670524597, 0.7055137753486633, 0.7017543911933899, 0.7005012631416321, 0.6929824352264404, 0.6867167949676514, 0.7030075192451477, 0.6967418789863586, 0.6954887509346008, 0.7017543911933899, 0.6967418789863586], "macro_f1": [0.0, 0.0, 0.0, 0.0, 0.0, 0.0, 0.0, 0.0, 0.0, 0.0, 0.0, 0.0, 0.0, 0.0, 0.0, 0.0, 0.0, 0.0, 0.0, 0.0, 0.0, 0.0, 0.0, 0.0, 0.0], "macro_pr": [0.0, 0.0, 0.0, 0.0, 0.0, 0.0, 0.0, 0.0, 0.0, 0.0, 0.0, 0.0, 0.0, 0.0, 0.0, 0.0, 0.0, 0.0, 0.0, 0.0, 0.0, 0.0, 0.0, 0.0, 0.0], "macro_rec": [0.0, 0.0, 0.0, 0.0, 0.0, 0.0, 0.0, 0.0, 0.0, 0.0, 0.0, 0.0, 0.0, 0.0, 0.0, 0.0, 0.0, 0.0, 0.0, 0.0, 0.0, 0.0, 0.0, 0.0, 0.0], "macro_ner_f1": [0.21473027765750885, 0.497692734003067, 0.5904778838157654, 0.6131561398506165, 0.5963170528411865, 0.6137226223945618, 0.5892133116722107, 0.6001237034797668, 0.6130063533782959, 0.6375728249549866, 0.6150822043418884, 0.6062623858451843, 0.6179782152175903, 0.6251764297485352, 0.6199830174446106, 0.6385754942893982, 0.6347305774688721, 0.6433708667755127, 0.6538715958595276, 0.6314101815223694, 0.6429614424705505, 0.634389340877533, 0.6439357399940491, 0.651482105255127, 0.6425002217292786], "macro_ner_pr": [0.29047954082489014, 0.5354077816009521, 0.5741807818412781, 0.6121522188186646, 0.565135657787323, 0.5910264849662781, 0.5894201993942261, 0.6048537492752075, 0.5779731869697571, 0.6350528001785278, 0.6156709790229797, 0.5610083937644958, 0.5939857959747314, 0.6022443771362305, 0.6009969711303711, 0.6104990243911743, 0.6089291572570801, 0.6265875697135925, 0.6578385829925537, 0.6235479712486267, 0.615944504737854, 0.6172271370887756, 0.6292411684989929, 0.6278615593910217, 0.6232684254646301], "macro_ner_rec": [0.28071412444114685, 0.5145861506462097, 0.6289456486701965, 0.6266303658485413, 0.6365097761154175, 0.6482163071632385, 0.6106733679771423, 0.624377429485321, 0.6558988690376282, 0.6456296443939209, 0.6350546479225159, 0.6665468811988831, 0.6525815725326538, 0.6583896279335022, 0.6456660032272339, 0.675009548664093, 0.6655881404876709, 0.6656997203826904, 0.6613487601280212, 0.6469113230705261, 0.675743818283081, 0.6565598249435425, 0.6636198163032532, 0.6801286339759827, 0.6665948033332825], "samples_per_s": [134.8525223906307, 187.03751301564554, 142.42991244990714, 190.33513059153137, 162.65263090698028, 175.3669801561374, 155.4903814374104, 151.0434893774859, 185.8739048672887, 169.7597859242718, 169.22019018434514, 156.07559107678256, 171.73476803770194, 169.8879444603087, 159.95742757157328, 135.61825985596735, 150.38053540327618, 163.42610668863426, 172.5423180137522, 144.12571931091003, 182.93717320786348, 159.707566711344, 165.09238048004786, 159.21131842043522, 168.22387993853033], "samples_total_num": [260, 260, 260, 260, 260, 260, 260, 260, 260, 260, 260, 260, 260, 260, 260, 260, 260, 260, 260, 260, 260, 260, 260, 260, 260], "samples_total_s": [1.9280321598052979, 1.3900954723358154, 1.8254592418670654, 1.366011619567871, 1.5984985828399658, 1.482605218887329, 1.6721291542053223, 1.7213585376739502, 1.3987977504730225, 1.5315759181976318, 1.5364596843719482, 1.6658594608306885, 1.5139625072479248, 1.5304205417633057, 1.6254324913024902, 1.9171459674835205, 1.7289471626281738, 1.590933084487915, 1.5068767070770264, 1.8039805889129639, 1.421252965927124, 1.6279754638671875, 1.574875831604004, 1.633049726486206, 1.5455594062805176], "task_pr": [0.5, 0.6739130616188049, 0.5367646813392639, 0.6238532066345215, 0.5409836173057556, 0.5819672346115112, 0.6041666865348816, 0.5462185144424438, 0.4838709533214569, 0.6000000238418579, 0.6299999952316284, 0.4749999940395355, 0.5980392098426819, 0.6283186078071594, 0.6261682510375977, 0.6086956262588501, 0.6034482717514038, 0.6160714030265808, 0.6310679316520691, 0.6310679316520691, 0.5281690359115601, 0.5901639461517334, 0.5680000185966492, 0.5496183037757874, 0.5714285969734192], "task_rec": [0.007936508394777775, 0.2460317462682724, 0.579365074634552, 0.5396825671195984, 0.523809552192688, 0.5634920597076416, 0.460317462682724, 0.5158730149269104, 0.5952380895614624, 0.523809552192688, 0.5, 0.60317462682724, 0.4841269850730896, 0.5634920597076416, 0.5317460298538208, 0.5555555820465088, 0.5555555820465088, 0.5476190447807312, 0.5158730149269104, 0.5158730149269104, 0.5952380895614624, 0.5714285969734192, 0.5634920597076416, 0.5714285969734192, 0.5714285969734192],