{"test_metrics": {"unseen_ner_prec_micro": 31.09504132231405, "unseen_ner_rec_micro": 45.6752655538695, "unseen_ner_f1_micro": 37.00061462814997, "unseen_ner_prec_macro": 25.76477197859744, "unseen_ner_rec_macro": 36.83723214440684, "unseen_ner_f1_macro": 28.864441553540228, "unseen_loc_prec_micro": 53.54651162790698, "unseen_loc_rec_micro": 69.87860394537178, "unseen_loc_f1_micro": 60.631994733377226, "unseen_loc_prec_macro": 53.54651162790698, "unseen_loc_rec_macro": 69.87860394537178, "unseen_loc_f1_macro": 60.631994733377226, "unseen_cls_prec_micro": 56.36704119850188, "unseen_cls_rec_micro": 45.6752655538695, "unseen_cls_f1_micro": 50.46102263202011, "unseen_cls_prec_macro": 48.22369553349768, "unseen_cls_rec_macro": 36.83723214440684, "unseen_cls_f1_macro": 40.93395535544165, "unseen_epoch": 0.0, "unseen_iteration": 0.0, "unseen_global_iteration": 0.0, "seen_ner_prec_micro": 13.13340227507756, "seen_ner_rec_micro": 69.20980926430518, "seen_ner_f1_micro": 22.07735767057801, "seen_ner_prec_macro": 13.205425050872524, "seen_ner_rec_macro": 52.37500000000001, "seen_ner_f1_macro": 18.64315675568372, "seen_loc_prec_micro": 16.917728852838934, "seen_loc_rec_micro": 79.56403269754769, "seen_loc_f1_micro": 27.902532250358338, "seen_loc_prec_macro": 16.917728852838934, "seen_loc_rec_macro": 79.56403269754769, "seen_loc_f1_macro": 27.902532250358338, "seen_cls_prec_micro": 81.67202572347267, "seen_cls_rec_micro": 69.20980926430518, "seen_cls_f1_micro": 74.92625368731564, "seen_cls_prec_macro": 71.40141090602535, "seen_cls_rec_macro": 52.37500000000001, "seen_cls_f1_macro": 58.44546879550169, "seen_epoch": 0.0, "seen_iteration": 0.0, "seen_global_iteration": 0.0, "ner_prec_micro": 44.0721649484536, "ner_rec_micro": 50.74183976261127, "ner_f1_micro": 47.172413793103445, "ner_prec_macro": 38.41670448820014, "ner_rec_macro": 43.133950407731085, "ner_f1_macro": 40.36995983320825, "loc_prec_micro": 70.72748267898383, "loc_rec_micro": 72.70029673590504, "loc_f1_micro": 71.70032191981271, "loc_prec_macro": 70.72748267898383, "loc_rec_macro": 72.70029673590504, "loc_f1_macro": 71.70032191981271, "cls_prec_micro": 61.59942363112392, "cls_rec_micro": 50.74183976261127, "cls_f1_micro": 55.64594858444517, "cls_prec_macro": 54.69829834100464, "cls_rec_macro": 43.133950407731085, "cls_f1_macro": 47.52879822217966, "epoch": 0.0, "iteration": 0.0, "global_iteration": 0.0}}