{"test_metrics": {"Eval_Ent_Precision": 84.6570396486335, "Eval_Ent_Recall": 86.93234469521344, "Eval_Ent_F1": 85.77960670182055, "Eval_Time": 8.558258771896362, "Eval_Examples": 288, "Eval_Examples_Per_Second": 33.651705057778265, "seen_Eval_Ent_Precision": 33.93501807953968, "seen_Eval_Ent_Recall": 95.9183671126614, "seen_Eval_Ent_F1": 50.13333333297779, "seen_Eval_Time": 8.763315439224243, "seen_Eval_Examples": 288, "seen_Eval_Examples_Per_Second": 32.86427402931586, "unseen_Eval_Ent_Precision": 50.72202165934653, "unseen_Eval_Ent_Recall": 81.80494896126652, "unseen_Eval_Ent_F1": 62.61838437299524, "unseen_Eval_Time": 8.66412878036499, "unseen_Eval_Examples": 288, "unseen_Eval_Examples_Per_Second": 33.240503148184686}}