{"test_metrics": {"f1": 0.0, "pr": 0.0, "rec": 0.0, "ner_f1": 0.8658193349838257, "ner_pr": 0.870974063873291, "ner_rec": 0.8607252836227417, "macro_f1": 0.0, "macro_pr": 0.0, "macro_rec": 0.0, "macro_ner_f1": 0.7924760580062866, "macro_ner_pr": 0.8136455416679382, "macro_ner_rec": 0.7738974690437317, "samples_per_s": 155.02488283016837, "samples_total_num": 2050, "samples_total_s": 13.223683595657349, "per_pr": 0.9072310328483582, "per_rec": 0.9278499484062195, "per_f1": 0.9174246788024902, "org_pr": 0.7799174785614014, "org_rec": 0.699999988079071, "org_f1": 0.7378008961677551, "wea_pr": 0.8409090638160706, "wea_rec": 0.7047619223594666, "wea_f1": 0.7668393850326538, "gpe_pr": 0.9003083109855652, "gpe_rec": 0.8947905898094177, "gpe_f1": 0.8975409865379333, "veh_pr": 0.8095238208770752, "veh_rec": 0.7943925261497498, "veh_f1": 0.801886796951294, "fac_pr": 0.729629635810852, "fac_rec": 0.7060931921005249, "fac_f1": 0.7176685333251953, "loc_pr": 0.7279999852180481, "loc_rec": 0.689393937587738, "loc_f1": 0.7081712484359741}, "test_metrics_bounds": {"f1": 0.0, "pr": 0.0, "rec": 0.0, "ner_f1": 0.9352391958236694, "ner_pr": 0.941464364528656, "ner_rec": 0.9290958046913147, "macro_f1": 0.0, "macro_pr": 0.0, "macro_rec": 0.0, "macro_ner_f1": 0.9352391958236694, "macro_ner_pr": 0.941464364528656, "macro_ner_rec": 0.9290958046913147, "samples_per_s": 155.02488283016837, "samples_total_num": 2050, "samples_total_s": 13.223683595657349}, "metrics": {"f1": [0.0, 0.0, 0.0, 0.0, 0.0, 0.0, 0.0, 0.0, 0.0, 0.0, 0.0, 0.0, 0.0, 0.0, 0.0, 0.0, 0.0, 0.0, 0.0, 0.0, 0.0, 0.0, 0.0, 0.0, 0.0], "pr": [0.0, 0.0, 0.0, 0.0, 0.0, 0.0, 0.0, 0.0, 0.0, 0.0, 0.0, 0.0, 0.0, 0.0, 0.0, 0.0, 0.0, 0.0, 0.0, 0.0, 0.0, 0.0, 0.0, 0.0, 0.0], "rec": [0.0, 0.0, 0.0, 0.0, 0.0, 0.0, 0.0, 0.0, 0.0, 0.0, 0.0, 0.0, 0.0, 0.0, 0.0, 0.0, 0.0, 0.0, 0.0, 0.0, 0.0, 0.0, 0.0, 0.0, 0.0], "ner_f1": [0.7518068552017212, 0.7692307829856873, 0.7968749403953552, 0.831261932849884, 0.8247770071029663, 0.8307792544364929, 0.8397170305252075, 0.8357415199279785, 0.8421137928962708, 0.8382167816162109, 0.8334025144577026, 0.8338474035263062, 0.8404953479766846, 0.8468043208122253, 0.8521509766578674, 0.8444701433181763, 0.848409116268158, 0.8471426963806152, 0.8489255905151367, 0.847892165184021, 0.8529799580574036, 0.854079008102417, 0.8523213863372803, 0.8551894426345825, 0.8544314503669739], "ner_pr": [0.7595419883728027, 0.77937251329422, 0.8242961168289185, 0.81490159034729, 0.8548499941825867, 0.8329519629478455, 0.8399218916893005, 0.8540393710136414, 0.8369739651679993, 0.8665162324905396, 0.8521665334701538, 0.8556030988693237, 0.8597177267074585, 0.8469420671463013, 0.8639705777168274, 0.858150064945221, 0.8697062730789185, 0.8645674586296082, 0.8436095118522644, 0.8571191430091858, 0.8637879490852356, 0.8667336106300354, 0.8631210327148438, 0.8666110038757324, 0.867459774017334], "ner_rec": [0.7442276477813721, 0.7593495845794678, 0.7712194919586182, 0.8482927083969116, 0.7967479825019836, 0.8286178708076477, 0.8395121693611145, 0.8182113766670227, 0.847317099571228, 0.8117073178291321, 0.8154471516609192, 0.8131707310676575, 0.8221138119697571, 0.846666693687439, 0.8406503796577454, 0.831219494342804, 0.8281300663948059, 0.8304064869880676, 0.8543089628219604, 0.8388617634773254, 0.8424389958381653, 0.8417885899543762, 0.8417885899543762, 0.8440650701522827, 0.8417885899543762], "macro_f1": [0.0, 0.0, 0.0, 0.0, 0.0, 0.0, 0.0, 0.0, 0.0, 0.0, 0.0, 0.0, 0.0, 0.0, 0.0, 0.0, 0.0, 0.0, 0.0, 0.0, 0.0, 0.0, 0.0, 0.0, 0.0], "macro_pr": [0.0, 0.0, 0.0, 0.0, 0.0, 0.0, 0.0, 0.0, 0.0, 0.0, 0.0, 0.0, 0.0, 0.0, 0.0, 0.0, 0.0, 0.0, 0.0, 0.0, 0.0, 0.0, 0.0, 0.0, 0.0], "macro_rec": [0.0, 0.0, 0.0, 0.0, 0.0, 0.0, 0.0, 0.0, 0.0, 0.0, 0.0, 0.0, 0.0, 0.0, 0.0, 0.0, 0.0, 0.0, 0.0, 0.0, 0.0, 0.0, 0.0, 0.0, 0.0], "macro_ner_f1": [0.48197177052497864, 0.5964863896369934, 0.6461599469184875, 0.7170928716659546, 0.7076042890548706, 0.7311086058616638, 0.7571168541908264, 0.7372665405273438, 0.747191846370697, 0.73371821641922, 0.7228497862815857, 0.7449766397476196, 0.7270728349685669, 0.759074866771698, 0.7664349675178528, 0.7565442323684692, 0.7639212608337402, 0.7602023482322693, 0.7573278546333313, 0.7609842419624329, 0.7699450254440308, 0.7692885994911194, 0.7685204744338989, 0.7709068059921265, 0.7716804146766663], "macro_ner_pr": [0.5891398787498474, 0.6012738347053528, 0.8055140376091003, 0.6923679709434509, 0.769320547580719, 0.722620964050293, 0.7974162697792053, 0.825067937374115, 0.753913938999176, 0.8302145004272461, 0.7772427201271057, 0.7784661054611206, 0.7781070470809937, 0.7812710404396057, 0.7820153832435608, 0.772372305393219, 0.8219476342201233, 0.8234085440635681, 0.7595047354698181, 0.7783436179161072, 0.8133689165115356, 0.8006105422973633, 0.791887640953064, 0.803543746471405, 0.80870121717453], "macro_ner_rec": [0.4638471007347107, 0.6059719920158386, 0.5721758604049683, 0.7515280842781067, 0.6666945815086365, 0.7487640380859375, 0.7263614535331726, 0.6810336112976074, 0.74874347448349, 0.6777434945106506, 0.6948342323303223, 0.721570611000061, 0.7028098702430725, 0.7433704733848572, 0.756031334400177, 0.7438824772834778, 0.7181801795959473, 0.7132607102394104, 0.7571946382522583, 0.74773108959198, 0.7365932464599609, 0.7423112988471985, 0.7496411204338074, 0.7443838119506836, 0.743100106716156], "samples_per_s": [124.02553351657116, 126.7310349256943, 130.39594317164935, 135.71052583903588, 131.3485630157869, 130.2088485025685, 125.00698983591612, 138.23304659460524, 132.27710179026673, 144.19397578609832, 150.33243022242655, 159.38940238142808, 139.8441042785545, 149.25965080630556, 138.20350238902483, 143.01085010831397, 142.49721269441525, 147.50001191600393, 124.56230998362022, 134.25318326712346, 129.71300502046392, 123.8680235365722, 125.67412900485996, 142.0795806515799, 154.18303555702724], "samples_total_num": [2420, 2420, 2420, 2420, 2420, 2420, 2420, 2420, 2420, 2420, 2420, 2420, 2420, 2420, 2420, 2420, 2420, 2420, 2420, 2420, 2420, 2420, 2420, 2420, 2420], "samples_total_s": [19.5121111869812, 19.0955593585968, 18.5588595867157, 17.832072973251343, 18.424259424209595, 18.58552646636963, 19.358917474746704, 17.506667613983154, 18.2949275970459, 16.78294801712036, 16.097657680511475, 15.182941675186157, 17.304984092712402, 16.213356971740723, 17.51041007041931, 16.92179298400879, 16.98278832435608, 16.40677833557129, 19.428027629852295, 18.025643348693848, 18.656571865081787, 19.536922693252563, 19.25615096092224, 17.032707929611206, 15.6956307888031], "per_pr": [0.8485395908355713, 0.9396825432777405, 0.8441976308822632, 0.8819710612297058, 0.9343603253364563, 0.9257799386978149, 0.8926961421966553, 0.8899325132369995, 0.9132052063941956, 0.9207606911659241, 0.9338115453720093, 0.9361772537231445, 0.9099876880645752, 0.9142240285873413, 0.9332691431045532, 0.9243910312652588, 0.9242614507675171, 0.9224057197570801, 0.908376157283783, 0.9302103519439697, 0.9165897369384766, 0.9248355627059937, 0.9258679747581482, 0.9242518544197083, 0.9272727370262146], "per_rec": [0.8534221649169922, 0.8067837953567505, 0.8746214509010315, 0.905208945274353, 0.8449424505233765, 0.853725016117096, 0.8994548916816711, 0.9182313680648804, 0.8921865820884705, 0.8797698616981506, 0.8673531413078308, 0.8573591709136963, 0.8940036296844482, 0.8973349332809448, 0.8809812068939209, 0.884918212890625, 0.8906723260879517, 0.8964263796806335, 0.9097516536712646, 0.8840097188949585, 0.9018776416778564, 0.894306480884552, 0.8964263796806335, 0.8979406356811523, 0.8958207368850708],