{"test_metrics": {"unseen__f1": 0.0, "unseen__pr": 0.0, "unseen__rec": 0.0, "unseen__ner_f1": 0.3979087769985199, "unseen__ner_pr": 0.2674214243888855, "unseen__ner_rec": 0.7770845293998718, "unseen__macro_f1": 0.0, "unseen__macro_pr": 0.0, "unseen__macro_rec": 0.0, "unseen__macro_ner_f1": 0.3928767144680023, "unseen__macro_ner_pr": 0.28741076588630676, "unseen__macro_ner_rec": 0.6602699160575867, "unseen__samples_per_s": 464.09727216813747, "unseen__samples_total_num": 2050, "unseen__samples_total_s": 4.417177438735962, "unseen__per_pr": 0.25749558210372925, "unseen__per_rec": 0.8784596920013428, "unseen__per_f1": 0.3982542157173157, "unseen__org_pr": 0.3480055034160614, "unseen__org_rec": 0.6875, "unseen__org_f1": 0.46210044622421265, "unseen__wea_pr": 0.22727273404598236, "unseen__wea_rec": 0.42553192377090454, "unseen__wea_f1": 0.29629629850387573, "unseen__gpe_pr": 0.20246659219264984, "unseen__gpe_rec": 0.8140496015548706, "unseen__gpe_f1": 0.3242798447608948, "unseen__veh_pr": 0.34285715222358704, "unseen__veh_rec": 0.6666666865348816, "unseen__veh_f1": 0.4528301954269409, "unseen__fac_pr": 0.3777777850627899, "unseen__fac_rec": 0.6496815085411072, "unseen__fac_f1": 0.477751761674881, "unseen__loc_pr": 0.25600001215934753, "unseen__loc_rec": 0.5, "unseen__loc_f1": 0.33862432837486267, "seen__f1": 0.0, "seen__pr": 0.0, "seen__rec": 0.0, "seen__ner_f1": 0.7235487699508667, "seen__ner_pr": 0.6033574342727661, "seen__ner_rec": 0.9035369753837585, "seen__macro_f1": 0.0, "seen__macro_pr": 0.0, "seen__macro_rec": 0.0, "seen__macro_ner_f1": 0.6505271792411804, "seen__macro_ner_pr": 0.5257057547569275, "seen__macro_ner_rec": 0.8677724003791809, "seen__samples_per_s": 520.4833303288729, "seen__samples_total_num": 2050, "seen__samples_total_s": 3.9386467933654785, "seen__per_pr": 0.6497354507446289, "seen__per_rec": 0.9489953517913818, "seen__per_f1": 0.7713567614555359, "seen__org_pr": 0.43191197514533997, "seen__org_rec": 0.7104072570800781, "seen__org_f1": 0.5372113585472107, "seen__wea_pr": 0.6136363744735718, "seen__wea_rec": 0.931034505367279, "seen__wea_f1": 0.7397261261940002, "seen__gpe_pr": 0.6978417038917542, "seen__gpe_rec": 0.9213025569915771, "seen__gpe_f1": 0.7941520810127258, "seen__veh_pr": 0.46666666865348816, "seen__veh_rec": 0.9245283007621765, "seen__veh_f1": 0.6202532052993774, "seen__fac_pr": 0.3481481373310089, "seen__fac_rec": 0.7704917788505554, "seen__fac_f1": 0.47959181666374207, "seen__loc_pr": 0.47200000286102295, "seen__loc_rec": 0.8676470518112183, "seen__loc_f1": 0.6113989949226379}, "test_metrics_bounds": {"unseen__f1": 0.0, "unseen__pr": 0.0, "unseen__rec": 0.0, "unseen__ner_f1": 0.444185733795166, "unseen__ner_pr": 0.29874706268310547, "unseen__ner_rec": 0.865570068359375, "unseen__macro_f1": 0.0, "unseen__macro_pr": 0.0, "unseen__macro_rec": 0.0, "unseen__macro_ner_f1": 0.444185733795166, "unseen__macro_ner_pr": 0.29874706268310547, "unseen__macro_ner_rec": 0.865570068359375, "unseen__samples_per_s": 464.09727216813747, "unseen__samples_total_num": 2050, "unseen__samples_total_s": 4.417177438735962, "seen__f1": 0.0, "seen__pr": 0.0, "seen__rec": 0.0, "seen__ner_f1": 0.7706206440925598, "seen__ner_pr": 0.6429131031036377, "seen__ner_rec": 0.9616398215293884, "seen__macro_f1": 0.0, "seen__macro_pr": 0.0, "seen__macro_rec": 0.0, "seen__macro_ner_f1": 0.7706206440925598, "seen__macro_ner_pr": 0.6429131031036377, "seen__macro_ner_rec": 0.9616398215293884, "seen__samples_per_s": 520.4833303288729, "seen__samples_total_num": 2050, "seen__samples_total_s": 3.9386467933654785}}