{"test_metrics": {"unseen_ner_prec_micro": 51.220964860035735, "unseen_ner_rec_micro": 51.038575667655785, "unseen_ner_f1_micro": 51.12960760998811, "unseen_ner_prec_macro": 45.27384797327449, "unseen_ner_rec_macro": 43.85767128087817, "unseen_ner_f1_macro": 43.35187553469297, "unseen_loc_prec_micro": 75.81699346405229, "unseen_loc_rec_micro": 68.84272997032642, "unseen_loc_f1_micro": 72.16174183514774, "unseen_loc_prec_macro": 75.81699346405229, "unseen_loc_rec_macro": 68.84272997032642, "unseen_loc_f1_macro": 72.16174183514774, "unseen_cls_prec_micro": 67.7698975571316, "unseen_cls_rec_micro": 51.038575667655785, "unseen_cls_f1_micro": 58.22613405551794, "unseen_cls_prec_macro": 59.02702773203937, "unseen_cls_rec_macro": 43.85767128087817, "unseen_cls_f1_macro": 49.202926951077416, "unseen_epoch": 0.0, "unseen_iteration": 0.0, "unseen_global_iteration": 0.0, "seen_ner_prec_micro": 0.0, "seen_ner_rec_micro": 0.0, "seen_ner_f1_micro": 0.0, "seen_ner_prec_macro": 0.0, "seen_ner_rec_macro": 0.0, "seen_ner_f1_macro": 0.0, "seen_loc_prec_micro": 0.0, "seen_loc_rec_micro": 0.0, "seen_loc_f1_micro": 0.0, "seen_loc_prec_macro": 0.0, "seen_loc_rec_macro": 0.0, "seen_loc_f1_macro": 0.0, "seen_cls_prec_micro": 0.0, "seen_cls_rec_micro": 0.0, "seen_cls_f1_micro": 0.0, "seen_cls_prec_macro": NaN, "seen_cls_rec_macro": NaN, "seen_cls_f1_macro": NaN, "seen_epoch": 0.0, "seen_iteration": 0.0, "seen_global_iteration": 0.0, "ner_prec_micro": 51.4336917562724, "ner_rec_micro": 51.09792284866469, "ner_f1_micro": 51.26525751711819, "ner_prec_macro": 45.70801957419952, "ner_rec_macro": 43.8574653545577, "ner_f1_macro": 43.5464852193097, "loc_prec_micro": 75.90282337491793, "loc_rec_micro": 68.60534124629079, "loc_f1_micro": 72.06982543640898, "loc_prec_macro": 75.90282337491793, "loc_rec_macro": 68.60534124629079, "loc_f1_macro": 72.06982543640898, "cls_prec_micro": 67.84869976359337, "cls_rec_micro": 51.09792284866469, "cls_f1_micro": 58.29383886255924, "cls_prec_macro": 59.22545483716243, "cls_rec_macro": 43.8574653545577, "cls_f1_macro": 49.29308148010128, "epoch": 0.0, "iteration": 0.0, "global_iteration": 0.0}}