{"test_metrics": {"unseen_ner_prec_micro": 53.692043503148255, "unseen_ner_rec_micro": 55.66765578635015, "unseen_ner_f1_micro": 54.66200466200466, "unseen_ner_prec_macro": 53.02039693679136, "unseen_ner_rec_macro": 51.41182375767198, "unseen_ner_f1_macro": 51.6209632622839, "unseen_loc_prec_micro": 75.23570081709616, "unseen_loc_rec_micro": 71.03857566765579, "unseen_loc_f1_micro": 73.07692307692307, "unseen_loc_prec_macro": 75.23570081709616, "unseen_loc_rec_macro": 71.03857566765579, "unseen_loc_f1_macro": 73.07692307692307, "unseen_cls_prec_micro": 71.43945163747144, "unseen_cls_rec_micro": 55.66765578635015, "unseen_cls_f1_micro": 62.57505003335557, "unseen_cls_prec_macro": 68.99374984893747, "unseen_cls_rec_macro": 51.41182375767198, "unseen_cls_f1_macro": 58.52827169544018, "unseen_epoch": 0.0, "unseen_iteration": 0.0, "unseen_global_iteration": 0.0, "seen_ner_prec_micro": 0.0, "seen_ner_rec_micro": 0.0, "seen_ner_f1_micro": 0.0, "seen_ner_prec_macro": 0.0, "seen_ner_rec_macro": 0.0, "seen_ner_f1_macro": 0.0, "seen_loc_prec_micro": 0.0, "seen_loc_rec_micro": 0.0, "seen_loc_f1_micro": 0.0, "seen_loc_prec_macro": 0.0, "seen_loc_rec_macro": 0.0, "seen_loc_f1_macro": 0.0, "seen_cls_prec_micro": 0.0, "seen_cls_rec_micro": 0.0, "seen_cls_f1_micro": 0.0, "seen_cls_prec_macro": NaN, "seen_cls_rec_macro": NaN, "seen_cls_f1_macro": NaN, "seen_epoch": 0.0, "seen_iteration": 0.0, "seen_global_iteration": 0.0, "ner_prec_micro": 53.8728323699422, "ner_rec_micro": 55.31157270029674, "ner_f1_micro": 54.58272327964861, "ner_prec_macro": 53.34854273866968, "ner_rec_macro": 50.96138503044549, "ner_f1_macro": 51.49554498318029, "loc_prec_micro": 75.25188916876574, "loc_rec_micro": 70.91988130563797, "loc_f1_micro": 73.02169263672472, "loc_prec_macro": 75.25188916876574, "loc_rec_macro": 70.91988130563797, "loc_f1_macro": 73.02169263672472, "cls_prec_micro": 71.63720215219062, "cls_rec_micro": 55.31157270029674, "cls_f1_micro": 62.42464835900871, "cls_prec_macro": 69.58311551569722, "cls_rec_macro": 50.96138503044549, "cls_f1_macro": 58.35862545039318, "epoch": 0.0, "iteration": 0.0, "global_iteration": 0.0}}