{"test_metrics": {"Eval_Ent_Precision": 88.49990929131147, "Eval_Ent_Recall": 89.0978816511695, "Eval_Ent_F1": 88.79788878376635, "Eval_Time": 59.54776883125305, "Eval_Examples": 2050, "Eval_Examples_Per_Second": 34.426142914091486, "seen_Eval_Ent_Precision": 69.87121348816572, "seen_Eval_Ent_Recall": 92.79691638506533, "seen_Eval_Ent_F1": 79.71854303405689, "seen_Eval_Time": 59.38776874542236, "seen_Eval_Examples": 2050, "seen_Eval_Examples_Per_Second": 34.51889241348228, "unseen_Eval_Ent_Precision": 18.628695821284705, "unseen_Eval_Ent_Recall": 77.50943392074048, "unseen_Eval_Ent_F1": 30.03802282536529, "unseen_Eval_Time": 60.0269341468811, "unseen_Eval_Examples": 2050, "unseen_Eval_Examples_Per_Second": 34.15133604831148}}