{"test_metrics": {"Eval_Ent_Precision": 88.26274226910886, "Eval_Ent_Recall": 89.81008033608104, "Eval_Ent_F1": 89.02968861729555, "Eval_Time": 67.27643942832947, "Eval_Examples": 2050, "Eval_Examples_Per_Second": 30.4712915460381, "seen_Eval_Ent_Precision": 71.57214643877525, "seen_Eval_Ent_Recall": 92.89541111442095, "seen_Eval_Ent_F1": 80.851495172488, "seen_Eval_Time": 67.81013607978821, "seen_Eval_Examples": 2050, "seen_Eval_Examples_Per_Second": 30.23146860504579, "unseen_Eval_Ent_Precision": 16.690595848280473, "unseen_Eval_Ent_Recall": 78.61369394993459, "unseen_Eval_Ent_F1": 27.535159154679402, "unseen_Eval_Time": 60.991774797439575, "unseen_Eval_Examples": 2050, "unseen_Eval_Examples_Per_Second": 33.611089475724825}}