{"test_metrics": {"Eval_Ent_Precision": 82.36555130350162, "Eval_Ent_Recall": 81.60494966633946, "Eval_Ent_F1": 81.98348640282337, "Eval_Time": 123.26197981834412, "Eval_Examples": 5000, "Eval_Examples_Per_Second": 40.56400852370448, "seen_Eval_Ent_Precision": 50.48000745633703, "seen_Eval_Ent_Recall": 85.0368974611283, "seen_Eval_Ent_F1": 63.35243887861681, "seen_Eval_Time": 122.69656276702881, "seen_Eval_Examples": 5000, "seen_Eval_Examples_Per_Second": 40.75093781961761, "unseen_Eval_Ent_Precision": 31.92282598901615, "unseen_Eval_Ent_Recall": 76.74210171331298, "unseen_Eval_Ent_F1": 45.08952080171419, "unseen_Eval_Time": 121.96393895149231, "unseen_Eval_Examples": 5000, "unseen_Eval_Examples_Per_Second": 40.99572417047475}}