{"test_metrics": {"seen__f1": 0.0, "seen__pr": 0.0, "seen__rec": 0.0, "seen__ner_f1": 0.42559999227523804, "seen__ner_pr": 0.28663793206214905, "seen__ner_rec": 0.8260869383811951, "seen__macro_f1": 0.0, "seen__macro_pr": 0.0, "seen__macro_rec": 0.0, "seen__macro_ner_f1": 0.3695323169231415, "seen__macro_ner_pr": 0.2762400805950165, "seen__macro_ner_rec": 0.7651479244232178, "seen__samples_per_s": 219.24863595570008, "seen__samples_total_num": 243, "seen__samples_total_s": 1.1083307266235352, "seen__task_pr": 0.13178294897079468, "seen__task_rec": 0.739130437374115, "seen__task_f1": 0.22368420660495758, "seen__method_pr": 0.12021858245134354, "seen__method_rec": 0.8148148059844971, "seen__method_f1": 0.20952381193637848, "seen__material_pr": 0.20000000298023224, "seen__material_rec": 0.6818181872367859, "seen__material_f1": 0.30927836894989014, "seen__otherscientificterm_pr": 0.12371134012937546, "seen__otherscientificterm_rec": 0.7346938848495483, "seen__otherscientificterm_f1": 0.21176470816135406, "seen__metric_pr": 0.3142857253551483, "seen__metric_rec": 0.7333333492279053, "seen__metric_f1": 0.4399999976158142, "seen__generic_pr": 0.7674418687820435, "seen__generic_rec": 0.8870967626571655, "seen__generic_f1": 0.8229426145553589, "unseen__f1": 0.0, "unseen__pr": 0.0, "unseen__rec": 0.0, "unseen__ner_f1": 0.5486443638801575, "unseen__ner_pr": 0.48206278681755066, "unseen__ner_rec": 0.6365655064582825, "unseen__macro_f1": 0.0, "unseen__macro_pr": 0.0, "unseen__macro_rec": 0.0, "unseen__macro_ner_f1": 0.5002420544624329, "unseen__macro_ner_pr": 0.45779988169670105, "unseen__macro_ner_rec": 0.5840623378753662, "unseen__samples_per_s": 352.55934452225034, "unseen__samples_total_num": 511, "unseen__samples_total_s": 1.4494013786315918, "unseen__task_pr": 0.532608687877655, "unseen__task_rec": 0.6150627732276917, "unseen__task_f1": 0.5708737969398499, "unseen__method_pr": 0.6876513361930847, "unseen__method_rec": 0.713567852973938, "unseen__method_f1": 0.7003699541091919, "unseen__material_pr": 0.5290322303771973, "unseen__material_rec": 0.6029411554336548, "unseen__material_f1": 0.5635738372802734, "unseen__otherscientificterm_pr": 0.4867986738681793, "unseen__otherscientificterm_rec": 0.6303418874740601, "unseen__otherscientificterm_f1": 0.5493482351303101, "unseen__metric_pr": 0.4305555522441864, "unseen__metric_rec": 0.5535714030265808, "unseen__metric_f1": 0.484375, "unseen__generic_pr": 0.08015266805887222, "unseen__generic_rec": 0.3888888955116272, "unseen__generic_f1": 0.13291138410568237}, "test_metrics_bounds": {"seen__f1": 0.0, "seen__pr": 0.0, "seen__rec": 0.0, "seen__ner_f1": 0.44035232067108154, "seen__ner_pr": 0.29665589332580566, "seen__ner_rec": 0.8540372848510742, "seen__macro_f1": 0.0, "seen__macro_pr": 0.0, "seen__macro_rec": 0.0, "seen__macro_ner_f1": 0.44035232067108154, "seen__macro_ner_pr": 0.29665589332580566, "seen__macro_ner_rec": 0.8540372848510742, "seen__samples_per_s": 219.24863595570008, "seen__samples_total_num": 243, "seen__samples_total_s": 1.1083307266235352, "unseen__f1": 0.0, "unseen__pr": 0.0, "unseen__rec": 0.0, "unseen__ner_f1": 0.694958508014679, "unseen__ner_pr": 0.6107683777809143, "unseen__ner_rec": 0.806069552898407, "unseen__macro_f1": 0.0, "unseen__macro_pr": 0.0, "unseen__macro_rec": 0.0, "unseen__macro_ner_f1": 0.694958508014679, "unseen__macro_ner_pr": 0.6107683777809143, "unseen__macro_ner_rec": 0.806069552898407, "unseen__samples_per_s": 352.55934452225034, "unseen__samples_total_num": 511, "unseen__samples_total_s": 1.4494013786315918}}