{"test_metrics": {"f1": 0.0, "pr": 0.0, "rec": 0.0, "ner_f1": 0.6449026465415955, "ner_pr": 0.6190214157104492, "ner_rec": 0.6730424165725708, "macro_f1": 0.0, "macro_pr": 0.0, "macro_rec": 0.0, "macro_ner_f1": 0.6387571692466736, "macro_ner_pr": 0.6196549534797668, "macro_ner_rec": 0.6611099243164062, "samples_per_s": 138.69141707678537, "samples_total_num": 529, "samples_total_s": 3.814223051071167, "task_pr": 0.5878136157989502, "task_rec": 0.6259542107582092, "task_f1": 0.6062847375869751, "method_pr": 0.739130437374115, "method_rec": 0.7200000286102295, "method_f1": 0.7294397950172424, "material_pr": 0.6217948794364929, "material_rec": 0.6139240264892578, "material_f1": 0.6178343892097473, "otherscientificterm_pr": 0.5373376607894897, "otherscientificterm_rec": 0.6402320861816406, "otherscientificterm_f1": 0.5842894911766052, "metric_pr": 0.5675675868988037, "metric_rec": 0.591549277305603, "metric_f1": 0.5793103575706482, "generic_pr": 0.6642857193946838, "generic_rec": 0.7749999761581421, "generic_f1": 0.7153845429420471}, "test_metrics_bounds": {"f1": 0.0, "pr": 0.0, "rec": 0.0, "ner_f1": 0.7814379930496216, "ner_pr": 0.7502750158309937, "ner_rec": 0.8153018355369568, "macro_f1": 0.0, "macro_pr": 0.0, "macro_rec": 0.0, "macro_ner_f1": 0.7814379930496216, "macro_ner_pr": 0.7502750158309937, "macro_ner_rec": 0.8153018355369568, "samples_per_s": 138.69141707678537, "samples_total_num": 529, "samples_total_s": 3.814223051071167}, "metrics": {"f1": [0.0, 0.0, 0.0, 0.0, 0.0, 0.0, 0.0, 0.0, 0.0, 0.0, 0.0, 0.0, 0.0, 0.0, 0.0, 0.0, 0.0, 0.0, 0.0, 0.0, 0.0, 0.0, 0.0, 0.0, 0.0], "pr": [0.0, 0.0, 0.0, 0.0, 0.0, 0.0, 0.0, 0.0, 0.0, 0.0, 0.0, 0.0, 0.0, 0.0, 0.0, 0.0, 0.0, 0.0, 0.0, 0.0, 0.0, 0.0, 0.0, 0.0, 0.0], "rec": [0.0, 0.0, 0.0, 0.0, 0.0, 0.0, 0.0, 0.0, 0.0, 0.0, 0.0, 0.0, 0.0, 0.0, 0.0, 0.0, 0.0, 0.0, 0.0, 0.0, 0.0, 0.0, 0.0, 0.0, 0.0], "ner_f1": [0.36054423451423645, 0.51106196641922, 0.5982142686843872, 0.6326034069061279, 0.6221111416816711, 0.6285714507102966, 0.6366366147994995, 0.6507836580276489, 0.6400938034057617, 0.6468807458877563, 0.655562162399292, 0.6483323574066162, 0.662235677242279, 0.6670680046081543, 0.663088858127594, 0.6616191267967224, 0.6619635224342346, 0.6722891926765442, 0.6615293622016907, 0.6646777987480164, 0.6698280572891235, 0.6770707964897156, 0.6710448265075684, 0.6694660782814026, 0.6674626469612122], "ner_pr": [0.394345223903656, 0.4574257433414459, 0.5392354130744934, 0.6146572232246399, 0.6201743483543396, 0.5986394286155701, 0.6113033294677734, 0.6511919498443604, 0.6013215780258179, 0.6260257959365845, 0.6240090727806091, 0.6081229448318481, 0.6394398808479309, 0.6419466733932495, 0.6325369477272034, 0.6180630922317505, 0.6234772801399231, 0.6473317742347717, 0.6276715397834778, 0.6343963742256165, 0.635545551776886, 0.6497696042060852, 0.6408209800720215, 0.6421173810958862, 0.637400209903717], "ner_rec": [0.332080215215683, 0.5789473652839661, 0.6716791987419128, 0.6516290903091431, 0.6240601539611816, 0.6616541147232056, 0.664160430431366, 0.6503759622573853, 0.6842105388641357, 0.6691729426383972, 0.6904761791229248, 0.6942355632781982, 0.6867167949676514, 0.6942355632781982, 0.6967418789863586, 0.7117794752120972, 0.7055137753486633, 0.6992481350898743, 0.6992481350898743, 0.6979950070381165, 0.708020031452179, 0.7067669034004211, 0.7042606472969055, 0.6992481350898743, 0.7005012631416321], "macro_f1": [0.0, 0.0, 0.0, 0.0, 0.0, 0.0, 0.0, 0.0, 0.0, 0.0, 0.0, 0.0, 0.0, 0.0, 0.0, 0.0, 0.0, 0.0, 0.0, 0.0, 0.0, 0.0, 0.0, 0.0, 0.0], "macro_pr": [0.0, 0.0, 0.0, 0.0, 0.0, 0.0, 0.0, 0.0, 0.0, 0.0, 0.0, 0.0, 0.0, 0.0, 0.0, 0.0, 0.0, 0.0, 0.0, 0.0, 0.0, 0.0, 0.0, 0.0, 0.0], "macro_rec": [0.0, 0.0, 0.0, 0.0, 0.0, 0.0, 0.0, 0.0, 0.0, 0.0, 0.0, 0.0, 0.0, 0.0, 0.0, 0.0, 0.0, 0.0, 0.0, 0.0, 0.0, 0.0, 0.0, 0.0, 0.0], "macro_ner_f1": [0.22626185417175293, 0.46290358901023865, 0.5660869479179382, 0.5949039459228516, 0.5861577987670898, 0.5984101891517639, 0.6116021275520325, 0.5920476913452148, 0.6149594187736511, 0.6072352528572083, 0.6310113668441772, 0.6211448311805725, 0.625624418258667, 0.631320059299469, 0.6234880089759827, 0.6279767751693726, 0.6183547973632812, 0.6324836611747742, 0.6276218891143799, 0.6320944428443909, 0.6398561596870422, 0.6457300782203674, 0.6395010948181152, 0.634219765663147, 0.6365549564361572], "macro_ner_pr": [0.21191172301769257, 0.4483124911785126, 0.5392205715179443, 0.6413887143135071, 0.6357979774475098, 0.5989603400230408, 0.6119443774223328, 0.6221745014190674, 0.5912527441978455, 0.6148590445518494, 0.6237695813179016, 0.5980732440948486, 0.6093502044677734, 0.6239778399467468, 0.6326198577880859, 0.605180561542511, 0.6074274182319641, 0.6254208087921143, 0.596747100353241, 0.6088093519210815, 0.6143020987510681, 0.6368078589439392, 0.6232597231864929, 0.6260009407997131, 0.6275272965431213], "macro_ner_rec": [0.24697887897491455, 0.5101487040519714, 0.6094780564308167, 0.589110791683197, 0.5635943412780762, 0.6277815699577332, 0.6221374869346619, 0.5878409147262573, 0.6457276940345764, 0.6099660992622375, 0.6501322388648987, 0.658565104007721, 0.6478847861289978, 0.6442359685897827, 0.6292592883110046, 0.664483368396759, 0.6431617140769958, 0.6475380659103394, 0.6626684665679932, 0.6587013602256775, 0.6694381833076477, 0.6599401831626892, 0.6602470874786377, 0.6478740572929382, 0.6517682671546936], "samples_per_s": [135.03247657001458, 174.9793438124421, 165.05285080118477, 170.68680793225113, 160.98693231138063, 155.8387033988964, 157.84547653593054, 165.73811980111165, 146.1402742564833, 161.1846428377698, 164.13463350377148, 152.73452919370462, 160.56184622433742, 153.77958953905284, 152.00668176531525, 170.45813438431455, 146.14822588800752, 159.69173370649244, 184.36251749765006, 171.01969240516453, 153.64157855970262, 164.58972896521882, 155.78545210705965, 171.44172505880874, 173.39250464558188], "samples_total_num": [260, 260, 260, 260, 260, 260, 260, 260, 260, 260, 260, 260, 260, 260, 260, 260, 260, 260, 260, 260, 260, 260, 260, 260, 260], "samples_total_s": [1.9254627227783203, 1.4858896732330322, 1.5752530097961426, 1.5232577323913574, 1.6150379180908203, 1.6683917045593262, 1.6471805572509766, 1.568739891052246, 1.7791125774383545, 1.6130568981170654, 1.5840654373168945, 1.7023000717163086, 1.6193137168884277, 1.6907315254211426, 1.7104511260986328, 1.525301218032837, 1.7790157794952393, 1.6281368732452393, 1.4102649688720703, 1.5202927589416504, 1.6922502517700195, 1.5796854496002197, 1.668962001800537, 1.5165503025054932, 1.499488115310669], "task_pr": [0.0, 0.5, 0.5966386795043945, 0.572519063949585, 0.6315789222717285, 0.6391752362251282, 0.6181818246841431, 0.6407766938209534, 0.5447761416435242, 0.5234899520874023, 0.6000000238418579, 0.6213592290878296, 0.6407766938209534, 0.6101694703102112, 0.6272727251052856, 0.6173912882804871, 0.5474452376365662, 0.5514705777168274, 0.5639097690582275, 0.6048387289047241, 0.5859375, 0.6218487620353699, 0.5967742204666138, 0.5967742204666138, 0.5934959053993225], "task_rec": [0.0, 0.5158730149269104, 0.5634920597076416, 0.5952380895614624, 0.4761904776096344, 0.4920634925365448, 0.5396825671195984, 0.523809552192688, 0.579365074634552, 0.6190476417541504, 0.5714285969734192, 0.5079365372657776, 0.523809552192688, 0.5714285969734192, 0.5476190447807312, 0.5634920597076416, 0.5952380895614624, 0.5952380895614624, 0.5952380895614624, 0.5952380895614624, 0.5952380895614624, 0.5873016119003296, 0.5873016119003296, 0.5873016119003296, 0.579365074634552], "task_f1": [0.0, 0.5078125, 0.5795918703079224, 0.5836575627326965, 0.5429864525794983, 0.5560538172721863, 0.5762712359428406, 0.5764192342758179, 0.5615384578704834, 0.5672727227210999, 0.585365891456604, 0.5589519739151001, 0.5764192342758179, 0.5901639461517334, 0.5847457647323608, 0.5892115831375122, 0.5703422427177429, 0.5725190043449402, 0.5791505575180054, 0.6000000238418579, 0.5905511975288391, 0.6040816903114319, 0.5920000076293945, 0.5920000076293945, 0.586345374584198],