{"test_metrics": {"unseen_ner_prec_micro": 38.8, "unseen_ner_rec_micro": 57.997010463378174, "unseen_ner_f1_micro": 46.49490713001798, "unseen_ner_prec_macro": 38.98429308195042, "unseen_ner_rec_macro": 53.85304409760931, "unseen_ner_f1_macro": 44.09684056784143, "unseen_loc_prec_micro": 45.464025026068825, "unseen_loc_rec_micro": 65.17189835575485, "unseen_loc_f1_micro": 53.56265356265356, "unseen_loc_prec_macro": 45.464025026068825, "unseen_loc_rec_macro": 65.17189835575485, "unseen_loc_f1_macro": 53.56265356265356, "unseen_cls_prec_micro": 85.65121412803532, "unseen_cls_rec_micro": 57.997010463378174, "unseen_cls_f1_micro": 69.16221033868094, "unseen_cls_prec_macro": 82.86009957786902, "unseen_cls_rec_macro": 53.85304409760931, "unseen_cls_f1_macro": 64.15848151804806, "unseen_epoch": 0.0, "unseen_iteration": 0.0, "unseen_global_iteration": 0.0, "seen_ner_prec_micro": 31.683168316831683, "seen_ner_rec_micro": 78.04878048780488, "seen_ner_f1_micro": 45.07042253521127, "seen_ner_prec_macro": 28.06989964678855, "seen_ner_rec_macro": 72.07273496040742, "seen_ner_f1_macro": 40.15108717751514, "seen_loc_prec_micro": 35.8841778697001, "seen_loc_rec_micro": 84.6341463414634, "seen_loc_f1_micro": 50.39941902687001, "seen_loc_prec_macro": 35.8841778697001, "seen_loc_rec_macro": 84.6341463414634, "seen_loc_f1_macro": 50.39941902687001, "seen_cls_prec_micro": 87.91208791208791, "seen_cls_rec_micro": 78.04878048780488, "seen_cls_f1_micro": 82.68733850129199, "seen_cls_prec_macro": 81.72954066091836, "seen_cls_rec_macro": 72.07273496040742, "seen_cls_f1_macro": 76.2404814320257, "seen_epoch": 0.0, "seen_iteration": 0.0, "seen_global_iteration": 0.0, "ner_prec_micro": 70.74626865671641, "ner_rec_micro": 65.89434661723818, "ner_f1_micro": 68.2341650671785, "ner_prec_macro": 67.45039975945424, "ner_rec_macro": 60.38534263659855, "ner_f1_macro": 62.94418493046583, "loc_prec_micro": 81.4968814968815, "loc_rec_micro": 72.65987025023169, "loc_f1_micro": 76.82508574228319, "loc_prec_macro": 81.4968814968815, "loc_rec_macro": 72.65987025023169, "loc_f1_macro": 76.82508574228319, "cls_prec_micro": 86.4963503649635, "cls_rec_micro": 65.89434661723818, "cls_f1_micro": 74.80273540241978, "cls_prec_macro": 82.58837755144992, "cls_rec_macro": 60.38534263659855, "cls_f1_macro": 68.94449676780177, "epoch": 0.0, "iteration": 0.0, "global_iteration": 0.0}}