{"test_metrics": {"unseen_ner_prec_micro": 55.705394190871374, "unseen_ner_rec_micro": 57.31056563500534, "unseen_ner_f1_micro": 56.49658074697528, "unseen_ner_prec_macro": 50.12135761722782, "unseen_ner_rec_macro": 52.03028009586595, "unseen_ner_f1_macro": 50.973555148130814, "unseen_loc_prec_micro": 66.22369878183831, "unseen_loc_rec_micro": 63.82070437566703, "unseen_loc_f1_micro": 65.0, "unseen_loc_prec_macro": 66.22369878183831, "unseen_loc_rec_macro": 63.82070437566703, "unseen_loc_f1_macro": 65.0, "unseen_cls_prec_micro": 82.9984544049459, "unseen_cls_rec_micro": 57.31056563500534, "unseen_cls_f1_micro": 67.8030303030303, "unseen_cls_prec_macro": 75.42057757628508, "unseen_cls_rec_macro": 52.03028009586595, "unseen_cls_f1_macro": 61.48132209856254, "unseen_epoch": 0.0, "unseen_iteration": 0.0, "unseen_global_iteration": 0.0, "seen_ner_prec_micro": 9.213250517598343, "seen_ner_rec_micro": 62.676056338028175, "seen_ner_f1_micro": 16.064981949458485, "seen_ner_prec_macro": 8.991837633278255, "seen_ner_rec_macro": 61.90893901420217, "seen_ner_f1_macro": 15.6888094330573, "seen_loc_prec_micro": 10.434782608695652, "seen_loc_rec_micro": 67.6056338028169, "seen_loc_f1_micro": 18.07909604519774, "seen_loc_prec_macro": 10.434782608695652, "seen_loc_rec_macro": 67.6056338028169, "seen_loc_f1_macro": 18.07909604519774, "seen_cls_prec_micro": 89.8989898989899, "seen_cls_rec_micro": 62.676056338028175, "seen_cls_f1_micro": 73.85892116182573, "seen_cls_prec_macro": 90.72340629800308, "seen_cls_rec_macro": 61.90893901420217, "seen_cls_f1_macro": 72.55058742127709, "seen_epoch": 0.0, "seen_iteration": 0.0, "seen_global_iteration": 0.0, "ner_prec_micro": 65.40084388185655, "ner_rec_micro": 57.46061167747914, "ner_f1_micro": 61.17414898865319, "ner_prec_macro": 59.70658970658971, "ner_rec_macro": 52.8184776431936, "ner_f1_macro": 55.97012401571304, "loc_prec_micro": 76.94877505567929, "loc_rec_micro": 64.04077849860982, "loc_f1_micro": 69.90389479008599, "loc_prec_macro": 76.94877505567929, "loc_rec_macro": 64.04077849860982, "loc_f1_macro": 69.90389479008599, "cls_prec_micro": 84.46866485013625, "cls_rec_micro": 57.46061167747914, "cls_f1_micro": 68.39492553778268, "cls_prec_macro": 77.96004057838492, "cls_rec_macro": 52.8184776431936, "cls_f1_macro": 62.78725169421679, "epoch": 0.0, "iteration": 0.0, "global_iteration": 0.0}}