{"test_metrics": {"unseen__f1": 0.0, "unseen__pr": 0.0, "unseen__rec": 0.0, "unseen__ner_f1": 0.2612571120262146, "unseen__ner_pr": 0.156855508685112, "unseen__ner_rec": 0.78125, "unseen__macro_f1": 0.0, "unseen__macro_pr": 0.0, "unseen__macro_rec": 0.0, "unseen__macro_ner_f1": 0.24688409268856049, "unseen__macro_ner_pr": 0.15528512001037598, "unseen__macro_ner_rec": 0.6440708041191101, "unseen__samples_per_s": 478.15980681245895, "unseen__samples_total_num": 2050, "unseen__samples_total_s": 4.287269592285156, "unseen__per_pr": 0.1548672616481781, "unseen__per_rec": 0.8817829489707947, "unseen__per_f1": 0.2634626626968384, "unseen__org_pr": 0.21990172564983368, "unseen__org_rec": 0.7075098752975464, "unseen__org_f1": 0.3355201482772827, "unseen__wea_pr": 0.04301075264811516, "unseen__wea_rec": 0.1599999964237213, "unseen__wea_f1": 0.06779661029577255, "unseen__gpe_pr": 0.10901883244514465, "unseen__gpe_rec": 0.7913669347763062, "unseen__gpe_f1": 0.19163765013217926, "unseen__veh_pr": 0.23853211104869843, "unseen__veh_rec": 0.7222222089767456, "unseen__veh_f1": 0.35862067341804504, "unseen__fac_pr": 0.17880794405937195, "unseen__fac_rec": 0.6666666865348816, "unseen__fac_f1": 0.2819843292236328, "unseen__loc_pr": 0.1428571492433548, "unseen__loc_rec": 0.5789473652839661, "unseen__loc_f1": 0.2291666865348816, "seen__f1": 0.0, "seen__pr": 0.0, "seen__rec": 0.0, "seen__ner_f1": 0.8065159916877747, "seen__ner_pr": 0.7080641984939575, "seen__ner_rec": 0.936767578125, "seen__macro_f1": 0.0, "seen__macro_pr": 0.0, "seen__macro_rec": 0.0, "seen__macro_ner_f1": 0.7700666189193726, "seen__macro_ner_pr": 0.6662188172340393, "seen__macro_ner_rec": 0.9204142689704895, "seen__samples_per_s": 520.0107215672841, "seen__samples_total_num": 2050, "seen__samples_total_s": 3.9422264099121094, "seen__per_pr": 0.7443839311599731, "seen__per_rec": 0.9694148898124695, "seen__per_f1": 0.8421255350112915, "seen__org_pr": 0.5687960982322693, "seen__org_rec": 0.8312388062477112, "seen__org_f1": 0.6754193902015686, "seen__wea_pr": 0.7956989407539368, "seen__wea_rec": 0.925000011920929, "seen__wea_f1": 0.8554913401603699, "seen__gpe_pr": 0.7690783143043518, "seen__gpe_rec": 0.9238095283508301, "seen__gpe_f1": 0.8393726944923401, "seen__veh_pr": 0.6146789193153381, "seen__veh_rec": 0.9436619877815247, "seen__veh_f1": 0.7444444894790649, "seen__fac_pr": 0.6059602499008179, "seen__fac_rec": 0.9242424368858337, "seen__fac_f1": 0.7320000529289246, "seen__loc_pr": 0.5649350881576538, "seen__loc_rec": 0.9255319237709045, "seen__loc_f1": 0.7016128897666931}, "test_metrics_bounds": {"unseen__f1": 0.0, "unseen__pr": 0.0, "unseen__rec": 0.0, "unseen__ner_f1": 0.2892307639122009, "unseen__ner_pr": 0.1736880987882614, "unseen__ner_rec": 0.8639705777168274, "unseen__macro_f1": 0.0, "unseen__macro_pr": 0.0, "unseen__macro_rec": 0.0, "unseen__macro_ner_f1": 0.2892307639122009, "unseen__macro_ner_pr": 0.1736880987882614, "unseen__macro_ner_rec": 0.8639705777168274, "unseen__samples_per_s": 478.15980681245895, "unseen__samples_total_num": 2050, "unseen__samples_total_s": 4.287269592285156, "seen__f1": 0.0, "seen__pr": 0.0, "seen__rec": 0.0, "seen__ner_f1": 0.8447532057762146, "seen__ner_pr": 0.7415003776550293, "seen__ner_rec": 0.9814135432243347, "seen__macro_f1": 0.0, "seen__macro_pr": 0.0, "seen__macro_rec": 0.0, "seen__macro_ner_f1": 0.8447532057762146, "seen__macro_ner_pr": 0.7415003776550293, "seen__macro_ner_rec": 0.9814135432243347, "seen__samples_per_s": 520.0107215672841, "seen__samples_total_num": 2050, "seen__samples_total_s": 3.9422264099121094}}