{"test_metrics": {"f1": 0.0, "pr": 0.0, "rec": 0.0, "ner_f1": 0.884089469909668, "ner_pr": 0.8649197220802307, "ner_rec": 0.9041280746459961, "macro_f1": 0.0, "macro_pr": 0.0, "macro_rec": 0.0, "macro_ner_f1": 0.8334921598434448, "macro_ner_pr": 0.8215039372444153, "macro_ner_rec": 0.8482765555381775, "samples_per_s": 260.1952171513465, "samples_total_num": 2050, "samples_total_s": 7.878699779510498, "per_pr": 0.8992511630058289, "per_rec": 0.9531024694442749, "per_f1": 0.9253940582275391, "org_pr": 0.7886977791786194, "org_rec": 0.7925925850868225, "org_f1": 0.7906403541564941, "wea_pr": 0.8387096524238586, "wea_rec": 0.7428571581840515, "wea_f1": 0.7878787517547607, "gpe_pr": 0.8780971169471741, "gpe_rec": 0.9050050973892212, "gpe_f1": 0.8913480639457703, "veh_pr": 0.853210985660553, "veh_rec": 0.8691588640213013, "veh_f1": 0.861111044883728, "fac_pr": 0.7847682237625122, "fac_rec": 0.8494623899459839, "fac_f1": 0.8158348202705383, "loc_pr": 0.7077922224998474, "loc_rec": 0.8257575631141663, "loc_f1": 0.7622377872467041}, "test_metrics_bounds": {"f1": 0.0, "pr": 0.0, "rec": 0.0, "ner_f1": 0.9353986382484436, "ner_pr": 0.9150037169456482, "ner_rec": 0.9567233324050903, "macro_f1": 0.0, "macro_pr": 0.0, "macro_rec": 0.0, "macro_ner_f1": 0.9353986382484436, "macro_ner_pr": 0.9150037169456482, "macro_ner_rec": 0.9567233324050903, "samples_per_s": 260.1952171513465, "samples_total_num": 2050, "samples_total_s": 7.878699779510498}, "metrics": {"f1": [0.0, 0.0, 0.0, 0.0, 0.0, 0.0, 0.0, 0.0, 0.0, 0.0, 0.0, 0.0, 0.0, 0.0, 0.0, 0.0, 0.0, 0.0, 0.0, 0.0, 0.0, 0.0, 0.0, 0.0, 0.0], "pr": [0.0, 0.0, 0.0, 0.0, 0.0, 0.0, 0.0, 0.0, 0.0, 0.0, 0.0, 0.0, 0.0, 0.0, 0.0, 0.0, 0.0, 0.0, 0.0, 0.0, 0.0, 0.0, 0.0, 0.0, 0.0], "rec": [0.0, 0.0, 0.0, 0.0, 0.0, 0.0, 0.0, 0.0, 0.0, 0.0, 0.0, 0.0, 0.0, 0.0, 0.0, 0.0, 0.0, 0.0, 0.0, 0.0, 0.0, 0.0, 0.0, 0.0, 0.0], "ner_f1": [0.8361078500747681, 0.8535944819450378, 0.8595226407051086, 0.8393025398254395, 0.850706934928894, 0.8612439632415771, 0.8539271354675293, 0.8630268573760986, 0.8659365773200989, 0.8539484739303589, 0.866233766078949, 0.8669018745422363, 0.8613046407699585, 0.8645932674407959, 0.8650611639022827, 0.8689977526664734, 0.8676256537437439, 0.8680538535118103, 0.871055543422699, 0.867882251739502, 0.8696205615997314, 0.8708930015563965, 0.8695303797721863, 0.8713362216949463, 0.8721311688423157], "ner_pr": [0.804966151714325, 0.8362190127372742, 0.8469065427780151, 0.811759352684021, 0.8360810279846191, 0.8450704216957092, 0.8444904088973999, 0.8476011157035828, 0.8517062664031982, 0.8278125524520874, 0.8648298382759094, 0.8551091551780701, 0.8392471671104431, 0.8483567833900452, 0.8408288359642029, 0.8612264394760132, 0.862467885017395, 0.8515563607215881, 0.8582702279090881, 0.8539502620697021, 0.8512692451477051, 0.8565812110900879, 0.857300877571106, 0.8562235236167908, 0.8580645322799683], "ner_rec": [0.8697561025619507, 0.8717073202133179, 0.8725203275680542, 0.8687804937362671, 0.8658536672592163, 0.8780487775802612, 0.8635772466659546, 0.8790243864059448, 0.8806504011154175, 0.8817886114120483, 0.8676422834396362, 0.8790243864059448, 0.8845528364181519, 0.8814634084701538, 0.890731692314148, 0.8769105672836304, 0.8728455305099487, 0.8852032423019409, 0.8842276334762573, 0.8822764158248901, 0.8887804746627808, 0.8856910467147827, 0.8821138143539429, 0.8869918584823608, 0.8866666555404663], "macro_f1": [0.0, 0.0, 0.0, 0.0, 0.0, 0.0, 0.0, 0.0, 0.0, 0.0, 0.0, 0.0, 0.0, 0.0, 0.0, 0.0, 0.0, 0.0, 0.0, 0.0, 0.0, 0.0, 0.0, 0.0, 0.0], "macro_pr": [0.0, 0.0, 0.0, 0.0, 0.0, 0.0, 0.0, 0.0, 0.0, 0.0, 0.0, 0.0, 0.0, 0.0, 0.0, 0.0, 0.0, 0.0, 0.0, 0.0, 0.0, 0.0, 0.0, 0.0, 0.0], "macro_rec": [0.0, 0.0, 0.0, 0.0, 0.0, 0.0, 0.0, 0.0, 0.0, 0.0, 0.0, 0.0, 0.0, 0.0, 0.0, 0.0, 0.0, 0.0, 0.0, 0.0, 0.0, 0.0, 0.0, 0.0, 0.0], "macro_ner_f1": [0.7259721755981445, 0.7753134965896606, 0.7712293267250061, 0.7605718374252319, 0.7830890417098999, 0.7821671366691589, 0.7953374981880188, 0.7899960875511169, 0.7963669896125793, 0.7865254282951355, 0.8000027537345886, 0.8042803406715393, 0.788914144039154, 0.8029881715774536, 0.7987183928489685, 0.8019800186157227, 0.8070406913757324, 0.7992226481437683, 0.8158454895019531, 0.8091134428977966, 0.8049057126045227, 0.8112626671791077, 0.8098337054252625, 0.8123120665550232, 0.8111205697059631], "macro_ner_pr": [0.6781489253044128, 0.7743653655052185, 0.7574952244758606, 0.7375036478042603, 0.7897693514823914, 0.7591609954833984, 0.7907816767692566, 0.7773817181587219, 0.7882083654403687, 0.7559007406234741, 0.8210670351982117, 0.8025508522987366, 0.7599682211875916, 0.7888208031654358, 0.7909809947013855, 0.7998719215393066, 0.8238304853439331, 0.7868360877037048, 0.8205852508544922, 0.8074713349342346, 0.7819992899894714, 0.811711847782135, 0.8140002489089966, 0.8061133027076721, 0.8061237931251526], "macro_ner_rec": [0.7881202697753906, 0.7891313433647156, 0.7899206280708313, 0.7910016775131226, 0.7912725806236267, 0.8076797127723694, 0.8033304214477539, 0.8094384074211121, 0.8101881742477417, 0.8267510533332825, 0.7834754586219788, 0.8076386451721191, 0.8261197209358215, 0.8246639370918274, 0.8171004056930542, 0.8043655753135681, 0.7943975329399109, 0.817692756652832, 0.8142434358596802, 0.8153502345085144, 0.8306276202201843, 0.8133979439735413, 0.8074755072593689, 0.8205961585044861, 0.8182171583175659], "samples_per_s": [241.65249271986744, 262.31677543191734, 256.737442321618, 253.71277459668713, 245.39792398251237, 237.27021347320212, 258.4351485924699, 258.32883931297596, 264.93842296288153, 259.1251319818794, 251.49874406921575, 258.55309021436324, 261.00278017339525, 262.4380363350281, 259.6601548012342, 265.5703861036642, 267.290445583455, 252.2583020419565, 259.20055412070457, 262.6240961104076, 257.18398891137423, 243.88061703992983, 258.6896381582301, 261.2828799176351, 260.0236055428887], "samples_total_num": [2420, 2420, 2420, 2420, 2420, 2420, 2420, 2420, 2420, 2420, 2420, 2420, 2420, 2420, 2420, 2420, 2420, 2420, 2420, 2420, 2420, 2420, 2420, 2420, 2420], "samples_total_s": [10.01438045501709, 9.225486993789673, 9.42597222328186, 9.538345098495483, 9.861534118652344, 10.199341773986816, 9.364051342010498, 9.367904901504517, 9.13419795036316, 9.339117288589478, 9.622314453125, 9.359779834747314, 9.271931886672974, 9.221224308013916, 9.319874286651611, 9.112461805343628, 9.053821563720703, 9.59334135055542, 9.336399793624878, 9.214691400527954, 9.409605979919434, 9.922887802124023, 9.354839324951172, 9.26199221611023, 9.306847333908081], "per_pr": [0.880391001701355, 0.889667272567749, 0.9015330076217651, 0.8755800724029541, 0.9169250130653381, 0.9025762677192688, 0.9147335290908813, 0.8987603187561035, 0.906082272529602, 0.8964201807975769, 0.9079661965370178, 0.9105910658836365, 0.9067949652671814, 0.9073185324668884, 0.9018332362174988, 0.9069697856903076, 0.9045618176460266, 0.8917271494865417, 0.9018968343734741, 0.9073243737220764, 0.9048751592636108, 0.8964609503746033, 0.8942615985870361, 0.9043090343475342, 0.9026626944541931], "per_rec": [0.9273167848587036, 0.9230769276618958, 0.9261053800582886, 0.9142943620681763, 0.8958207368850708, 0.9230769276618958, 0.8837068676948547, 0.9221683740615845, 0.9203513264656067, 0.9251968264579773, 0.9112659096717834, 0.9191399216651917, 0.913385808467865, 0.9161114692687988, 0.9236826300621033, 0.9182313680648804, 0.9127801060676575, 0.9303452372550964, 0.921562671661377, 0.9191399216651917, 0.9218655228614807, 0.9282253384590149, 0.9297395348548889, 0.921562671661377, 0.923985481262207],