{"test_metrics": {"Eval_Ent_Precision": 63.37662335925114, "Eval_Ent_Recall": 57.99168151159634, "Eval_Ent_F1": 60.56469126830321, "Eval_Time": 23.340928077697754, "Eval_Examples": 551, "Eval_Examples_Per_Second": 23.606602023956377, "seen_Eval_Ent_Precision": 6.493506485073369e-08, "seen_Eval_Ent_Recall": 50.0, "seen_Eval_Ent_F1": 1.2987012953280485e-07, "seen_Eval_Time": 22.91366195678711, "seen_Eval_Examples": 551, "seen_Eval_Examples_Per_Second": 24.046789249100875, "unseen_Eval_Ent_Precision": 63.37662335925114, "unseen_Eval_Ent_Recall": 57.99168151159634, "unseen_Eval_Ent_F1": 60.56469126830321, "unseen_Eval_Time": 19.072166681289673, "unseen_Eval_Examples": 551, "unseen_Eval_Examples_Per_Second": 28.890267645392715}}