{"test_metrics": {"unseen__f1": 0.0, "unseen__pr": 0.0, "unseen__rec": 0.0, "unseen__ner_f1": 0.5251039266586304, "unseen__ner_pr": 0.4464382827281952, "unseen__ner_rec": 0.6374223828315735, "unseen__macro_f1": 0.0, "unseen__macro_pr": 0.0, "unseen__macro_rec": 0.0, "unseen__macro_ner_f1": 0.47899261116981506, "unseen__macro_ner_pr": 0.4234795868396759, "unseen__macro_ner_rec": 0.5953815579414368, "unseen__samples_per_s": 266.69135159554725, "unseen__samples_total_num": 505, "unseen__samples_total_s": 1.8935747146606445, "unseen__task_pr": 0.5123674869537354, "unseen__task_rec": 0.6196581125259399, "unseen__task_f1": 0.5609284043312073, "unseen__method_pr": 0.669099748134613, "unseen__method_rec": 0.7069408893585205, "unseen__method_f1": 0.6874999403953552, "unseen__material_pr": 0.4054054021835327, "unseen__material_rec": 0.6048387289047241, "unseen__material_f1": 0.48543688654899597, "unseen__otherscientificterm_pr": 0.4724137783050537, "unseen__otherscientificterm_rec": 0.6227272748947144, "unseen__otherscientificterm_f1": 0.5372549295425415, "unseen__metric_pr": 0.41558441519737244, "unseen__metric_rec": 0.5925925970077515, "unseen__metric_f1": 0.4885496199131012, "unseen__generic_pr": 0.066006600856781, "unseen__generic_rec": 0.42553192377090454, "unseen__generic_f1": 0.11428571492433548, "seen__f1": 0.0, "seen__pr": 0.0, "seen__rec": 0.0, "seen__ner_f1": 0.43454790115356445, "seen__ner_pr": 0.2935278117656708, "seen__ner_rec": 0.8363636136054993, "seen__macro_f1": 0.0, "seen__macro_pr": 0.0, "seen__macro_rec": 0.0, "seen__macro_ner_f1": 0.3936934471130371, "seen__macro_ner_pr": 0.28416749835014343, "seen__macro_ner_rec": 0.8119866251945496, "seen__samples_per_s": 344.75569797653077, "seen__samples_total_num": 279, "seen__samples_total_s": 0.8092687129974365, "seen__task_pr": 0.13725490868091583, "seen__task_rec": 0.75, "seen__task_f1": 0.23204421997070312, "seen__method_pr": 0.13930347561836243, "seen__method_rec": 0.7777777910232544, "seen__method_f1": 0.23628690838813782, "seen__material_pr": 0.260869562625885, "seen__material_rec": 0.8823529481887817, "seen__material_f1": 0.4026845395565033, "seen__otherscientificterm_pr": 0.15315315127372742, "seen__otherscientificterm_rec": 0.6623376607894897, "seen__otherscientificterm_f1": 0.2487804889678955, "seen__metric_pr": 0.2830188572406769, "seen__metric_rec": 0.8823529481887817, "seen__metric_f1": 0.4285714328289032, "seen__generic_pr": 0.7314049601554871, "seen__generic_rec": 0.9170984625816345, "seen__generic_f1": 0.8137930631637573}, "test_metrics_bounds": {"unseen__f1": 0.0, "unseen__pr": 0.0, "unseen__rec": 0.0, "unseen__ner_f1": 0.6732863187789917, "unseen__ner_pr": 0.5730643272399902, "unseen__ner_rec": 0.8159937858581543, "unseen__macro_f1": 0.0, "unseen__macro_pr": 0.0, "unseen__macro_rec": 0.0, "unseen__macro_ner_f1": 0.6732863187789917, "unseen__macro_ner_pr": 0.5730643272399902, "unseen__macro_ner_rec": 0.8159937858581543, "unseen__samples_per_s": 266.69135159554725, "unseen__samples_total_num": 505, "unseen__samples_total_s": 1.8935747146606445, "seen__f1": 0.0, "seen__pr": 0.0, "seen__rec": 0.0, "seen__ner_f1": 0.45914924144744873, "seen__ner_pr": 0.3102189898490906, "seen__ner_rec": 0.8831169009208679, "seen__macro_f1": 0.0, "seen__macro_pr": 0.0, "seen__macro_rec": 0.0, "seen__macro_ner_f1": 0.45914924144744873, "seen__macro_ner_pr": 0.3102189898490906, "seen__macro_ner_rec": 0.8831169009208679, "seen__samples_per_s": 344.75569797653077, "seen__samples_total_num": 279, "seen__samples_total_s": 0.8092687129974365}}