{"test_metrics": {"Eval_Ent_Precision": 78.53602744404574, "Eval_Ent_Recall": 76.09197524682021, "Eval_Ent_F1": 77.29468598521746, "Eval_Time": 124.97671747207642, "Eval_Examples": 5000, "Eval_Examples_Per_Second": 40.0074517969089, "seen_Eval_Ent_Precision": 37.56195196577164, "seen_Eval_Ent_Recall": 77.27450979322569, "seen_Eval_Ent_F1": 50.55156490493802, "seen_Eval_Time": 124.0861382484436, "seen_Eval_Examples": 5000, "seen_Eval_Examples_Per_Second": 40.29458947291169, "unseen_Eval_Ent_Precision": 41.02173084425815, "unseen_Eval_Ent_Recall": 75.06103940528041, "unseen_Eval_Ent_F1": 53.05065943472188, "unseen_Eval_Time": 123.75633549690247, "unseen_Eval_Examples": 5000, "unseen_Eval_Examples_Per_Second": 40.40197198732623}}