{"test_metrics": {"unseen_ner_prec_micro": 17.688551275094955, "unseen_ner_rec_micro": 71.17903930131004, "unseen_ner_f1_micro": 28.335506301608, "unseen_ner_prec_macro": 26.555759264957462, "unseen_ner_rec_macro": 66.6004637071127, "unseen_ner_f1_macro": 35.53882602884493, "unseen_loc_prec_micro": 19.038443893935224, "unseen_loc_rec_micro": 75.509461426492, "unseen_loc_f1_micro": 30.40961383454239, "unseen_loc_prec_macro": 19.038443893935224, "unseen_loc_rec_macro": 75.509461426492, "unseen_loc_f1_macro": 30.40961383454239, "unseen_cls_prec_micro": 92.65750828991, "unseen_cls_rec_micro": 71.17903930131004, "unseen_cls_f1_micro": 80.5103930849969, "unseen_cls_prec_macro": 90.96469742585226, "unseen_cls_rec_macro": 66.6004637071127, "unseen_cls_f1_macro": 76.40031973464018, "unseen_epoch": 0.0, "unseen_iteration": 0.0, "unseen_global_iteration": 0.0, "seen_ner_prec_micro": 68.47589706415368, "seen_ner_rec_micro": 93.4347181008902, "seen_ner_f1_micro": 79.03158335076344, "seen_ner_prec_macro": 53.02714899172195, "seen_ner_rec_macro": 91.05505714348917, "seen_ner_f1_macro": 65.56565718697625, "seen_loc_prec_micro": 69.7097722263042, "seen_loc_rec_micro": 93.84272997032642, "seen_loc_f1_micro": 79.99578414839797, "seen_loc_prec_macro": 69.7097722263042, "seen_loc_rec_macro": 93.84272997032642, "seen_loc_f1_macro": 79.99578414839797, "seen_cls_prec_micro": 98.68111778532254, "seen_cls_rec_micro": 93.4347181008902, "seen_cls_f1_micro": 95.98628223040772, "seen_cls_prec_macro": 95.25505376267871, "seen_cls_rec_macro": 91.05505714348917, "seen_cls_f1_macro": 93.08422844069952, "seen_epoch": 0.0, "seen_iteration": 0.0, "seen_global_iteration": 0.0, "ner_prec_micro": 86.18283953973, "ner_rec_micro": 87.78146917681802, "ner_f1_micro": 86.97480912540576, "ner_prec_macro": 79.62317403702791, "ner_rec_macro": 79.1291233938766, "ner_f1_macro": 79.35455414019003, "loc_prec_micro": 88.82455656649205, "loc_rec_micro": 89.19342930970838, "loc_f1_micro": 89.00861076575954, "loc_prec_macro": 88.82455656649205, "loc_rec_macro": 89.19342930970838, "loc_f1_macro": 89.00861076575954, "cls_prec_micro": 97.35926305015352, "cls_rec_micro": 87.78146917681802, "cls_f1_micro": 92.32262447830728, "cls_prec_macro": 94.27734913874424, "cls_rec_macro": 79.1291233938766, "cls_f1_macro": 85.88172584507569, "epoch": 0.0, "iteration": 0.0, "global_iteration": 0.0}}