{"test_metrics": {"unseen_ner_prec_micro": 17.469101641763512, "unseen_ner_rec_micro": 74.74348855564325, "unseen_ner_f1_micro": 28.31937799043062, "unseen_ner_prec_macro": 17.21707025697143, "unseen_ner_rec_macro": 61.72336261497959, "unseen_ner_f1_macro": 26.524724445179988, "unseen_loc_prec_micro": 19.382600561272216, "unseen_loc_rec_micro": 81.76795580110497, "unseen_loc_f1_micro": 31.33696309739867, "unseen_loc_prec_macro": 19.382600561272216, "unseen_loc_rec_macro": 81.76795580110497, "unseen_loc_f1_macro": 31.33696309739867, "unseen_cls_prec_micro": 89.76303317535546, "unseen_cls_rec_micro": 74.74348855564325, "unseen_cls_f1_micro": 81.56761412575366, "unseen_cls_prec_macro": 85.15261905555059, "unseen_cls_rec_macro": 61.72336261497959, "unseen_cls_f1_macro": 70.56789943293553, "unseen_epoch": 0.0, "unseen_iteration": 0.0, "unseen_global_iteration": 0.0, "seen_ner_prec_micro": 70.02208317997791, "seen_ner_rec_micro": 90.4015205511998, "seen_ner_f1_micro": 78.91734937260189, "seen_ner_prec_macro": 64.36064684476409, "seen_ner_rec_macro": 88.05700149613828, "seen_ner_f1_macro": 74.1704225507731, "seen_loc_prec_micro": 74.6870913506445, "seen_loc_rec_micro": 94.98693276312665, "seen_loc_f1_micro": 83.6226730809454, "seen_loc_prec_macro": 74.6870913506445, "seen_loc_rec_macro": 94.98693276312665, "seen_loc_f1_macro": 83.6226730809454, "seen_cls_prec_micro": 93.90424481737412, "seen_cls_rec_micro": 90.4015205511998, "seen_cls_f1_micro": 92.11959811160877, "seen_cls_prec_macro": 91.86730916945385, "seen_cls_rec_macro": 88.05700149613828, "seen_cls_f1_macro": 89.91218507320833, "seen_epoch": 0.0, "seen_iteration": 0.0, "seen_global_iteration": 0.0, "ner_prec_micro": 87.48159057437408, "ner_rec_micro": 86.77867056245434, "ner_f1_micro": 87.12871287128714, "ner_prec_macro": 81.23968815522346, "ner_rec_macro": 80.23260564874867, "ner_f1_macro": 80.69525532257128, "loc_prec_micro": 94.06162464985994, "loc_rec_micro": 91.98319941563184, "loc_f1_micro": 93.01080232665495, "loc_prec_macro": 94.06162464985994, "loc_rec_macro": 91.98319941563184, "loc_f1_macro": 93.01080232665495, "cls_prec_micro": 93.06698002350176, "cls_rec_micro": 86.77867056245434, "cls_f1_micro": 89.81288981288982, "cls_prec_macro": 90.1135259036698, "cls_rec_macro": 80.23260564874867, "cls_f1_macro": 84.80553569116607, "epoch": 0.0, "iteration": 0.0, "global_iteration": 0.0}}