{"test_metrics": {"seen__f1": 0.0, "seen__pr": 0.0, "seen__rec": 0.0, "seen__ner_f1": 0.7962125539779663, "seen__ner_pr": 0.6981549859046936, "seen__ner_rec": 0.9263157844543457, "seen__macro_f1": 0.0, "seen__macro_pr": 0.0, "seen__macro_rec": 0.0, "seen__macro_ner_f1": 0.7496452927589417, "seen__macro_ner_pr": 0.642905056476593, "seen__macro_ner_rec": 0.9041696786880493, "seen__samples_per_s": 468.45085724973455, "seen__samples_total_num": 2050, "seen__samples_total_s": 4.376126050949097, "seen__per_pr": 0.7417469024658203, "seen__per_rec": 0.9586666822433472, "seen__per_f1": 0.8363707065582275, "seen__org_pr": 0.5528846383094788, "seen__org_rec": 0.845588207244873, "seen__org_f1": 0.6686046719551086, "seen__wea_pr": 0.6725663542747498, "seen__wea_rec": 0.949999988079071, "seen__wea_f1": 0.787564754486084, "seen__gpe_pr": 0.7526673078536987, "seen__gpe_rec": 0.918343186378479, "seen__gpe_f1": 0.8272920846939087, "seen__veh_pr": 0.6491228342056274, "seen__veh_rec": 0.9487179517745972, "seen__veh_f1": 0.7708333134651184, "seen__fac_pr": 0.5928853750228882, "seen__fac_rec": 0.7978723645210266, "seen__fac_f1": 0.680272102355957, "seen__loc_pr": 0.5384615659713745, "seen__loc_rec": 0.9100000262260437, "seen__loc_f1": 0.676580011844635, "unseen__f1": 0.0, "unseen__pr": 0.0, "unseen__rec": 0.0, "unseen__ner_f1": 0.2629237771034241, "unseen__ner_pr": 0.1581180840730667, "unseen__ner_rec": 0.7797998189926147, "unseen__macro_f1": 0.0, "unseen__macro_pr": 0.0, "unseen__macro_rec": 0.0, "unseen__macro_ner_f1": 0.23877687752246857, "unseen__macro_ner_pr": 0.1495835781097412, "unseen__macro_ner_rec": 0.6439160704612732, "unseen__samples_per_s": 515.5254195501499, "unseen__samples_total_num": 2050, "unseen__samples_total_s": 3.9765255451202393, "unseen__per_pr": 0.1605914682149887, "unseen__per_rec": 0.8946360349655151, "unseen__per_f1": 0.27230319380760193, "unseen__org_pr": 0.22836539149284363, "unseen__org_rec": 0.7142857313156128, "unseen__org_f1": 0.34608379006385803, "unseen__wea_pr": 0.08849557489156723, "unseen__wea_rec": 0.4000000059604645, "unseen__wea_f1": 0.14492753148078918, "unseen__gpe_pr": 0.09990300983190536, "unseen__gpe_rec": 0.7686567306518555, "unseen__gpe_f1": 0.17682404816150665, "unseen__veh_pr": 0.17543859779834747, "unseen__veh_rec": 0.6896551847457886, "unseen__veh_f1": 0.279720276594162, "unseen__fac_pr": 0.20553359389305115, "unseen__fac_rec": 0.5714285969734192, "unseen__fac_f1": 0.302325576543808, "unseen__loc_pr": 0.08875739574432373, "unseen__loc_rec": 0.46875, "unseen__loc_f1": 0.1492537260055542}, "test_metrics_bounds": {"seen__f1": 0.0, "seen__pr": 0.0, "seen__rec": 0.0, "seen__ner_f1": 0.8439574241638184, "seen__ner_pr": 0.7398854494094849, "seen__ner_rec": 0.9820990562438965, "seen__macro_f1": 0.0, "seen__macro_pr": 0.0, "seen__macro_rec": 0.0, "seen__macro_ner_f1": 0.8439574241638184, "seen__macro_ner_pr": 0.7398854494094849, "seen__macro_ner_rec": 0.9820990562438965, "seen__samples_per_s": 468.45085724973455, "seen__samples_total_num": 2050, "seen__samples_total_s": 4.376126050949097, "unseen__f1": 0.0, "unseen__pr": 0.0, "unseen__rec": 0.0, "unseen__ner_f1": 0.2945331633090973, "unseen__ner_pr": 0.17716607451438904, "unseen__ner_rec": 0.8726114630699158, "unseen__macro_f1": 0.0, "unseen__macro_pr": 0.0, "unseen__macro_rec": 0.0, "unseen__macro_ner_f1": 0.2945331633090973, "unseen__macro_ner_pr": 0.17716607451438904, "unseen__macro_ner_rec": 0.8726114630699158, "unseen__samples_per_s": 515.5254195501499, "unseen__samples_total_num": 2050, "unseen__samples_total_s": 3.9765255451202393}}