{"test_metrics": {"unseen__f1": 0.0, "unseen__pr": 0.0, "unseen__rec": 0.0, "unseen__ner_f1": 0.6536347270011902, "unseen__ner_pr": 0.5414980053901672, "unseen__ner_rec": 0.8243451714515686, "unseen__macro_f1": 0.0, "unseen__macro_pr": 0.0, "unseen__macro_rec": 0.0, "unseen__macro_ner_f1": 0.6401370763778687, "unseen__macro_ner_pr": 0.5445002317428589, "unseen__macro_ner_rec": 0.7902412414550781, "unseen__samples_per_s": 299.19714167132827, "unseen__samples_total_num": 253, "unseen__samples_total_s": 0.8455963134765625, "unseen__loc_pr": 0.4685138463973999, "unseen__loc_rec": 0.853210985660553, "unseen__loc_f1": 0.6048780083656311, "unseen__org_pr": 0.5526315569877625, "unseen__org_rec": 0.8015267252922058, "unseen__org_f1": 0.6542056202888489, "unseen__peop_pr": 0.6480836272239685, "unseen__peop_rec": 0.9538461565971375, "unseen__peop_f1": 0.7717841863632202, "unseen__other_pr": 0.5087719559669495, "unseen__other_rec": 0.5523809790611267, "unseen__other_f1": 0.5296804308891296, "seen__f1": 0.0, "seen__pr": 0.0, "seen__rec": 0.0, "seen__ner_f1": 0.6357723474502563, "seen__ner_pr": 0.47682926058769226, "seen__ner_rec": 0.9536585211753845, "seen__macro_f1": 0.0, "seen__macro_pr": 0.0, "seen__macro_rec": 0.0, "seen__macro_ner_f1": 0.5726251602172852, "seen__macro_ner_pr": 0.4239935278892517, "seen__macro_ner_rec": 0.9151603579521179, "seen__samples_per_s": 531.6559067695858, "seen__samples_total_num": 211, "seen__samples_total_s": 0.39687323570251465, "seen__loc_pr": 0.581818163394928, "seen__loc_rec": 0.9795918464660645, "seen__loc_f1": 0.730038046836853, "seen__org_pr": 0.41605839133262634, "seen__org_rec": 0.890625, "seen__org_f1": 0.5671641826629639, "seen__peop_pr": 0.4615384638309479, "seen__peop_rec": 0.9756097793579102, "seen__peop_f1": 0.6266318559646606, "seen__other_pr": 0.23655913770198822, "seen__other_rec": 0.8148148059844971, "seen__other_f1": 0.36666664481163025}, "test_metrics_bounds": {"unseen__f1": 0.0, "unseen__pr": 0.0, "unseen__rec": 0.0, "unseen__ner_f1": 0.6792913675308228, "unseen__ner_pr": 0.5627530217170715, "unseen__ner_rec": 0.8567026257514954, "unseen__macro_f1": 0.0, "unseen__macro_pr": 0.0, "unseen__macro_rec": 0.0, "unseen__macro_ner_f1": 0.6792913675308228, "unseen__macro_ner_pr": 0.5627530217170715, "unseen__macro_ner_rec": 0.8567026257514954, "unseen__samples_per_s": 299.19714167132827, "unseen__samples_total_num": 253, "unseen__samples_total_s": 0.8455963134765625, "seen__f1": 0.0, "seen__pr": 0.0, "seen__rec": 0.0, "seen__ner_f1": 0.6390243768692017, "seen__ner_pr": 0.47926828265190125, "seen__ner_rec": 0.9585365653038025, "seen__macro_f1": 0.0, "seen__macro_pr": 0.0, "seen__macro_rec": 0.0, "seen__macro_ner_f1": 0.6390243768692017, "seen__macro_ner_pr": 0.47926828265190125, "seen__macro_ner_rec": 0.9585365653038025, "seen__samples_per_s": 531.6559067695858, "seen__samples_total_num": 211, "seen__samples_total_s": 0.39687323570251465}}