{"test_metrics": {"f1": 0.0, "pr": 0.0, "rec": 0.0, "ner_f1": 0.8615528345108032, "ner_pr": 0.8535681366920471, "ner_rec": 0.8696883916854858, "macro_f1": 0.0, "macro_pr": 0.0, "macro_rec": 0.0, "macro_ner_f1": 0.816871166229248, "macro_ner_pr": 0.8188426494598389, "macro_ner_rec": 0.819671094417572, "samples_per_s": 163.00696824145487, "samples_total_num": 288, "samples_total_s": 1.7667956352233887, "loc_pr": 0.886310875415802, "loc_rec": 0.9227052927017212, "loc_f1": 0.9041419625282288, "org_pr": 0.7260273694992065, "org_rec": 0.8153846263885498, "org_f1": 0.7681159377098083, "peop_pr": 0.940809965133667, "peop_rec": 0.9496855139732361, "peop_f1": 0.9452268481254578, "other_pr": 0.7222222089767456, "other_rec": 0.5909090638160706, "other_f1": 0.6499999165534973}, "test_metrics_bounds": {"f1": 0.0, "pr": 0.0, "rec": 0.0, "ner_f1": 0.8857678174972534, "ner_pr": 0.8783658146858215, "ner_rec": 0.8932955861091614, "macro_f1": 0.0, "macro_pr": 0.0, "macro_rec": 0.0, "macro_ner_f1": 0.8857678174972534, "macro_ner_pr": 0.8783658146858215, "macro_ner_rec": 0.8932955861091614, "samples_per_s": 163.00696824145487, "samples_total_num": 288, "samples_total_s": 1.7667956352233887}, "metrics": {"f1": [0.0, 0.0, 0.0, 0.0, 0.0, 0.0, 0.0, 0.0, 0.0, 0.0, 0.0, 0.0, 0.0, 0.0, 0.0, 0.0, 0.0, 0.0, 0.0, 0.0, 0.0, 0.0, 0.0, 0.0, 0.0, 0.0, 0.0, 0.0, 0.0, 0.0, 0.0, 0.0, 0.0, 0.0], "pr": [0.0, 0.0, 0.0, 0.0, 0.0, 0.0, 0.0, 0.0, 0.0, 0.0, 0.0, 0.0, 0.0, 0.0, 0.0, 0.0, 0.0, 0.0, 0.0, 0.0, 0.0, 0.0, 0.0, 0.0, 0.0, 0.0, 0.0, 0.0, 0.0, 0.0, 0.0, 0.0, 0.0, 0.0], "rec": [0.0, 0.0, 0.0, 0.0, 0.0, 0.0, 0.0, 0.0, 0.0, 0.0, 0.0, 0.0, 0.0, 0.0, 0.0, 0.0, 0.0, 0.0, 0.0, 0.0, 0.0, 0.0, 0.0, 0.0, 0.0, 0.0, 0.0, 0.0, 0.0, 0.0, 0.0, 0.0, 0.0, 0.0], "ner_f1": [0.45953360199928284, 0.7263397574424744, 0.7658079266548157, 0.7986071109771729, 0.800000011920929, 0.8183401226997375, 0.8031319379806519, 0.7985907793045044, 0.817410945892334, 0.8130999207496643, 0.8218694925308228, 0.8092416524887085, 0.8415731191635132, 0.8275862336158752, 0.8438202142715454, 0.8415731191635132, 0.8215612769126892, 0.8479999899864197, 0.8556641936302185, 0.8573039770126343, 0.856645405292511, 0.8600917458534241, 0.853210985660553, 0.8636622428894043, 0.862653374671936, 0.8460661768913269, 0.8556521534919739, 0.8423448801040649, 0.8358381390571594, 0.8465973734855652, 0.8472458720207214, 0.8434982895851135, 0.8522335886955261, 0.8551723957061768], "ner_pr": [0.5746140480041504, 0.7246871590614319, 0.785114049911499, 0.8113207817077637, 0.7763440608978271, 0.8313679099082947, 0.7864183783531189, 0.8212560415267944, 0.8087248206138611, 0.8035714030265808, 0.8462469577789307, 0.8400983810424805, 0.8276243209838867, 0.818791925907135, 0.8298342823982239, 0.8276243209838867, 0.8971583247184753, 0.8479999899864197, 0.8611111044883728, 0.846325159072876, 0.8702830076217651, 0.8630610108375549, 0.8561565279960632, 0.8621867895126343, 0.8827751278877258, 0.8441410660743713, 0.8682352900505066, 0.839002251625061, 0.8456140160560608, 0.8544819355010986, 0.8419864773750305, 0.8493626713752747, 0.8541905879974365, 0.8601155877113342], "ner_rec": [0.38285714387893677, 0.7279999852180481, 0.7474285960197449, 0.7862856984138489, 0.8251428604125977, 0.8057143092155457, 0.8205714225769043, 0.7771428823471069, 0.826285719871521, 0.822857141494751, 0.7988571524620056, 0.7805714011192322, 0.8560000061988831, 0.836571455001831, 0.8582857251167297, 0.8560000061988831, 0.7577142715454102, 0.8479999899864197, 0.8502857089042664, 0.868571400642395, 0.8434285521507263, 0.8571428656578064, 0.8502857089042664, 0.8651428818702698, 0.8434285521507263, 0.8479999899864197, 0.8434285521507263, 0.845714271068573, 0.826285719871521, 0.838857114315033, 0.852571427822113, 0.8377143144607544, 0.8502857089042664, 0.8502857089042664], "macro_f1": [0.0, 0.0, 0.0, 0.0, 0.0, 0.0, 0.0, 0.0, 0.0, 0.0, 0.0, 0.0, 0.0, 0.0, 0.0, 0.0, 0.0, 0.0, 0.0, 0.0, 0.0, 0.0, 0.0, 0.0, 0.0, 0.0, 0.0, 0.0, 0.0, 0.0, 0.0, 0.0, 0.0, 0.0], "macro_pr": [0.0, 0.0, 0.0, 0.0, 0.0, 0.0, 0.0, 0.0, 0.0, 0.0, 0.0, 0.0, 0.0, 0.0, 0.0, 0.0, 0.0, 0.0, 0.0, 0.0, 0.0, 0.0, 0.0, 0.0, 0.0, 0.0, 0.0, 0.0, 0.0, 0.0, 0.0, 0.0, 0.0, 0.0], "macro_rec": [0.0, 0.0, 0.0, 0.0, 0.0, 0.0, 0.0, 0.0, 0.0, 0.0, 0.0, 0.0, 0.0, 0.0, 0.0, 0.0, 0.0, 0.0, 0.0, 0.0, 0.0, 0.0, 0.0, 0.0, 0.0, 0.0, 0.0, 0.0, 0.0, 0.0, 0.0, 0.0, 0.0, 0.0], "macro_ner_f1": [0.29853489995002747, 0.6568266153335571, 0.700257420539856, 0.7316107749938965, 0.7481276988983154, 0.7574772834777832, 0.7593549489974976, 0.741234540939331, 0.7527380585670471, 0.7661930918693542, 0.7591055631637573, 0.7484036684036255, 0.7930324077606201, 0.7684913873672485, 0.7916021943092346, 0.7849094867706299, 0.7565179467201233, 0.7975821495056152, 0.7959550619125366, 0.8068174719810486, 0.792251706123352, 0.8058656454086304, 0.796199381351471, 0.8049867153167725, 0.8004654049873352, 0.7868404388427734, 0.7952554225921631, 0.7906265258789062, 0.7756540179252625, 0.788803219795227, 0.7950618267059326, 0.7876843810081482, 0.7937893867492676, 0.7952697277069092], "macro_ner_pr": [0.5513941645622253, 0.6810364127159119, 0.7188393473625183, 0.7596305012702942, 0.7361937761306763, 0.7787860631942749, 0.7408035397529602, 0.7642918825149536, 0.7617350816726685, 0.7586287260055542, 0.7865346670150757, 0.7842865586280823, 0.7784112691879272, 0.7880408763885498, 0.7862151265144348, 0.7847427129745483, 0.8641343116760254, 0.8025449514389038, 0.8186143040657043, 0.7964149713516235, 0.8292710185050964, 0.821733295917511, 0.8064115047454834, 0.8174853324890137, 0.8365985751152039, 0.7908358573913574, 0.820792555809021, 0.7946965098381042, 0.8012444376945496, 0.8029379844665527, 0.7915972471237183, 0.7966890335083008, 0.8079929947853088, 0.8119254112243652], "macro_ner_rec": [0.2861953377723694, 0.6493558287620544, 0.6854631900787354, 0.713584303855896, 0.7660771012306213, 0.7422474026679993, 0.7836612462997437, 0.720770001411438, 0.7536320686340332, 0.7804330587387085, 0.7347468137741089, 0.7183560729026794, 0.8093489408493042, 0.7628399729728699, 0.8000056147575378, 0.7945285439491272, 0.6876399517059326, 0.7945612072944641, 0.7854745388031006, 0.8178554773330688, 0.7721672058105469, 0.7958046197891235, 0.7882324457168579, 0.8009965419769287, 0.7767470479011536, 0.7845332026481628, 0.7773696184158325, 0.7884175777435303, 0.7623963952064514, 0.7773535251617432, 0.798702597618103, 0.7827368974685669, 0.7847741842269897, 0.7849194407463074], "samples_per_s": [178.4109846535329, 154.2925976088956, 206.1643098213391, 179.22353528757807, 146.8783742668658, 165.53009428483907, 165.3044437403806, 193.1416790741966, 154.2019357281469, 192.89227938519537, 150.1974462762937, 148.21605844418485, 147.76061384256903, 151.1146424970803, 160.84557842598858, 154.27540000557306, 181.7938657784409, 187.78958695696838, 178.48601895088524, 156.37705220986857, 144.99993849112903, 156.81244964488823, 143.08988565914427, 155.8171655448849, 160.0850558026697, 170.72461683249844, 151.55515483623518, 156.47061909046923, 134.41620312507155, 147.9337452459727, 176.4189491129837, 205.45651339984644, 173.25298441126913, 155.0174825896485], "samples_total_num": [231, 231, 231, 231, 231, 231, 231, 231, 231, 231, 231, 231, 231, 231, 231, 231, 231, 231, 231, 231, 231, 231, 231, 231, 231, 231, 231, 231, 231, 231, 231, 231, 231, 231],