{"test_metrics": {"seen__f1": 0.0, "seen__pr": 0.0, "seen__rec": 0.0, "seen__ner_f1": 0.570588231086731, "seen__ner_pr": 0.41101694107055664, "seen__ner_rec": 0.932692289352417, "seen__macro_f1": 0.0, "seen__macro_pr": 0.0, "seen__macro_rec": 0.0, "seen__macro_ner_f1": 0.5109338760375977, "seen__macro_ner_pr": 0.36302614212036133, "seen__macro_ner_rec": 0.8905532956123352, "seen__samples_per_s": 270.58553165785537, "seen__samples_total_num": 179, "seen__samples_total_s": 0.6615283489227295, "seen__loc_pr": 0.49822065234184265, "seen__loc_rec": 0.9459459185600281, "seen__loc_f1": 0.6526806354522705, "seen__org_pr": 0.27559053897857666, "seen__org_rec": 0.8536585569381714, "seen__org_f1": 0.4166666567325592, "seen__peop_pr": 0.43171805143356323, "seen__peop_rec": 0.9800000190734863, "seen__peop_f1": 0.5993883609771729, "seen__other_pr": 0.24657534062862396, "seen__other_rec": 0.782608687877655, "seen__other_f1": 0.375, "unseen__f1": 0.0, "unseen__pr": 0.0, "unseen__rec": 0.0, "unseen__ner_f1": 0.7106598615646362, "unseen__ner_pr": 0.6140350699424744, "unseen__ner_rec": 0.8433734774589539, "unseen__macro_f1": 0.0, "unseen__macro_pr": 0.0, "unseen__macro_rec": 0.0, "unseen__macro_ner_f1": 0.6857097744941711, "unseen__macro_ner_pr": 0.6063718199729919, "unseen__macro_ner_rec": 0.8003019094467163, "unseen__samples_per_s": 562.7221315562355, "unseen__samples_total_num": 268, "unseen__samples_total_s": 0.4762563705444336, "unseen__loc_pr": 0.5859563946723938, "unseen__loc_rec": 0.9097744226455688, "unseen__loc_f1": 0.7128129005432129, "unseen__org_pr": 0.5849056839942932, "unseen__org_rec": 0.8051947951316833, "unseen__org_f1": 0.6775956153869629, "unseen__peop_pr": 0.6938775777816772, "unseen__peop_rec": 0.9357798099517822, "unseen__peop_f1": 0.796875, "unseen__other_pr": 0.5607476830482483, "unseen__other_rec": 0.5504587292671204, "unseen__other_f1": 0.5555555820465088}, "test_metrics_bounds": {"seen__f1": 0.0, "seen__pr": 0.0, "seen__rec": 0.0, "seen__ner_f1": 0.5795677900314331, "seen__ner_pr": 0.41784703731536865, "seen__ner_rec": 0.9455128312110901, "seen__macro_f1": 0.0, "seen__macro_pr": 0.0, "seen__macro_rec": 0.0, "seen__macro_ner_f1": 0.5795677900314331, "seen__macro_ner_pr": 0.41784703731536865, "seen__macro_ner_rec": 0.9455128312110901, "seen__samples_per_s": 270.58553165785537, "seen__samples_total_num": 179, "seen__samples_total_s": 0.6615283489227295, "unseen__f1": 0.0, "unseen__pr": 0.0, "unseen__rec": 0.0, "unseen__ner_f1": 0.7351778745651245, "unseen__ner_pr": 0.6357421875, "unseen__ner_rec": 0.8714859485626221, "unseen__macro_f1": 0.0, "unseen__macro_pr": 0.0, "unseen__macro_rec": 0.0, "unseen__macro_ner_f1": 0.7351778745651245, "unseen__macro_ner_pr": 0.6357421875, "unseen__macro_ner_rec": 0.8714859485626221, "unseen__samples_per_s": 562.7221315562355, "unseen__samples_total_num": 268, "unseen__samples_total_s": 0.4762563705444336}}
