{"test_metrics": {"Eval_Ent_Precision": 83.98023359676905, "Eval_Ent_Recall": 86.31452580361723, "Eval_Ent_F1": 85.13138120403819, "Eval_Time": 125.67807292938232, "Eval_Examples": 5000, "Eval_Examples_Per_Second": 39.784187356289806, "seen_Eval_Ent_Precision": 58.032345012033716, "seen_Eval_Ent_Recall": 90.81833519662025, "seen_Eval_Ent_F1": 70.81460365731506, "seen_Eval_Time": 126.93225502967834, "seen_Eval_Examples": 5000, "seen_Eval_Examples_Per_Second": 39.39109093138649, "unseen_Eval_Ent_Precision": 25.965858045648538, "unseen_Eval_Ent_Recall": 77.68817202812464, "unseen_Eval_Ent_F1": 38.922558925542745, "unseen_Eval_Time": 126.55117344856262, "unseen_Eval_Examples": 5000, "unseen_Eval_Examples_Per_Second": 39.50970871109524}}