{"test_metrics": {"f1": 0.0, "pr": 0.0, "rec": 0.0, "ner_f1": 0.6114722490310669, "ner_pr": 0.5798499584197998, "ner_rec": 0.6467424035072327, "macro_f1": 0.0, "macro_pr": 0.0, "macro_rec": 0.0, "macro_ner_f1": 0.5993146896362305, "macro_ner_pr": 0.5602656006813049, "macro_ner_rec": 0.6457907557487488, "samples_per_s": 200.80852574279595, "samples_total_num": 529, "samples_total_s": 2.634350299835205, "task_pr": 0.5348837375640869, "task_rec": 0.614503800868988, "task_f1": 0.5719360113143921, "method_pr": 0.6666666865348816, "method_rec": 0.7388235330581665, "method_f1": 0.7008928656578064, "material_pr": 0.47959184646606445, "material_rec": 0.594936728477478, "material_f1": 0.5310734510421753, "otherscientificterm_pr": 0.5523809790611267, "otherscientificterm_rec": 0.5609284043312073, "otherscientificterm_f1": 0.5566219091415405, "metric_pr": 0.5, "metric_rec": 0.6197183132171631, "metric_f1": 0.553459107875824, "generic_pr": 0.6280701756477356, "generic_rec": 0.7458333373069763, "generic_f1": 0.6819047927856445}, "test_metrics_bounds": {"f1": 0.0, "pr": 0.0, "rec": 0.0, "ner_f1": 0.7596153616905212, "ner_pr": 0.7208803296089172, "ner_rec": 0.8027495741844177, "macro_f1": 0.0, "macro_pr": 0.0, "macro_rec": 0.0, "macro_ner_f1": 0.7596153616905212, "macro_ner_pr": 0.7208803296089172, "macro_ner_rec": 0.8027495741844177, "samples_per_s": 200.80852574279595, "samples_total_num": 529, "samples_total_s": 2.634350299835205}, "metrics": {"f1": [0.0, 0.0, 0.0, 0.0, 0.0, 0.0, 0.0, 0.0, 0.0, 0.0, 0.0, 0.0, 0.0, 0.0, 0.0, 0.0], "pr": [0.0, 0.0, 0.0, 0.0, 0.0, 0.0, 0.0, 0.0, 0.0, 0.0, 0.0, 0.0, 0.0, 0.0, 0.0, 0.0], "rec": [0.0, 0.0, 0.0, 0.0, 0.0, 0.0, 0.0, 0.0, 0.0, 0.0, 0.0, 0.0, 0.0, 0.0, 0.0, 0.0], "ner_f1": [0.36376020312309265, 0.5598027110099792, 0.6082251071929932, 0.6416219472885132, 0.6345475316047668, 0.6587957739830017, 0.6374269127845764, 0.629757821559906, 0.6411267518997192, 0.6511905193328857, 0.6340057849884033, 0.6463834643363953, 0.6528258323669434, 0.63564133644104, 0.6555819511413574, 0.637485921382904], "ner_pr": [0.3985074758529663, 0.5509708523750305, 0.5352380871772766, 0.6120591759681702, 0.5973451137542725, 0.6227678656578064, 0.5975877046585083, 0.5833333134651184, 0.582395076751709, 0.6201813817024231, 0.5869797468185425, 0.5963982939720154, 0.6047008633613586, 0.5809128880500793, 0.6230248212814331, 0.577235758304596], "ner_rec": [0.3345864713191986, 0.5689222812652588, 0.7042606472969055, 0.6741854548454285, 0.6766917109489441, 0.6992481350898743, 0.6829574108123779, 0.6842105388641357, 0.713032603263855, 0.6854636669158936, 0.689223051071167, 0.7055137753486633, 0.7092731595039368, 0.7017543911933899, 0.6917293071746826, 0.7117794752120972], "macro_f1": [0.0, 0.0, 0.0, 0.0, 0.0, 0.0, 0.0, 0.0, 0.0, 0.0, 0.0, 0.0, 0.0, 0.0, 0.0, 0.0], "macro_pr": [0.0, 0.0, 0.0, 0.0, 0.0, 0.0, 0.0, 0.0, 0.0, 0.0, 0.0, 0.0, 0.0, 0.0, 0.0, 0.0], "macro_rec": [0.0, 0.0, 0.0, 0.0, 0.0, 0.0, 0.0, 0.0, 0.0, 0.0, 0.0, 0.0, 0.0, 0.0, 0.0, 0.0], "macro_ner_f1": [0.24574820697307587, 0.5117494463920593, 0.5839030146598816, 0.6118965744972229, 0.6145372986793518, 0.6393990516662598, 0.6210421323776245, 0.6083267331123352, 0.6271920800209045, 0.6288611888885498, 0.6113818287849426, 0.6260678768157959, 0.6294248700141907, 0.6121333241462708, 0.6201505064964294, 0.6084684729576111], "macro_ner_pr": [0.2988159656524658, 0.5465033650398254, 0.5421375036239624, 0.6046555638313293, 0.6005669236183167, 0.6017200946807861, 0.5913960337638855, 0.5993635058403015, 0.591101884841919, 0.6245127320289612, 0.5764318108558655, 0.6035751700401306, 0.6095518469810486, 0.5837268829345703, 0.6046766638755798, 0.5597494840621948], "macro_ner_rec": [0.2557242810726166, 0.5083109140396118, 0.6517988443374634, 0.6350035667419434, 0.640004575252533, 0.6832461357116699, 0.6591896414756775, 0.6399664282798767, 0.6791397929191589, 0.643280565738678, 0.6597748398780823, 0.6630068421363831, 0.664625883102417, 0.6577017307281494, 0.6468314528465271, 0.6762377619743347], "samples_per_s": [197.32065485067403, 159.90355220162306, 184.23802224569812, 210.0649176908557, 202.67772277108114, 187.07691463145804, 198.74982799919735, 192.08670154404714, 214.27758178855092, 208.31333140018882, 204.89477460747037, 210.88035451259643, 206.23007044794545, 212.5034909982326, 208.11285111154749, 196.56787133059436], "samples_total_num": [260, 260, 260, 260, 260, 260, 260, 260, 260, 260, 260, 260, 260, 260, 260, 260], "samples_total_s": [1.3176522254943848, 1.6259801387786865, 1.4112179279327393, 1.2377126216888428, 1.2828247547149658, 1.3898026943206787, 1.3081772327423096, 1.35355544090271, 1.2133793830871582, 1.248119831085205, 1.2689440250396729, 1.232926607131958, 1.260727882385254, 1.2235093116760254, 1.2493221759796143, 1.3226983547210693], "task_pr": [0.46666666865348816, 0.6388888955116272, 0.4934210479259491, 0.5819672346115112, 0.4810126721858978, 0.5616438388824463, 0.45303866267204285, 0.6363636255264282, 0.6226415038108826, 0.6565656661987305, 0.5460993051528931, 0.5950413346290588, 0.5714285969734192, 0.5522388219833374, 0.5943396091461182, 0.5069444179534912], "task_rec": [0.0555555559694767, 0.3650793731212616, 0.5952380895614624, 0.5634920597076416, 0.60317462682724, 0.6507936716079712, 0.6507936716079712, 0.4444444477558136, 0.523809552192688, 0.5158730149269104, 0.6111111044883728, 0.5714285969734192, 0.5714285969734192, 0.5873016119003296, 0.5, 0.579365074634552], "task_f1": [0.09929078072309494, 0.46464648842811584, 0.539568305015564, 0.5725806355476379, 0.5352113246917725, 0.6029411554336548, 0.534201979637146, 0.5233644843101501, 0.5689655542373657, 0.5777778029441833, 0.5767790675163269, 0.5829959511756897, 0.5714285969734192, 0.5692307949066162, 0.5431034564971924, 0.5407407283782959], "method_pr": [0.47590360045433044, 0.7204301357269287, 0.5959596037864685, 0.6563706398010254, 0.765625, 0.6929460763931274, 0.713004469871521, 0.6356877088546753, 0.6627907156944275, 0.7076271176338196, 0.6086956262588501, 0.71875, 0.7305936217308044, 0.695652186870575, 0.7037037014961243, 0.6468401551246643], "method_rec": [0.36574074625968933, 0.6203703880310059, 0.8194444179534912, 0.7870370149612427, 0.6805555820465088, 0.7731481194496155, 0.7361111044883728, 0.7916666865348816, 0.7916666865348816, 0.7731481194496155, 0.8425925970077515, 0.7453703880310059, 0.7407407164573669, 0.7407407164573669, 0.7916666865348816, 0.8055555820465088], "method_f1": [0.4136125445365906, 0.6666666865348816, 0.6900584101676941, 0.7157894372940063, 0.7205882668495178, 0.7308533787727356, 0.7243735790252686, 0.7051547169685364, 0.7215190529823303, 0.7389380931854248, 0.7067960500717163, 0.7318181991577148, 0.7356321811676025, 0.7174887657165527, 0.7450981140136719, 0.717525839805603], "material_pr": [0.0, 0.5581395626068115, 0.5180723071098328, 0.49484536051750183, 0.5833333134651184, 0.5308641791343689, 0.5909090638160706, 0.5113636255264282, 0.5609756112098694, 0.6142857074737549, 0.5176470875740051, 0.5555555820465088, 0.5802469253540039, 0.5056179761886597, 0.510869562625885, 0.45945945382118225], "material_rec": [0.0, 0.34285715222358704, 0.6142857074737549, 0.6857143044471741, 0.6000000238418579, 0.6142857074737549, 0.5571428537368774, 0.6428571343421936, 0.6571428775787354, 0.6142857074737549, 0.6285714507102966, 0.6428571343421936, 0.6714285612106323, 0.6428571343421936, 0.6714285612106323, 0.7285714149475098], "material_f1": [0.0, 0.4247787892818451, 0.5620915293693542, 0.57485032081604, 0.591549277305603, 0.5695363879203796, 0.5735293626785278, 0.5696201920509338, 0.6052632331848145, 0.6142857074737549, 0.5677419304847717, 0.5960265398025513, 0.6225165128707886, 0.5660377144813538, 0.5802468657493591, 0.5635358691215515],