{"test_metrics": {"seen__f1": 0.0, "seen__pr": 0.0, "seen__rec": 0.0, "seen__ner_f1": 0.8153464198112488, "seen__ner_pr": 0.7325617074966431, "seen__ner_rec": 0.9192253947257996, "seen__macro_f1": 0.0, "seen__macro_pr": 0.0, "seen__macro_rec": 0.0, "seen__macro_ner_f1": 0.695641040802002, "seen__macro_ner_pr": 0.5999521613121033, "seen__macro_ner_rec": 0.8483260273933411, "seen__samples_per_s": 477.13321819703157, "seen__samples_total_num": 4631, "seen__samples_total_s": 9.7058846950531, "seen__organization_pr": 0.5694760680198669, "seen__organization_rec": 0.7575757503509521, "seen__organization_f1": 0.6501950025558472, "seen__location_pr": 0.7906168699264526, "seen__location_rec": 0.9337437748908997, "seen__location_f1": 0.8562403321266174, "seen__person_pr": 0.43976348638534546, "seen__person_rec": 0.8536585569381714, "seen__person_f1": 0.580487847328186, "unseen__f1": 0.0, "unseen__pr": 0.0, "unseen__rec": 0.0, "unseen__ner_f1": 0.5385578274726868, "unseen__ner_pr": 0.4301139712333679, "unseen__ner_rec": 0.7201205492019653, "unseen__macro_f1": 0.0, "unseen__macro_pr": 0.0, "unseen__macro_rec": 0.0, "unseen__macro_ner_f1": 0.579767644405365, "unseen__macro_ner_pr": 0.5678481459617615, "unseen__macro_ner_rec": 0.6771785616874695, "unseen__samples_per_s": 515.4510441303559, "unseen__samples_total_num": 2399, "unseen__samples_total_s": 4.654176235198975, "unseen__organization_pr": 0.6099476218223572, "unseen__organization_rec": 0.5443925261497498, "unseen__organization_f1": 0.575308620929718, "unseen__location_pr": 0.3154844045639038, "unseen__location_rec": 0.8429203629493713, "unseen__location_f1": 0.45912832021713257, "unseen__person_pr": 0.7781124711036682, "unseen__person_rec": 0.6442227959632874, "unseen__person_f1": 0.7048658728599548}, "test_metrics_bounds": {"seen__f1": 0.0, "seen__pr": 0.0, "seen__rec": 0.0, "seen__ner_f1": 0.8208836913108826, "seen__ner_pr": 0.7375367879867554, "seen__ner_rec": 0.9254682064056396, "seen__macro_f1": 0.0, "seen__macro_pr": 0.0, "seen__macro_rec": 0.0, "seen__macro_ner_f1": 0.8208836913108826, "seen__macro_ner_pr": 0.7375367879867554, "seen__macro_ner_rec": 0.9254682064056396, "seen__samples_per_s": 477.13321819703157, "seen__samples_total_num": 4631, "seen__samples_total_s": 9.7058846950531, "unseen__f1": 0.0, "unseen__pr": 0.0, "unseen__rec": 0.0, "unseen__ner_f1": 0.5743615031242371, "unseen__ner_pr": 0.458708256483078, "unseen__ner_rec": 0.7679946422576904, "unseen__macro_f1": 0.0, "unseen__macro_pr": 0.0, "unseen__macro_rec": 0.0, "unseen__macro_ner_f1": 0.5743615031242371, "unseen__macro_ner_pr": 0.458708256483078, "unseen__macro_ner_rec": 0.7679946422576904, "unseen__samples_per_s": 515.4510441303559, "unseen__samples_total_num": 2399, "unseen__samples_total_s": 4.654176235198975}}