{"test_metrics": {"f1": 0.0, "pr": 0.0, "rec": 0.0, "ner_f1": 0.8737755417823792, "ner_pr": 0.8834182024002075, "ner_rec": 0.8643410801887512, "macro_f1": 0.0, "macro_pr": 0.0, "macro_rec": 0.0, "macro_ner_f1": 0.7966178059577942, "macro_ner_pr": 0.8427844047546387, "macro_ner_rec": 0.7589800357818604, "samples_per_s": 202.4846591091004, "samples_total_num": 5000, "samples_total_s": 24.693228721618652, "organization_pr": 0.7905073761940002, "organization_rec": 0.6372031569480896, "organization_f1": 0.705624520778656, "location_pr": 0.898899257183075, "location_rec": 0.9186843037605286, "location_f1": 0.9086841344833374, "person_pr": 0.8389467000961304, "person_rec": 0.7210526466369629, "person_f1": 0.7755448818206787}, "test_metrics_bounds": {"f1": 0.0, "pr": 0.0, "rec": 0.0, "ner_f1": 0.8916876316070557, "ner_pr": 0.901528000831604, "ner_rec": 0.8820598125457764, "macro_f1": 0.0, "macro_pr": 0.0, "macro_rec": 0.0, "macro_ner_f1": 0.8916876316070557, "macro_ner_pr": 0.901528000831604, "macro_ner_rec": 0.8820598125457764, "samples_per_s": 202.4846591091004, "samples_total_num": 5000, "samples_total_s": 24.693228721618652}, "metrics": {"f1": [0.0, 0.0, 0.0, 0.0, 0.0, 0.0, 0.0], "pr": [0.0, 0.0, 0.0, 0.0, 0.0, 0.0, 0.0], "rec": [0.0, 0.0, 0.0, 0.0, 0.0, 0.0, 0.0], "ner_f1": [0.8040584325790405, 0.8418031930923462, 0.8546368479728699, 0.8688160181045532, 0.8711838722229004, 0.8711123466491699, 0.8658602833747864], "ner_pr": [0.7590667009353638, 0.8453243970870972, 0.8471291661262512, 0.8549754619598389, 0.8796992301940918, 0.8827371001243591, 0.8606557250022888], "ner_rec": [0.8547197580337524, 0.8383111953735352, 0.8622787594795227, 0.8831120729446411, 0.8628318309783936, 0.8597898483276367, 0.8711283206939697], "macro_f1": [0.0, 0.0, 0.0, 0.0, 0.0, 0.0, 0.0], "macro_pr": [0.0, 0.0, 0.0, 0.0, 0.0, 0.0, 0.0], "macro_rec": [0.0, 0.0, 0.0, 0.0, 0.0, 0.0, 0.0], "macro_ner_f1": [0.701619565486908, 0.7373191714286804, 0.7718284726142883, 0.7908685803413391, 0.7989211082458496, 0.7924132347106934, 0.7876071333885193], "macro_ner_pr": [0.6478495597839355, 0.7720708250999451, 0.775763750076294, 0.7635710835456848, 0.8361104130744934, 0.8222522139549255, 0.7700807452201843], "macro_ner_rec": [0.7733390927314758, 0.7095170021057129, 0.7708472609519958, 0.8236507773399353, 0.767510712146759, 0.7661559581756592, 0.8090537190437317], "samples_per_s": [179.08472426478156, 212.13536540844513, 215.25497181903873, 213.17005995184311, 217.20147228517968, 213.69218029205763, 205.3121354829519], "samples_total_num": [5000, 5000, 5000, 5000, 5000, 5000, 5000], "samples_total_s": [27.919745922088623, 23.56985592842102, 23.228267192840576, 23.455451488494873, 23.02010178565979, 23.398142099380493, 24.353163480758667], "organization_pr": [0.5388076305389404, 0.6760772466659546, 0.6379100680351257, 0.6129707098007202, 0.7779433727264404, 0.7428977489471436, 0.6259459257125854], "organization_rec": [0.6228868365287781, 0.5916774868965149, 0.6827048063278198, 0.7620286345481873, 0.6788036227226257, 0.6801040172576904, 0.7529258728027344], "organization_f1": [0.5778045058250427, 0.6310678720474243, 0.659547746181488, 0.6794203519821167, 0.7250000238418579, 0.7101154327392578, 0.6835891008377075], "location_pr": [0.8477472066879272, 0.8729767799377441, 0.8734192252159119, 0.9013863801956177, 0.8968491554260254, 0.9082602262496948, 0.9063418507575989], "location_rec": [0.8869842290878296, 0.9113505482673645, 0.913309633731842, 0.9155136346817017, 0.9166156649589539, 0.9128198623657227, 0.9064527750015259], "location_f1": [0.8669219613075256, 0.8917510509490967, 0.89291912317276, 0.9083950519561768, 0.9066246747970581, 0.9105343222618103, 0.90639728307724], "person_pr": [0.5569939017295837, 0.7671584486961365, 0.8159618973731995, 0.7763562202453613, 0.833538830280304, 0.8155985474586487, 0.7779543995857239], "person_rec": [0.8101464509963989, 0.625523030757904, 0.7165272235870361, 0.793410062789917, 0.7071129679679871, 0.7055439352989197, 0.76778244972229], "person_f1": [0.660132110118866, 0.6891385912895203, 0.7630187273025513, 0.7847905158996582, 0.7651386857032776, 0.7565900087356567, 0.7728350162506104]}}