{"test_metrics": {"f1": 0.0, "pr": 0.0, "rec": 0.0, "ner_f1": 0.8720889091491699, "ner_pr": 0.8411351442337036, "ner_rec": 0.9054079055786133, "macro_f1": 0.0, "macro_pr": 0.0, "macro_rec": 0.0, "macro_ner_f1": 0.7972784042358398, "macro_ner_pr": 0.7601948380470276, "macro_ner_rec": 0.8395441174507141, "samples_per_s": 195.06331736314309, "samples_total_num": 5000, "samples_total_s": 25.632702589035034, "organization_pr": 0.6301969289779663, "organization_rec": 0.7598944306373596, "organization_f1": 0.6889951825141907, "location_pr": 0.8794822096824646, "location_rec": 0.9387380480766296, "location_f1": 0.9081445932388306, "person_pr": 0.7709054946899414, "person_rec": 0.8199999928474426, "person_f1": 0.794695258140564}, "test_metrics_bounds": {"f1": 0.0, "pr": 0.0, "rec": 0.0, "ner_f1": 0.8904000520706177, "ner_pr": 0.8587962985038757, "ner_rec": 0.9244186282157898, "macro_f1": 0.0, "macro_pr": 0.0, "macro_rec": 0.0, "macro_ner_f1": 0.8904000520706177, "macro_ner_pr": 0.8587962985038757, "macro_ner_rec": 0.9244186282157898, "samples_per_s": 195.06331736314309, "samples_total_num": 5000, "samples_total_s": 25.632702589035034}, "metrics": {"f1": [0.0, 0.0, 0.0, 0.0, 0.0, 0.0, 0.0], "pr": [0.0, 0.0, 0.0, 0.0, 0.0, 0.0, 0.0], "rec": [0.0, 0.0, 0.0, 0.0, 0.0, 0.0, 0.0], "ner_f1": [0.8089280128479004, 0.8507171869277954, 0.8457961678504944, 0.8541341423988342, 0.8693340420722961, 0.8576844930648804, 0.8600348830223083], "ner_pr": [0.7673476338386536, 0.8026821613311768, 0.7871377468109131, 0.852174699306488, 0.8369593024253845, 0.8051937818527222, 0.8363968729972839], "ner_rec": [0.8552728891372681, 0.9048672318458557, 0.913901150226593, 0.8561025261878967, 0.9043141603469849, 0.9174963235855103, 0.8850479125976562], "macro_f1": [0.0, 0.0, 0.0, 0.0, 0.0, 0.0, 0.0], "macro_pr": [0.0, 0.0, 0.0, 0.0, 0.0, 0.0, 0.0], "macro_rec": [0.0, 0.0, 0.0, 0.0, 0.0, 0.0, 0.0], "macro_ner_f1": [0.710848331451416, 0.7577462196350098, 0.7582812905311584, 0.7658937573432922, 0.7961435914039612, 0.7750996947288513, 0.7749038338661194], "macro_ner_pr": [0.6700568199157715, 0.6987472176551819, 0.6904383301734924, 0.7428248524665833, 0.7603297233581543, 0.7083064913749695, 0.7263131141662598], "macro_ner_rec": [0.7659823298454285, 0.8305118680000305, 0.8461576104164124, 0.7991657853126526, 0.8378133177757263, 0.8600651621818542, 0.8369572162628174], "samples_per_s": [186.2990655251694, 185.8832613459435, 190.16528454544533, 194.43875556830335, 196.96131289609764, 195.15437313625728, 197.29393305012243], "samples_total_num": [5000, 5000, 5000, 5000, 5000, 5000, 5000], "samples_total_s": [26.83856725692749, 26.898602724075317, 26.292916774749756, 25.715038061141968, 25.385695934295654, 25.620742797851562, 25.34289789199829], "organization_pr": [0.5963777303695679, 0.5517578125, 0.5326768159866333, 0.5395615100860596, 0.6243386268615723, 0.6030611991882324, 0.5861027240753174], "organization_rec": [0.5994798541069031, 0.7347204089164734, 0.7737321257591248, 0.7360208034515381, 0.7672301530838013, 0.768530547618866, 0.7568270564079285], "organization_f1": [0.5979248285293579, 0.6302286386489868, 0.6309650540351868, 0.6226622462272644, 0.6884480714797974, 0.6758147478103638, 0.6606128811836243], "location_pr": [0.8457781076431274, 0.8623472452163696, 0.8388630747795105, 0.9113684892654419, 0.8712276220321655, 0.8730302453041077, 0.9133226275444031], "location_rec": [0.8904126286506653, 0.9419615268707275, 0.9504101872444153, 0.8863719701766968, 0.9402473568916321, 0.9429411292076111, 0.9057181477546692], "location_f1": [0.8675215840339661, 0.9003979563713074, 0.8911595940589905, 0.8986964821815491, 0.9044225811958313, 0.9066399931907654, 0.9095044732093811], "person_pr": [0.5680146813392639, 0.682136595249176, 0.6997752785682678, 0.7775446176528931, 0.7854230403900146, 0.6488281488418579, 0.6795140504837036], "person_rec": [0.8080543875694275, 0.8148535490036011, 0.814330518245697, 0.7751045823097229, 0.805962324142456, 0.8687238693237305, 0.8483263850212097], "person_f1": [0.6670984029769897, 0.7426120042800903, 0.7527193427085876, 0.7763226628303528, 0.7955601215362549, 0.7428444027900696, 0.7545941472053528]}}