{"test_metrics": {"Eval_Ent_Precision": 85.17520209312633, "Eval_Ent_Recall": 87.85912875280977, "Eval_Ent_F1": 86.49635029836432, "Eval_Time": 8.40064549446106, "Eval_Examples": 288, "Eval_Examples_Per_Second": 34.2830798168893, "seen_Eval_Ent_Precision": 32.61455528730538, "seen_Eval_Ent_Recall": 95.5263155498615, "seen_Eval_Ent_F1": 48.62692565672626, "seen_Eval_Time": 8.363163948059082, "seen_Eval_Examples": 288, "seen_Eval_Examples_Per_Second": 34.4367277490523, "unseen_Eval_Ent_Precision": 52.56064689566819, "unseen_Eval_Ent_Recall": 83.69098702806585, "unseen_Eval_Ent_F1": 64.56953639167872, "unseen_Eval_Time": 8.501349210739136, "unseen_Eval_Examples": 288, "unseen_Eval_Examples_Per_Second": 33.87697562596188}}