{"test_metrics": {"Eval_Ent_Precision": 84.17663287180012, "Eval_Ent_Recall": 84.8007413627419, "Eval_Ent_F1": 84.4875345623499, "Eval_Time": 29.894418478012085, "Eval_Examples": 288, "Eval_Examples_Per_Second": 9.633905413207135, "seen_Eval_Ent_Precision": 12.51149960899448, "seen_Eval_Ent_Recall": 91.27516723120581, "seen_Eval_Ent_F1": 22.006472582503328, "seen_Eval_Time": 29.044726610183716, "seen_Eval_Examples": 288, "seen_Eval_Examples_Per_Second": 9.915741465406699, "unseen_Eval_Ent_Precision": 71.66513335480195, "unseen_Eval_Ent_Recall": 83.7634407876055, "unseen_Eval_Ent_F1": 77.2434307838504, "unseen_Eval_Time": 29.82335114479065, "unseen_Eval_Examples": 288, "unseen_Eval_Examples_Per_Second": 9.656862456595727}}