{"test_metrics": {"Eval_Ent_Precision": 86.24790929706452, "Eval_Ent_Recall": 84.75164352273497, "Eval_Ent_F1": 85.4932301610046, "Eval_Time": 58.65570092201233, "Eval_Examples": 2050, "Eval_Examples_Per_Second": 34.9497144825811, "seen_Eval_Ent_Precision": 55.21278572562246, "seen_Eval_Ent_Recall": 90.33140769818705, "seen_Eval_Ent_F1": 68.5351787688419, "seen_Eval_Time": 58.737895250320435, "seen_Eval_Examples": 2050, "seen_Eval_Examples_Per_Second": 34.9008079241453, "unseen_Eval_Ent_Precision": 31.03512359002597, "unseen_Eval_Ent_Recall": 76.3603109041058, "unseen_Eval_Ent_F1": 44.13319239210718, "unseen_Eval_Time": 58.39078712463379, "unseen_Eval_Examples": 2050, "unseen_Eval_Examples_Per_Second": 35.10827822245866}}