{"test_metrics": {"seen__f1": 0.0, "seen__pr": 0.0, "seen__rec": 0.0, "seen__ner_f1": 0.5258620977401733, "seen__ner_pr": 0.36691728234291077, "seen__ner_rec": 0.927756667137146, "seen__macro_f1": 0.0, "seen__macro_pr": 0.0, "seen__macro_rec": 0.0, "seen__macro_ner_f1": 0.48001256585121155, "seen__macro_ner_pr": 0.33190399408340454, "seen__macro_ner_rec": 0.8924917578697205, "seen__samples_per_s": 243.53296925411232, "seen__samples_total_num": 159, "seen__samples_total_s": 0.6528890132904053, "seen__loc_pr": 0.453125, "seen__loc_rec": 0.9508196711540222, "seen__loc_f1": 0.6137565970420837, "seen__org_pr": 0.3070175349712372, "seen__org_rec": 0.875, "seen__org_f1": 0.45454543828964233, "seen__peop_pr": 0.36057692766189575, "seen__peop_rec": 0.9615384340286255, "seen__peop_f1": 0.5244755148887634, "seen__other_pr": 0.2068965584039688, "seen__other_rec": 0.782608687877655, "seen__other_f1": 0.3272727429866791, "unseen__f1": 0.0, "unseen__pr": 0.0, "unseen__rec": 0.0, "unseen__ner_f1": 0.7366737723350525, "unseen__ner_pr": 0.6398147940635681, "unseen__ner_rec": 0.8680904507637024, "unseen__macro_f1": 0.0, "unseen__macro_pr": 0.0, "unseen__macro_rec": 0.0, "unseen__macro_ner_f1": 0.7103534936904907, "unseen__macro_ner_pr": 0.6243531107902527, "unseen__macro_ner_rec": 0.8291246891021729, "unseen__samples_per_s": 502.7427661018076, "unseen__samples_total_num": 274, "unseen__samples_total_s": 0.5450103282928467, "unseen__loc_pr": 0.6162790656089783, "unseen__loc_rec": 0.9075342416763306, "unseen__loc_f1": 0.7340720295906067, "unseen__org_pr": 0.605381190776825, "unseen__org_rec": 0.8709677457809448, "unseen__org_f1": 0.7142857909202576, "unseen__peop_pr": 0.7385621070861816, "unseen__peop_rec": 0.9416666626930237, "unseen__peop_f1": 0.8278388977050781, "unseen__other_pr": 0.5371900796890259, "unseen__other_rec": 0.5963302850723267, "unseen__other_f1": 0.5652173757553101}, "test_metrics_bounds": {"seen__f1": 0.0, "seen__pr": 0.0, "seen__rec": 0.0, "seen__ner_f1": 0.5409483313560486, "seen__ner_pr": 0.3774436116218567, "seen__ner_rec": 0.9543726444244385, "seen__macro_f1": 0.0, "seen__macro_pr": 0.0, "seen__macro_rec": 0.0, "seen__macro_ner_f1": 0.5409483313560486, "seen__macro_ner_pr": 0.3774436116218567, "seen__macro_ner_rec": 0.9543726444244385, "seen__samples_per_s": 243.53296925411232, "seen__samples_total_num": 159, "seen__samples_total_s": 0.6528890132904053, "unseen__f1": 0.0, "unseen__pr": 0.0, "unseen__rec": 0.0, "unseen__ner_f1": 0.7648000121116638, "unseen__ner_pr": 0.6645041704177856, "unseen__ner_rec": 0.9007537961006165, "unseen__macro_f1": 0.0, "unseen__macro_pr": 0.0, "unseen__macro_rec": 0.0, "unseen__macro_ner_f1": 0.7648000121116638, "unseen__macro_ner_pr": 0.6645041704177856, "unseen__macro_ner_rec": 0.9007537961006165, "unseen__samples_per_s": 502.7427661018076, "unseen__samples_total_num": 274, "unseen__samples_total_s": 0.5450103282928467}}