{"test_metrics": {"unseen_ner_prec_micro": 35.34385569334837, "unseen_ner_rec_micro": 69.07822254865957, "unseen_ner_f1_micro": 46.7619639527657, "unseen_ner_prec_macro": 40.04860733297894, "unseen_ner_rec_macro": 67.9373915566079, "unseen_ner_f1_macro": 49.33233903424905, "unseen_loc_prec_micro": 39.09716908951798, "unseen_loc_rec_micro": 75.06426735218508, "unseen_loc_f1_micro": 51.41491636272168, "unseen_loc_prec_macro": 39.09716908951798, "unseen_loc_rec_macro": 75.06426735218508, "unseen_loc_f1_macro": 51.41491636272168, "unseen_cls_prec_micro": 90.12937230474364, "unseen_cls_rec_micro": 69.07822254865957, "unseen_cls_f1_micro": 78.21205821205821, "unseen_cls_prec_macro": 88.41620074376182, "unseen_cls_rec_macro": 67.9373915566079, "unseen_cls_f1_macro": 76.65146537967364, "unseen_epoch": 0.0, "unseen_iteration": 0.0, "unseen_global_iteration": 0.0, "seen_ner_prec_micro": 43.25694966190834, "seen_ner_rec_micro": 82.75242544017247, "seen_ner_f1_micro": 56.815098063402, "seen_ner_prec_macro": 37.48673214009778, "seen_ner_rec_macro": 78.06775661754955, "seen_ner_f1_macro": 49.63697272216388, "seen_loc_prec_micro": 44.7187141216992, "seen_loc_rec_micro": 83.97412863816027, "seen_loc_f1_micro": 58.35934573604696, "seen_loc_prec_macro": 44.7187141216992, "seen_loc_rec_macro": 83.97412863816027, "seen_loc_f1_macro": 58.35934573604696, "seen_cls_prec_micro": 97.70895205770049, "seen_cls_rec_micro": 82.75242544017247, "seen_cls_f1_micro": 89.61089494163424, "seen_cls_prec_macro": 95.00284418741391, "seen_cls_rec_macro": 78.06775661754955, "seen_cls_f1_macro": 85.67200957480574, "seen_epoch": 0.0, "seen_iteration": 0.0, "seen_global_iteration": 0.0, "ner_prec_micro": 78.47078715010333, "ner_rec_micro": 75.86269524155466, "ner_f1_micro": 77.14470403546034, "ner_prec_macro": 77.17884984239637, "ner_rec_macro": 72.75921087830987, "ner_f1_macro": 74.85871595661762, "loc_prec_micro": 83.61408882082695, "loc_rec_micro": 79.3316382128587, "loc_f1_micro": 81.4165890027959, "loc_prec_macro": 83.61408882082695, "loc_rec_macro": 79.3316382128587, "loc_f1_macro": 81.4165890027959, "cls_prec_micro": 94.07657657657656, "cls_rec_micro": 75.86269524155466, "cls_f1_micro": 83.99356525236276, "cls_prec_macro": 92.22330420438504, "cls_rec_macro": 72.75921087830987, "cls_f1_macro": 81.273311529131, "epoch": 0.0, "iteration": 0.0, "global_iteration": 0.0}}