{"test_metrics": {"Eval_Ent_Precision": 63.55615528055716, "Eval_Ent_Recall": 56.54261704561038, "Eval_Ent_F1": 59.84459756441487, "Eval_Time": 126.11281895637512, "Eval_Examples": 5000, "Eval_Examples_Per_Second": 39.647040177014816, "seen_Eval_Ent_Precision": 1.0379904502723706e-08, "seen_Eval_Ent_Recall": 50.0, "seen_Eval_Ent_F1": 2.075980900113771e-08, "seen_Eval_Time": 126.27950024604797, "seen_Eval_Examples": 5000, "seen_Eval_Examples_Per_Second": 39.594708485999725, "unseen_Eval_Ent_Precision": 63.55615528055716, "unseen_Eval_Ent_Recall": 56.54261704561038, "unseen_Eval_Ent_F1": 59.84459756441487, "unseen_Eval_Time": 127.01319336891174, "unseen_Eval_Examples": 5000, "unseen_Eval_Examples_Per_Second": 39.36598921245468}}