{"test_metrics": {"unseen__f1": 0.0, "unseen__pr": 0.0, "unseen__rec": 0.0, "unseen__ner_f1": 0.6034402251243591, "unseen__ner_pr": 0.4918902516365051, "unseen__ner_rec": 0.7804232835769653, "unseen__macro_f1": 0.0, "unseen__macro_pr": 0.0, "unseen__macro_rec": 0.0, "unseen__macro_ner_f1": 0.6237149238586426, "unseen__macro_ner_pr": 0.5736187696456909, "unseen__macro_ner_rec": 0.7332127094268799, "unseen__samples_per_s": 559.1376892380872, "unseen__samples_total_num": 3083, "unseen__samples_total_s": 5.513847589492798, "unseen__organization_pr": 0.5262295007705688, "unseen__organization_rec": 0.6343873739242554, "unseen__organization_f1": 0.5752688050270081, "unseen__location_pr": 0.4083492159843445, "unseen__location_rec": 0.8641255497932434, "unseen__location_f1": 0.5546121597290039, "unseen__person_pr": 0.7862775921821594, "unseen__person_rec": 0.7011252045631409, "unseen__person_f1": 0.7412639260292053, "seen__f1": 0.0, "seen__pr": 0.0, "seen__rec": 0.0, "seen__ner_f1": 0.7505998015403748, "seen__ner_pr": 0.6489083170890808, "seen__ner_rec": 0.890086829662323, "seen__macro_f1": 0.0, "seen__macro_pr": 0.0, "seen__macro_rec": 0.0, "seen__macro_ner_f1": 0.5823609828948975, "seen__macro_ner_pr": 0.46717849373817444, "seen__macro_ner_rec": 0.8348445296287537, "seen__samples_per_s": 598.0328464703395, "seen__samples_total_num": 4263, "seen__samples_total_s": 7.128371000289917, "seen__organization_pr": 0.3617021143436432, "seen__organization_rec": 0.7420634627342224, "seen__organization_f1": 0.4863458573818207, "seen__location_pr": 0.731854259967804, "seen__location_rec": 0.8984532356262207, "seen__location_f1": 0.8066414594650269, "seen__person_pr": 0.30797910690307617, "seen__person_rec": 0.8640167117118835, "seen__person_f1": 0.45409560203552246}, "test_metrics_bounds": {"unseen__f1": 0.0, "unseen__pr": 0.0, "unseen__rec": 0.0, "unseen__ner_f1": 0.6343095898628235, "unseen__ner_pr": 0.5170531868934631, "unseen__ner_rec": 0.8203462958335876, "unseen__macro_f1": 0.0, "unseen__macro_pr": 0.0, "unseen__macro_rec": 0.0, "unseen__macro_ner_f1": 0.6343095898628235, "unseen__macro_ner_pr": 0.5170531868934631, "unseen__macro_ner_rec": 0.8203462958335876, "unseen__samples_per_s": 559.1376892380872, "unseen__samples_total_num": 3083, "unseen__samples_total_s": 5.513847589492798, "seen__f1": 0.0, "seen__pr": 0.0, "seen__rec": 0.0, "seen__ner_f1": 0.7577976584434509, "seen__ner_pr": 0.6551309823989868, "seen__ner_rec": 0.8986223340034485, "seen__macro_f1": 0.0, "seen__macro_pr": 0.0, "seen__macro_rec": 0.0, "seen__macro_ner_f1": 0.7577976584434509, "seen__macro_ner_pr": 0.6551309823989868, "seen__macro_ner_rec": 0.8986223340034485, "seen__samples_per_s": 598.0328464703395, "seen__samples_total_num": 4263, "seen__samples_total_s": 7.128371000289917}}