{"test_metrics": {"unseen_ner_prec_micro": 19.94499157128915, "unseen_ner_rec_micro": 75.25945764981586, "unseen_ner_f1_micro": 31.533174358255017, "unseen_ner_prec_macro": 29.121224755819004, "unseen_ner_rec_macro": 72.17712056069496, "unseen_ner_f1_macro": 39.34565222028326, "unseen_loc_prec_micro": 21.48864972415664, "unseen_loc_rec_micro": 79.54469367258119, "unseen_loc_f1_micro": 33.83651381372828, "unseen_loc_prec_macro": 21.48864972415664, "unseen_loc_rec_macro": 79.54469367258119, "unseen_loc_f1_macro": 33.83651381372828, "unseen_cls_prec_micro": 92.35825801150372, "unseen_cls_rec_micro": 75.25945764981586, "unseen_cls_f1_micro": 82.93672754104409, "unseen_cls_prec_macro": 90.63680991083824, "unseen_cls_rec_macro": 72.17712056069496, "unseen_cls_f1_macro": 80.17633532535244, "unseen_epoch": 0.0, "unseen_iteration": 0.0, "unseen_global_iteration": 0.0, "seen_ner_prec_micro": 64.5910945538407, "seen_ner_rec_micro": 92.77614982800355, "seen_ner_f1_micro": 76.15959838937405, "seen_ner_prec_macro": 46.40328612866279, "seen_ner_rec_macro": 89.30497356041434, "seen_ner_f1_macro": 58.92844311223643, "seen_loc_prec_micro": 66.03995299647474, "seen_loc_rec_micro": 93.08192126385528, "seen_loc_f1_micro": 77.26311336717428, "seen_loc_prec_macro": 66.03995299647474, "seen_loc_rec_macro": 93.08192126385528, "seen_loc_f1_macro": 77.26311336717428, "seen_cls_prec_micro": 98.39210917443587, "seen_cls_rec_micro": 92.77614982800355, "seen_cls_f1_micro": 95.50163934426229, "seen_cls_prec_macro": 91.10349884903592, "seen_cls_rec_macro": 89.30497356041434, "seen_cls_f1_macro": 90.15176586312344, "seen_epoch": 0.0, "seen_iteration": 0.0, "seen_global_iteration": 0.0, "ner_prec_micro": 84.59080418959701, "ner_rec_micro": 87.94758213362864, "ner_f1_micro": 86.236539679667, "ner_prec_macro": 75.57787414787613, "ner_rec_macro": 80.55266213886333, "ner_f1_macro": 77.93979770918519, "loc_prec_micro": 87.56443881703898, "loc_rec_micro": 89.35031376891843, "loc_f1_micro": 88.4483624902937, "loc_prec_macro": 87.56443881703898, "loc_rec_macro": 89.35031376891843, "loc_f1_macro": 88.4483624902937, "cls_prec_micro": 96.8988307066599, "cls_rec_micro": 87.94758213362864, "cls_f1_micro": 92.20647283634077, "cls_prec_macro": 91.77399957279556, "cls_rec_macro": 80.55266213886333, "cls_f1_macro": 85.74266618539428, "epoch": 0.0, "iteration": 0.0, "global_iteration": 0.0}}