{"test_metrics": {"unseen_ner_prec_micro": 61.846153846153854, "unseen_ner_rec_micro": 64.5610278372591, "unseen_ner_f1_micro": 63.17443687794657, "unseen_ner_prec_macro": 56.38129284816032, "unseen_ner_rec_macro": 58.03676222827714, "unseen_ner_f1_macro": 56.777588366640416, "unseen_loc_prec_micro": 76.23220153340635, "unseen_loc_rec_micro": 74.51820128479658, "unseen_loc_f1_micro": 75.36545749864645, "unseen_loc_prec_macro": 76.23220153340635, "unseen_loc_rec_macro": 74.51820128479658, "unseen_loc_f1_macro": 75.36545749864645, "unseen_cls_prec_micro": 81.04838709677419, "unseen_cls_rec_micro": 64.5610278372591, "unseen_cls_f1_micro": 71.87127532777116, "unseen_cls_prec_macro": 73.42019546863723, "unseen_cls_rec_macro": 58.03676222827714, "unseen_cls_f1_macro": 64.52816967597641, "unseen_epoch": 0.0, "unseen_iteration": 0.0, "unseen_global_iteration": 0.0, "seen_ner_prec_micro": 9.766022380467955, "seen_ner_rec_micro": 66.20689655172414, "seen_ner_f1_micro": 17.02127659574468, "seen_ner_prec_macro": 7.283423229694665, "seen_ner_rec_macro": 45.141065830721, "seen_ner_f1_macro": 12.499125392812708, "seen_loc_prec_micro": 12.527472527472527, "seen_loc_rec_micro": 78.62068965517241, "seen_loc_f1_micro": 21.61137440758294, "seen_loc_prec_macro": 12.527472527472527, "seen_loc_rec_macro": 78.62068965517241, "seen_loc_f1_macro": 21.61137440758294, "seen_cls_prec_micro": 80.0, "seen_cls_rec_micro": 66.20689655172414, "seen_cls_f1_micro": 72.45283018867924, "seen_cls_prec_macro": 55.002823263692825, "seen_cls_rec_macro": 45.14106583072101, "seen_cls_f1_macro": 49.34813527180784, "seen_epoch": 0.0, "seen_iteration": 0.0, "seen_global_iteration": 0.0, "ner_prec_micro": 71.41382868937049, "ner_rec_micro": 64.13345690454125, "ner_f1_micro": 67.578125, "ner_prec_macro": 63.198897217874816, "ner_rec_macro": 56.69565213040494, "ner_f1_macro": 59.545564577442754, "loc_prec_micro": 88.97464167585446, "loc_rec_micro": 74.7914735866543, "loc_f1_micro": 81.2688821752266, "loc_prec_macro": 88.97464167585446, "loc_rec_macro": 74.7914735866543, "loc_f1_macro": 81.2688821752266, "cls_prec_micro": 80.65268065268066, "cls_rec_micro": 64.13345690454125, "cls_f1_micro": 71.45069695405266, "cls_prec_macro": 71.62979805476034, "cls_rec_macro": 56.69565213040494, "cls_f1_macro": 63.02853392112157, "epoch": 0.0, "iteration": 0.0, "global_iteration": 0.0}}