{"test_metrics": {"unseen_ner_prec_micro": 25.004511820970944, "unseen_ner_rec_micro": 74.66990029641606, "unseen_ner_f1_micro": 37.46366524707632, "unseen_ner_prec_macro": 33.92659345921058, "unseen_ner_rec_macro": 70.91251123876127, "unseen_ner_f1_macro": 44.076030313685386, "unseen_loc_prec_micro": 26.69472143445247, "unseen_loc_rec_micro": 78.63109673942333, "unseen_loc_f1_micro": 39.85794290397487, "unseen_loc_prec_macro": 26.69472143445247, "unseen_loc_rec_macro": 78.63109673942333, "unseen_loc_f1_macro": 39.85794290397487, "unseen_cls_prec_micro": 93.67816091954025, "unseen_cls_rec_micro": 74.66990029641606, "unseen_cls_f1_micro": 83.10091467986204, "unseen_cls_prec_macro": 91.43867787463678, "unseen_cls_rec_macro": 70.91251123876127, "unseen_cls_f1_macro": 79.77468892315297, "unseen_epoch": 0.0, "unseen_iteration": 0.0, "unseen_global_iteration": 0.0, "seen_ner_prec_micro": 57.855271478905046, "seen_ner_rec_micro": 89.88070175438597, "seen_ner_f1_micro": 70.39683412113884, "seen_ner_prec_macro": 40.67470116465473, "seen_ner_rec_macro": 88.44030535587838, "seen_ner_f1_macro": 53.12817777077552, "seen_loc_prec_micro": 58.89621087314663, "seen_loc_rec_micro": 90.31578947368422, "seen_loc_f1_micro": 71.29798903107861, "seen_loc_prec_macro": 58.89621087314663, "seen_loc_rec_macro": 90.31578947368422, "seen_loc_f1_macro": 71.29798903107861, "seen_cls_prec_micro": 98.72051795899492, "seen_cls_rec_micro": 89.88070175438597, "seen_cls_f1_micro": 94.09344695856598, "seen_cls_prec_macro": 93.07719246796418, "seen_cls_rec_macro": 88.44030535587838, "seen_cls_f1_macro": 90.6658042693489, "seen_epoch": 0.0, "seen_iteration": 0.0, "seen_global_iteration": 0.0, "ner_prec_micro": 82.8876039031442, "ner_rec_micro": 84.66223698781839, "ner_f1_micro": 83.76552227903579, "ner_prec_macro": 74.61513233095799, "ner_rec_macro": 78.08612351479177, "ner_f1_macro": 76.2890477034648, "loc_prec_micro": 85.65934065934066, "loc_rec_micro": 86.3233665559247, "loc_f1_micro": 85.99007170435742, "loc_prec_macro": 85.65934065934066, "loc_rec_macro": 86.3233665559247, "loc_f1_macro": 85.99007170435742, "cls_prec_micro": 97.15132902679233, "cls_rec_micro": 84.66223698781839, "cls_f1_micro": 90.4778342127324, "cls_prec_macro": 92.9653240596852, "cls_rec_macro": 78.08612351479177, "cls_f1_macro": 84.8372998979916, "epoch": 0.0, "iteration": 0.0, "global_iteration": 0.0}}