{"test_metrics": {"Eval_Ent_Precision": 78.11577081549207, "Eval_Ent_Recall": 73.27546402746782, "Eval_Ent_F1": 75.6182398578895, "Eval_Time": 117.88811945915222, "Eval_Examples": 5000, "Eval_Examples_Per_Second": 42.41309491523852, "seen_Eval_Ent_Precision": 36.70013782502458, "seen_Eval_Ent_Recall": 73.11237496641994, "seen_Eval_Ent_F1": 48.86937143635855, "seen_Eval_Time": 116.94737720489502, "seen_Eval_Examples": 5000, "seen_Eval_Examples_Per_Second": 42.754272216296584, "unseen_Eval_Ent_Precision": 41.4648552881542, "unseen_Eval_Ent_Recall": 73.44376633881647, "unseen_Eval_Ent_F1": 53.004467374817985, "unseen_Eval_Time": 117.73123621940613, "unseen_Eval_Examples": 5000, "unseen_Eval_Examples_Per_Second": 42.46961265812165}}