{"test_metrics": {"unseen_ner_prec_micro": 38.27549947423765, "unseen_ner_rec_micro": 55.742725880551305, "unseen_ner_f1_micro": 45.38653366583541, "unseen_ner_prec_macro": 38.2711557381819, "unseen_ner_rec_macro": 51.37733557477363, "unseen_ner_f1_macro": 42.412180770962, "unseen_loc_prec_micro": 44.98346196251378, "unseen_loc_rec_micro": 62.480857580398165, "unseen_loc_f1_micro": 52.30769230769232, "unseen_loc_prec_macro": 44.98346196251378, "unseen_loc_rec_macro": 62.480857580398165, "unseen_loc_f1_macro": 52.30769230769232, "unseen_cls_prec_micro": 83.87096774193549, "unseen_cls_rec_micro": 55.742725880551305, "unseen_cls_f1_micro": 66.97332106715731, "unseen_cls_prec_macro": 80.12881895536282, "unseen_cls_rec_macro": 51.37733557477363, "unseen_cls_f1_macro": 61.326895029738125, "unseen_epoch": 0.0, "unseen_iteration": 0.0, "unseen_global_iteration": 0.0, "seen_ner_prec_micro": 34.696016771488466, "seen_ner_rec_micro": 77.69953051643192, "seen_ner_f1_micro": 47.971014492753625, "seen_ner_prec_macro": 28.2155234556948, "seen_ner_rec_macro": 65.51848580269633, "seen_ner_f1_macro": 39.15662886959849, "seen_loc_prec_micro": 39.62678375411636, "seen_loc_rec_micro": 84.74178403755869, "seen_loc_f1_micro": 54.00149588631265, "seen_loc_prec_macro": 39.62678375411636, "seen_loc_rec_macro": 84.74178403755869, "seen_loc_f1_macro": 54.00149588631265, "seen_cls_prec_micro": 87.79840848806366, "seen_cls_rec_micro": 77.69953051643192, "seen_cls_f1_micro": 82.44084682440847, "seen_cls_prec_macro": 75.5498706973426, "seen_cls_rec_macro": 65.51848580269633, "seen_cls_f1_macro": 69.72905295839264, "seen_epoch": 0.0, "seen_iteration": 0.0, "seen_global_iteration": 0.0, "ner_prec_micro": 72.64150943396226, "ner_rec_micro": 64.22613531047267, "ner_f1_micro": 68.17511067388097, "ner_prec_macro": 66.22423504708087, "ner_rec_macro": 56.64289413916469, "ner_f1_macro": 60.20227118241295, "loc_prec_micro": 83.58695652173913, "loc_rec_micro": 71.26969416126042, "loc_f1_micro": 76.93846923461732, "loc_prec_macro": 83.58695652173913, "loc_rec_macro": 71.26969416126042, "loc_f1_macro": 76.93846923461732, "cls_prec_micro": 86.40897755610972, "cls_rec_micro": 64.22613531047267, "cls_f1_micro": 73.68421052631578, "cls_prec_macro": 79.81924835962192, "cls_rec_macro": 56.64289413916469, "cls_f1_macro": 65.01287130222849, "epoch": 0.0, "iteration": 0.0, "global_iteration": 0.0}}