{"test_metrics": {"Eval_Ent_Precision": 80.04926106729651, "Eval_Ent_Recall": 53.414901386627136, "Eval_Ent_F1": 64.07447973096409, "Eval_Time": 55.224302530288696, "Eval_Examples": 2050, "Eval_Examples_Per_Second": 37.12133799925573, "seen_Eval_Ent_Precision": 2.7367268731599743e-08, "seen_Eval_Ent_Recall": 50.0, "seen_Eval_Ent_F1": 5.473453743324079e-08, "seen_Eval_Time": 54.998828411102295, "seen_Eval_Examples": 2050, "seen_Eval_Examples_Per_Second": 37.273521258976096, "unseen_Eval_Ent_Precision": 80.04926106729651, "unseen_Eval_Ent_Recall": 53.414901386627136, "unseen_Eval_Ent_F1": 64.07447973096409, "unseen_Eval_Time": 55.76231050491333, "unseen_Eval_Examples": 2050, "unseen_Eval_Examples_Per_Second": 36.76318254099909}}