{"test_metrics": {"Eval_Ent_Precision": 84.60144921267853, "Eval_Ent_Recall": 86.56163107217492, "Eval_Ent_F1": 85.5703160136137, "Eval_Time": 8.949924945831299, "Eval_Examples": 288, "Eval_Examples_Per_Second": 32.179040801246586, "seen_Eval_Ent_Precision": 26.358695695002364, "seen_Eval_Ent_Recall": 94.48051919168495, "seen_Eval_Ent_F1": 41.21813033649256, "seen_Eval_Time": 9.11656403541565, "seen_Eval_Examples": 288, "seen_Eval_Examples_Per_Second": 31.59084923675077, "unseen_Eval_Ent_Precision": 58.24275360825588, "unseen_Eval_Ent_Recall": 83.39818408975827, "unseen_Eval_Ent_F1": 68.58666662701512, "unseen_Eval_Time": 8.978715181350708, "unseen_Eval_Examples": 288, "unseen_Eval_Examples_Per_Second": 32.07585875963546}}