{"test_metrics": {"unseen_ner_prec_micro": 40.11627906976744, "unseen_ner_rec_micro": 61.51560178306092, "unseen_ner_f1_micro": 48.56304985337243, "unseen_ner_prec_macro": 39.53640001577697, "unseen_ner_rec_macro": 55.75073458810552, "unseen_ner_f1_macro": 44.76752963974453, "unseen_loc_prec_micro": 51.41657922350472, "unseen_loc_rec_micro": 72.80832095096582, "unseen_loc_f1_micro": 60.27060270602706, "unseen_loc_prec_macro": 51.41657922350472, "unseen_loc_rec_macro": 72.80832095096582, "unseen_loc_f1_macro": 60.27060270602706, "unseen_cls_prec_micro": 77.38317757009345, "unseen_cls_rec_micro": 61.51560178306092, "unseen_cls_f1_micro": 68.54304635761589, "unseen_cls_prec_macro": 74.12369521794693, "unseen_cls_rec_macro": 55.75073458810552, "unseen_cls_f1_macro": 62.05814404993094, "unseen_epoch": 0.0, "unseen_iteration": 0.0, "unseen_global_iteration": 0.0, "seen_ner_prec_micro": 29.277942631058355, "seen_ner_rec_micro": 72.9064039408867, "seen_ner_f1_micro": 41.77840508115737, "seen_ner_prec_macro": 25.442079996312305, "seen_ner_rec_macro": 63.7566381627626, "seen_ner_f1_macro": 36.36827339944803, "seen_loc_prec_micro": 35.287846481876336, "seen_loc_rec_micro": 81.5270935960591, "seen_loc_f1_micro": 49.25595238095239, "seen_loc_prec_macro": 35.287846481876336, "seen_loc_rec_macro": 81.5270935960591, "seen_loc_f1_macro": 49.25595238095239, "seen_cls_prec_micro": 83.61581920903954, "seen_cls_rec_micro": 72.9064039408867, "seen_cls_f1_micro": 77.89473684210526, "seen_cls_prec_macro": 77.93878242353853, "seen_cls_rec_macro": 63.7566381627626, "seen_cls_f1_macro": 69.77288312477307, "seen_epoch": 0.0, "seen_iteration": 0.0, "seen_global_iteration": 0.0, "ner_prec_micro": 69.99012833168806, "ner_rec_micro": 65.70898980537535, "ner_f1_micro": 67.78202676864244, "ner_prec_macro": 66.30937905460826, "ner_rec_macro": 57.74174410728643, "ner_f1_macro": 60.645354092693246, "loc_prec_micro": 87.15498938428875, "loc_rec_micro": 76.08897126969416, "loc_f1_micro": 81.24690747154874, "loc_prec_macro": 87.15498938428875, "loc_rec_macro": 76.08897126969416, "loc_f1_macro": 81.24690747154874, "cls_prec_micro": 80.29445073612685, "cls_rec_micro": 65.70898980537535, "cls_f1_micro": 72.27319062181448, "cls_prec_macro": 76.6080079692696, "cls_rec_macro": 57.74174410728643, "cls_f1_macro": 64.47498259208898, "epoch": 0.0, "iteration": 0.0, "global_iteration": 0.0}}