{"test_metrics": {"unseen_ner_prec_micro": 16.4079822616408, "unseen_ner_rec_micro": 75.31806615776081, "unseen_ner_f1_micro": 26.9458352298589, "unseen_ner_prec_macro": 15.609413257772742, "unseen_ner_rec_macro": 60.79722359940503, "unseen_ner_f1_macro": 24.544401865078196, "unseen_loc_prec_micro": 18.06620534879372, "unseen_loc_rec_micro": 81.93384223918575, "unseen_loc_f1_micro": 29.604658289917253, "unseen_loc_prec_macro": 18.06620534879372, "unseen_loc_rec_macro": 81.93384223918575, "unseen_loc_f1_macro": 29.604658289917253, "unseen_cls_prec_micro": 90.6122448979592, "unseen_cls_rec_micro": 75.31806615776081, "unseen_cls_f1_micro": 82.26030569708198, "unseen_cls_prec_macro": 83.26644178476012, "unseen_cls_rec_macro": 60.79722359940503, "unseen_cls_f1_macro": 68.85519787653645, "unseen_epoch": 0.0, "unseen_iteration": 0.0, "unseen_global_iteration": 0.0, "seen_ner_prec_micro": 71.090573012939, "seen_ner_rec_micro": 89.50430532929951, "seen_ner_f1_micro": 79.24178427938601, "seen_ner_prec_macro": 66.48012300174551, "seen_ner_rec_macro": 87.43837752585176, "seen_ner_f1_macro": 75.35585067225036, "seen_loc_prec_micro": 76.27245508982035, "seen_loc_rec_micro": 94.85687689085408, "seen_loc_f1_micro": 84.55554403070221, "seen_loc_prec_macro": 76.27245508982035, "seen_loc_rec_macro": 94.85687689085408, "seen_loc_f1_macro": 84.55554403070221, "seen_cls_prec_micro": 93.62220058422592, "seen_cls_rec_micro": 89.50430532929951, "seen_cls_f1_micro": 91.5169541939322, "seen_cls_prec_macro": 92.50224446916096, "seen_cls_rec_macro": 87.43837752585176, "seen_cls_f1_macro": 89.87668547627791, "seen_epoch": 0.0, "seen_iteration": 0.0, "seen_global_iteration": 0.0, "ner_prec_micro": 87.50231096320947, "ner_rec_micro": 86.43170197224251, "ner_f1_micro": 86.96371152962793, "ner_prec_macro": 81.68456053178687, "ner_rec_macro": 79.84414844162968, "ner_f1_macro": 80.6381053864969, "loc_prec_micro": 94.43090193137073, "loc_rec_micro": 91.96493791088386, "loc_f1_micro": 93.1816079193265, "loc_prec_macro": 94.43090193137073, "loc_rec_macro": 91.96493791088386, "loc_f1_macro": 93.1816079193265, "cls_prec_micro": 92.91323125245388, "cls_rec_micro": 86.43170197224251, "cls_f1_micro": 89.55534531693472, "cls_prec_macro": 90.05903896882195, "cls_rec_macro": 79.84414844162968, "cls_f1_macro": 84.43320769517423, "epoch": 0.0, "iteration": 0.0, "global_iteration": 0.0}}