{"test_metrics": {"unseen_ner_prec_micro": 17.51101321585903, "unseen_ner_rec_micro": 75.4746835443038, "unseen_ner_f1_micro": 28.426698450536357, "unseen_ner_prec_macro": 16.898040043713305, "unseen_ner_rec_macro": 63.09498754600513, "unseen_ner_f1_macro": 26.32411095063718, "unseen_loc_prec_micro": 19.6027473547429, "unseen_loc_rec_micro": 83.54430379746836, "unseen_loc_f1_micro": 31.75462336490753, "unseen_loc_prec_macro": 19.6027473547429, "unseen_loc_rec_macro": 83.54430379746836, "unseen_loc_f1_macro": 31.75462336490753, "unseen_cls_prec_micro": 88.90959925442684, "unseen_cls_rec_micro": 75.4746835443038, "unseen_cls_f1_micro": 81.64313222079589, "unseen_cls_prec_macro": 84.871193901447, "unseen_cls_rec_macro": 63.09498754600513, "unseen_cls_f1_macro": 70.96856606288863, "unseen_epoch": 0.0, "unseen_iteration": 0.0, "unseen_global_iteration": 0.0, "seen_ner_prec_micro": 69.33970939856539, "seen_ner_rec_micro": 89.50617283950618, "seen_ner_f1_micro": 78.14281272670743, "seen_ner_prec_macro": 62.32540696270663, "seen_ner_rec_macro": 88.74536070701274, "seen_ner_f1_macro": 72.90447158190601, "seen_loc_prec_micro": 74.3021957573502, "seen_loc_rec_micro": 94.8005698005698, "seen_loc_f1_micro": 83.30899228040893, "seen_loc_prec_macro": 74.3021957573502, "seen_loc_rec_macro": 94.8005698005698, "seen_loc_f1_macro": 83.30899228040893, "seen_cls_prec_micro": 93.73446046742912, "seen_cls_rec_micro": 89.50617283950618, "seen_cls_f1_micro": 91.57153266941948, "seen_cls_prec_macro": 90.4578620457628, "seen_cls_rec_macro": 88.74536070701274, "seen_cls_f1_macro": 89.53113989062498, "seen_epoch": 0.0, "seen_iteration": 0.0, "seen_global_iteration": 0.0, "ner_prec_micro": 86.94852941176471, "ner_rec_micro": 86.37691745799853, "ner_f1_micro": 86.66178087211432, "ner_prec_macro": 79.46045976875692, "ner_rec_macro": 80.63795206356625, "ner_f1_macro": 79.91833449320997, "loc_prec_micro": 93.88930163447252, "loc_rec_micro": 92.31190650109568, "loc_f1_micro": 93.0939226519337, "loc_prec_macro": 93.88930163447252, "loc_rec_macro": 92.31190650109568, "loc_f1_macro": 93.0939226519337, "cls_prec_micro": 92.78148293448412, "cls_rec_micro": 86.37691745799853, "cls_f1_micro": 89.46472479667108, "cls_prec_macro": 89.15211385280568, "cls_rec_macro": 80.63795206356625, "cls_f1_macro": 84.52411023905857, "epoch": 0.0, "iteration": 0.0, "global_iteration": 0.0}}