{"test_metrics": {"f1": 0.0, "pr": 0.0, "rec": 0.0, "ner_f1": 0.8759657740592957, "ner_pr": 0.878281831741333, "ner_rec": 0.8736618757247925, "macro_f1": 0.0, "macro_pr": 0.0, "macro_rec": 0.0, "macro_ner_f1": 0.7921180725097656, "macro_ner_pr": 0.8139205574989319, "macro_ner_rec": 0.7732077240943909, "samples_per_s": 235.1242052534197, "samples_total_num": 5000, "samples_total_s": 21.265356302261353, "organization_pr": 0.7388632893562317, "organization_rec": 0.6345646381378174, "organization_f1": 0.6827537417411804, "location_pr": 0.9073940515518188, "location_rec": 0.9213744401931763, "location_f1": 0.914330780506134, "person_pr": 0.7955043911933899, "person_rec": 0.7636842131614685, "person_f1": 0.7792695760726929}, "test_metrics_bounds": {"f1": 0.0, "pr": 0.0, "rec": 0.0, "ner_f1": 0.8928058743476868, "ner_pr": 0.8951665163040161, "ner_rec": 0.8904577493667603, "macro_f1": 0.0, "macro_pr": 0.0, "macro_rec": 0.0, "macro_ner_f1": 0.8928058743476868, "macro_ner_pr": 0.8951665163040161, "macro_ner_rec": 0.8904577493667603, "samples_per_s": 235.1242052534197, "samples_total_num": 5000, "samples_total_s": 21.265356302261353}, "metrics": {"f1": [0.0, 0.0, 0.0, 0.0, 0.0], "pr": [0.0, 0.0, 0.0, 0.0, 0.0], "rec": [0.0, 0.0, 0.0, 0.0, 0.0], "ner_f1": [0.8063777089118958, 0.8539662957191467, 0.8742664456367493, 0.8642656803131104, 0.8734349012374878], "ner_pr": [0.7720985412597656, 0.8409903645515442, 0.8764940500259399, 0.823563814163208, 0.8539721965789795], "ner_rec": [0.8438422083854675, 0.867348849773407, 0.8720501661300659, 0.9091998338699341, 0.8938053250312805], "macro_f1": [0.0, 0.0, 0.0, 0.0, 0.0], "macro_pr": [0.0, 0.0, 0.0, 0.0, 0.0], "macro_rec": [0.0, 0.0, 0.0, 0.0, 0.0], "macro_ner_f1": [0.6914315819740295, 0.7722477912902832, 0.7902071475982666, 0.7857968211174011, 0.7974571585655212], "macro_ner_pr": [0.6560923457145691, 0.776218593120575, 0.8209905624389648, 0.7816125750541687, 0.7748655676841736], "macro_ner_rec": [0.734266459941864, 0.7755383849143982, 0.7647304534912109, 0.7978770136833191, 0.8218527436256409], "samples_per_s": [229.04769341498258, 235.9633899574419, 235.9559801735284, 236.93562243329166, 234.04996462831699], "samples_total_num": [5000, 5000, 5000, 5000, 5000], "samples_total_s": [21.829514741897583, 21.189727783203125, 21.190393209457397, 21.102778673171997, 21.36295986175537], "organization_pr": [0.5269086360931396, 0.7432646751403809, 0.7587301731109619, 0.7559429407119751, 0.6861768364906311], "organization_rec": [0.5474642515182495, 0.6098829507827759, 0.6215865015983582, 0.6202861070632935, 0.7165149450302124], "organization_f1": [0.5369898080825806, 0.6699999570846558, 0.6833452582359314, 0.6814285516738892, 0.7010177373886108], "location_pr": [0.8449558615684509, 0.886156439781189, 0.9008708000183105, 0.8466363549232483, 0.8987777233123779], "location_rec": [0.890167772769928, 0.9044936895370483, 0.9246969223022461, 0.9584915041923523, 0.9273906946182251], "location_f1": [0.866972804069519, 0.8952311873435974, 0.9126283526420593, 0.8990983366966248, 0.9128600358963013], "person_pr": [0.5964125394821167, 0.6992346048355103, 0.8033707737922668, 0.7422581911087036, 0.7396422028541565], "person_rec": [0.7651673555374146, 0.8122385144233704, 0.7479079365730286, 0.8148535490036011, 0.8216527104377747], "person_f1": [0.670332133769989, 0.7515122294425964, 0.7746478319168091, 0.7768635749816895, 0.7784935832023621]}}