{"test_metrics": {"Eval_Ent_Precision": 64.78310500595536, "Eval_Ent_Recall": 67.43909683013773, "Eval_Ent_F1": 66.08442501766007, "Eval_Time": 24.35466742515564, "Eval_Examples": 551, "Eval_Examples_Per_Second": 22.624000171354375, "seen_Eval_Ent_Precision": 13.641552552920604, "seen_Eval_Ent_Recall": 79.9331101676715, "seen_Eval_Ent_F1": 23.305704586434516, "seen_Eval_Time": 24.787866830825806, "seen_Eval_Examples": 551, "seen_Eval_Examples_Per_Second": 22.228617079497337, "unseen_Eval_Ent_Precision": 51.14155251011239, "unseen_Eval_Ent_Recall": 64.73988437176317, "unseen_Eval_Ent_F1": 57.14285713374635, "unseen_Eval_Time": 20.818421125411987, "unseen_Eval_Examples": 551, "unseen_Eval_Examples_Per_Second": 26.466944667932687}}