{"test_metrics": {"f1": 0.0, "pr": 0.0, "rec": 0.0, "ner_f1": 0.7875316739082336, "ner_pr": 0.7726602554321289, "ner_rec": 0.8029868006706238, "macro_f1": 0.0, "macro_pr": 0.0, "macro_rec": 0.0, "macro_ner_f1": 0.7854870557785034, "macro_ner_pr": 0.7954586744308472, "macro_ner_rec": 0.7784034013748169, "samples_per_s": 375.35947265936113, "samples_total_num": 1854, "samples_total_s": 4.939265251159668, "dna_pr": 0.74609375, "dna_rec": 0.7732793688774109, "dna_f1": 0.7594433426856995, "rna_pr": 0.9139785170555115, "rna_rec": 0.817307710647583, "rna_f1": 0.8629441857337952, "cell_type_pr": 0.7327868938446045, "cell_type_rec": 0.7576271295547485, "cell_type_f1": 0.7450000047683716, "protein_pr": 0.7839162945747375, "protein_rec": 0.8399299383163452, "protein_f1": 0.8109570145606995, "cell_line_pr": 0.8005181550979614, "cell_line_rec": 0.7038724422454834, "cell_line_f1": 0.7490909099578857}, "test_metrics_bounds": {"f1": 0.0, "pr": 0.0, "rec": 0.0, "ner_f1": 0.8237062096595764, "ner_pr": 0.8084439635276794, "ner_rec": 0.8395557999610901, "macro_f1": 0.0, "macro_pr": 0.0, "macro_rec": 0.0, "macro_ner_f1": 0.8237062096595764, "macro_ner_pr": 0.8084439635276794, "macro_ner_rec": 0.8395557999610901, "samples_per_s": 375.35947265936113, "samples_total_num": 1854, "samples_total_s": 4.939265251159668}, "metrics": {"f1": [0.0, 0.0, 0.0, 0.0, 0.0, 0.0, 0.0, 0.0, 0.0, 0.0, 0.0, 0.0, 0.0, 0.0, 0.0, 0.0, 0.0, 0.0, 0.0, 0.0], "pr": [0.0, 0.0, 0.0, 0.0, 0.0, 0.0, 0.0, 0.0, 0.0, 0.0, 0.0, 0.0, 0.0, 0.0, 0.0, 0.0, 0.0, 0.0, 0.0, 0.0], "rec": [0.0, 0.0, 0.0, 0.0, 0.0, 0.0, 0.0, 0.0, 0.0, 0.0, 0.0, 0.0, 0.0, 0.0, 0.0, 0.0, 0.0, 0.0, 0.0, 0.0], "ner_f1": [0.7165012955665588, 0.7560493350028992, 0.780031144618988, 0.7775052785873413, 0.7833207845687866, 0.78596431016922, 0.7873372435569763, 0.7833111882209778, 0.7838729023933411, 0.7804384231567383, 0.7810978293418884, 0.7847773432731628, 0.7834895253181458, 0.7831314206123352, 0.7836301326751709, 0.7841082215309143, 0.7875022888183594, 0.7836543321609497, 0.7854189872741699, 0.7875316739082336], "ner_pr": [0.6771774291992188, 0.7437940239906311, 0.7490306496620178, 0.739799439907074, 0.7704128623008728, 0.798223078250885, 0.7819108963012695, 0.7776939272880554, 0.7937193512916565, 0.7519077062606812, 0.7789413332939148, 0.7581652402877808, 0.7749063372612, 0.7805249094963074, 0.7755484580993652, 0.7803906798362732, 0.774384617805481, 0.7692733407020569, 0.771075427532196, 0.7726602554321289], "ner_rec": [0.7606739401817322, 0.7687153220176697, 0.8137086033821106, 0.8192609548568726, 0.7966685891151428, 0.7740762233734131, 0.7928393483161926, 0.7890101671218872, 0.7742676734924316, 0.8112196326255798, 0.7832663059234619, 0.8133257031440735, 0.792264997959137, 0.7857553362846375, 0.7918820381164551, 0.7878614068031311, 0.8010721802711487, 0.7985832095146179, 0.8003063201904297, 0.8029868006706238], "macro_f1": [0.0, 0.0, 0.0, 0.0, 0.0, 0.0, 0.0, 0.0, 0.0, 0.0, 0.0, 0.0, 0.0, 0.0, 0.0, 0.0, 0.0, 0.0, 0.0, 0.0], "macro_pr": [0.0, 0.0, 0.0, 0.0, 0.0, 0.0, 0.0, 0.0, 0.0, 0.0, 0.0, 0.0, 0.0, 0.0, 0.0, 0.0, 0.0, 0.0, 0.0, 0.0], "macro_rec": [0.0, 0.0, 0.0, 0.0, 0.0, 0.0, 0.0, 0.0, 0.0, 0.0, 0.0, 0.0, 0.0, 0.0, 0.0, 0.0, 0.0, 0.0, 0.0, 0.0], "macro_ner_f1": [0.7065010666847229, 0.7529233694076538, 0.7781742811203003, 0.7743061184883118, 0.7798856496810913, 0.7756300568580627, 0.7896770238876343, 0.7852331399917603, 0.7877489328384399, 0.77866530418396, 0.7794985771179199, 0.787406325340271, 0.7841902375221252, 0.7801812291145325, 0.7838276624679565, 0.7847585678100586, 0.7865870594978333, 0.7836533784866333, 0.7856062650680542, 0.7854870557785034], "macro_ner_pr": [0.7247859835624695, 0.7593547701835632, 0.7743015289306641, 0.757210373878479, 0.7874591946601868, 0.800937831401825, 0.8054075241088867, 0.7940943837165833, 0.8214977383613586, 0.7659750580787659, 0.7948629260063171, 0.778166651725769, 0.7991852760314941, 0.8026739358901978, 0.78992760181427, 0.806476891040802, 0.7943090796470642, 0.7938203811645508, 0.7959486842155457, 0.7954586744308472], "macro_ner_rec": [0.6998986601829529, 0.7525264620780945, 0.7856637239456177, 0.794070839881897, 0.7758501768112183, 0.7545422315597534, 0.7765631675720215, 0.7791975140571594, 0.7588556408882141, 0.7948104739189148, 0.7664965391159058, 0.7982025146484375, 0.7716946601867676, 0.7617437839508057, 0.778828501701355, 0.7663981914520264, 0.7810698747634888, 0.7760841250419617, 0.7780272960662842, 0.7784034013748169], "samples_per_s": [361.80657521313293, 376.30807260954106, 382.2176184506331, 380.8359432231069, 375.8355808665372, 380.1860534882218, 378.0964807722033, 387.70867821440527, 391.1954761569026, 382.91867099406585, 388.4593568188477, 383.4691813895359, 387.0780068068079, 388.58832878736644, 387.2818881521939, 388.2537883285201, 386.38238901873075, 376.90706948467107, 385.61452301731885, 375.57401096337077], "samples_total_num": [1854, 1854, 1854, 1854, 1854, 1854, 1854, 1854, 1854, 1854, 1854, 1854, 1854, 1854, 1854, 1854, 1854, 1854, 1854, 1854], "samples_total_s": [5.124284982681274, 4.926814317703247, 4.850639820098877, 4.8682379722595215, 4.933008193969727, 4.876559734344482, 4.903510332107544, 4.781940937042236, 4.739318609237671, 4.841759204864502, 4.772700071334839, 4.834808349609375, 4.789732217788696, 4.771116018295288, 4.787210702896118, 4.775227069854736, 4.798355340957642, 4.918984413146973, 4.807910203933716, 4.93644380569458], "dna_pr": [0.6874451041221619, 0.7560975551605225, 0.7208454608917236, 0.7584501504898071, 0.7246484160423279, 0.7773178815841675, 0.7650951147079468, 0.7355623245239258, 0.8052189946174622, 0.716925323009491, 0.7480252981185913, 0.7373660206794739, 0.7594107985496521, 0.769037663936615, 0.7602291107177734, 0.7698144912719727, 0.7661488056182861, 0.7383540272712708, 0.7448818683624268, 0.74609375], "dna_rec": [0.6340081095695496, 0.7028340101242065, 0.8008097410202026, 0.7449392676353455, 0.7927125692367554, 0.7603238821029663, 0.7489878535270691, 0.7838056683540344, 0.6995951533317566, 0.7854251265525818, 0.7668015956878662, 0.7797570824623108, 0.7514169812202454, 0.7441295385360718, 0.752226710319519, 0.7392712831497192, 0.758704423904419, 0.7700405120849609, 0.7659919261932373, 0.7732793688774109], "dna_f1": [0.6596461534500122, 0.7284934520721436, 0.7587265372276306, 0.7516340017318726, 0.7571539878845215, 0.7687270045280457, 0.7569558024406433, 0.7589181065559387, 0.7487002015113831, 0.7496135830879211, 0.7572970986366272, 0.757969319820404, 0.7553927898406982, 0.7563786506652832, 0.756206750869751, 0.7542337775230408, 0.762408435344696, 0.7538644671440125, 0.7552894353866577, 0.7594433426856995], "rna_pr": [0.8395061492919922, 0.7586206793785095, 0.8736842274665833, 0.8301886916160583, 0.8799999952316284, 0.8529411554336548, 0.9255319237709045, 0.9175257682800293, 0.9354838728904724, 0.8787878751754761, 0.914893627166748, 0.8823529481887817, 0.9239130616188049, 0.9340659379959106, 0.907216489315033, 0.9247311949729919, 0.8979591727256775, 0.9139785170555115, 0.9247311949729919, 0.9139785170555115], "rna_rec": [0.6538461446762085, 0.8461538553237915, 0.7980769276618958, 0.8461538553237915, 0.8461538553237915, 0.8365384340286255, 0.8365384340286255, 0.8557692170143127, 0.8365384340286255, 0.8365384340286255, 0.8269230723381042, 0.8653846383094788, 0.817307710647583, 0.817307710647583, 0.8461538553237915, 0.8269230723381042, 0.8461538553237915, 0.817307710647583, 0.8269230723381042, 0.817307710647583], "rna_f1": [0.7351351380348206, 0.8000000715255737, 0.8341708779335022, 0.8380953073501587, 0.8627451062202454, 0.844660222530365, 0.8787878155708313, 0.8855721354484558, 0.8832487463951111, 0.8571428656578064, 0.868686854839325, 0.8737863898277283, 0.867347002029419, 0.8717948794364929, 0.8756219148635864, 0.8730964660644531, 0.8712871670722961, 0.8629441857337952, 0.8730964660644531, 0.8629441857337952],