{"test_metrics": {"seen__f1": 0.0, "seen__pr": 0.0, "seen__rec": 0.0, "seen__ner_f1": 0.6027958393096924, "seen__ner_pr": 0.4607590138912201, "seen__ner_rec": 0.8714285492897034, "seen__macro_f1": 0.0, "seen__macro_pr": 0.0, "seen__macro_rec": 0.0, "seen__macro_ner_f1": 0.5490239858627319, "seen__macro_ner_pr": 0.416421115398407, "seen__macro_ner_rec": 0.8436120748519897, "seen__samples_per_s": 467.81315555216526, "seen__samples_total_num": 1854, "seen__samples_total_s": 3.963120698928833, "seen__dna_pr": 0.3046875, "seen__dna_rec": 0.7991803288459778, "seen__dna_f1": 0.44117650389671326, "seen__rna_pr": 0.31182795763015747, "seen__rna_rec": 0.8787878751754761, "seen__rna_f1": 0.4603174328804016, "seen__cell_type_pr": 0.5704917907714844, "seen__cell_type_rec": 0.7909091114997864, "seen__cell_type_f1": 0.662857174873352, "seen__protein_pr": 0.5194507837295532, "seen__protein_rec": 0.9158501625061035, "seen__protein_f1": 0.6629119515419006, "seen__cell_line_pr": 0.3756476640701294, "seen__cell_line_rec": 0.8333333134651184, "seen__cell_line_f1": 0.5178571343421936, "unseen__f1": 0.0, "unseen__pr": 0.0, "unseen__rec": 0.0, "unseen__ner_f1": 0.4351625442504883, "unseen__ner_pr": 0.3119012415409088, "unseen__ner_rec": 0.7195070385932922, "unseen__macro_f1": 0.0, "unseen__macro_pr": 0.0, "unseen__macro_rec": 0.0, "unseen__macro_ner_f1": 0.47838830947875977, "unseen__macro_ner_pr": 0.3790375590324402, "unseen__macro_ner_rec": 0.709256112575531, "unseen__samples_per_s": 522.040746924915, "unseen__samples_total_num": 1854, "unseen__samples_total_s": 3.5514469146728516, "unseen__dna_pr": 0.44140625, "unseen__dna_rec": 0.7563587427139282, "unseen__dna_f1": 0.5574740767478943, "unseen__rna_pr": 0.602150559425354, "unseen__rna_rec": 0.7887324094772339, "unseen__rna_f1": 0.6829268336296082, "unseen__cell_type_pr": 0.16229508817195892, "unseen__cell_type_rec": 0.6600000262260437, "unseen__cell_type_f1": 0.2605263292789459, "unseen__protein_pr": 0.2644655108451843, "unseen__protein_rec": 0.7223214507102966, "unseen__protein_f1": 0.38717398047447205, "unseen__cell_line_pr": 0.42487046122550964, "unseen__cell_line_rec": 0.6188679337501526, "unseen__cell_line_f1": 0.5038402676582336}, "test_metrics_bounds": {"seen__f1": 0.0, "seen__pr": 0.0, "seen__rec": 0.0, "seen__ner_f1": 0.6134555339813232, "seen__ner_pr": 0.4690265357494354, "seen__ner_rec": 0.8864111304283142, "seen__macro_f1": 0.0, "seen__macro_pr": 0.0, "seen__macro_rec": 0.0, "seen__macro_ner_f1": 0.6134555339813232, "seen__macro_ner_pr": 0.4690265357494354, "seen__macro_ner_rec": 0.8864111304283142, "seen__samples_per_s": 467.81315555216526, "seen__samples_total_num": 1854, "seen__samples_total_s": 3.963120698928833, "unseen__f1": 0.0, "unseen__pr": 0.0, "unseen__rec": 0.0, "unseen__ner_f1": 0.47344735264778137, "unseen__ner_pr": 0.33941739797592163, "unseen__ner_rec": 0.782405436038971, "unseen__macro_f1": 0.0, "unseen__macro_pr": 0.0, "unseen__macro_rec": 0.0, "unseen__macro_ner_f1": 0.47344735264778137, "unseen__macro_ner_pr": 0.33941739797592163, "unseen__macro_ner_rec": 0.782405436038971, "unseen__samples_per_s": 522.040746924915, "unseen__samples_total_num": 1854, "unseen__samples_total_s": 3.5514469146728516}}