{"test_metrics": {"f1": 0.0, "pr": 0.0, "rec": 0.0, "ner_f1": 0.8620421886444092, "ner_pr": 0.8543460369110107, "ner_rec": 0.8698781728744507, "macro_f1": 0.0, "macro_pr": 0.0, "macro_rec": 0.0, "macro_ner_f1": 0.7872276306152344, "macro_ner_pr": 0.7982913851737976, "macro_ner_rec": 0.7776360511779785, "samples_per_s": 240.85633161783394, "samples_total_num": 5000, "samples_total_s": 20.759263277053833, "organization_pr": 0.7102272510528564, "organization_rec": 0.6596305966377258, "organization_f1": 0.6839945316314697, "location_pr": 0.8756579756736755, "location_rec": 0.9153827428817749, "location_f1": 0.8950798511505127, "person_pr": 0.8089887499809265, "person_rec": 0.75789475440979, "person_f1": 0.7826086282730103}, "test_metrics_bounds": {"f1": 0.0, "pr": 0.0, "rec": 0.0, "ner_f1": 0.8790525197982788, "ner_pr": 0.8712045550346375, "ner_rec": 0.8870431780815125, "macro_f1": 0.0, "macro_pr": 0.0, "macro_rec": 0.0, "macro_ner_f1": 0.8790525197982788, "macro_ner_pr": 0.8712045550346375, "macro_ner_rec": 0.8870431780815125, "samples_per_s": 240.85633161783394, "samples_total_num": 5000, "samples_total_s": 20.759263277053833}, "metrics": {"f1": [0.0, 0.0, 0.0, 0.0, 0.0], "pr": [0.0, 0.0, 0.0, 0.0, 0.0], "rec": [0.0, 0.0, 0.0, 0.0, 0.0], "ner_f1": [0.7803158760070801, 0.8178766369819641, 0.8551440238952637, 0.8487112522125244, 0.8113483190536499], "ner_pr": [0.7389369606971741, 0.8053073883056641, 0.8483940958976746, 0.8490635752677917, 0.8029974699020386], "ner_rec": [0.8266040086746216, 0.8308444023132324, 0.8620021939277649, 0.8483591675758362, 0.81987464427948], "macro_f1": [0.0, 0.0, 0.0, 0.0, 0.0], "macro_pr": [0.0, 0.0, 0.0, 0.0, 0.0], "macro_rec": [0.0, 0.0, 0.0, 0.0, 0.0], "macro_ner_f1": [0.681058406829834, 0.7263054847717285, 0.782660186290741, 0.7732058167457581, 0.7258193492889404], "macro_ner_pr": [0.6223182082176208, 0.684098482131958, 0.7978558540344238, 0.7619035243988037, 0.679786205291748], "macro_ner_rec": [0.7604425549507141, 0.7878365516662598, 0.769633948802948, 0.7859222292900085, 0.8077221512794495], "samples_per_s": [236.22697728319017, 249.75049090516202, 242.44056720507038, 243.1301861405202, 246.39881105505341], "samples_total_num": [5000, 5000, 5000, 5000, 5000], "samples_total_s": [21.166083812713623, 20.019980669021606, 20.623611211776733, 20.56511402130127, 20.29230570793152], "organization_pr": [0.4727095663547516, 0.5329896807670593, 0.7248227000236511, 0.6566416025161743, 0.4510669708251953], "organization_rec": [0.6306892037391663, 0.672301709651947, 0.6644993424415588, 0.6814044117927551, 0.7971391677856445], "organization_f1": [0.5403899550437927, 0.5945945978164673, 0.6933514475822449, 0.6687938570976257, 0.576127827167511], "location_pr": [0.825792670249939, 0.9088624119758606, 0.8684026002883911, 0.9002393484115601, 0.9012411832809448], "location_rec": [0.8514754772186279, 0.8413125872612, 0.9106159210205078, 0.8751071095466614, 0.8268641829490662], "location_f1": [0.8384374380111694, 0.8737839460372925, 0.8890084624290466, 0.8874953389167786, 0.8624520897865295], "person_pr": [0.5684523582458496, 0.6104432940483093, 0.8003422617912292, 0.7288296818733215, 0.6870503425598145], "person_rec": [0.7991631627082825, 0.8498954176902771, 0.7337865829467773, 0.8012552261352539, 0.7991631627082825], "person_f1": [0.6643478274345398, 0.710537850856781, 0.7656206488609314, 0.7633283734321594, 0.7388781905174255]}}