{"test_metrics": {"seen__f1": 0.0, "seen__pr": 0.0, "seen__rec": 0.0, "seen__ner_f1": 0.7783188223838806, "seen__ner_pr": 0.6735709309577942, "seen__ner_rec": 0.921644926071167, "seen__macro_f1": 0.0, "seen__macro_pr": 0.0, "seen__macro_rec": 0.0, "seen__macro_ner_f1": 0.631254255771637, "seen__macro_ner_pr": 0.5128728747367859, "seen__macro_ner_rec": 0.856995165348053, "seen__samples_per_s": 523.8136339945081, "seen__samples_total_num": 4428, "seen__samples_total_s": 8.453388214111328, "seen__organization_pr": 0.41999998688697815, "seen__organization_rec": 0.747035562992096, "seen__organization_f1": 0.5376955270767212, "seen__location_pr": 0.7409963607788086, "seen__location_rec": 0.9313880205154419, "seen__location_f1": 0.8253546953201294, "seen__person_pr": 0.3776223659515381, "seen__person_rec": 0.8925619721412659, "seen__person_f1": 0.5307125449180603, "unseen__f1": 0.0, "unseen__pr": 0.0, "unseen__rec": 0.0, "unseen__ner_f1": 0.5741312503814697, "unseen__ner_pr": 0.45860710740089417, "unseen__ner_rec": 0.7674546241760254, "unseen__macro_f1": 0.0, "unseen__macro_pr": 0.0, "unseen__macro_rec": 0.0, "unseen__macro_ner_f1": 0.6156967282295227, "unseen__macro_ner_pr": 0.5796262621879578, "unseen__macro_ner_rec": 0.7236654758453369, "unseen__samples_per_s": 549.4657901219522, "unseen__samples_total_num": 2785, "unseen__samples_total_s": 5.068559408187866, "unseen__organization_pr": 0.5845864415168762, "unseen__organization_rec": 0.6158415675163269, "unseen__organization_f1": 0.59980708360672, "unseen__location_pr": 0.35712671279907227, "unseen__location_rec": 0.8601741194725037, "unseen__location_f1": 0.5047087073326111, "unseen__person_pr": 0.7971656322479248, "unseen__person_rec": 0.6949806809425354, "unseen__person_f1": 0.7425743341445923}, "test_metrics_bounds": {"seen__f1": 0.0, "seen__pr": 0.0, "seen__rec": 0.0, "seen__ner_f1": 0.781369149684906, "seen__ner_pr": 0.6762107610702515, "seen__ner_rec": 0.9252570271492004, "seen__macro_f1": 0.0, "seen__macro_pr": 0.0, "seen__macro_rec": 0.0, "seen__macro_ner_f1": 0.781369149684906, "seen__macro_ner_pr": 0.6762107610702515, "seen__macro_ner_rec": 0.9252570271492004, "seen__samples_per_s": 523.8136339945081, "seen__samples_total_num": 4428, "seen__samples_total_s": 8.453388214111328, "unseen__f1": 0.0, "unseen__pr": 0.0, "unseen__rec": 0.0, "unseen__ner_f1": 0.6070327162742615, "unseen__ner_pr": 0.48488831520080566, "unseen__ner_rec": 0.8114348649978638, "unseen__macro_f1": 0.0, "unseen__macro_pr": 0.0, "unseen__macro_rec": 0.0, "unseen__macro_ner_f1": 0.6070327162742615, "unseen__macro_ner_pr": 0.48488831520080566, "unseen__macro_ner_rec": 0.8114348649978638, "unseen__samples_per_s": 549.4657901219522, "unseen__samples_total_num": 2785, "unseen__samples_total_s": 5.068559408187866}}