{"test_metrics": {"seen__f1": 0.0, "seen__pr": 0.0, "seen__rec": 0.0, "seen__ner_f1": 0.7817882895469666, "seen__ner_pr": 0.6811317205429077, "seen__ner_rec": 0.9173532724380493, "seen__macro_f1": 0.0, "seen__macro_pr": 0.0, "seen__macro_rec": 0.0, "seen__macro_ner_f1": 0.7344939112663269, "seen__macro_ner_pr": 0.6245378851890564, "seen__macro_ner_rec": 0.8983155488967896, "seen__samples_per_s": 490.6823898267411, "seen__samples_total_num": 2050, "seen__samples_total_s": 4.1778552532196045, "seen__per_pr": 0.7261989712715149, "seen__per_rec": 0.940222442150116, "seen__per_f1": 0.8194668292999268, "seen__org_pr": 0.5345911979675293, "seen__org_rec": 0.8204632997512817, "seen__org_f1": 0.6473724246025085, "seen__wea_pr": 0.692307710647583, "seen__wea_rec": 0.9130434989929199, "seen__wea_f1": 0.7875000238418579, "seen__gpe_pr": 0.7455268502235413, "seen__gpe_rec": 0.9293680191040039, "seen__gpe_f1": 0.8273580074310303, "seen__veh_pr": 0.6262626051902771, "seen__veh_rec": 0.9253731369972229, "seen__veh_f1": 0.7469879388809204, "seen__fac_pr": 0.5273972749710083, "seen__fac_rec": 0.8901734352111816, "seen__fac_f1": 0.6623656153678894, "seen__loc_pr": 0.5194805264472961, "seen__loc_rec": 0.8695651888847351, "seen__loc_f1": 0.6504064798355103, "unseen__f1": 0.0, "unseen__pr": 0.0, "unseen__rec": 0.0, "unseen__ner_f1": 0.3071505129337311, "unseen__ner_pr": 0.19174154102802277, "unseen__ner_rec": 0.7715384364128113, "unseen__macro_f1": 0.0, "unseen__macro_pr": 0.0, "unseen__macro_rec": 0.0, "unseen__macro_ner_f1": 0.27774807810783386, "unseen__macro_ner_pr": 0.18216729164123535, "unseen__macro_ner_rec": 0.6260053515434265, "unseen__samples_per_s": 546.7780132278677, "unseen__samples_total_num": 2050, "unseen__samples_total_s": 3.7492363452911377, "unseen__per_pr": 0.19219756126403809, "unseen__per_rec": 0.8745928406715393, "unseen__per_f1": 0.31514084339141846, "unseen__org_pr": 0.26037734746932983, "unseen__org_rec": 0.7089040875434875, "unseen__org_f1": 0.3808647394180298, "unseen__wea_pr": 0.09890110045671463, "unseen__wea_rec": 0.25, "unseen__wea_f1": 0.14173229038715363, "unseen__gpe_pr": 0.14015904068946838, "unseen__gpe_rec": 0.819767415523529, "unseen__gpe_f1": 0.23938877880573273, "unseen__veh_pr": 0.20202019810676575, "unseen__veh_rec": 0.5, "unseen__veh_f1": 0.28776979446411133, "unseen__fac_pr": 0.21917808055877686, "unseen__fac_rec": 0.6037735939025879, "unseen__fac_f1": 0.3216080367565155, "unseen__loc_pr": 0.16233766078948975, "unseen__loc_rec": 0.625, "unseen__loc_f1": 0.25773194432258606}, "test_metrics_bounds": {"seen__f1": 0.0, "seen__pr": 0.0, "seen__rec": 0.0, "seen__ner_f1": 0.8341763615608215, "seen__ner_pr": 0.7270461916923523, "seen__ner_rec": 0.9783337712287903, "seen__macro_f1": 0.0, "seen__macro_pr": 0.0, "seen__macro_rec": 0.0, "seen__macro_ner_f1": 0.8341763615608215, "seen__macro_ner_pr": 0.7270461916923523, "seen__macro_ner_rec": 0.9783337712287903, "seen__samples_per_s": 490.6823898267411, "seen__samples_total_num": 2050, "seen__samples_total_s": 4.1778552532196045, "unseen__f1": 0.0, "unseen__pr": 0.0, "unseen__rec": 0.0, "unseen__ner_f1": 0.34095439314842224, "unseen__ner_pr": 0.21295763552188873, "unseen__ner_rec": 0.8546153903007507, "unseen__macro_f1": 0.0, "unseen__macro_pr": 0.0, "unseen__macro_rec": 0.0, "unseen__macro_ner_f1": 0.34095439314842224, "unseen__macro_ner_pr": 0.21295763552188873, "unseen__macro_ner_rec": 0.8546153903007507, "unseen__samples_per_s": 546.7780132278677, "unseen__samples_total_num": 2050, "unseen__samples_total_s": 3.7492363452911377}}