{"test_metrics": {"f1": 0.0, "pr": 0.0, "rec": 0.0, "ner_f1": 0.8768122792243958, "ner_pr": 0.8728732466697693, "ner_rec": 0.8807870149612427, "macro_f1": 0.0, "macro_pr": 0.0, "macro_rec": 0.0, "macro_ner_f1": 0.8051353096961975, "macro_ner_pr": 0.8067051768302917, "macro_ner_rec": 0.8064185976982117, "samples_per_s": 227.97506283064652, "samples_total_num": 2050, "samples_total_s": 8.99221158027649, "per_pr": 0.9183965921401978, "per_rec": 0.9256854057312012, "per_f1": 0.9220265746116638, "org_pr": 0.7949685454368591, "org_rec": 0.780246913433075, "org_f1": 0.7875389456748962, "wea_pr": 0.791208803653717, "wea_rec": 0.6857143044471741, "wea_f1": 0.7346938848495483, "gpe_pr": 0.8856858611106873, "gpe_rec": 0.9101123809814453, "gpe_f1": 0.8977329730987549, "veh_pr": 0.8282828330993652, "veh_rec": 0.7663551568984985, "veh_f1": 0.7961165308952332, "fac_pr": 0.7465753555297852, "fac_rec": 0.781361997127533, "fac_f1": 0.763572633266449, "loc_pr": 0.6818181872367859, "loc_rec": 0.7954545617103577, "loc_f1": 0.7342656850814819}, "test_metrics_bounds": {"f1": 0.0, "pr": 0.0, "rec": 0.0, "ner_f1": 0.943519651889801, "ner_pr": 0.9398121237754822, "ner_rec": 0.9472565650939941, "macro_f1": 0.0, "macro_pr": 0.0, "macro_rec": 0.0, "macro_ner_f1": 0.943519651889801, "macro_ner_pr": 0.9398121237754822, "macro_ner_rec": 0.9472565650939941, "samples_per_s": 227.97506283064652, "samples_total_num": 2050, "samples_total_s": 8.99221158027649}, "metrics": {"f1": [0.0, 0.0, 0.0, 0.0, 0.0, 0.0, 0.0, 0.0, 0.0, 0.0, 0.0, 0.0, 0.0, 0.0, 0.0, 0.0, 0.0, 0.0, 0.0, 0.0, 0.0, 0.0, 0.0, 0.0, 0.0], "pr": [0.0, 0.0, 0.0, 0.0, 0.0, 0.0, 0.0, 0.0, 0.0, 0.0, 0.0, 0.0, 0.0, 0.0, 0.0, 0.0, 0.0, 0.0, 0.0, 0.0, 0.0, 0.0, 0.0, 0.0, 0.0], "rec": [0.0, 0.0, 0.0, 0.0, 0.0, 0.0, 0.0, 0.0, 0.0, 0.0, 0.0, 0.0, 0.0, 0.0, 0.0, 0.0, 0.0, 0.0, 0.0, 0.0, 0.0, 0.0, 0.0, 0.0, 0.0], "ner_f1": [0.8098781704902649, 0.8408244252204895, 0.8541260361671448, 0.8547963500022888, 0.8658356070518494, 0.8417441248893738, 0.858563244342804, 0.863801896572113, 0.8584200739860535, 0.8705978989601135, 0.8653456568717957, 0.8640264272689819, 0.8656010627746582, 0.8645594120025635, 0.869304358959198, 0.8729110360145569, 0.8682435750961304, 0.8715940117835999, 0.8698536157608032, 0.8702178001403809, 0.8739098310470581, 0.8744631409645081, 0.8739413619041443, 0.8752960562705994, 0.8747653961181641], "ner_pr": [0.8146076798439026, 0.8563479781150818, 0.8532943725585938, 0.8635911345481873, 0.8734281659126282, 0.8672184944152832, 0.8753167986869812, 0.859835684299469, 0.8581410646438599, 0.8770626783370972, 0.8608205914497375, 0.8770519495010376, 0.8682919144630432, 0.8708347082138062, 0.8669146299362183, 0.8752656579017639, 0.8680318593978882, 0.8745906949043274, 0.8654434084892273, 0.8731380105018616, 0.8761235475540161, 0.8717078566551208, 0.8753670454025269, 0.8792452812194824, 0.8778451085090637], "ner_rec": [0.8052032589912415, 0.8258536458015442, 0.8549593687057495, 0.8461788892745972, 0.8583739995956421, 0.8177235722541809, 0.8424389958381653, 0.8678048849105835, 0.8586992025375366, 0.8642276525497437, 0.869918704032898, 0.8513821363449097, 0.8629268407821655, 0.8583739995956421, 0.8717073202133179, 0.870569109916687, 0.8684552907943726, 0.8686178922653198, 0.8743089437484741, 0.8673170804977417, 0.8717073202133179, 0.8772357702255249, 0.8725203275680542, 0.8713821172714233, 0.8717073202133179], "macro_f1": [0.0, 0.0, 0.0, 0.0, 0.0, 0.0, 0.0, 0.0, 0.0, 0.0, 0.0, 0.0, 0.0, 0.0, 0.0, 0.0, 0.0, 0.0, 0.0, 0.0, 0.0, 0.0, 0.0, 0.0, 0.0], "macro_pr": [0.0, 0.0, 0.0, 0.0, 0.0, 0.0, 0.0, 0.0, 0.0, 0.0, 0.0, 0.0, 0.0, 0.0, 0.0, 0.0, 0.0, 0.0, 0.0, 0.0, 0.0, 0.0, 0.0, 0.0, 0.0], "macro_rec": [0.0, 0.0, 0.0, 0.0, 0.0, 0.0, 0.0, 0.0, 0.0, 0.0, 0.0, 0.0, 0.0, 0.0, 0.0, 0.0, 0.0, 0.0, 0.0, 0.0, 0.0, 0.0, 0.0, 0.0, 0.0], "macro_ner_f1": [0.6744247078895569, 0.7235943675041199, 0.7284538149833679, 0.7705191373825073, 0.7910674810409546, 0.7430459856987, 0.7701840400695801, 0.7949222922325134, 0.777739405632019, 0.8002410531044006, 0.7945938110351562, 0.7821049094200134, 0.7875006794929504, 0.7981804609298706, 0.7887058854103088, 0.799522876739502, 0.7944663763046265, 0.7992884516716003, 0.7985766530036926, 0.8022152781486511, 0.8038311004638672, 0.8046666383743286, 0.803655743598938, 0.8103739023208618, 0.8093408346176147], "macro_ner_pr": [0.6756160855293274, 0.744141161441803, 0.735278308391571, 0.7730293869972229, 0.8134406805038452, 0.7890968322753906, 0.8037257194519043, 0.7958285212516785, 0.8196821808815002, 0.8133363723754883, 0.8022575378417969, 0.8133924603462219, 0.8044252395629883, 0.8012672066688538, 0.7725219130516052, 0.8155524134635925, 0.8039125204086304, 0.8061085343360901, 0.7962417006492615, 0.8124666810035706, 0.8129130601882935, 0.8113645911216736, 0.8129391074180603, 0.8213000893592834, 0.8174993395805359], "macro_ner_rec": [0.6960734724998474, 0.7257823944091797, 0.744282066822052, 0.7718467116355896, 0.7716051340103149, 0.706680953502655, 0.7471246123313904, 0.7971606850624084, 0.7484709620475769, 0.790526807308197, 0.7958391308784485, 0.7574912309646606, 0.7735109925270081, 0.797985851764679, 0.8086735010147095, 0.7885079979896545, 0.7924591898918152, 0.7943974137306213, 0.8019213080406189, 0.7937635183334351, 0.7952456474304199, 0.7984146475791931, 0.7950199842453003, 0.8009656667709351, 0.8022007346153259], "samples_per_s": [190.2779318506792, 203.5592976691652, 238.4941176382131, 240.6761190697864, 235.09219274491264, 237.22794634471288, 230.91674456623497, 236.73121027344044, 240.01589226140177, 236.97494163477904, 236.19041289744447, 237.13336847193594, 249.14780203779426, 250.45174563624866, 242.7355674112687, 238.40229605422286, 245.06161671801382, 231.42019579146123, 227.0502166471605, 227.5304333421168, 229.01779962974814, 230.61506685047925, 224.98308185340096, 231.9520447623656, 228.34997320600598], "samples_total_num": [2420, 2420, 2420, 2420, 2420, 2420, 2420, 2420, 2420, 2420, 2420, 2420, 2420, 2420, 2420, 2420, 2420, 2420, 2420, 2420, 2420, 2420, 2420, 2420, 2420], "samples_total_s": [12.71823787689209, 11.888427734375, 10.147000789642334, 10.055006742477417, 10.29383397102356, 10.201159000396729, 10.479967594146729, 10.222564220428467, 10.08266568183899, 10.212050199508667, 10.245970487594604, 10.205227613449097, 9.713109970092773, 9.662539958953857, 9.969696760177612, 10.150908946990967, 9.875067472457886, 10.457168579101562, 10.658435106277466, 10.635939836502075, 10.566864252090454, 10.493676900863647, 10.756364345550537, 10.433191061019897, 10.59776782989502], "per_pr": [0.8719441294670105, 0.9145510792732239, 0.9250773787498474, 0.9219527244567871, 0.9168719053268433, 0.9206963181495667, 0.925245463848114, 0.922266960144043, 0.9038922190666199, 0.9177832007408142, 0.9173833131790161, 0.9114883542060852, 0.9148091673851013, 0.9232928156852722, 0.9162889122962952, 0.9148293733596802, 0.9146415591239929, 0.9094724059104919, 0.9185658097267151, 0.9228870868682861, 0.9129137992858887, 0.9068873524665833, 0.9147590398788452, 0.9269349575042725, 0.9258572459220886], "per_rec": [0.9073289036750793, 0.8946093320846558, 0.9049060940742493, 0.8979406356811523, 0.9018776416778564, 0.8649303317070007, 0.8846153616905212, 0.9018776416778564, 0.9142943620681763, 0.9127801060676575, 0.9046032428741455, 0.9106602072715759, 0.9073289036750793, 0.8967292308807373, 0.9182313680648804, 0.9173228144645691, 0.911871612071991, 0.9188370704650879, 0.9155057668685913, 0.9061174988746643, 0.9270139336585999, 0.9291338324546814, 0.9197456240653992, 0.9067232012748718, 0.9076317548751831],