{"test_metrics": {"unseen_ner_prec_micro": 18.06346623270952, "unseen_ner_rec_micro": 70.55084745762711, "unseen_ner_f1_micro": 28.76268624487152, "unseen_ner_prec_macro": 28.348934412025034, "unseen_ner_rec_macro": 67.56364630494177, "unseen_ner_f1_macro": 37.37004631369468, "unseen_loc_prec_micro": 19.454861428702092, "unseen_loc_rec_micro": 75.10593220338984, "unseen_loc_f1_micro": 30.904467853251, "unseen_loc_prec_macro": 19.454861428702092, "unseen_loc_rec_macro": 75.10593220338984, "unseen_loc_f1_macro": 30.904467853251, "unseen_cls_prec_micro": 92.58572752548656, "unseen_cls_rec_micro": 70.55084745762711, "unseen_cls_f1_micro": 80.08016032064128, "unseen_cls_prec_macro": 91.72246495369812, "unseen_cls_rec_macro": 67.56364630494177, "unseen_cls_f1_macro": 77.441218841482, "unseen_epoch": 0.0, "unseen_iteration": 0.0, "unseen_global_iteration": 0.0, "seen_ner_prec_micro": 68.17811566657616, "seen_ner_rec_micro": 94.11544227886056, "seen_ner_f1_micro": 79.07416154936232, "seen_ner_prec_macro": 51.424470480784336, "seen_ner_rec_macro": 91.92186659422724, "seen_ner_f1_macro": 64.40710005293016, "seen_loc_prec_micro": 69.092073952041, "seen_loc_rec_micro": 94.31534232883558, "seen_loc_f1_micro": 79.75699947173797, "seen_loc_prec_macro": 69.092073952041, "seen_loc_rec_macro": 94.31534232883558, "seen_loc_f1_macro": 79.75699947173797, "seen_cls_prec_micro": 99.17061611374407, "seen_cls_rec_micro": 94.11544227886056, "seen_cls_f1_micro": 96.57692307692308, "seen_cls_prec_macro": 95.686365945941, "seen_cls_rec_macro": 91.92186659422724, "seen_cls_f1_macro": 93.7579297335395, "seen_epoch": 0.0, "seen_iteration": 0.0, "seen_global_iteration": 0.0, "ner_prec_micro": 86.16915422885573, "ner_rec_micro": 87.91066814322627, "ner_f1_micro": 87.0312000365447, "ner_prec_macro": 79.6581768927914, "ner_rec_macro": 79.62054215928612, "ner_f1_macro": 79.60505327590988, "loc_prec_micro": 88.49954254345838, "loc_rec_micro": 89.2672572905131, "loc_f1_micro": 88.88174216668197, "loc_prec_macro": 88.49954254345838, "loc_rec_macro": 89.2672572905131, "loc_f1_macro": 88.88174216668197, "cls_prec_micro": 97.72260976610588, "cls_rec_micro": 87.91066814322627, "cls_f1_micro": 92.55732607850756, "cls_prec_macro": 94.60800828402256, "cls_rec_macro": 79.62054215928612, "cls_f1_macro": 86.32521857872145, "epoch": 0.0, "iteration": 0.0, "global_iteration": 0.0}}