{"test_metrics": {"unseen_ner_prec_micro": 36.92365835222978, "unseen_ner_rec_micro": 72.20990391722098, "unseen_ner_f1_micro": 48.86221555388847, "unseen_ner_prec_macro": 41.99134975842121, "unseen_ner_rec_macro": 70.84512193948864, "unseen_ner_f1_macro": 51.44903418278037, "unseen_loc_prec_micro": 39.9236641221374, "unseen_loc_rec_micro": 77.30968218773097, "unseen_loc_f1_micro": 52.65542411276114, "unseen_loc_prec_macro": 39.9236641221374, "unseen_loc_rec_macro": 77.30968218773097, "unseen_loc_f1_macro": 52.65542411276114, "unseen_cls_prec_micro": 91.78017848755285, "unseen_cls_rec_micro": 72.20990391722098, "unseen_cls_f1_micro": 80.82730093071355, "unseen_cls_prec_macro": 88.55240344694778, "unseen_cls_rec_macro": 70.84512193948864, "unseen_cls_f1_macro": 78.42764647857814, "unseen_epoch": 0.0, "unseen_iteration": 0.0, "unseen_global_iteration": 0.0, "seen_ner_prec_micro": 44.48848622121555, "seen_ner_rec_micro": 84.17857142857143, "seen_ner_f1_micro": 58.21190417387009, "seen_ner_prec_macro": 39.07447598536663, "seen_ner_rec_macro": 81.03359877694315, "seen_ner_f1_macro": 51.59637376576063, "seen_loc_prec_micro": 45.19505233111323, "seen_loc_rec_micro": 84.82142857142857, "seen_loc_f1_micro": 58.96958410924892, "seen_loc_prec_macro": 45.19505233111323, "seen_loc_rec_macro": 84.82142857142857, "seen_loc_f1_macro": 58.96958410924892, "seen_cls_prec_micro": 98.7845766974015, "seen_cls_rec_micro": 84.17857142857143, "seen_cls_f1_micro": 90.89857308137292, "seen_cls_prec_macro": 96.56153014895668, "seen_cls_rec_macro": 81.03359877694315, "seen_cls_f1_macro": 88.00827029454952, "seen_epoch": 0.0, "seen_iteration": 0.0, "seen_global_iteration": 0.0, "ner_prec_micro": 81.38789364510654, "ner_rec_micro": 78.38721394841991, "ner_f1_micro": 79.85937644555463, "ner_prec_macro": 80.82206791286112, "ner_rec_macro": 75.79627887225448, "ner_f1_macro": 78.14312751547817, "loc_prec_micro": 85.11893434823978, "loc_rec_micro": 81.23864874682165, "loc_f1_micro": 83.13353777529969, "loc_prec_macro": 85.11893434823978, "loc_rec_macro": 81.23864874682165, "loc_f1_macro": 83.13353777529969, "cls_prec_micro": 95.52899513058875, "cls_rec_micro": 78.38721394841991, "cls_f1_micro": 86.11332801276936, "cls_prec_macro": 93.3092497642076, "cls_rec_macro": 75.79627887225448, "cls_f1_macro": 83.53259547812662, "epoch": 0.0, "iteration": 0.0, "global_iteration": 0.0}}