{"test_metrics": {"unseen_ner_prec_micro": 47.37160120845921, "unseen_ner_rec_micro": 46.52818991097923, "unseen_ner_f1_micro": 46.94610778443114, "unseen_ner_prec_macro": 42.686682512451526, "unseen_ner_rec_macro": 39.05102635473194, "unseen_ner_f1_macro": 39.086225869837385, "unseen_loc_prec_micro": 76.59430122116689, "unseen_loc_rec_micro": 67.00296735905044, "unseen_loc_f1_micro": 71.47831592276037, "unseen_loc_prec_macro": 76.59430122116689, "unseen_loc_rec_macro": 67.00296735905044, "unseen_loc_f1_macro": 71.47831592276037, "unseen_cls_prec_micro": 62.07442596991291, "unseen_cls_rec_micro": 46.52818991097923, "unseen_cls_f1_micro": 53.18860244233379, "unseen_cls_prec_macro": 55.32234138572599, "unseen_cls_rec_macro": 39.05102635473194, "unseen_cls_f1_macro": 43.95007394729149, "unseen_epoch": 0.0, "unseen_iteration": 0.0, "unseen_global_iteration": 0.0, "seen_ner_prec_micro": 0.0, "seen_ner_rec_micro": 0.0, "seen_ner_f1_micro": 0.0, "seen_ner_prec_macro": 0.0, "seen_ner_rec_macro": 0.0, "seen_ner_f1_macro": 0.0, "seen_loc_prec_micro": 0.0, "seen_loc_rec_micro": 0.0, "seen_loc_f1_micro": 0.0, "seen_loc_prec_macro": 0.0, "seen_loc_rec_macro": 0.0, "seen_loc_f1_macro": 0.0, "seen_cls_prec_micro": 0.0, "seen_cls_rec_micro": 0.0, "seen_cls_f1_micro": 0.0, "seen_cls_prec_macro": NaN, "seen_cls_rec_macro": NaN, "seen_cls_f1_macro": NaN, "seen_epoch": 0.0, "seen_iteration": 0.0, "seen_global_iteration": 0.0, "ner_prec_micro": 47.22391702257474, "ner_rec_micro": 45.93471810089021, "ner_f1_micro": 46.57039711191336, "ner_prec_macro": 41.88407151706786, "ner_rec_macro": 38.45280572281308, "ner_f1_macro": 38.5975079134752, "loc_prec_micro": 76.66666666666667, "loc_rec_micro": 66.88427299703264, "loc_f1_micro": 71.44215530903328, "loc_prec_macro": 76.66666666666667, "loc_rec_macro": 66.88427299703264, "loc_f1_macro": 71.44215530903328, "cls_prec_micro": 61.72248803827751, "cls_rec_micro": 45.93471810089021, "cls_f1_micro": 52.670976522626745, "cls_prec_macro": 54.163876151453785, "cls_rec_macro": 38.45280572281308, "cls_f1_macro": 43.35247068854344, "epoch": 0.0, "iteration": 0.0, "global_iteration": 0.0}}