{"test_metrics": {"Eval_Ent_Precision": 85.67430469902496, "Eval_Ent_Recall": 90.46079969702451, "Eval_Ent_F1": 88.00251537744195, "Eval_Time": 135.93576836585999, "Eval_Examples": 5000, "Eval_Examples_Per_Second": 36.7820777423563, "seen_Eval_Ent_Precision": 66.87948224298067, "seen_Eval_Ent_Recall": 95.04101415733507, "seen_Eval_Ent_F1": 78.51129362864245, "seen_Eval_Time": 135.71718215942383, "seen_Eval_Examples": 5000, "seen_Eval_Examples_Per_Second": 36.8413189873528, "unseen_Eval_Ent_Precision": 18.79482246479013, "unseen_Eval_Ent_Recall": 77.10800141578184, "unseen_Eval_Ent_F1": 30.222909786872115, "unseen_Eval_Time": 136.3460190296173, "unseen_Eval_Examples": 5000, "unseen_Eval_Examples_Per_Second": 36.671404384119874}}