{"test_metrics": {"unseen__f1": 0.0, "unseen__pr": 0.0, "unseen__rec": 0.0, "unseen__ner_f1": 0.3956172466278076, "unseen__ner_pr": 0.2656985819339752, "unseen__ner_rec": 0.7741566896438599, "unseen__macro_f1": 0.0, "unseen__macro_pr": 0.0, "unseen__macro_rec": 0.0, "unseen__macro_ner_f1": 0.3962262272834778, "unseen__macro_ner_pr": 0.30070599913597107, "unseen__macro_ner_rec": 0.6459311246871948, "unseen__samples_per_s": 454.18441412624185, "unseen__samples_total_num": 2050, "unseen__samples_total_s": 4.513585090637207, "unseen__per_pr": 0.25764036178588867, "unseen__per_rec": 0.8830694556236267, "unseen__per_f1": 0.3988995850086212, "unseen__org_pr": 0.321926474571228, "unseen__org_rec": 0.7075209021568298, "unseen__org_f1": 0.4425086975097656, "unseen__wea_pr": 0.2361111044883728, "unseen__wea_rec": 0.3695652186870575, "unseen__wea_f1": 0.2881355881690979, "unseen__gpe_pr": 0.20603537559509277, "unseen__gpe_rec": 0.811475396156311, "unseen__gpe_f1": 0.3286306858062744, "unseen__veh_pr": 0.3106796145439148, "unseen__veh_rec": 0.6530612111091614, "unseen__veh_f1": 0.42105263471603394, "unseen__fac_pr": 0.32156863808631897, "unseen__fac_rec": 0.5857142806053162, "unseen__fac_f1": 0.41518986225128174, "unseen__loc_pr": 0.45098039507865906, "unseen__loc_rec": 0.5111111402511597, "unseen__loc_f1": 0.4791666567325592, "seen__f1": 0.0, "seen__pr": 0.0, "seen__rec": 0.0, "seen__ner_f1": 0.7211347222328186, "seen__ner_pr": 0.6036106944084167, "seen__ner_rec": 0.8954876065254211, "seen__macro_f1": 0.0, "seen__macro_pr": 0.0, "seen__macro_rec": 0.0, "seen__macro_ner_f1": 0.6500204205513, "seen__macro_ner_pr": 0.5360946655273438, "seen__macro_ner_rec": 0.8463886380195618, "seen__samples_per_s": 513.9737994398745, "seen__samples_total_num": 2050, "seen__samples_total_s": 3.988530158996582, "seen__per_pr": 0.649964451789856, "seen__per_rec": 0.9374679923057556, "seen__per_f1": 0.7676810622215271, "seen__org_pr": 0.4347274899482727, "seen__org_rec": 0.7605321407318115, "seen__org_f1": 0.5532258152961731, "seen__wea_pr": 0.7222222089767456, "seen__wea_rec": 0.8813559412956238, "seen__wea_f1": 0.7938930988311768, "seen__gpe_pr": 0.6763787865638733, "seen__gpe_rec": 0.884353756904602, "seen__gpe_f1": 0.7665094137191772, "seen__veh_pr": 0.5242718458175659, "seen__veh_rec": 0.931034505367279, "seen__veh_f1": 0.6708074808120728, "seen__fac_pr": 0.47058823704719543, "seen__fac_rec": 0.8633093237876892, "seen__fac_f1": 0.6091369986534119, "seen__loc_pr": 0.27450981736183167, "seen__loc_rec": 0.6666666865348816, "seen__loc_f1": 0.3888888955116272}, "test_metrics_bounds": {"unseen__f1": 0.0, "unseen__pr": 0.0, "unseen__rec": 0.0, "unseen__ner_f1": 0.4402165412902832, "unseen__ner_pr": 0.29583004117012024, "unseen__ner_rec": 0.8599199652671814, "unseen__macro_f1": 0.0, "unseen__macro_pr": 0.0, "unseen__macro_rec": 0.0, "unseen__macro_ner_f1": 0.4402165412902832, "unseen__macro_ner_pr": 0.29583004117012024, "unseen__macro_ner_rec": 0.8599199652671814, "unseen__samples_per_s": 454.18441412624185, "unseen__samples_total_num": 2050, "unseen__samples_total_s": 4.513585090637207, "seen__f1": 0.0, "seen__pr": 0.0, "seen__rec": 0.0, "seen__ner_f1": 0.7744360566139221, "seen__ner_pr": 0.6483083963394165, "seen__ner_rec": 0.9614936113357544, "seen__macro_f1": 0.0, "seen__macro_pr": 0.0, "seen__macro_rec": 0.0, "seen__macro_ner_f1": 0.7744360566139221, "seen__macro_ner_pr": 0.6483083963394165, "seen__macro_ner_rec": 0.9614936113357544, "seen__samples_per_s": 513.9737994398745, "seen__samples_total_num": 2050, "seen__samples_total_s": 3.988530158996582}}