{"test_metrics": {"f1": 0.0, "pr": 0.0, "rec": 0.0, "ner_f1": 0.8618676662445068, "ner_pr": 0.8693092465400696, "ner_rec": 0.8545524477958679, "macro_f1": 0.0, "macro_pr": 0.0, "macro_rec": 0.0, "macro_ner_f1": 0.7890163064002991, "macro_ner_pr": 0.8368006944656372, "macro_ner_rec": 0.7528693079948425, "samples_per_s": 148.1618429634136, "samples_total_num": 2050, "samples_total_s": 13.836220979690552, "per_pr": 0.9076048135757446, "per_rec": 0.9213564395904541, "per_f1": 0.9144289493560791, "org_pr": 0.7566539645195007, "org_rec": 0.7370370626449585, "org_f1": 0.7467167377471924, "wea_pr": 0.9583333134651184, "wea_rec": 0.6571428775787354, "wea_f1": 0.7796610593795776, "gpe_pr": 0.8824141621589661, "gpe_rec": 0.8661900162696838, "gpe_f1": 0.8742268085479736, "veh_pr": 0.8349514603614807, "veh_rec": 0.8037382960319519, "veh_f1": 0.8190475702285767, "fac_pr": 0.7921568751335144, "fac_rec": 0.7240143418312073, "fac_f1": 0.7565543055534363, "loc_pr": 0.7254902124404907, "loc_rec": 0.560606062412262, "loc_f1": 0.6324785947799683}, "test_metrics_bounds": {"f1": 0.0, "pr": 0.0, "rec": 0.0, "ner_f1": 0.9354774951934814, "ner_pr": 0.9439417719841003, "ner_rec": 0.92716383934021, "macro_f1": 0.0, "macro_pr": 0.0, "macro_rec": 0.0, "macro_ner_f1": 0.9354774951934814, "macro_ner_pr": 0.9439417719841003, "macro_ner_rec": 0.92716383934021, "samples_per_s": 148.1618429634136, "samples_total_num": 2050, "samples_total_s": 13.836220979690552}, "metrics": {"f1": [0.0, 0.0, 0.0, 0.0, 0.0, 0.0, 0.0, 0.0, 0.0, 0.0, 0.0, 0.0, 0.0, 0.0, 0.0, 0.0, 0.0, 0.0, 0.0, 0.0, 0.0, 0.0, 0.0, 0.0, 0.0], "pr": [0.0, 0.0, 0.0, 0.0, 0.0, 0.0, 0.0, 0.0, 0.0, 0.0, 0.0, 0.0, 0.0, 0.0, 0.0, 0.0, 0.0, 0.0, 0.0, 0.0, 0.0, 0.0, 0.0, 0.0, 0.0], "rec": [0.0, 0.0, 0.0, 0.0, 0.0, 0.0, 0.0, 0.0, 0.0, 0.0, 0.0, 0.0, 0.0, 0.0, 0.0, 0.0, 0.0, 0.0, 0.0, 0.0, 0.0, 0.0, 0.0, 0.0, 0.0], "ner_f1": [0.7527657151222229, 0.8254679441452026, 0.8310545682907104, 0.8255125284194946, 0.8293343782424927, 0.8340361714363098, 0.8340886831283569, 0.8484848141670227, 0.8551802635192871, 0.8537647128105164, 0.8436990976333618, 0.8498740792274475, 0.8499668836593628, 0.8506978154182434, 0.8455057740211487, 0.8491692543029785, 0.8445329070091248, 0.8553033471107483, 0.8514496088027954, 0.8529220223426819, 0.8532856702804565, 0.8556308746337891, 0.8582837581634521, 0.8576807379722595, 0.8583607077598572], "ner_pr": [0.7767208814620972, 0.8123425841331482, 0.8041362762451172, 0.8229116201400757, 0.8134480118751526, 0.8485613465309143, 0.8303254842758179, 0.8595262169837952, 0.8500964045524597, 0.8623320460319519, 0.8447994589805603, 0.8496668338775635, 0.8669259548187256, 0.8490443825721741, 0.8505841493606567, 0.8548360466957092, 0.8621273636817932, 0.868566632270813, 0.8552912473678589, 0.8562766313552856, 0.8535633087158203, 0.8704575896263123, 0.8603169322013855, 0.8634042143821716, 0.8654545545578003], "ner_rec": [0.7302439212799072, 0.8390243649482727, 0.8598374128341675, 0.8281300663948059, 0.8458536863327026, 0.8199999928474426, 0.8378861546516418, 0.8377235531806946, 0.8603252172470093, 0.8453658819198608, 0.8426015973091125, 0.8500813245773315, 0.8336585164070129, 0.8523577451705933, 0.8404877781867981, 0.8435772061347961, 0.8276422619819641, 0.8424389958381653, 0.8476423025131226, 0.8495935201644897, 0.8530081510543823, 0.8413007855415344, 0.8562601804733276, 0.8520325422286987, 0.8513821363449097], "macro_f1": [0.0, 0.0, 0.0, 0.0, 0.0, 0.0, 0.0, 0.0, 0.0, 0.0, 0.0, 0.0, 0.0, 0.0, 0.0, 0.0, 0.0, 0.0, 0.0, 0.0, 0.0, 0.0, 0.0, 0.0, 0.0], "macro_pr": [0.0, 0.0, 0.0, 0.0, 0.0, 0.0, 0.0, 0.0, 0.0, 0.0, 0.0, 0.0, 0.0, 0.0, 0.0, 0.0, 0.0, 0.0, 0.0, 0.0, 0.0, 0.0, 0.0, 0.0, 0.0], "macro_rec": [0.0, 0.0, 0.0, 0.0, 0.0, 0.0, 0.0, 0.0, 0.0, 0.0, 0.0, 0.0, 0.0, 0.0, 0.0, 0.0, 0.0, 0.0, 0.0, 0.0, 0.0, 0.0, 0.0, 0.0, 0.0], "macro_ner_f1": [0.4928319454193115, 0.6703048348426819, 0.6996555328369141, 0.7291821837425232, 0.7157689332962036, 0.7340801358222961, 0.7438489198684692, 0.7383535504341125, 0.7579593062400818, 0.76155024766922, 0.7604125738143921, 0.7681863903999329, 0.7560902833938599, 0.7647203803062439, 0.7622407674789429, 0.7621715664863586, 0.7671932578086853, 0.7661609053611755, 0.7715684175491333, 0.7692099809646606, 0.7678682208061218, 0.7713400721549988, 0.7771501541137695, 0.777591347694397, 0.777370274066925], "macro_ner_pr": [0.5804104208946228, 0.6802720427513123, 0.6590129137039185, 0.7299842238426208, 0.6858662366867065, 0.8145055770874023, 0.7439342141151428, 0.7855919003486633, 0.7529635429382324, 0.7940343618392944, 0.7882556915283203, 0.7784540057182312, 0.7692901492118835, 0.7890211939811707, 0.8008342981338501, 0.7851194739341736, 0.8090944886207581, 0.806744396686554, 0.8183504343032837, 0.8035294413566589, 0.7777408957481384, 0.8195105195045471, 0.804305911064148, 0.8092397451400757, 0.8145295977592468], "macro_ner_rec": [0.4932880997657776, 0.6955659985542297, 0.7750998735427856, 0.7368921041488647, 0.7578396201133728, 0.6844755411148071, 0.7570785284042358, 0.7056249380111694, 0.7656220197677612, 0.7378994226455688, 0.7424655556678772, 0.7671775817871094, 0.7486310005187988, 0.7489648461341858, 0.7317501902580261, 0.7437363266944885, 0.7360966801643372, 0.7339540123939514, 0.7371500730514526, 0.7425237894058228, 0.759993851184845, 0.7323657870292664, 0.7541307806968689, 0.7514591217041016, 0.7471685409545898], "samples_per_s": [148.66626898186246, 147.74489502380587, 143.66992074245678, 154.7745088537372, 152.3763873199959, 149.19931397996237, 140.94607717632158, 142.8560425773458, 152.7011289894842, 140.08647803082178, 129.2045339924432, 118.27225134428414, 126.56910785813109, 130.0705091480746, 129.2435377312315, 133.3522897139511, 122.2708925255428, 135.25547056776907, 123.83635862179088, 150.59006059363062, 147.91144271067097, 151.9646558382098, 145.88295752885443, 144.76051835030196, 149.15779042373842], "samples_total_num": [2420, 2420, 2420, 2420, 2420, 2420, 2420, 2420, 2420, 2420, 2420, 2420, 2420, 2420, 2420, 2420, 2420, 2420, 2420, 2420, 2420, 2420, 2420, 2420, 2420], "samples_total_s": [16.2780704498291, 16.379584550857544, 16.844166040420532, 15.635649681091309, 15.881725788116455, 16.219913721084595, 17.169686794281006, 16.940130472183228, 15.84795093536377, 17.275043487548828, 18.729992866516113, 20.461266040802002, 19.1199893951416, 18.60529351234436, 18.724340438842773, 18.147419929504395, 19.792118549346924, 17.892067432403564, 19.54191827774048, 16.070117712020874, 16.361141204833984, 15.924755573272705, 16.588640928268433, 16.717265367507935, 16.2244291305542], "per_pr": [0.8984480500221252, 0.877331018447876, 0.8716852068901062, 0.9236516952514648, 0.8829944133758545, 0.9147237539291382, 0.9228274822235107, 0.9013317227363586, 0.8972783088684082, 0.9084888696670532, 0.9135349988937378, 0.8829113841056824, 0.9176980257034302, 0.9168719053268433, 0.899074375629425, 0.9238244295120239, 0.9402640461921692, 0.9126863479614258, 0.9017375707626343, 0.9139520525932312, 0.9069069027900696, 0.9145482182502747, 0.9009754657745361, 0.9104387164115906, 0.9115687608718872], "per_rec": [0.8064809441566467, 0.911871612071991, 0.9258025288581848, 0.8609933257102966, 0.9073289036750793, 0.8673531413078308, 0.8619018793106079, 0.9018776416778564, 0.9285281896591187, 0.9139915108680725, 0.9055117964744568, 0.9294366836547852, 0.8982434868812561, 0.9018776416778564, 0.911871612071991, 0.8924893736839294, 0.8628104329109192, 0.9085402488708496, 0.9115687608718872, 0.9006662368774414, 0.91459721326828, 0.9043004512786865, 0.9230769276618958, 0.9112659096717834, 0.9115687608718872],