{"test_metrics": {"Eval_Ent_Precision": 83.73924189091022, "Eval_Ent_Recall": 84.45839873774894, "Eval_Ent_F1": 84.0972828772751, "Eval_Time": 129.8689661026001, "Eval_Examples": 5000, "Eval_Examples_Per_Second": 38.50034500197577, "seen_Eval_Ent_Precision": 55.1822010611276, "seen_Eval_Ent_Recall": 89.20959146263777, "seen_Eval_Ent_F1": 68.18644642647665, "seen_Eval_Time": 130.11392903327942, "seen_Eval_Examples": 5000, "seen_Eval_Examples_Per_Second": 38.42786116097642, "unseen_Eval_Ent_Precision": 28.621131664782794, "unseen_Eval_Ent_Recall": 76.63643048461073, "unseen_Eval_Ent_F1": 41.677221520784684, "unseen_Eval_Time": 129.3724217414856, "unseen_Eval_Examples": 5000, "unseen_Eval_Examples_Per_Second": 38.64811319672978}}