{"test_metrics": {"unseen_ner_prec_micro": 13.55563002680965, "unseen_ner_rec_micro": 75.32588454376163, "unseen_ner_f1_micro": 22.97642715137745, "unseen_ner_prec_macro": 11.709194784664875, "unseen_ner_rec_macro": 61.78985886286507, "unseen_ner_f1_macro": 19.44558744427116, "unseen_loc_prec_micro": 15.507745266781413, "unseen_loc_rec_micro": 83.89199255121042, "unseen_loc_f1_micro": 26.17664148750726, "unseen_loc_prec_macro": 15.507745266781413, "unseen_loc_rec_macro": 83.89199255121042, "unseen_loc_f1_macro": 26.17664148750726, "unseen_cls_prec_micro": 88.03046789989118, "unseen_cls_rec_micro": 75.32588454376163, "unseen_cls_f1_micro": 81.18414450577019, "unseen_cls_prec_macro": 78.92463663636305, "unseen_cls_rec_macro": 61.78985886286507, "unseen_cls_f1_macro": 67.3589386575432, "unseen_epoch": 0.0, "unseen_iteration": 0.0, "unseen_global_iteration": 0.0, "seen_ner_prec_micro": 66.97876609262666, "seen_ner_rec_micro": 91.00408905043165, "seen_ner_f1_micro": 77.16459597418857, "seen_ner_prec_macro": 57.423571666776695, "seen_ner_rec_macro": 89.35520066334959, "seen_ner_f1_macro": 69.36489702957519, "seen_loc_prec_micro": 72.49785407725322, "seen_loc_rec_micro": 95.93366651522037, "seen_loc_f1_micro": 82.58531338613474, "seen_loc_prec_macro": 72.49785407725322, "seen_loc_rec_macro": 95.93366651522037, "seen_loc_f1_macro": 82.58531338613474, "seen_cls_prec_micro": 92.71002082851192, "seen_cls_rec_micro": 91.00408905043165, "seen_cls_f1_micro": 91.8491344720853, "seen_cls_prec_macro": 88.88956324715993, "seen_cls_rec_macro": 89.35520066334959, "seen_cls_f1_macro": 89.07121235433397, "seen_epoch": 0.0, "seen_iteration": 0.0, "seen_global_iteration": 0.0, "ner_prec_micro": 80.48821267346598, "ner_rec_micro": 87.9108838568298, "ner_f1_micro": 84.03596054813652, "ner_prec_macro": 69.22532379521978, "ner_rec_macro": 82.76269332146026, "ner_f1_macro": 74.98696695105752, "loc_prec_micro": 88.03301237964236, "loc_rec_micro": 93.49890430971512, "loc_f1_micro": 90.68366985476445, "loc_prec_macro": 88.03301237964236, "loc_rec_macro": 93.49890430971512, "loc_f1_macro": 90.68366985476445, "cls_prec_micro": 91.87022900763358, "cls_rec_micro": 87.9108838568298, "cls_f1_micro": 89.84695782008212, "cls_prec_macro": 86.91493757442791, "cls_rec_macro": 82.76269332146026, "cls_f1_macro": 84.67714938083166, "epoch": 0.0, "iteration": 0.0, "global_iteration": 0.0}}