{"test_metrics": {"unseen_ner_prec_micro": 54.95608531994981, "unseen_ner_rec_micro": 66.66666666666666, "unseen_ner_f1_micro": 60.24759284731774, "unseen_ner_prec_macro": 48.68937479714832, "unseen_ner_rec_macro": 63.09766810177207, "unseen_ner_f1_macro": 53.87533489491179, "unseen_loc_prec_micro": 73.71967654986523, "unseen_loc_rec_micro": 83.25722983257229, "unseen_loc_f1_micro": 78.1987133666905, "unseen_loc_prec_macro": 73.71967654986523, "unseen_loc_rec_macro": 83.25722983257229, "unseen_loc_f1_macro": 78.1987133666905, "unseen_cls_prec_micro": 75.38726333907057, "unseen_cls_rec_micro": 66.66666666666666, "unseen_cls_f1_micro": 70.75928917609046, "unseen_cls_prec_macro": 69.8633809572755, "unseen_cls_rec_macro": 63.09766810177207, "unseen_cls_f1_macro": 66.04193208532139, "unseen_epoch": 0.0, "unseen_iteration": 0.0, "unseen_global_iteration": 0.0, "seen_ner_prec_micro": 69.33085501858736, "seen_ner_rec_micro": 72.568093385214, "seen_ner_f1_micro": 70.91254752851711, "seen_ner_prec_macro": 69.45924787192595, "seen_ner_rec_macro": 72.00250584761937, "seen_ner_f1_macro": 70.65951663487614, "seen_loc_prec_micro": 81.23791102514507, "seen_loc_rec_micro": 81.71206225680933, "seen_loc_f1_micro": 81.47429679922405, "seen_loc_prec_macro": 81.23791102514507, "seen_loc_rec_macro": 81.71206225680933, "seen_loc_f1_macro": 81.47429679922405, "seen_cls_prec_micro": 85.55045871559633, "seen_cls_rec_micro": 72.568093385214, "seen_cls_f1_micro": 78.52631578947368, "seen_cls_prec_macro": 85.27862834073659, "seen_cls_rec_macro": 72.00250584761937, "seen_cls_f1_macro": 78.03206054326606, "seen_epoch": 0.0, "seen_iteration": 0.0, "seen_global_iteration": 0.0, "ner_prec_micro": 62.72534464475079, "ner_rec_micro": 70.20771513353115, "ner_f1_micro": 66.25595071408569, "ner_prec_macro": 62.46990521014377, "ner_rec_macro": 69.85160434202103, "ner_f1_macro": 65.79773148104103, "loc_prec_micro": 78.01458216489064, "loc_rec_micro": 82.55192878338279, "loc_f1_micro": 80.21914648212226, "loc_prec_macro": 78.01458216489064, "loc_rec_macro": 82.55192878338279, "loc_f1_macro": 80.21914648212226, "cls_prec_micro": 80.80601092896174, "cls_rec_micro": 70.20771513353115, "cls_f1_micro": 75.13496348046999, "cls_prec_macro": 80.4043434814136, "cls_rec_macro": 69.85160434202103, "cls_f1_macro": 74.65146325878048, "epoch": 0.0, "iteration": 0.0, "global_iteration": 0.0}}