{"test_metrics": {"unseen_ner_prec_micro": 19.163491513682025, "unseen_ner_rec_micro": 74.56199460916442, "unseen_ner_f1_micro": 30.49049324882888, "unseen_ner_prec_macro": 26.78070440114725, "unseen_ner_rec_macro": 70.71965348021303, "unseen_ner_f1_macro": 37.10134736390035, "unseen_loc_prec_micro": 20.60595322466336, "unseen_loc_rec_micro": 78.36927223719677, "unseen_loc_f1_micro": 32.631874298540964, "unseen_loc_prec_macro": 20.60595322466336, "unseen_loc_rec_macro": 78.36927223719677, "unseen_loc_f1_macro": 32.631874298540964, "unseen_cls_prec_micro": 92.71051529116046, "unseen_cls_rec_micro": 74.56199460916442, "unseen_cls_f1_micro": 82.6517273576097, "unseen_cls_prec_macro": 90.70568583646332, "unseen_cls_rec_macro": 70.71965348021303, "unseen_cls_f1_macro": 79.29610862815849, "unseen_epoch": 0.0, "unseen_iteration": 0.0, "unseen_global_iteration": 0.0, "seen_ner_prec_micro": 63.848421782865074, "seen_ner_rec_micro": 93.58159633960344, "seen_ner_f1_micro": 75.90721649484536, "seen_ner_prec_macro": 47.38168313831706, "seen_ner_rec_macro": 92.02078414085584, "seen_ner_f1_macro": 60.563258808444296, "seen_loc_prec_micro": 65.57318911250998, "seen_loc_rec_micro": 94.0010167768175, "seen_loc_f1_micro": 77.25492244215803, "seen_loc_prec_macro": 65.57318911250998, "seen_loc_rec_macro": 94.0010167768175, "seen_loc_f1_macro": 77.25492244215803, "seen_cls_prec_micro": 97.97737857618095, "seen_cls_rec_micro": 93.58159633960344, "seen_cls_f1_micro": 95.7290515504128, "seen_cls_prec_macro": 91.28135093182144, "seen_cls_rec_macro": 92.02078414085584, "seen_cls_f1_macro": 91.56182869199142, "seen_epoch": 0.0, "seen_iteration": 0.0, "seen_global_iteration": 0.0, "ner_prec_micro": 82.98111900225186, "ner_rec_micro": 88.41823551125877, "ner_f1_micro": 85.61343937092306, "ner_prec_macro": 74.16968373607146, "ner_rec_macro": 81.53562313196923, "ner_f1_macro": 77.64106520833303, "loc_prec_micro": 86.16229624379872, "loc_rec_micro": 89.7563676633444, "loc_f1_micro": 87.92261797143374, "loc_prec_macro": 86.16229624379872, "loc_rec_macro": 89.7563676633444, "loc_f1_macro": 87.92261797143374, "cls_prec_micro": 96.71916010498688, "cls_rec_micro": 88.41823551125877, "cls_f1_micro": 92.38260534181852, "cls_prec_macro": 91.80525433971886, "cls_rec_macro": 81.53562313196923, "cls_f1_macro": 86.32827554956327, "epoch": 0.0, "iteration": 0.0, "global_iteration": 0.0}}