{"test_metrics": {"unseen_ner_prec_micro": 18.84319927699955, "unseen_ner_rec_micro": 72.64808362369338, "unseen_ner_f1_micro": 29.92465016146394, "unseen_ner_prec_macro": 29.55692718152526, "unseen_ner_rec_macro": 68.46443067396689, "unseen_ner_f1_macro": 38.51075457765911, "unseen_loc_prec_micro": 20.199068578212035, "unseen_loc_rec_micro": 77.07317073170732, "unseen_loc_f1_micro": 32.009261269083275, "unseen_loc_prec_macro": 20.199068578212035, "unseen_loc_rec_macro": 77.07317073170732, "unseen_loc_f1_macro": 32.009261269083275, "unseen_cls_prec_micro": 92.83170080142476, "unseen_cls_rec_micro": 72.64808362369338, "unseen_cls_f1_micro": 81.50899139953088, "unseen_cls_prec_macro": 91.8727207513508, "unseen_cls_rec_macro": 68.46443067396689, "unseen_cls_f1_macro": 77.93728437883821, "unseen_epoch": 0.0, "unseen_iteration": 0.0, "unseen_global_iteration": 0.0, "seen_ner_prec_micro": 67.35615572215698, "seen_ner_rec_micro": 93.6103439618378, "seen_ner_f1_micro": 78.34217576298786, "seen_ner_prec_macro": 51.136856095969385, "seen_ner_rec_macro": 90.4048328559552, "seen_ner_f1_macro": 63.91840625611324, "seen_loc_prec_micro": 68.19591390003649, "seen_loc_rec_micro": 93.86141099673613, "seen_loc_f1_micro": 78.99630216587428, "seen_loc_prec_macro": 68.19591390003649, "seen_loc_rec_macro": 93.86141099673613, "seen_loc_f1_macro": 78.99630216587428, "seen_cls_prec_micro": 99.34718891553425, "seen_cls_rec_micro": 93.6103439618378, "seen_cls_f1_micro": 96.39348500517065, "seen_cls_prec_macro": 96.9829371285377, "seen_cls_rec_macro": 90.4048328559552, "seen_cls_f1_macro": 93.57261106910714, "seen_epoch": 0.0, "seen_iteration": 0.0, "seen_global_iteration": 0.0, "ner_prec_micro": 86.06579540333483, "ner_rec_micro": 88.12292358803987, "ner_f1_micro": 87.08221239341572, "ner_prec_macro": 80.50845197982639, "ner_rec_macro": 79.0939054086206, "ner_f1_macro": 79.73604296944376, "loc_prec_micro": 88.34031699763163, "loc_rec_micro": 89.49796973052787, "loc_f1_micro": 88.91537544696067, "loc_prec_macro": 88.34031699763163, "loc_rec_macro": 89.49796973052787, "loc_f1_macro": 88.91537544696067, "cls_prec_micro": 97.77800532459554, "cls_rec_micro": 88.12292358803987, "cls_f1_micro": 92.6997378895253, "cls_prec_macro": 95.35958573725408, "cls_rec_macro": 79.0939054086206, "cls_f1_macro": 86.26150411769477, "epoch": 0.0, "iteration": 0.0, "global_iteration": 0.0}}