{"test_metrics": {"seen__f1": 0.0, "seen__pr": 0.0, "seen__rec": 0.0, "seen__ner_f1": 0.8305239677429199, "seen__ner_pr": 0.7417275905609131, "seen__ner_rec": 0.9434723854064941, "seen__macro_f1": 0.0, "seen__macro_pr": 0.0, "seen__macro_rec": 0.0, "seen__macro_ner_f1": 0.7150459289550781, "seen__macro_ner_pr": 0.6081467270851135, "seen__macro_ner_rec": 0.8891305327415466, "seen__samples_per_s": 570.9659657355205, "seen__samples_total_num": 4669, "seen__samples_total_s": 8.177370071411133, "seen__organization_pr": 0.5545927286148071, "seen__organization_rec": 0.8142493367195129, "seen__organization_f1": 0.6597937941551208, "seen__location_pr": 0.8089396357536316, "seen__location_rec": 0.9562095999717712, "seen__location_f1": 0.8764310479164124, "seen__person_pr": 0.4609079360961914, "seen__person_rec": 0.8969325423240662, "seen__person_f1": 0.6089129447937012, "unseen__f1": 0.0, "unseen__pr": 0.0, "unseen__rec": 0.0, "unseen__ner_f1": 0.5215407609939575, "unseen__ner_pr": 0.40580618381500244, "unseen__ner_rec": 0.7296282649040222, "unseen__macro_f1": 0.0, "unseen__macro_pr": 0.0, "unseen__macro_rec": 0.0, "unseen__macro_ner_f1": 0.5497079491615295, "unseen__macro_ner_pr": 0.5013172030448914, "unseen__macro_ner_rec": 0.6864390969276428, "unseen__samples_per_s": 596.1476910957467, "unseen__samples_total_num": 2155, "unseen__samples_total_s": 3.6148760318756104, "unseen__organization_pr": 0.459090918302536, "unseen__organization_rec": 0.5534246563911438, "unseen__organization_f1": 0.5018633604049683, "unseen__location_pr": 0.30100831389427185, "unseen__location_rec": 0.8367683291435242, "unseen__location_f1": 0.44274812936782837, "unseen__person_pr": 0.743852436542511, "unseen__person_rec": 0.66912442445755, "unseen__person_f1": 0.704512357711792}, "test_metrics_bounds": {"seen__f1": 0.0, "seen__pr": 0.0, "seen__rec": 0.0, "seen__ner_f1": 0.835693895816803, "seen__ner_pr": 0.7463447451591492, "seen__ner_rec": 0.9493454098701477, "seen__macro_f1": 0.0, "seen__macro_pr": 0.0, "seen__macro_rec": 0.0, "seen__macro_ner_f1": 0.835693895816803, "seen__macro_ner_pr": 0.7463447451591492, "seen__macro_ner_rec": 0.9493454098701477, "seen__samples_per_s": 570.9659657355205, "seen__samples_total_num": 4669, "seen__samples_total_s": 8.177370071411133, "unseen__f1": 0.0, "unseen__pr": 0.0, "unseen__rec": 0.0, "unseen__ner_f1": 0.557777464389801, "unseen__ner_pr": 0.4340016841888428, "unseen__ner_rec": 0.7803229689598083, "unseen__macro_f1": 0.0, "unseen__macro_pr": 0.0, "unseen__macro_rec": 0.0, "unseen__macro_ner_f1": 0.557777464389801, "unseen__macro_ner_pr": 0.4340016841888428, "unseen__macro_ner_rec": 0.7803229689598083, "unseen__samples_per_s": 596.1476910957467, "unseen__samples_total_num": 2155, "unseen__samples_total_s": 3.6148760318756104}}