{"test_metrics": {"f1": 0.0, "pr": 0.0, "rec": 0.0, "ner_f1": 0.6523915529251099, "ner_pr": 0.6099843978881836, "ner_rec": 0.7011356949806213, "macro_f1": 0.0, "macro_pr": 0.0, "macro_rec": 0.0, "macro_ner_f1": 0.6457671523094177, "macro_ner_pr": 0.6097978353500366, "macro_ner_rec": 0.6913430690765381, "samples_per_s": 208.65890864949355, "samples_total_num": 529, "samples_total_s": 2.535238027572632, "task_pr": 0.6349809765815735, "task_rec": 0.6374045610427856, "task_f1": 0.6361904144287109, "method_pr": 0.7232558131217957, "method_rec": 0.7317647337913513, "method_f1": 0.7274854183197021, "material_pr": 0.5215311050415039, "material_rec": 0.6898733973503113, "material_f1": 0.5940054059028625, "otherscientificterm_pr": 0.5394126772880554, "otherscientificterm_rec": 0.6750483512878418, "otherscientificterm_f1": 0.599656343460083, "metric_pr": 0.5972222089767456, "metric_rec": 0.6056337952613831, "metric_f1": 0.6013985276222229, "generic_pr": 0.6423841118812561, "generic_rec": 0.8083333373069763, "generic_f1": 0.7158671021461487}, "test_metrics_bounds": {"f1": 0.0, "pr": 0.0, "rec": 0.0, "ner_f1": 0.7861915230751038, "ner_pr": 0.7357999086380005, "ner_rec": 0.8439928293228149, "macro_f1": 0.0, "macro_pr": 0.0, "macro_rec": 0.0, "macro_ner_f1": 0.7861915230751038, "macro_ner_pr": 0.7357999086380005, "macro_ner_rec": 0.8439928293228149, "samples_per_s": 208.65890864949355, "samples_total_num": 529, "samples_total_s": 2.535238027572632}, "metrics": {"f1": [0.0, 0.0, 0.0, 0.0, 0.0, 0.0, 0.0, 0.0, 0.0, 0.0, 0.0, 0.0, 0.0, 0.0, 0.0, 0.0, 0.0, 0.0, 0.0, 0.0, 0.0, 0.0, 0.0, 0.0, 0.0], "pr": [0.0, 0.0, 0.0, 0.0, 0.0, 0.0, 0.0, 0.0, 0.0, 0.0, 0.0, 0.0, 0.0, 0.0, 0.0, 0.0, 0.0, 0.0, 0.0, 0.0, 0.0, 0.0, 0.0, 0.0, 0.0], "rec": [0.0, 0.0, 0.0, 0.0, 0.0, 0.0, 0.0, 0.0, 0.0, 0.0, 0.0, 0.0, 0.0, 0.0, 0.0, 0.0, 0.0, 0.0, 0.0, 0.0, 0.0, 0.0, 0.0, 0.0, 0.0], "ner_f1": [0.36301368474960327, 0.5566502809524536, 0.6334951519966125, 0.6296080350875854, 0.6361156702041626, 0.6544412970542908, 0.6523701548576355, 0.6413043737411499, 0.659536600112915, 0.6615110635757446, 0.6524495482444763, 0.6553738713264465, 0.660454273223877, 0.6447139978408813, 0.6654589176177979, 0.6563246250152588, 0.6662728786468506, 0.6590909957885742, 0.6631702184677124, 0.6529445052146912, 0.6587818264961243, 0.6670547127723694, 0.665083110332489, 0.6603773236274719, 0.6607668995857239], "ner_pr": [0.3333333432674408, 0.5472155213356018, 0.6141176223754883, 0.5905598402023315, 0.5632850527763367, 0.6029567122459412, 0.5934291481971741, 0.618881106376648, 0.6271186470985413, 0.629671573638916, 0.6040555238723755, 0.6137855648994446, 0.616974949836731, 0.5980707406997681, 0.6421911716461182, 0.626423716545105, 0.6301676034927368, 0.6304348111152649, 0.6198257207870483, 0.6004205942153931, 0.6237401962280273, 0.622826099395752, 0.6320541501045227, 0.6236079931259155, 0.6243032217025757], "ner_rec": [0.39849624037742615, 0.5664160251617432, 0.6541353464126587, 0.6741854548454285, 0.7305764555931091, 0.7155388593673706, 0.7243107557296753, 0.6654135584831238, 0.6954887509346008, 0.6967418789863586, 0.7092731595039368, 0.7030075192451477, 0.7105262875556946, 0.6992481350898743, 0.6904761791229248, 0.689223051071167, 0.7067669034004211, 0.6904761791229248, 0.713032603263855, 0.7155388593673706, 0.6979950070381165, 0.7180451154708862, 0.7017543911933899, 0.7017543911933899, 0.7017543911933899], "macro_f1": [0.0, 0.0, 0.0, 0.0, 0.0, 0.0, 0.0, 0.0, 0.0, 0.0, 0.0, 0.0, 0.0, 0.0, 0.0, 0.0, 0.0, 0.0, 0.0, 0.0, 0.0, 0.0, 0.0, 0.0, 0.0], "macro_pr": [0.0, 0.0, 0.0, 0.0, 0.0, 0.0, 0.0, 0.0, 0.0, 0.0, 0.0, 0.0, 0.0, 0.0, 0.0, 0.0, 0.0, 0.0, 0.0, 0.0, 0.0, 0.0, 0.0, 0.0, 0.0], "macro_rec": [0.0, 0.0, 0.0, 0.0, 0.0, 0.0, 0.0, 0.0, 0.0, 0.0, 0.0, 0.0, 0.0, 0.0, 0.0, 0.0, 0.0, 0.0, 0.0, 0.0, 0.0, 0.0, 0.0, 0.0, 0.0], "macro_ner_f1": [0.21635127067565918, 0.4931401312351227, 0.5970657467842102, 0.6004142165184021, 0.618438720703125, 0.6346643567085266, 0.6225997805595398, 0.6140213012695312, 0.6269945502281189, 0.629257082939148, 0.6322752237319946, 0.6269770264625549, 0.6331039667129517, 0.6195754408836365, 0.6384822130203247, 0.6226643323898315, 0.6357327103614807, 0.6382317543029785, 0.6309512257575989, 0.6213950514793396, 0.6276461482048035, 0.6306903958320618, 0.6305363774299622, 0.6249033212661743, 0.6262231469154358], "macro_ner_pr": [0.17287927865982056, 0.5859047174453735, 0.5764608383178711, 0.5773718953132629, 0.5654615163803101, 0.5983031392097473, 0.5710107684135437, 0.597572386264801, 0.6143820881843567, 0.6035183072090149, 0.5991553664207458, 0.606738805770874, 0.6083109974861145, 0.5820097923278809, 0.635308027267456, 0.6132131218910217, 0.6124894618988037, 0.6157770752906799, 0.6011263728141785, 0.5915133953094482, 0.6156293749809265, 0.6034972071647644, 0.6134262084960938, 0.6091758012771606, 0.6063092350959778], "macro_ner_rec": [0.29627087712287903, 0.48019838333129883, 0.6236807107925415, 0.6345157027244568, 0.6931168437004089, 0.6807926297187805, 0.6875290870666504, 0.6408205628395081, 0.6450966000556946, 0.6596701741218567, 0.6747213006019592, 0.6589518785476685, 0.6660776734352112, 0.6673950552940369, 0.6471598148345947, 0.6419392228126526, 0.6687930226325989, 0.6675837635993958, 0.6706101298332214, 0.6641458868980408, 0.6483457684516907, 0.6657701134681702, 0.6545984148979187, 0.6478607654571533, 0.6520630717277527], "samples_per_s": [144.197985600552, 198.02667547980454, 164.6670213124178, 174.37459934917277, 160.13116870511578, 140.8399441712718, 198.899322586817, 198.71600179816164, 160.56782742197356, 182.15108237277667, 141.4821806272306, 184.1643761217703, 198.3657061241091, 164.9745470124622, 176.2222899125206, 162.91245636323004, 168.75728715442887, 174.25125041664577, 155.84709958677303, 166.34728038004312, 205.63632441434743, 187.93990439962994, 219.22664302022096, 197.7630837808087, 198.85213719007962], "samples_total_num": [260, 260, 260, 260, 260, 260, 260, 260, 260, 260, 260, 260, 260, 260, 260, 260, 260, 260, 260, 260, 260, 260, 260, 260, 260], "samples_total_s": [1.8030765056610107, 1.3129544258117676, 1.5789439678192139, 1.4910428524017334, 1.623668909072876, 1.846067190170288, 1.3071939945220947, 1.3083999156951904, 1.619253396987915, 1.4273865222930908, 1.8376872539520264, 1.4117822647094727, 1.3107104301452637, 1.576000690460205, 1.4754092693328857, 1.5959491729736328, 1.5406742095947266, 1.492098331451416, 1.6683018207550049, 1.562995195388794, 1.2643680572509766, 1.3834209442138672, 1.1859872341156006, 1.314704418182373, 1.3075041770935059], "task_pr": [0.0, 0.6760563254356384, 0.6083333492279053, 0.6530612111091614, 0.6228070259094238, 0.5671641826629639, 0.5460526347160339, 0.6260162591934204, 0.559440553188324, 0.6033057570457458, 0.6302521228790283, 0.5769230723381042, 0.625, 0.4722222089767456, 0.6178861856460571, 0.6198347210884094, 0.6062992215156555, 0.6086956262588501, 0.5531914830207825, 0.5897436141967773, 0.6115702390670776, 0.5967742204666138, 0.6218487620353699, 0.6065573692321777, 0.59375], "task_rec": [0.0, 0.380952388048172, 0.579365074634552, 0.5079365372657776, 0.5634920597076416, 0.60317462682724, 0.658730149269104, 0.6111111044883728, 0.6349206566810608, 0.579365074634552, 0.5952380895614624, 0.5952380895614624, 0.5952380895614624, 0.6746031641960144, 0.60317462682724, 0.5952380895614624, 0.6111111044883728, 0.5555555820465088, 0.6190476417541504, 0.5476190447807312, 0.5873016119003296, 0.5873016119003296, 0.5873016119003296, 0.5873016119003296, 0.60317462682724], "task_f1": [0.0, 0.48730960488319397, 0.5934959650039673, 0.5714285969734192, 0.5916666388511658, 0.5846153497695923, 0.597122311592102, 0.6184739470481873, 0.5947955250740051, 0.5910930633544922, 0.6122449040412903, 0.5859375, 0.6097561120986938, 0.5555555820465088, 0.6104418039321899, 0.6072874069213867, 0.6086956262588501, 0.5809128284454346, 0.5842697024345398, 0.5679011940956116, 0.5991902947425842, 0.5920000076293945, 0.6040816903114319, 0.596774160861969, 0.5984251499176025],