{"test_metrics": {"Eval_Ent_Precision": 63.26879269559363, "Eval_Ent_Recall": 66.01307187639563, "Eval_Ent_F1": 64.61180574049223, "Eval_Time": 12.38100266456604, "Eval_Examples": 551, "Eval_Examples_Per_Second": 44.50366540804818, "seen_Eval_Ent_Precision": 15.148063821015874, "seen_Eval_Ent_Recall": 77.32558123647918, "seen_Eval_Ent_F1": 25.333333380317463, "seen_Eval_Time": 11.685516357421875, "seen_Eval_Examples": 551, "seen_Eval_Examples_Per_Second": 47.15238789170329, "unseen_Eval_Ent_Precision": 48.12072893152536, "unseen_Eval_Ent_Recall": 63.106796096927866, "unseen_Eval_Ent_F1": 54.604200317151275, "unseen_Eval_Time": 11.803027868270874, "unseen_Eval_Examples": 551, "unseen_Eval_Examples_Per_Second": 46.682936459144415}}