{"test_metrics": {"seen__f1": 0.0, "seen__pr": 0.0, "seen__rec": 0.0, "seen__ner_f1": 0.8210695385932922, "seen__ner_pr": 0.7248607277870178, "seen__ner_rec": 0.9467258453369141, "seen__macro_f1": 0.0, "seen__macro_pr": 0.0, "seen__macro_rec": 0.0, "seen__macro_ner_f1": 0.7120978236198425, "seen__macro_ner_pr": 0.6171119213104248, "seen__macro_ner_rec": 0.8658477663993835, "seen__samples_per_s": 557.4046029271375, "seen__samples_total_num": 4644, "seen__samples_total_s": 8.331470489501953, "seen__organization_pr": 0.6207729578018188, "seen__organization_rec": 0.7385057210922241, "seen__organization_f1": 0.6745406985282898, "seen__location_pr": 0.7789497971534729, "seen__location_rec": 0.9627507328987122, "seen__location_f1": 0.8611520528793335, "seen__person_pr": 0.4516128897666931, "seen__person_rec": 0.8962867856025696, "seen__person_f1": 0.6006006002426147, "unseen__f1": 0.0, "unseen__pr": 0.0, "unseen__rec": 0.0, "unseen__ner_f1": 0.512010395526886, "unseen__ner_pr": 0.3975268602371216, "unseen__ner_rec": 0.7191052436828613, "unseen__macro_f1": 0.0, "unseen__macro_pr": 0.0, "unseen__macro_rec": 0.0, "unseen__macro_ner_f1": 0.5433115363121033, "unseen__macro_ner_pr": 0.5360427498817444, "unseen__macro_ner_rec": 0.6550571918487549, "unseen__samples_per_s": 588.7319493689681, "unseen__samples_total_num": 2178, "unseen__samples_total_s": 3.699476480484009, "unseen__organization_pr": 0.5583596229553223, "unseen__organization_rec": 0.43170732259750366, "unseen__organization_f1": 0.4869326055049896, "unseen__location_pr": 0.28398460149765015, "unseen__location_rec": 0.8614357113838196, "unseen__location_f1": 0.4271523356437683, "unseen__person_pr": 0.7657840847969055, "unseen__person_rec": 0.6720286011695862, "unseen__person_f1": 0.7158496379852295}, "test_metrics_bounds": {"seen__f1": 0.0, "seen__pr": 0.0, "seen__rec": 0.0, "seen__ner_f1": 0.8286631107330322, "seen__ner_pr": 0.7315645217895508, "seen__ner_rec": 0.9554815888404846, "seen__macro_f1": 0.0, "seen__macro_pr": 0.0, "seen__macro_rec": 0.0, "seen__macro_ner_f1": 0.8286631107330322, "seen__macro_ner_pr": 0.7315645217895508, "seen__macro_ner_rec": 0.9554815888404846, "seen__samples_per_s": 557.4046029271375, "seen__samples_total_num": 4644, "seen__samples_total_s": 8.331470489501953, "unseen__f1": 0.0, "unseen__pr": 0.0, "unseen__rec": 0.0, "unseen__ner_f1": 0.5496083498001099, "unseen__ner_pr": 0.4267180263996124, "unseen__ner_rec": 0.771910548210144, "unseen__macro_f1": 0.0, "unseen__macro_pr": 0.0, "unseen__macro_rec": 0.0, "unseen__macro_ner_f1": 0.5496083498001099, "unseen__macro_ner_pr": 0.4267180263996124, "unseen__macro_ner_rec": 0.771910548210144, "unseen__samples_per_s": 588.7319493689681, "unseen__samples_total_num": 2178, "unseen__samples_total_s": 3.699476480484009}}