{"test_metrics": {"Eval_Ent_Precision": 77.29724428218158, "Eval_Ent_Recall": 72.78603748771151, "Eval_Ent_F1": 74.97384190526513, "Eval_Time": 117.46084332466125, "Eval_Examples": 5000, "Eval_Examples_Per_Second": 42.567376995413035, "seen_Eval_Ent_Precision": 37.89349809004736, "seen_Eval_Ent_Recall": 74.66666665713365, "seen_Eval_Ent_F1": 50.273224043644746, "seen_Eval_Time": 117.52055788040161, "seen_Eval_Examples": 5000, "seen_Eval_Examples_Per_Second": 42.54574765623903, "unseen_Eval_Ent_Precision": 39.42335981378378, "unseen_Eval_Ent_Recall": 71.03728573209497, "unseen_Eval_Ent_F1": 50.70635721475622, "unseen_Eval_Time": 117.54665231704712, "unseen_Eval_Examples": 5000, "unseen_Eval_Examples_Per_Second": 42.53630283331241}}