{"test_metrics": {"unseen_ner_prec_micro": 43.806350450803606, "unseen_ner_rec_micro": 70.70547295159759, "unseen_ner_f1_micro": 54.0965750937916, "unseen_ner_prec_macro": 50.64688750750489, "unseen_ner_rec_macro": 69.99998444490683, "unseen_ner_f1_macro": 57.57783949779542, "unseen_loc_prec_micro": 47.3186119873817, "unseen_loc_rec_micro": 75.92534008225246, "unseen_loc_f1_micro": 58.3019555447589, "unseen_loc_prec_macro": 47.3186119873817, "unseen_loc_rec_macro": 75.92534008225246, "unseen_loc_f1_macro": 58.3019555447589, "unseen_cls_prec_micro": 92.50827814569536, "unseen_cls_rec_micro": 70.70547295159759, "unseen_cls_f1_micro": 80.15061861215707, "unseen_cls_prec_macro": 91.18581379460208, "unseen_cls_rec_macro": 69.99998444490683, "unseen_cls_f1_macro": 79.05213542784887, "unseen_epoch": 0.0, "unseen_iteration": 0.0, "unseen_global_iteration": 0.0, "seen_ner_prec_micro": 36.83179949089485, "seen_ner_rec_micro": 80.2132196162047, "seen_ner_f1_micro": 50.48309178743962, "seen_ner_prec_macro": 31.26850840994249, "seen_ner_rec_macro": 76.57209796331534, "seen_ner_f1_macro": 43.08735268291407, "seen_loc_prec_micro": 37.28546064312488, "seen_loc_rec_micro": 80.59701492537313, "seen_loc_f1_micro": 50.984623684920415, "seen_loc_prec_macro": 37.28546064312488, "seen_loc_rec_macro": 80.59701492537313, "seen_loc_f1_macro": 50.984623684920415, "seen_cls_prec_micro": 99.0, "seen_cls_rec_micro": 80.2132196162047, "seen_cls_f1_micro": 88.62190812720848, "seen_cls_prec_macro": 97.8937759022633, "seen_cls_rec_macro": 76.57209796331534, "seen_cls_f1_macro": 85.74837255797733, "seen_epoch": 0.0, "seen_iteration": 0.0, "seen_global_iteration": 0.0, "ner_prec_micro": 80.50930460333007, "ner_rec_micro": 74.64584090083545, "ner_f1_micro": 77.4667797568561, "ner_prec_macro": 81.50346195262452, "ner_rec_macro": 72.91851867378215, "ner_f1_macro": 76.91759673164891, "loc_prec_micro": 84.43042964130863, "loc_rec_micro": 77.80602978568834, "loc_f1_micro": 80.98298676748583, "loc_prec_macro": 84.43042964130863, "loc_rec_macro": 77.80602978568834, "loc_f1_macro": 80.98298676748583, "cls_prec_micro": 95.49256505576209, "cls_rec_micro": 74.64584090083545, "cls_f1_micro": 83.79204892966361, "cls_prec_macro": 94.71547031528536, "cls_rec_macro": 72.91851867378215, "cls_f1_macro": 82.34726837180017, "epoch": 0.0, "iteration": 0.0, "global_iteration": 0.0}}