{"test_metrics": {"unseen_ner_prec_micro": 46.00638977635783, "unseen_ner_rec_micro": 56.1038961038961, "unseen_ner_f1_micro": 50.55588063194851, "unseen_ner_prec_macro": 42.85730538916455, "unseen_ner_rec_macro": 50.91157383933923, "unseen_ner_f1_macro": 46.24002070370638, "unseen_loc_prec_micro": 54.25764192139738, "unseen_loc_rec_micro": 64.54545454545455, "unseen_loc_f1_micro": 58.95610913404508, "unseen_loc_prec_macro": 54.25764192139738, "unseen_loc_rec_macro": 64.54545454545455, "unseen_loc_f1_macro": 58.95610913404508, "unseen_cls_prec_micro": 84.70588235294117, "unseen_cls_rec_micro": 56.1038961038961, "unseen_cls_f1_micro": 67.5, "unseen_cls_prec_macro": 78.26638148200081, "unseen_cls_rec_macro": 50.91157383933923, "unseen_cls_f1_macro": 61.29948066891114, "unseen_epoch": 0.0, "unseen_iteration": 0.0, "unseen_global_iteration": 0.0, "seen_ner_prec_micro": 23.89189189189189, "seen_ner_rec_micro": 71.52103559870551, "seen_ner_f1_micro": 35.81847649918963, "seen_ner_prec_macro": 20.1499244684088, "seen_ner_rec_macro": 61.61115200588885, "seen_ner_f1_macro": 30.285371886111857, "seen_loc_prec_micro": 27.1412680756396, "seen_loc_rec_micro": 78.96440129449837, "seen_loc_f1_micro": 40.397350993377486, "seen_loc_prec_macro": 27.1412680756396, "seen_loc_rec_macro": 78.96440129449837, "seen_loc_f1_macro": 40.397350993377486, "seen_cls_prec_micro": 88.4, "seen_cls_rec_micro": 71.52103559870551, "seen_cls_f1_micro": 79.06976744186046, "seen_cls_prec_macro": 76.13601762029494, "seen_cls_rec_macro": 61.61115200588885, "seen_cls_f1_macro": 67.70725626926112, "seen_epoch": 0.0, "seen_iteration": 0.0, "seen_global_iteration": 0.0, "ner_prec_micro": 70.1492537313433, "ner_rec_micro": 60.98239110287304, "ner_f1_micro": 65.24541398116014, "ner_prec_macro": 63.38489421799053, "ner_rec_macro": 54.39948246942271, "ner_f1_macro": 58.433548380662415, "loc_prec_micro": 81.4004376367615, "loc_rec_micro": 68.95273401297499, "loc_f1_micro": 74.66131460110387, "loc_prec_macro": 81.4004376367615, "loc_rec_macro": 68.95273401297499, "loc_f1_macro": 74.66131460110387, "cls_prec_micro": 86.3517060367454, "cls_rec_micro": 60.98239110287304, "cls_f1_micro": 71.48288973384031, "cls_prec_macro": 78.36883819667177, "cls_rec_macro": 54.39948246942271, "cls_f1_macro": 63.94945500585081, "epoch": 0.0, "iteration": 0.0, "global_iteration": 0.0}}