{"test_metrics": {"Eval_Ent_Precision": 62.31805928591045, "Eval_Ent_Recall": 68.68686866466207, "Eval_Ent_F1": 65.34765402447977, "Eval_Time": 25.74686360359192, "Eval_Examples": 551, "Eval_Examples_Per_Second": 21.400664891980494, "seen_Eval_Ent_Precision": 16.92722375533453, "seen_Eval_Ent_Recall": 85.32608676453214, "seen_Eval_Ent_F1": 28.250112499774875, "seen_Eval_Time": 24.615992546081543, "seen_Eval_Examples": 551, "seen_Eval_Examples_Per_Second": 22.383822182612338, "unseen_Eval_Ent_Precision": 45.39083558448427, "unseen_Eval_Ent_Recall": 64.03041822961153, "unseen_Eval_Ent_F1": 53.123028387226455, "unseen_Eval_Time": 25.187414169311523, "unseen_Eval_Examples": 551, "unseen_Eval_Examples_Per_Second": 21.876005067298305}}