{"test_metrics": {"unseen_ner_prec_micro": 46.91218130311615, "unseen_ner_rec_micro": 55.87044534412956, "unseen_ner_f1_micro": 51.00092392978134, "unseen_ner_prec_macro": 41.19636759453975, "unseen_ner_rec_macro": 49.979520602867, "unseen_ner_f1_macro": 44.508376580874696, "unseen_loc_prec_micro": 66.76829268292683, "unseen_loc_rec_micro": 73.88663967611336, "unseen_loc_f1_micro": 70.14734144778988, "unseen_loc_prec_macro": 66.76829268292683, "unseen_loc_rec_macro": 73.88663967611336, "unseen_loc_f1_macro": 70.14734144778988, "unseen_cls_prec_micro": 70.46808510638299, "unseen_cls_rec_micro": 55.87044534412956, "unseen_cls_f1_micro": 62.325931501693645, "unseen_cls_prec_macro": 62.81098162027777, "unseen_cls_rec_macro": 49.979520602867, "unseen_cls_f1_macro": 54.81842665164967, "unseen_epoch": 0.0, "unseen_iteration": 0.0, "unseen_global_iteration": 0.0, "seen_ner_prec_micro": 7.476110174255199, "seen_ner_rec_micro": 65.51724137931035, "seen_ner_f1_micro": 13.420787083753783, "seen_ner_prec_macro": 9.995502734783972, "seen_ner_rec_macro": 52.849927849927845, "seen_ner_f1_macro": 13.522928759456857, "seen_loc_prec_micro": 9.057750759878418, "seen_loc_rec_micro": 73.39901477832512, "seen_loc_f1_micro": 16.125541125541126, "seen_loc_prec_macro": 9.057750759878418, "seen_loc_rec_macro": 73.39901477832512, "seen_loc_f1_macro": 16.125541125541126, "seen_cls_prec_micro": 85.80645161290322, "seen_cls_rec_micro": 65.51724137931035, "seen_cls_f1_micro": 74.30167597765363, "seen_cls_prec_macro": 80.45209507473659, "seen_cls_rec_macro": 52.849927849927845, "seen_cls_f1_macro": 62.25764947127176, "seen_epoch": 0.0, "seen_iteration": 0.0, "seen_global_iteration": 0.0, "ner_prec_micro": 54.32098765432099, "ner_rec_micro": 57.448071216617215, "ner_f1_micro": 55.84078453994808, "ner_prec_macro": 51.20989581628013, "ner_rec_macro": 54.25737896485776, "ner_f1_macro": 52.16865672624572, "loc_prec_micro": 76.25986642380084, "loc_rec_micro": 74.54005934718101, "loc_f1_micro": 75.39015606242498, "loc_prec_macro": 76.25986642380084, "loc_rec_macro": 74.54005934718101, "loc_f1_macro": 75.39015606242498, "cls_prec_micro": 71.59763313609467, "cls_rec_micro": 57.448071216617215, "cls_f1_micro": 63.747118867303264, "cls_prec_macro": 66.10046235933895, "cls_rec_macro": 54.25737896485776, "cls_f1_macro": 59.17184807885624, "epoch": 0.0, "iteration": 0.0, "global_iteration": 0.0}}