{"test_metrics": {"seen__f1": 0.0, "seen__pr": 0.0, "seen__rec": 0.0, "seen__ner_f1": 0.628757119178772, "seen__ner_pr": 0.4766009747982025, "seen__ner_rec": 0.9236276745796204, "seen__macro_f1": 0.0, "seen__macro_pr": 0.0, "seen__macro_rec": 0.0, "seen__macro_ner_f1": 0.563051164150238, "seen__macro_ner_pr": 0.4219195246696472, "seen__macro_ner_rec": 0.8691839575767517, "seen__samples_per_s": 298.026095938941, "seen__samples_total_num": 212, "seen__samples_total_s": 0.7113471031188965, "seen__loc_pr": 0.5735735893249512, "seen__loc_rec": 0.9646464586257935, "seen__loc_f1": 0.7193973660469055, "seen__org_pr": 0.39230769872665405, "seen__org_rec": 0.8095238208770752, "seen__org_f1": 0.5284973978996277, "seen__peop_pr": 0.48221343755722046, "seen__peop_rec": 0.960629940032959, "seen__peop_f1": 0.642105221748352, "seen__other_pr": 0.2395833283662796, "seen__other_rec": 0.7419354915618896, "seen__other_f1": 0.36220473051071167, "unseen__f1": 0.0, "unseen__pr": 0.0, "unseen__rec": 0.0, "unseen__ner_f1": 0.6433479189872742, "unseen__ner_pr": 0.5359001159667969, "unseen__ner_rec": 0.8046875, "unseen__macro_f1": 0.0, "unseen__macro_pr": 0.0, "unseen__macro_rec": 0.0, "unseen__macro_ner_f1": 0.6250606179237366, "unseen__macro_ner_pr": 0.537193238735199, "unseen__macro_ner_rec": 0.7628787755966187, "unseen__samples_per_s": 570.8493128785649, "unseen__samples_total_num": 252, "unseen__samples_total_s": 0.44144749641418457, "unseen__loc_pr": 0.45792078971862793, "unseen__loc_rec": 0.8564814925193787, "unseen__loc_f1": 0.596774160861969, "unseen__org_pr": 0.5617977380752563, "unseen__org_rec": 0.7575757503509521, "unseen__org_f1": 0.6451612710952759, "unseen__peop_pr": 0.6617646813392639, "unseen__peop_rec": 0.9424083828926086, "unseen__peop_f1": 0.7775377631187439, "unseen__other_pr": 0.4672897160053253, "unseen__other_rec": 0.49504950642585754, "unseen__other_f1": 0.48076921701431274}, "test_metrics_bounds": {"seen__f1": 0.0, "seen__pr": 0.0, "seen__rec": 0.0, "seen__ner_f1": 0.63363116979599, "seen__ner_pr": 0.4802955687046051, "seen__ner_rec": 0.9307875633239746, "seen__macro_f1": 0.0, "seen__macro_pr": 0.0, "seen__macro_rec": 0.0, "seen__macro_ner_f1": 0.63363116979599, "seen__macro_ner_pr": 0.4802955687046051, "seen__macro_ner_rec": 0.9307875633239746, "seen__samples_per_s": 298.026095938941, "seen__samples_total_num": 212, "seen__samples_total_s": 0.7113471031188965, "unseen__f1": 0.0, "unseen__pr": 0.0, "unseen__rec": 0.0, "unseen__ner_f1": 0.6783260703086853, "unseen__ner_pr": 0.565036416053772, "unseen__ner_rec": 0.848437488079071, "unseen__macro_f1": 0.0, "unseen__macro_pr": 0.0, "unseen__macro_rec": 0.0, "unseen__macro_ner_f1": 0.6783260703086853, "unseen__macro_ner_pr": 0.565036416053772, "unseen__macro_ner_rec": 0.848437488079071, "unseen__samples_per_s": 570.8493128785649, "unseen__samples_total_num": 252, "unseen__samples_total_s": 0.44144749641418457}}
