{"test_metrics": {"seen__f1": 0.0, "seen__pr": 0.0, "seen__rec": 0.0, "seen__ner_f1": 0.42541807889938354, "seen__ner_pr": 0.2864864766597748, "seen__ner_rec": 0.8259740471839905, "seen__macro_f1": 0.0, "seen__macro_pr": 0.0, "seen__macro_rec": 0.0, "seen__macro_ner_f1": 0.3848349153995514, "seen__macro_ner_pr": 0.28263208270072937, "seen__macro_ner_rec": 0.789100170135498, "seen__samples_per_s": 303.68724499408563, "seen__samples_total_num": 279, "seen__samples_total_s": 0.918708324432373, "seen__task_pr": 0.13017751276493073, "seen__task_rec": 0.7857142686843872, "seen__task_f1": 0.22335025668144226, "seen__method_pr": 0.12903225421905518, "seen__method_rec": 0.7777777910232544, "seen__method_f1": 0.22134386003017426, "seen__material_pr": 0.22834645211696625, "seen__material_rec": 0.8529411554336548, "seen__material_f1": 0.3602484464645386, "seen__otherscientificterm_pr": 0.15312500298023224, "seen__otherscientificterm_rec": 0.6363636255264282, "seen__otherscientificterm_f1": 0.24685139954090118, "seen__metric_pr": 0.2954545319080353, "seen__metric_rec": 0.7647058963775635, "seen__metric_f1": 0.4262295067310333, "seen__generic_pr": 0.7596566677093506, "seen__generic_rec": 0.9170984625816345, "seen__generic_f1": 0.8309859037399292, "unseen__f1": 0.0, "unseen__pr": 0.0, "unseen__rec": 0.0, "unseen__ner_f1": 0.517175555229187, "unseen__ner_pr": 0.43803879618644714, "unseen__ner_rec": 0.6312111616134644, "unseen__macro_f1": 0.0, "unseen__macro_pr": 0.0, "unseen__macro_rec": 0.0, "unseen__macro_ner_f1": 0.4692678153514862, "unseen__macro_ner_pr": 0.4128989279270172, "unseen__macro_ner_rec": 0.5859777331352234, "unseen__samples_per_s": 458.14521274823943, "unseen__samples_total_num": 505, "unseen__samples_total_s": 1.1022706031799316, "unseen__task_pr": 0.4838709533214569, "unseen__task_rec": 0.6410256624221802, "unseen__task_f1": 0.5514705777168274, "unseen__method_pr": 0.6451612710952759, "unseen__method_rec": 0.7197943329811096, "unseen__method_f1": 0.6804373860359192, "unseen__material_pr": 0.3936651647090912, "unseen__material_rec": 0.7016128897666931, "unseen__material_f1": 0.5043478608131409, "unseen__otherscientificterm_pr": 0.47180449962615967, "unseen__otherscientificterm_rec": 0.5704545378684998, "unseen__otherscientificterm_f1": 0.5164608955383301, "unseen__metric_pr": 0.421875, "unseen__metric_rec": 0.5, "unseen__metric_f1": 0.4576271176338196, "unseen__generic_pr": 0.06101695075631142, "unseen__generic_rec": 0.38297873735427856, "unseen__generic_f1": 0.10526315867900848}, "test_metrics_bounds": {"seen__f1": 0.0, "seen__pr": 0.0, "seen__rec": 0.0, "seen__ner_f1": 0.45144006609916687, "seen__ner_pr": 0.30415162444114685, "seen__ner_rec": 0.8753246665000916, "seen__macro_f1": 0.0, "seen__macro_pr": 0.0, "seen__macro_rec": 0.0, "seen__macro_ner_f1": 0.45144006609916687, "seen__macro_ner_pr": 0.30415162444114685, "seen__macro_ner_rec": 0.8753246665000916, "seen__samples_per_s": 303.68724499408563, "seen__samples_total_num": 279, "seen__samples_total_s": 0.918708324432373, "unseen__f1": 0.0, "unseen__pr": 0.0, "unseen__rec": 0.0, "unseen__ner_f1": 0.6675159335136414, "unseen__ner_pr": 0.5658747553825378, "unseen__ner_rec": 0.8136646151542664, "unseen__macro_f1": 0.0, "unseen__macro_pr": 0.0, "unseen__macro_rec": 0.0, "unseen__macro_ner_f1": 0.6675159335136414, "unseen__macro_ner_pr": 0.5658747553825378, "unseen__macro_ner_rec": 0.8136646151542664, "unseen__samples_per_s": 458.14521274823943, "unseen__samples_total_num": 505, "unseen__samples_total_s": 1.1022706031799316}}