{"test_metrics": {"f1": 0.0, "pr": 0.0, "rec": 0.0, "ner_f1": 0.6325503587722778, "ner_pr": 0.5943247675895691, "ner_rec": 0.6760310530662537, "macro_f1": 0.0, "macro_pr": 0.0, "macro_rec": 0.0, "macro_ner_f1": 0.6283540725708008, "macro_ner_pr": 0.5908122658729553, "macro_ner_rec": 0.6785871386528015, "samples_per_s": 126.04732961055586, "samples_total_num": 529, "samples_total_s": 4.196836233139038, "task_pr": 0.5512820482254028, "task_rec": 0.6564885377883911, "task_f1": 0.599303126335144, "method_pr": 0.7048054933547974, "method_rec": 0.7247058749198914, "method_f1": 0.7146171927452087, "material_pr": 0.5132743120193481, "material_rec": 0.7341772317886353, "material_f1": 0.6041666269302368, "otherscientificterm_pr": 0.5464481115341187, "otherscientificterm_rec": 0.5802707672119141, "otherscientificterm_f1": 0.5628517866134644, "metric_pr": 0.6060606241226196, "metric_rec": 0.5633803009986877, "metric_f1": 0.5839415788650513, "generic_pr": 0.6230031847953796, "generic_rec": 0.8125, "generic_f1": 0.7052440643310547}, "test_metrics_bounds": {"f1": 0.0, "pr": 0.0, "rec": 0.0, "ner_f1": 0.7754759192466736, "ner_pr": 0.7293312549591064, "ner_rec": 0.8278541564941406, "macro_f1": 0.0, "macro_pr": 0.0, "macro_rec": 0.0, "macro_ner_f1": 0.7754759192466736, "macro_ner_pr": 0.7293312549591064, "macro_ner_rec": 0.8278541564941406, "samples_per_s": 126.04732961055586, "samples_total_num": 529, "samples_total_s": 4.196836233139038}, "metrics": {"f1": [0.0, 0.0, 0.0, 0.0, 0.0, 0.0, 0.0, 0.0, 0.0, 0.0, 0.0, 0.0, 0.0, 0.0, 0.0, 0.0, 0.0, 0.0, 0.0, 0.0, 0.0, 0.0, 0.0, 0.0, 0.0], "pr": [0.0, 0.0, 0.0, 0.0, 0.0, 0.0, 0.0, 0.0, 0.0, 0.0, 0.0, 0.0, 0.0, 0.0, 0.0, 0.0, 0.0, 0.0, 0.0, 0.0, 0.0, 0.0, 0.0, 0.0, 0.0], "rec": [0.0, 0.0, 0.0, 0.0, 0.0, 0.0, 0.0, 0.0, 0.0, 0.0, 0.0, 0.0, 0.0, 0.0, 0.0, 0.0, 0.0, 0.0, 0.0, 0.0, 0.0, 0.0, 0.0, 0.0, 0.0], "ner_f1": [0.36617928743362427, 0.5365551114082336, 0.6232227683067322, 0.5902702808380127, 0.6564417481422424, 0.6517383456230164, 0.6336182355880737, 0.6507009267807007, 0.6394398808479309, 0.6575990915298462, 0.648212194442749, 0.6501725912094116, 0.6463133692741394, 0.6512758135795593, 0.6627358794212341, 0.6493212580680847, 0.6553540825843811, 0.6623906493186951, 0.6542923450469971, 0.6590909957885742, 0.6561587452888489, 0.6604215502738953, 0.6522248387336731, 0.6565243005752563, 0.6568742394447327], "ner_pr": [0.37161290645599365, 0.530637264251709, 0.5910112261772156, 0.519011378288269, 0.6430288553237915, 0.6151279211044312, 0.5809822082519531, 0.6094092130661011, 0.5982532501220703, 0.6226204037666321, 0.6004273295402527, 0.6010638475418091, 0.5980810523033142, 0.6320754885673523, 0.6258351802825928, 0.5917525887489319, 0.6147091388702393, 0.6194111108779907, 0.6090712547302246, 0.6304348111152649, 0.6142076253890991, 0.6197802424430847, 0.6120879054069519, 0.6158068180084229, 0.6183628439903259], "ner_rec": [0.36090224981307983, 0.5426065325737, 0.6591478586196899, 0.6842105388641357, 0.670426070690155, 0.6929824352264404, 0.6967418789863586, 0.6979950070381165, 0.6867167949676514, 0.6967418789863586, 0.7042606472969055, 0.708020031452179, 0.7030075192451477, 0.6716791987419128, 0.7042606472969055, 0.719298243522644, 0.7017543911933899, 0.7117794752120972, 0.7067669034004211, 0.6904761791229248, 0.7042606472969055, 0.7067669034004211, 0.6979950070381165, 0.7030075192451477, 0.7005012631416321], "macro_f1": [0.0, 0.0, 0.0, 0.0, 0.0, 0.0, 0.0, 0.0, 0.0, 0.0, 0.0, 0.0, 0.0, 0.0, 0.0, 0.0, 0.0, 0.0, 0.0, 0.0, 0.0, 0.0, 0.0, 0.0, 0.0], "macro_pr": [0.0, 0.0, 0.0, 0.0, 0.0, 0.0, 0.0, 0.0, 0.0, 0.0, 0.0, 0.0, 0.0, 0.0, 0.0, 0.0, 0.0, 0.0, 0.0, 0.0, 0.0, 0.0, 0.0, 0.0, 0.0], "macro_rec": [0.0, 0.0, 0.0, 0.0, 0.0, 0.0, 0.0, 0.0, 0.0, 0.0, 0.0, 0.0, 0.0, 0.0, 0.0, 0.0, 0.0, 0.0, 0.0, 0.0, 0.0, 0.0, 0.0, 0.0, 0.0], "macro_ner_f1": [0.22265493869781494, 0.48471617698669434, 0.591431200504303, 0.576901376247406, 0.6271812319755554, 0.6285490393638611, 0.5988659262657166, 0.6204678416252136, 0.601592481136322, 0.6321354508399963, 0.6229940056800842, 0.6202565431594849, 0.6157278418540955, 0.6239131093025208, 0.627678632736206, 0.6279543042182922, 0.6296942830085754, 0.6335446238517761, 0.6253551244735718, 0.6270374655723572, 0.6258400082588196, 0.6256383061408997, 0.6242804527282715, 0.6258899569511414, 0.6258369088172913], "macro_ner_pr": [0.19442777335643768, 0.5977838635444641, 0.5681260228157043, 0.5546405911445618, 0.6274538040161133, 0.6076385378837585, 0.551078736782074, 0.5920040011405945, 0.5646377205848694, 0.607040286064148, 0.5947976112365723, 0.592568039894104, 0.585100531578064, 0.6248401999473572, 0.6013790965080261, 0.5890169739723206, 0.6126722693443298, 0.6080449223518372, 0.5911256670951843, 0.6102041602134705, 0.5959561467170715, 0.5997675061225891, 0.6007211804389954, 0.5969842076301575, 0.5993382930755615], "macro_ner_rec": [0.2716286778450012, 0.4619176387786865, 0.6348227262496948, 0.6359200477600098, 0.6306392550468445, 0.6581374406814575, 0.6612228155136108, 0.6558834910392761, 0.6506096720695496, 0.6635828018188477, 0.6642052531242371, 0.661521852016449, 0.6677000522613525, 0.6296789050102234, 0.6651060581207275, 0.6801841855049133, 0.6559742093086243, 0.6670889854431152, 0.6671841740608215, 0.649350643157959, 0.6625481247901917, 0.6586700081825256, 0.6548846364021301, 0.6611600518226624, 0.6590063571929932], "samples_per_s": [125.24329449002292, 122.91716970151994, 147.67748072168814, 147.59181728979868, 147.144573462248, 141.6403628891324, 132.3104063199228, 119.87279745137624, 148.67714282559078, 157.60020625684297, 149.22882544254367, 154.06155827896535, 153.7840134543503, 165.8085782888671, 149.41228631196358, 141.02774518871652, 152.08077028367137, 134.5796935437553, 136.33195557743608, 136.2536510155749, 146.44414707006032, 130.4620741229375, 153.56137750247518, 136.69259581538688, 134.5255223952403], "samples_total_num": [260, 260, 260, 260, 260, 260, 260, 260, 260, 260, 260, 260, 260, 260, 260, 260, 260, 260, 260, 260, 260, 260, 260, 260, 260], "samples_total_s": [2.0759594440460205, 2.1152455806732178, 1.7605934143066406, 1.76161527633667, 1.7669696807861328, 1.8356349468231201, 1.965075969696045, 2.1689658164978027, 1.748755693435669, 1.6497440338134766, 1.742290735244751, 1.6876370906829834, 1.6906828880310059, 1.5680732727050781, 1.7401514053344727, 1.8436088562011719, 1.7096178531646729, 1.9319407939910889, 1.9071097373962402, 1.9082057476043701, 1.775420904159546, 1.9929163455963135, 1.693134069442749, 1.9020781517028809, 1.9327187538146973], "task_pr": [0.0, 0.7288135886192322, 0.5909090638160706, 0.5909090638160706, 0.6000000238418579, 0.5945945978164673, 0.4965035021305084, 0.5966386795043945, 0.5277777910232544, 0.5811966061592102, 0.572519063949585, 0.5904762148857117, 0.6274510025978088, 0.6380952596664429, 0.5170068144798279, 0.5581395626068115, 0.5277777910232544, 0.5901639461517334, 0.5555555820465088, 0.5777778029441833, 0.5378788113594055, 0.5625, 0.5625, 0.5413534045219421, 0.5461538434028625], "task_rec": [0.0, 0.341269850730896, 0.6190476417541504, 0.5158730149269104, 0.5476190447807312, 0.523809552192688, 0.5634920597076416, 0.5634920597076416, 0.60317462682724, 0.5396825671195984, 0.5952380895614624, 0.4920634925365448, 0.5079365372657776, 0.5317460298538208, 0.60317462682724, 0.5714285969734192, 0.60317462682724, 0.5714285969734192, 0.5555555820465088, 0.6190476417541504, 0.5634920597076416, 0.5714285969734192, 0.5714285969734192, 0.5714285969734192, 0.5634920597076416], "task_f1": [0.0, 0.46486490964889526, 0.604651153087616, 0.5508474707603455, 0.5726141333580017, 0.5569620132446289, 0.5278810262680054, 0.5795918703079224, 0.5629630088806152, 0.5596708059310913, 0.5836575627326965, 0.5367965698242188, 0.5614035129547119, 0.5800865888595581, 0.5567765831947327, 0.5647059679031372, 0.5629630088806152, 0.5806452035903931, 0.5555555820465088, 0.5977011322975159, 0.5503876805305481, 0.5669292211532593, 0.5669292211532593, 0.555984616279602, 0.5546875],