{"test_metrics": {"f1": 0.0, "pr": 0.0, "rec": 0.0, "ner_f1": 0.6736382842063904, "ner_pr": 0.7275452017784119, "ner_rec": 0.6271687150001526, "macro_f1": 0.0, "macro_pr": 0.0, "macro_rec": 0.0, "macro_ner_f1": 0.6302769780158997, "macro_ner_pr": 0.630025327205658, "macro_ner_rec": 0.6661316752433777, "samples_per_s": 183.98042155062217, "samples_total_num": 5000, "samples_total_s": 27.176804780960083, "organization_pr": 0.4077519476413727, "organization_rec": 0.6939314007759094, "organization_f1": 0.513671875, "location_pr": 0.8158242702484131, "location_rec": 0.6039373874664307, "location_f1": 0.6940696835517883, "person_pr": 0.6664997339248657, "person_rec": 0.7005262970924377, "person_f1": 0.6830894947052002}, "test_metrics_bounds": {"f1": 0.0, "pr": 0.0, "rec": 0.0, "ner_f1": 0.698716402053833, "ner_pr": 0.7546301484107971, "ner_rec": 0.6505168080329895, "macro_f1": 0.0, "macro_pr": 0.0, "macro_rec": 0.0, "macro_ner_f1": 0.698716402053833, "macro_ner_pr": 0.7546301484107971, "macro_ner_rec": 0.6505168080329895, "samples_per_s": 183.98042155062217, "samples_total_num": 5000, "samples_total_s": 27.176804780960083}, "metrics": {"f1": [0.0, 0.0, 0.0, 0.0, 0.0], "pr": [0.0, 0.0, 0.0, 0.0, 0.0], "rec": [0.0, 0.0, 0.0, 0.0, 0.0], "ner_f1": [0.6164440512657166, 0.661223292350769, 0.6700642704963684, 0.5156605243682861, 0.6580429673194885], "ner_pr": [0.7100961804389954, 0.7137820720672607, 0.7232428789138794, 0.6467806696891785, 0.7578087449073792], "ner_rec": [0.5446165204048157, 0.6158738732337952, 0.6241703629493713, 0.4287426173686981, 0.5814896821975708], "macro_f1": [0.0, 0.0, 0.0, 0.0, 0.0], "macro_pr": [0.0, 0.0, 0.0, 0.0, 0.0], "macro_rec": [0.0, 0.0, 0.0, 0.0, 0.0], "macro_ner_f1": [0.5866823792457581, 0.6324847340583801, 0.62907475233078, 0.5288370251655579, 0.6137428283691406], "macro_ner_pr": [0.6278192400932312, 0.6236738562583923, 0.62935870885849, 0.5918334126472473, 0.6533505916595459], "macro_ner_rec": [0.5845903754234314, 0.6801430583000183, 0.6617544889450073, 0.5938436388969421, 0.6328995823860168], "samples_per_s": [244.91472084910322, 233.8144950800779, 209.4624291190363, 213.9151785279408, 192.55300814953443], "samples_total_num": [5000, 5000, 5000, 5000, 5000], "samples_total_s": [20.415269374847412, 21.38447403907776, 23.87062931060791, 23.37375044822693, 25.966875553131104], "organization_pr": [0.5167958736419678, 0.4403225779533386, 0.4167318344116211, 0.3429919183254242, 0.3507925570011139], "organization_rec": [0.5201560258865356, 0.7100130319595337, 0.6931079030036926, 0.6618985533714294, 0.6618985533714294], "organization_f1": [0.5184704661369324, 0.5435540080070496, 0.5205078125, 0.4518420100212097, 0.4585585594177246], "location_pr": [0.8398692607879639, 0.8095648884773254, 0.8065256476402283, 0.8581280708312988, 0.8879207968711853], "location_rec": [0.5034896731376648, 0.5741398334503174, 0.6023019552230835, 0.3199461102485657, 0.549038827419281], "location_f1": [0.6295644044876099, 0.6718246340751648, 0.6896117329597473, 0.46610772609710693, 0.6785200834274292], "person_pr": [0.5267924666404724, 0.6211340427398682, 0.664818525314331, 0.5743801593780518, 0.7213384509086609], "person_rec": [0.7301255464553833, 0.7562761306762695, 0.6898535490036011, 0.7996861934661865, 0.6877614855766296], "person_f1": [0.6120123267173767, 0.6820755004882812, 0.6771047115325928, 0.6685614585876465, 0.7041499018669128]}}