{"test_metrics": {"f1": 0.0, "pr": 0.0, "rec": 0.0, "ner_f1": 0.6185962557792664, "ner_pr": 0.6818585991859436, "ner_rec": 0.5660760402679443, "macro_f1": 0.0, "macro_pr": 0.0, "macro_rec": 0.0, "macro_ner_f1": 0.5948471426963806, "macro_ner_pr": 0.5976235866546631, "macro_ner_rec": 0.6463739275932312, "samples_per_s": 272.0940473627558, "samples_total_num": 5000, "samples_total_s": 18.375999212265015, "organization_pr": 0.44423964619636536, "organization_rec": 0.6358839273452759, "organization_f1": 0.5230602622032166, "location_pr": 0.8200198411941528, "location_rec": 0.5058693885803223, "location_f1": 0.6257278919219971, "person_pr": 0.5286113023757935, "person_rec": 0.7973684072494507, "person_f1": 0.6357532143592834}, "test_metrics_bounds": {"f1": 0.0, "pr": 0.0, "rec": 0.0, "ner_f1": 0.6364782452583313, "ner_pr": 0.7016119956970215, "ner_rec": 0.582410454750061, "macro_f1": 0.0, "macro_pr": 0.0, "macro_rec": 0.0, "macro_ner_f1": 0.6364782452583313, "macro_ner_pr": 0.7016119956970215, "macro_ner_rec": 0.582410454750061, "samples_per_s": 272.0940473627558, "samples_total_num": 5000, "samples_total_s": 18.375999212265015}, "metrics": {"f1": [0.0, 0.0, 0.0], "pr": [0.0, 0.0, 0.0], "rec": [0.0, 0.0, 0.0], "ner_f1": [0.6163312792778015, 0.6138948202133179, 0.544756293296814], "ner_pr": [0.6804766654968262, 0.6910034418106079, 0.6590760350227356], "ner_rec": [0.5632374882698059, 0.5522676706314087, 0.46423304080963135], "macro_f1": [0.0, 0.0, 0.0], "macro_pr": [0.0, 0.0, 0.0], "macro_rec": [0.0, 0.0, 0.0], "macro_ner_f1": [0.591540515422821, 0.583259642124176, 0.5481159687042236], "macro_ner_pr": [0.5957828164100647, 0.59718257188797, 0.5946716666221619], "macro_ner_rec": [0.6403715014457703, 0.6450082659721375, 0.6180371642112732], "samples_per_s": [270.10566844633263, 268.23230672183774, 274.3220687528161], "samples_total_num": [5000, 5000, 5000], "samples_total_s": [18.511273860931396, 18.64055848121643, 18.22675085067749], "organization_pr": [0.4396003484725952, 0.3636363744735718, 0.3422360122203827], "organization_rec": [0.6293888092041016, 0.6710013151168823, 0.7165149450302124], "organization_f1": [0.5176470279693604, 0.47166362404823303, 0.4632198214530945], "location_pr": [0.8191214203834534, 0.8620466589927673, 0.855117678642273], "location_rec": [0.5045916438102722, 0.48891881108283997, 0.3692910373210907], "location_f1": [0.6244885325431824, 0.6239549517631531, 0.5158200263977051], "person_pr": [0.5286266207695007, 0.5658648610115051, 0.5866613388061523], "person_rec": [0.7871338725090027, 0.7751045823097229, 0.7683054208755493], "person_f1": [0.6324858069419861, 0.6541602611541748, 0.6653079986572266]}}