{"test_metrics": {"f1": 0.0, "pr": 0.0, "rec": 0.0, "ner_f1": 0.6349297165870667, "ner_pr": 0.6102535724639893, "ner_rec": 0.661685585975647, "macro_f1": 0.0, "macro_pr": 0.0, "macro_rec": 0.0, "macro_ner_f1": 0.6320895552635193, "macro_ner_pr": 0.6270126104354858, "macro_ner_rec": 0.647470235824585, "samples_per_s": 121.40914325499475, "samples_total_num": 529, "samples_total_s": 4.357167720794678, "task_pr": 0.5625, "task_rec": 0.652671754360199, "task_f1": 0.6042402386665344, "method_pr": 0.7597911357879639, "method_rec": 0.6847058534622192, "method_f1": 0.7202970385551453, "material_pr": 0.5953757166862488, "material_rec": 0.6518987417221069, "material_f1": 0.6223565340042114, "otherscientificterm_pr": 0.5196078419685364, "otherscientificterm_rec": 0.6150870323181152, "otherscientificterm_f1": 0.5633304119110107, "metric_pr": 0.6730769276618958, "metric_rec": 0.49295774102211, "metric_f1": 0.5691056847572327, "generic_pr": 0.6517241597175598, "generic_rec": 0.7875000238418579, "generic_f1": 0.713207483291626}, "test_metrics_bounds": {"f1": 0.0, "pr": 0.0, "rec": 0.0, "ner_f1": 0.7804878354072571, "ner_pr": 0.7505518794059753, "ner_rec": 0.8129109144210815, "macro_f1": 0.0, "macro_pr": 0.0, "macro_rec": 0.0, "macro_ner_f1": 0.7804878354072571, "macro_ner_pr": 0.7505518794059753, "macro_ner_rec": 0.8129109144210815, "samples_per_s": 121.40914325499475, "samples_total_num": 529, "samples_total_s": 4.357167720794678}, "metrics": {"f1": [0.0, 0.0, 0.0, 0.0, 0.0, 0.0, 0.0, 0.0, 0.0, 0.0, 0.0, 0.0, 0.0, 0.0, 0.0, 0.0, 0.0, 0.0, 0.0, 0.0, 0.0, 0.0, 0.0, 0.0, 0.0], "pr": [0.0, 0.0, 0.0, 0.0, 0.0, 0.0, 0.0, 0.0, 0.0, 0.0, 0.0, 0.0, 0.0, 0.0, 0.0, 0.0, 0.0, 0.0, 0.0, 0.0, 0.0, 0.0, 0.0, 0.0, 0.0], "rec": [0.0, 0.0, 0.0, 0.0, 0.0, 0.0, 0.0, 0.0, 0.0, 0.0, 0.0, 0.0, 0.0, 0.0, 0.0, 0.0, 0.0, 0.0, 0.0, 0.0, 0.0, 0.0, 0.0, 0.0, 0.0], "ner_f1": [0.3732251822948456, 0.521601676940918, 0.614387571811676, 0.6362545490264893, 0.6313932538032532, 0.6315789222717285, 0.6411764621734619, 0.6506469249725342, 0.6344743371009827, 0.6566083431243896, 0.6662598848342896, 0.6650515198707581, 0.654697835445404, 0.676021933555603, 0.6631143093109131, 0.6647024154663086, 0.6703431606292725, 0.6564791798591614, 0.6779252290725708, 0.6654804944992065, 0.6730653643608093, 0.6746842861175537, 0.6694762706756592, 0.666267991065979, 0.6698621511459351], "ner_pr": [0.40528634190559387, 0.44999998807907104, 0.636241614818573, 0.6105991005897522, 0.594684362411499, 0.5864661931991577, 0.6042128801345825, 0.6399999856948853, 0.6193317174911499, 0.6332945227622986, 0.6492270827293396, 0.6436107754707336, 0.6265750527381897, 0.6587395668029785, 0.6285073161125183, 0.6273637413978577, 0.6558753252029419, 0.6408114433288574, 0.6534883975982666, 0.6317567825317383, 0.6455696225166321, 0.6485549211502075, 0.6442642211914062, 0.6372997760772705, 0.641791045665741], "ner_rec": [0.3458646535873413, 0.6203007698059082, 0.5939849615097046, 0.664160430431366, 0.6729323267936707, 0.6842105388641357, 0.6829574108123779, 0.6616541147232056, 0.6503759622573853, 0.6817042827606201, 0.6842105388641357, 0.6879699230194092, 0.6854636669158936, 0.6942355632781982, 0.7017543911933899, 0.7067669034004211, 0.6854636669158936, 0.6729323267936707, 0.7042606472969055, 0.7030075192451477, 0.7030075192451477, 0.7030075192451477, 0.6967418789863586, 0.6979950070381165, 0.7005012631416321], "macro_f1": [0.0, 0.0, 0.0, 0.0, 0.0, 0.0, 0.0, 0.0, 0.0, 0.0, 0.0, 0.0, 0.0, 0.0, 0.0, 0.0, 0.0, 0.0, 0.0, 0.0, 0.0, 0.0, 0.0, 0.0, 0.0], "macro_pr": [0.0, 0.0, 0.0, 0.0, 0.0, 0.0, 0.0, 0.0, 0.0, 0.0, 0.0, 0.0, 0.0, 0.0, 0.0, 0.0, 0.0, 0.0, 0.0, 0.0, 0.0, 0.0, 0.0, 0.0, 0.0], "macro_rec": [0.0, 0.0, 0.0, 0.0, 0.0, 0.0, 0.0, 0.0, 0.0, 0.0, 0.0, 0.0, 0.0, 0.0, 0.0, 0.0, 0.0, 0.0, 0.0, 0.0, 0.0, 0.0, 0.0, 0.0, 0.0], "macro_ner_f1": [0.2331690937280655, 0.48659205436706543, 0.5529708862304688, 0.5990397334098816, 0.5994572639465332, 0.5983777642250061, 0.6169572472572327, 0.6226138472557068, 0.5954266786575317, 0.6157035231590271, 0.6346331238746643, 0.6295056939125061, 0.6280960440635681, 0.6465057134628296, 0.6375860571861267, 0.6302003264427185, 0.6388017535209656, 0.6274996995925903, 0.6477027535438538, 0.6335499882698059, 0.6435202956199646, 0.637749969959259, 0.6358248591423035, 0.6325553059577942, 0.6361274123191833], "macro_ner_pr": [0.21743899583816528, 0.5180703401565552, 0.6022098660469055, 0.617804229259491, 0.6061037182807922, 0.5990998148918152, 0.5885899662971497, 0.6230570077896118, 0.6150339245796204, 0.6043991446495056, 0.6318733096122742, 0.6203118562698364, 0.6274171471595764, 0.6511998772621155, 0.6174283027648926, 0.6153095364570618, 0.6388010382652283, 0.6450610756874084, 0.6407815217971802, 0.6171931624412537, 0.6319186091423035, 0.6248384714126587, 0.6245817542076111, 0.6167719960212708, 0.6204771399497986], "macro_ner_rec": [0.25690123438835144, 0.5274186134338379, 0.5241263508796692, 0.6088230609893799, 0.6202539801597595, 0.6301032304763794, 0.6523521542549133, 0.6267551779747009, 0.5989125967025757, 0.6313403248786926, 0.640991747379303, 0.6437724232673645, 0.6384248733520508, 0.649550199508667, 0.6637158989906311, 0.6546156406402588, 0.6412568688392639, 0.623781681060791, 0.6599916219711304, 0.657265841960907, 0.6615577340126038, 0.654437243938446, 0.6505416035652161, 0.6518346667289734, 0.6549575924873352], "samples_per_s": [112.16702916744408, 120.64196556791283, 123.03310282939606, 114.13064942083763, 129.22135450764915, 149.66579888095032, 117.24289099042012, 130.71316721883676, 133.2584475887974, 124.72402674640325, 127.14800177083002, 135.6601164479639, 138.3961856367446, 162.45573363385753, 161.15346329814275, 150.84504811534126, 149.17091419039977, 174.45345909333776, 124.8094174586385, 114.05039046281374, 113.65073555389411, 152.58158354951595, 154.01952009739568, 120.99146251216273, 162.72682723890597], "samples_total_num": [260, 260, 260, 260, 260, 260, 260, 260, 260, 260, 260, 260, 260, 260, 260, 260, 260, 260, 260, 260, 260, 260, 260, 260, 260], "samples_total_s": [2.317971706390381, 2.155137300491333, 2.1132524013519287, 2.2780909538269043, 2.0120513439178467, 1.73720383644104, 2.217618465423584, 1.9890880584716797, 1.9510958194732666, 2.0846023559570312, 2.044861078262329, 1.9165544509887695, 1.878664493560791, 1.6004359722137451, 1.6133689880371094, 1.7236230373382568, 1.742967128753662, 1.4903688430786133, 2.0831761360168457, 2.279694080352783, 2.287710666656494, 1.7040064334869385, 1.6880977153778076, 2.148911952972412, 1.5977697372436523], "task_pr": [0.0, 0.6052631735801697, 0.5925925970077515, 0.6336633563041687, 0.4360189437866211, 0.60550457239151, 0.6030534505844116, 0.6930692791938782, 0.6421052813529968, 0.6198347210884094, 0.6090225577354431, 0.6115702390670776, 0.569343090057373, 0.5533333420753479, 0.5510203838348389, 0.5789473652839661, 0.6079999804496765, 0.6111111044883728, 0.5777778029441833, 0.5641025900840759, 0.5703703761100769, 0.5671641826629639, 0.565891444683075, 0.578125, 0.5692307949066162], "task_rec": [0.0, 0.3650793731212616, 0.5079365372657776, 0.5079365372657776, 0.7301587462425232, 0.523809552192688, 0.6269841194152832, 0.5555555820465088, 0.4841269850730896, 0.5952380895614624, 0.6428571343421936, 0.5873016119003296, 0.6190476417541504, 0.658730149269104, 0.6428571343421936, 0.6111111044883728, 0.60317462682724, 0.523809552192688, 0.6190476417541504, 0.523809552192688, 0.6111111044883728, 0.60317462682724, 0.579365074634552, 0.5873016119003296, 0.5873016119003296], "task_f1": [0.0, 0.4554455578327179, 0.5470085144042969, 0.5638766288757324, 0.5459940433502197, 0.5617020726203918, 0.6147859692573547, 0.6167401075363159, 0.5520361661911011, 0.6072874069213867, 0.6254826188087463, 0.5991902947425842, 0.5931559205055237, 0.6014492511749268, 0.593406617641449, 0.5945945978164673, 0.6055777072906494, 0.5641025900840759, 0.5977011322975159, 0.543209969997406, 0.5900382995605469, 0.5846153497695923, 0.5725489854812622, 0.5826771855354309, 0.5781250596046448],