{"test_metrics": {"seen__f1": 0.0, "seen__pr": 0.0, "seen__rec": 0.0, "seen__ner_f1": 0.41884058713912964, "seen__ner_pr": 0.2825024425983429, "seen__ner_rec": 0.8095238208770752, "seen__macro_f1": 0.0, "seen__macro_pr": 0.0, "seen__macro_rec": 0.0, "seen__macro_ner_f1": 0.3771634101867676, "seen__macro_ner_pr": 0.2822680175304413, "seen__macro_ner_rec": 0.7541229724884033, "seen__samples_per_s": 227.60861721553994, "seen__samples_total_num": 266, "seen__samples_total_s": 1.168672800064087, "seen__task_pr": 0.13664595782756805, "seen__task_rec": 0.8461538553237915, "seen__task_f1": 0.23529410362243652, "seen__method_pr": 0.10795454680919647, "seen__method_rec": 0.6333333253860474, "seen__method_f1": 0.18446601927280426, "seen__material_pr": 0.20192307233810425, "seen__material_rec": 0.7241379022598267, "seen__material_f1": 0.31578946113586426, "seen__otherscientificterm_pr": 0.13846154510974884, "seen__otherscientificterm_rec": 0.6716417670249939, "seen__otherscientificterm_f1": 0.22959186136722565, "seen__metric_pr": 0.34285715222358704, "seen__metric_rec": 0.75, "seen__metric_f1": 0.4705882668495178, "seen__generic_pr": 0.7657657861709595, "seen__generic_rec": 0.8994709253311157, "seen__generic_f1": 0.8272506594657898, "unseen__f1": 0.0, "unseen__pr": 0.0, "unseen__rec": 0.0, "unseen__ner_f1": 0.5304798483848572, "unseen__ner_pr": 0.4626696705818176, "unseen__ner_rec": 0.6215805411338806, "unseen__macro_f1": 0.0, "unseen__macro_pr": 0.0, "unseen__macro_rec": 0.0, "unseen__macro_ner_f1": 0.4807344973087311, "unseen__macro_ner_pr": 0.4470502436161041, "unseen__macro_ner_rec": 0.5588366985321045, "unseen__samples_per_s": 344.49043830524215, "unseen__samples_total_num": 508, "unseen__samples_total_s": 1.4746417999267578, "unseen__task_pr": 0.5, "unseen__task_rec": 0.6313559412956238, "unseen__task_f1": 0.5580524206161499, "unseen__method_pr": 0.7120419144630432, "unseen__method_rec": 0.6886075735092163, "unseen__method_f1": 0.7001286745071411, "unseen__material_pr": 0.48235294222831726, "unseen__material_rec": 0.6356589198112488, "unseen__material_f1": 0.5484949946403503, "unseen__otherscientificterm_pr": 0.45805367827415466, "unseen__otherscientificterm_rec": 0.6066666841506958, "unseen__otherscientificterm_f1": 0.5219885110855103, "unseen__metric_pr": 0.46000000834465027, "unseen__metric_rec": 0.41818180680274963, "unseen__metric_f1": 0.43809524178504944, "unseen__generic_pr": 0.06985294073820114, "unseen__generic_rec": 0.37254902720451355, "unseen__generic_f1": 0.11764705926179886}, "test_metrics_bounds": {"seen__f1": 0.0, "seen__pr": 0.0, "seen__rec": 0.0, "seen__ner_f1": 0.4496012032032013, "seen__ner_pr": 0.303326815366745, "seen__ner_rec": 0.8683473467826843, "seen__macro_f1": 0.0, "seen__macro_pr": 0.0, "seen__macro_rec": 0.0, "seen__macro_ner_f1": 0.4496012032032013, "seen__macro_ner_pr": 0.303326815366745, "seen__macro_ner_rec": 0.8683473467826843, "seen__samples_per_s": 227.60861721553994, "seen__samples_total_num": 266, "seen__samples_total_s": 1.168672800064087, "unseen__f1": 0.0, "unseen__pr": 0.0, "unseen__rec": 0.0, "unseen__ner_f1": 0.6813757419586182, "unseen__ner_pr": 0.5945639610290527, "unseen__ner_rec": 0.7978723645210266, "unseen__macro_f1": 0.0, "unseen__macro_pr": 0.0, "unseen__macro_rec": 0.0, "unseen__macro_ner_f1": 0.6813757419586182, "unseen__macro_ner_pr": 0.5945639610290527, "unseen__macro_ner_rec": 0.7978723645210266, "unseen__samples_per_s": 344.49043830524215, "unseen__samples_total_num": 508, "unseen__samples_total_s": 1.4746417999267578}}