{"test_metrics": {"unseen_ner_prec_micro": 33.76020786933927, "unseen_ner_rec_micro": 70.9992193598751, "unseen_ner_f1_micro": 45.76100628930818, "unseen_ner_prec_macro": 38.7049479886748, "unseen_ner_rec_macro": 70.32669573995467, "unseen_ner_f1_macro": 48.97335801161614, "unseen_loc_prec_micro": 36.82228915662651, "unseen_loc_rec_micro": 76.34660421545667, "unseen_loc_f1_micro": 49.682499364998726, "unseen_loc_prec_macro": 36.82228915662651, "unseen_loc_rec_macro": 76.34660421545667, "unseen_loc_f1_macro": 49.682499364998726, "unseen_cls_prec_micro": 91.4989939637827, "unseen_cls_rec_micro": 70.9992193598751, "unseen_cls_f1_micro": 79.95604395604396, "unseen_cls_prec_macro": 88.18708779277277, "unseen_cls_rec_macro": 70.32669573995467, "unseen_cls_f1_macro": 77.92241517171489, "unseen_epoch": 0.0, "unseen_iteration": 0.0, "unseen_global_iteration": 0.0, "seen_ner_prec_micro": 45.25965625577527, "seen_ner_rec_micro": 83.18614130434783, "seen_ner_f1_micro": 58.62357869539198, "seen_ner_prec_macro": 38.6106947041165, "seen_ner_rec_macro": 77.47835691130167, "seen_ner_f1_macro": 50.38752026097056, "seen_loc_prec_micro": 46.53130287648054, "seen_loc_rec_micro": 84.06929347826086, "seen_loc_f1_micro": 59.90560329178265, "seen_loc_prec_macro": 46.53130287648054, "seen_loc_rec_macro": 84.06929347826086, "seen_loc_f1_macro": 59.90560329178265, "seen_cls_prec_micro": 97.96, "seen_cls_rec_micro": 83.18614130434783, "seen_cls_f1_micro": 89.97060984570169, "seen_cls_prec_macro": 94.10870271068194, "seen_cls_rec_macro": 77.47835691130167, "seen_cls_f1_macro": 84.92176134557121, "seen_epoch": 0.0, "seen_iteration": 0.0, "seen_global_iteration": 0.0, "ner_prec_micro": 78.8550323176362, "ner_rec_micro": 77.55176171449328, "ner_f1_micro": 78.19796721911912, "ner_prec_macro": 76.99102662355041, "ner_rec_macro": 74.52121443143432, "ner_f1_macro": 75.63209544867927, "loc_prec_micro": 83.2832456799399, "loc_rec_micro": 80.53033054849256, "loc_f1_micro": 81.88365650969529, "loc_prec_macro": 83.2832456799399, "loc_rec_macro": 80.53033054849256, "loc_f1_macro": 81.88365650969529, "cls_prec_micro": 94.90997999555458, "cls_rec_micro": 77.55176171449328, "cls_f1_micro": 85.35732133933034, "cls_prec_macro": 92.09210608618484, "cls_rec_macro": 74.52121443143432, "cls_f1_macro": 82.22362651656721, "epoch": 0.0, "iteration": 0.0, "global_iteration": 0.0}}