{"test_metrics": {"Eval_Ent_Precision": 77.31445054953346, "Eval_Ent_Recall": 53.834915995677534, "Eval_Ent_F1": 63.47292495921072, "Eval_Time": 57.144256353378296, "Eval_Examples": 2050, "Eval_Examples_Per_Second": 35.87412157965385, "seen_Eval_Ent_Precision": 2.6226068698543897e-08, "seen_Eval_Ent_Recall": 50.0, "seen_Eval_Ent_F1": 5.245213736957553e-08, "seen_Eval_Time": 57.39909338951111, "seen_Eval_Examples": 2050, "seen_Eval_Examples_Per_Second": 35.71484981633193, "unseen_Eval_Ent_Precision": 77.31445054953346, "unseen_Eval_Ent_Recall": 53.834915995677534, "unseen_Eval_Ent_F1": 63.47292495921072, "unseen_Eval_Time": 57.57351756095886, "unseen_Eval_Examples": 2050, "unseen_Eval_Examples_Per_Second": 35.60664845307496}}