{"test_metrics": {"f1": 0.0, "pr": 0.0, "rec": 0.0, "ner_f1": 0.8834275007247925, "ner_pr": 0.8629506826400757, "ner_rec": 0.9048997163772583, "macro_f1": 0.0, "macro_pr": 0.0, "macro_rec": 0.0, "macro_ner_f1": 0.8193805813789368, "macro_ner_pr": 0.7975099682807922, "macro_ner_rec": 0.8432535529136658, "samples_per_s": 209.84755750822347, "samples_total_num": 2050, "samples_total_s": 9.768996238708496, "per_pr": 0.9111419916152954, "per_rec": 0.9469696879386902, "per_f1": 0.9287104606628418, "org_pr": 0.7801169753074646, "org_rec": 0.8234567642211914, "org_f1": 0.8012011647224426, "wea_pr": 0.7809523940086365, "wea_rec": 0.7809523940086365, "wea_f1": 0.7809523940086365, "gpe_pr": 0.8718446493148804, "gpe_rec": 0.9172624945640564, "gpe_f1": 0.8939771056175232, "veh_pr": 0.7909091114997864, "veh_rec": 0.8130841255187988, "veh_f1": 0.8018433451652527, "fac_pr": 0.7417218685150146, "fac_rec": 0.8028674125671387, "fac_f1": 0.7710843682289124, "loc_pr": 0.7058823704719543, "loc_rec": 0.8181818127632141, "loc_f1": 0.7578946948051453}, "test_metrics_bounds": {"f1": 0.0, "pr": 0.0, "rec": 0.0, "ner_f1": 0.9346287846565247, "ner_pr": 0.9131796956062317, "ner_rec": 0.9571097493171692, "macro_f1": 0.0, "macro_pr": 0.0, "macro_rec": 0.0, "macro_ner_f1": 0.9346287846565247, "macro_ner_pr": 0.9131796956062317, "macro_ner_rec": 0.9571097493171692, "samples_per_s": 209.84755750822347, "samples_total_num": 2050, "samples_total_s": 9.768996238708496}, "metrics": {"f1": [0.0, 0.0, 0.0, 0.0, 0.0, 0.0, 0.0, 0.0, 0.0, 0.0, 0.0, 0.0, 0.0, 0.0, 0.0, 0.0, 0.0, 0.0, 0.0, 0.0, 0.0, 0.0, 0.0, 0.0, 0.0], "pr": [0.0, 0.0, 0.0, 0.0, 0.0, 0.0, 0.0, 0.0, 0.0, 0.0, 0.0, 0.0, 0.0, 0.0, 0.0, 0.0, 0.0, 0.0, 0.0, 0.0, 0.0, 0.0, 0.0, 0.0, 0.0], "rec": [0.0, 0.0, 0.0, 0.0, 0.0, 0.0, 0.0, 0.0, 0.0, 0.0, 0.0, 0.0, 0.0, 0.0, 0.0, 0.0, 0.0, 0.0, 0.0, 0.0, 0.0, 0.0, 0.0, 0.0, 0.0], "ner_f1": [0.8221601843833923, 0.8500946164131165, 0.8602098226547241, 0.8630279302597046, 0.8565387725830078, 0.8497608304023743, 0.8678693175315857, 0.8571202754974365, 0.8650115728378296, 0.8632931709289551, 0.8657241463661194, 0.8690418601036072, 0.8706431984901428, 0.8683680891990662, 0.8664588928222656, 0.863720178604126, 0.8638201951980591, 0.8680932521820068, 0.8726449608802795, 0.8713539838790894, 0.8680617809295654, 0.8724586367607117, 0.8727943301200867, 0.8726487159729004, 0.8722093105316162], "ner_pr": [0.7862867116928101, 0.8248699903488159, 0.8477814793586731, 0.8509562015533447, 0.8261329531669617, 0.8338028192520142, 0.8674464225769043, 0.8333589434623718, 0.8496158123016357, 0.8530158996582031, 0.8508400321006775, 0.857889711856842, 0.8621074557304382, 0.8599904179573059, 0.8519566059112549, 0.8523033261299133, 0.8592342138290405, 0.8528396487236023, 0.867942750453949, 0.8613185286521912, 0.8626947402954102, 0.8526855111122131, 0.8611902594566345, 0.8593725562095642, 0.8586733937263489], "ner_rec": [0.8614634275436401, 0.8769105672836304, 0.873008131980896, 0.875447154045105, 0.8892682790756226, 0.8663414716720581, 0.8682926893234253, 0.8822764158248901, 0.880975604057312, 0.8738211393356323, 0.8811382055282593, 0.8804877996444702, 0.8793495893478394, 0.8769105672836304, 0.8814634084701538, 0.875447154045105, 0.8684552907943726, 0.8839024305343628, 0.8773983716964722, 0.8816260099411011, 0.8734959363937378, 0.8931707143783569, 0.8847154378890991, 0.8863414525985718, 0.8861788511276245], "macro_f1": [0.0, 0.0, 0.0, 0.0, 0.0, 0.0, 0.0, 0.0, 0.0, 0.0, 0.0, 0.0, 0.0, 0.0, 0.0, 0.0, 0.0, 0.0, 0.0, 0.0, 0.0, 0.0, 0.0, 0.0, 0.0], "macro_pr": [0.0, 0.0, 0.0, 0.0, 0.0, 0.0, 0.0, 0.0, 0.0, 0.0, 0.0, 0.0, 0.0, 0.0, 0.0, 0.0, 0.0, 0.0, 0.0, 0.0, 0.0, 0.0, 0.0, 0.0, 0.0], "macro_rec": [0.0, 0.0, 0.0, 0.0, 0.0, 0.0, 0.0, 0.0, 0.0, 0.0, 0.0, 0.0, 0.0, 0.0, 0.0, 0.0, 0.0, 0.0, 0.0, 0.0, 0.0, 0.0, 0.0, 0.0, 0.0], "macro_ner_f1": [0.7409209609031677, 0.7696446180343628, 0.7765684127807617, 0.786085307598114, 0.7664942741394043, 0.7694939374923706, 0.7957358360290527, 0.7791018486022949, 0.790045440196991, 0.7866743206977844, 0.7899238467216492, 0.8045700192451477, 0.7889439463615417, 0.8000510931015015, 0.7988364100456238, 0.7989570498466492, 0.8034680485725403, 0.7930938601493835, 0.8073753118515015, 0.8101832270622253, 0.8124269247055054, 0.8116641640663147, 0.8137593865394592, 0.813376247882843, 0.8126475214958191], "macro_ner_pr": [0.7218815684318542, 0.733927845954895, 0.781138002872467, 0.7895994782447815, 0.714579701423645, 0.738129198551178, 0.8183028101921082, 0.7345992922782898, 0.7753342390060425, 0.7742303013801575, 0.7625158429145813, 0.8044434785842896, 0.7760115265846252, 0.809782862663269, 0.7821799516677856, 0.7903969883918762, 0.7913532853126526, 0.7777990102767944, 0.8114767074584961, 0.8097599148750305, 0.8202004432678223, 0.7929688096046448, 0.812527596950531, 0.8022986650466919, 0.8023337721824646], "macro_ner_rec": [0.7661885023117065, 0.8112848401069641, 0.7749443650245667, 0.7908686399459839, 0.8297501802444458, 0.8076295852661133, 0.7781105637550354, 0.8359895348548889, 0.8073298335075378, 0.8041475415229797, 0.820950984954834, 0.8063505291938782, 0.8042784333229065, 0.7943941354751587, 0.8175869584083557, 0.810645580291748, 0.8180162310600281, 0.8145459294319153, 0.8042721748352051, 0.8124399185180664, 0.8079530596733093, 0.8322300910949707, 0.8167456388473511, 0.8264095187187195, 0.8249200582504272], "samples_per_s": [202.91268229093106, 218.4395821328827, 203.33605637597742, 205.11841163557258, 203.4361352781869, 209.51565365523666, 210.43045049258234, 211.3214878115687, 205.92163004342075, 202.1594085678316, 209.34339056735638, 206.36933063140964, 210.95294460983865, 214.8381397283496, 207.98270407505478, 208.85428451550817, 207.43556033734885, 205.9974064767293, 204.720534977646, 219.9301321734674, 211.4862223300119, 208.61517305452963, 203.48522243529467, 204.155620640817, 210.5899750928184], "samples_total_num": [2420, 2420, 2420, 2420, 2420, 2420, 2420, 2420, 2420, 2420, 2420, 2420, 2420, 2420, 2420, 2420, 2420, 2420, 2420, 2420, 2420, 2420, 2420, 2420, 2420], "samples_total_s": [11.92631220817566, 11.078578233718872, 11.901479959487915, 11.798063278198242, 11.895625114440918, 11.55044960975647, 11.500236749649048, 11.451745986938477, 11.752043724060059, 11.970751285552979, 11.559954166412354, 11.726548671722412, 11.471752643585205, 11.264294147491455, 11.63558292388916, 11.587025880813599, 11.666273593902588, 11.747720718383789, 11.820992946624756, 11.003494501113892, 11.44282579421997, 11.600306749343872, 11.892755508422852, 11.853702545166016, 11.491525173187256], "per_pr": [0.8066666722297668, 0.8997641801834106, 0.9087646007537842, 0.8894035816192627, 0.9077292084693909, 0.9276148080825806, 0.9128314256668091, 0.9152747988700867, 0.9081325531005859, 0.9170265197753906, 0.8967136144638062, 0.8869115710258484, 0.9064726829528809, 0.9084106683731079, 0.9176362752914429, 0.9302915334701538, 0.9286620020866394, 0.9160881638526917, 0.9169445037841797, 0.9091995358467102, 0.9191763997077942, 0.9077469110488892, 0.9149383902549744, 0.9134615659713745, 0.9142599105834961], "per_rec": [0.9527559280395508, 0.9242883324623108, 0.9200484752655029, 0.9303452372550964, 0.9176256656646729, 0.8809812068939209, 0.9070260524749756, 0.9127801060676575, 0.9130829572677612, 0.9003634452819824, 0.925499677658081, 0.9357964992523193, 0.9245911836624146, 0.9191399216651917, 0.9076317548751831, 0.8891580700874329, 0.8870381712913513, 0.9191399216651917, 0.9161114692687988, 0.9218655228614807, 0.9058146476745605, 0.9297395348548889, 0.9218655228614807, 0.9206541776657104, 0.9203513264656067],