{"test_metrics": {"Eval_Ent_Precision": 84.16704909882202, "Eval_Ent_Recall": 84.68002585009141, "Eval_Ent_F1": 84.42275823339665, "Eval_Time": 128.9147446155548, "Eval_Examples": 5000, "Eval_Examples_Per_Second": 38.78532292726352, "seen_Eval_Ent_Precision": 58.246902247224064, "seen_Eval_Ent_Recall": 89.6580954959994, "seen_Eval_Ent_F1": 70.61703666152182, "seen_Eval_Time": 129.82998538017273, "seen_Eval_Examples": 5000, "seen_Eval_Examples_Per_Second": 38.511904513882705, "unseen_Eval_Ent_Precision": 25.938503905288933, "unseen_Eval_Ent_Recall": 75.21959008505745, "unseen_Eval_Ent_F1": 38.57493857805761, "unseen_Eval_Time": 127.96742177009583, "unseen_Eval_Examples": 5000, "unseen_Eval_Examples_Per_Second": 39.072444617841235}}