{"test_metrics": {"unseen__f1": 0.0, "unseen__pr": 0.0, "unseen__rec": 0.0, "unseen__ner_f1": 0.28384074568748474, "unseen__ner_pr": 0.17330791056156158, "unseen__ner_rec": 0.7836207151412964, "unseen__macro_f1": 0.0, "unseen__macro_pr": 0.0, "unseen__macro_rec": 0.0, "unseen__macro_ner_f1": 0.26097679138183594, "unseen__macro_ner_pr": 0.16604304313659668, "unseen__macro_ner_rec": 0.6485090255737305, "unseen__samples_per_s": 483.30589943792927, "unseen__samples_total_num": 2050, "unseen__samples_total_s": 4.241620063781738, "unseen__per_pr": 0.1722925454378128, "unseen__per_rec": 0.8860759735107422, "unseen__per_f1": 0.28848984837532043, "unseen__org_pr": 0.253947377204895, "unseen__org_rec": 0.7201492786407471, "unseen__org_f1": 0.3754863739013672, "unseen__wea_pr": 0.1320754736661911, "unseen__wea_rec": 0.4375, "unseen__wea_f1": 0.2028985470533371, "unseen__gpe_pr": 0.11794354766607285, "unseen__gpe_rec": 0.795918345451355, "unseen__gpe_f1": 0.2054433822631836, "unseen__veh_pr": 0.15315315127372742, "unseen__veh_rec": 0.5862069129943848, "unseen__veh_f1": 0.24285712838172913, "unseen__fac_pr": 0.2112676054239273, "unseen__fac_rec": 0.6521739363670349, "unseen__fac_f1": 0.3191489577293396, "unseen__loc_pr": 0.12162162363529205, "unseen__loc_rec": 0.4615384638309479, "unseen__loc_f1": 0.1925133615732193, "seen__f1": 0.0, "seen__pr": 0.0, "seen__rec": 0.0, "seen__ner_f1": 0.8028913736343384, "seen__ner_pr": 0.7094375491142273, "seen__ner_rec": 0.9247018098831177, "seen__macro_f1": 0.0, "seen__macro_pr": 0.0, "seen__macro_rec": 0.0, "seen__macro_ner_f1": 0.7611316442489624, "seen__macro_ner_pr": 0.6545525789260864, "seen__macro_ner_rec": 0.913724958896637, "seen__samples_per_s": 528.2067140793927, "seen__samples_total_num": 2050, "seen__samples_total_s": 3.881056308746338, "seen__per_pr": 0.7443740963935852, "seen__per_rec": 0.954033374786377, "seen__per_f1": 0.836263120174408, "seen__org_pr": 0.5828947424888611, "seen__org_rec": 0.8173431754112244, "seen__org_f1": 0.68049156665802, "seen__wea_pr": 0.6792452931404114, "seen__wea_rec": 0.9863013625144958, "seen__wea_f1": 0.8044692277908325, "seen__gpe_pr": 0.7752016186714172, "seen__gpe_rec": 0.9242788553237915, "seen__gpe_f1": 0.843201756477356, "seen__veh_pr": 0.6486486196517944, "seen__veh_rec": 0.9230769276618958, "seen__veh_f1": 0.7619047164916992, "seen__fac_pr": 0.5704225301742554, "seen__fac_rec": 0.866310179233551, "seen__fac_f1": 0.6878980994224548, "seen__loc_pr": 0.5810810923576355, "seen__loc_rec": 0.9247311949729919, "seen__loc_f1": 0.7136929631233215}, "test_metrics_bounds": {"unseen__f1": 0.0, "unseen__pr": 0.0, "unseen__rec": 0.0, "unseen__ner_f1": 0.3128125071525574, "unseen__ner_pr": 0.19103053212165833, "unseen__ner_rec": 0.8629310131072998, "unseen__macro_f1": 0.0, "unseen__macro_pr": 0.0, "unseen__macro_rec": 0.0, "unseen__macro_ner_f1": 0.3128125071525574, "unseen__macro_ner_pr": 0.19103053212165833, "unseen__macro_ner_rec": 0.8629310131072998, "unseen__samples_per_s": 483.30589943792927, "unseen__samples_total_num": 2050, "unseen__samples_total_s": 4.241620063781738, "seen__f1": 0.0, "seen__pr": 0.0, "seen__rec": 0.0, "seen__ner_f1": 0.8490871787071228, "seen__ner_pr": 0.75, "seen__ner_rec": 0.9783420562744141, "seen__macro_f1": 0.0, "seen__macro_pr": 0.0, "seen__macro_rec": 0.0, "seen__macro_ner_f1": 0.8490871787071228, "seen__macro_ner_pr": 0.75, "seen__macro_ner_rec": 0.9783420562744141, "seen__samples_per_s": 528.2067140793927, "seen__samples_total_num": 2050, "seen__samples_total_s": 3.881056308746338}}