{"test_metrics": {"Eval_Ent_Precision": 85.69092395099646, "Eval_Ent_Recall": 87.09945515983019, "Eval_Ent_F1": 86.38944861029685, "Eval_Time": 123.57253360748291, "Eval_Examples": 5000, "Eval_Examples_Per_Second": 40.462065914113666, "seen_Eval_Ent_Precision": 68.61088397953831, "seen_Eval_Ent_Recall": 92.90195594958742, "seen_Eval_Ent_F1": 78.92976588024044, "seen_Eval_Time": 123.57608795166016, "seen_Eval_Examples": 5000, "seen_Eval_Examples_Per_Second": 40.46090212821653, "unseen_Eval_Ent_Precision": 17.089125108187673, "unseen_Eval_Ent_Recall": 69.61509991146181, "unseen_Eval_Ent_F1": 27.44182654389326, "unseen_Eval_Time": 123.49078631401062, "unseen_Eval_Examples": 5000, "unseen_Eval_Examples_Per_Second": 40.48885061988407}}