{"test_metrics": {"seen__f1": 0.0, "seen__pr": 0.0, "seen__rec": 0.0, "seen__ner_f1": 0.6050729155540466, "seen__ner_pr": 0.46462175250053406, "seen__ner_rec": 0.8672286868095398, "seen__macro_f1": 0.0, "seen__macro_pr": 0.0, "seen__macro_rec": 0.0, "seen__macro_ner_f1": 0.5604143142700195, "seen__macro_ner_pr": 0.4268750548362732, "seen__macro_ner_rec": 0.8604035377502441, "seen__samples_per_s": 488.0149527792932, "seen__samples_total_num": 1854, "seen__samples_total_s": 3.7990639209747314, "seen__dna_pr": 0.31114551424980164, "seen__dna_rec": 0.8220859169960022, "seen__dna_f1": 0.4514318108558655, "seen__rna_pr": 0.3523809611797333, "seen__rna_rec": 0.9736841917037964, "seen__rna_f1": 0.5174825191497803, "seen__cell_type_pr": 0.5811518430709839, "seen__cell_type_rec": 0.7672811150550842, "seen__cell_type_f1": 0.6613703966140747, "seen__protein_pr": 0.5269765853881836, "seen__protein_rec": 0.9065966010093689, "seen__protein_f1": 0.6665235757827759, "seen__cell_line_pr": 0.36272040009498596, "seen__cell_line_rec": 0.8323699235916138, "seen__cell_line_f1": 0.5052631497383118, "unseen__f1": 0.0, "unseen__pr": 0.0, "unseen__rec": 0.0, "unseen__ner_f1": 0.4369310736656189, "unseen__ner_pr": 0.31614601612091064, "unseen__ner_rec": 0.7070707082748413, "unseen__macro_f1": 0.0, "unseen__macro_pr": 0.0, "unseen__macro_rec": 0.0, "unseen__macro_ner_f1": 0.4674254059791565, "unseen__macro_ner_pr": 0.36134466528892517, "unseen__macro_ner_rec": 0.7000178098678589, "unseen__samples_per_s": 558.7749879729834, "unseen__samples_total_num": 1854, "unseen__samples_total_s": 3.317972421646118, "unseen__dna_pr": 0.435758501291275, "unseen__dna_rec": 0.7546916604042053, "unseen__dna_f1": 0.5525023937225342, "unseen__rna_pr": 0.523809552192688, "unseen__rna_rec": 0.8333333134651184, "unseen__rna_f1": 0.6432748436927795, "unseen__cell_type_pr": 0.16055846214294434, "unseen__cell_type_rec": 0.5897436141967773, "unseen__cell_type_f1": 0.25240054726600647, "unseen__protein_pr": 0.2734984755516052, "unseen__protein_rec": 0.7057793140411377, "unseen__protein_f1": 0.39422842860221863, "unseen__cell_line_pr": 0.4130982458591461, "unseen__cell_line_rec": 0.61654132604599, "unseen__cell_line_f1": 0.4947209358215332}, "test_metrics_bounds": {"seen__f1": 0.0, "seen__pr": 0.0, "seen__rec": 0.0, "seen__ner_f1": 0.6134608387947083, "seen__ner_pr": 0.47118642926216125, "seen__ner_rec": 0.8788198232650757, "seen__macro_f1": 0.0, "seen__macro_pr": 0.0, "seen__macro_rec": 0.0, "seen__macro_ner_f1": 0.6134608387947083, "seen__macro_ner_pr": 0.47118642926216125, "seen__macro_ner_rec": 0.8788198232650757, "seen__samples_per_s": 488.0149527792932, "seen__samples_total_num": 1854, "seen__samples_total_s": 3.7990639209747314, "unseen__f1": 0.0, "unseen__pr": 0.0, "unseen__rec": 0.0, "unseen__ner_f1": 0.4774915277957916, "unseen__ner_pr": 0.34557437896728516, "unseen__ner_rec": 0.7723063826560974, "unseen__macro_f1": 0.0, "unseen__macro_pr": 0.0, "unseen__macro_rec": 0.0, "unseen__macro_ner_f1": 0.4774915277957916, "unseen__macro_ner_pr": 0.34557437896728516, "unseen__macro_ner_rec": 0.7723063826560974, "unseen__samples_per_s": 558.7749879729834, "unseen__samples_total_num": 1854, "unseen__samples_total_s": 3.317972421646118}}