{"test_metrics": {"f1": 0.0, "pr": 0.0, "rec": 0.0, "ner_f1": 0.7875106930732727, "ner_pr": 0.7807677984237671, "ner_rec": 0.7943710684776306, "macro_f1": 0.0, "macro_pr": 0.0, "macro_rec": 0.0, "macro_ner_f1": 0.785002589225769, "macro_ner_pr": 0.7882197499275208, "macro_ner_rec": 0.7828390002250671, "samples_per_s": 394.7083111710126, "samples_total_num": 1854, "samples_total_s": 4.697139501571655, "dna_pr": 0.7469040155410767, "dna_rec": 0.7813765406608582, "dna_f1": 0.7637515068054199, "rna_pr": 0.8761904835700989, "rna_rec": 0.8846153616905212, "rna_f1": 0.880382776260376, "cell_type_pr": 0.7417103052139282, "cell_type_rec": 0.7203390002250671, "cell_type_f1": 0.7308685183525085, "protein_pr": 0.8004750609397888, "protein_rec": 0.8262696862220764, "protein_f1": 0.813167929649353, "cell_line_pr": 0.7758186459541321, "cell_line_rec": 0.7015945315361023, "cell_line_f1": 0.7368420958518982}, "test_metrics_bounds": {"f1": 0.0, "pr": 0.0, "rec": 0.0, "ner_f1": 0.8235070705413818, "ner_pr": 0.8167608380317688, "ner_rec": 0.8303657174110413, "macro_f1": 0.0, "macro_pr": 0.0, "macro_rec": 0.0, "macro_ner_f1": 0.8235070705413818, "macro_ner_pr": 0.8167608380317688, "macro_ner_rec": 0.8303657174110413, "samples_per_s": 394.7083111710126, "samples_total_num": 1854, "samples_total_s": 4.697139501571655}, "metrics": {"f1": [0.0, 0.0, 0.0, 0.0, 0.0, 0.0, 0.0, 0.0, 0.0, 0.0, 0.0, 0.0, 0.0, 0.0, 0.0, 0.0, 0.0, 0.0, 0.0, 0.0], "pr": [0.0, 0.0, 0.0, 0.0, 0.0, 0.0, 0.0, 0.0, 0.0, 0.0, 0.0, 0.0, 0.0, 0.0, 0.0, 0.0, 0.0, 0.0, 0.0, 0.0], "rec": [0.0, 0.0, 0.0, 0.0, 0.0, 0.0, 0.0, 0.0, 0.0, 0.0, 0.0, 0.0, 0.0, 0.0, 0.0, 0.0, 0.0, 0.0, 0.0, 0.0], "ner_f1": [0.7121483683586121, 0.7683206796646118, 0.7711437940597534, 0.7709656953811646, 0.7812088131904602, 0.7851710915565491, 0.7770689129829407, 0.7804089784622192, 0.7795563340187073, 0.7780615091323853, 0.7806968092918396, 0.778228759765625, 0.7875106930732727, 0.778181791305542, 0.7822097539901733, 0.7785108089447021, 0.7785869836807251, 0.7803364992141724, 0.7807626724243164, 0.7798943519592285], "ner_pr": [0.7002220749855042, 0.7658360004425049, 0.73801189661026, 0.7238655686378479, 0.7684756517410278, 0.7796866297721863, 0.7415202856063843, 0.7753212451934814, 0.7626373767852783, 0.7686846256256104, 0.7602975964546204, 0.7509346604347229, 0.7807677984237671, 0.7584514617919922, 0.7654389142990112, 0.7666604518890381, 0.7693458199501038, 0.7664327621459961, 0.7663654685020447, 0.7684445381164551], "ner_rec": [0.724487841129303, 0.7708213925361633, 0.8073903918266296, 0.824621856212616, 0.7943710684776306, 0.790733277797699, 0.8161975741386414, 0.7855638265609741, 0.7972429394721985, 0.7876698970794678, 0.8022209405899048, 0.8075818419456482, 0.7943710684776306, 0.798966109752655, 0.799731969833374, 0.790733277797699, 0.7880528569221497, 0.7947539687156677, 0.7957112789154053, 0.7916905879974365], "macro_f1": [0.0, 0.0, 0.0, 0.0, 0.0, 0.0, 0.0, 0.0, 0.0, 0.0, 0.0, 0.0, 0.0, 0.0, 0.0, 0.0, 0.0, 0.0, 0.0, 0.0], "macro_pr": [0.0, 0.0, 0.0, 0.0, 0.0, 0.0, 0.0, 0.0, 0.0, 0.0, 0.0, 0.0, 0.0, 0.0, 0.0, 0.0, 0.0, 0.0, 0.0, 0.0], "macro_rec": [0.0, 0.0, 0.0, 0.0, 0.0, 0.0, 0.0, 0.0, 0.0, 0.0, 0.0, 0.0, 0.0, 0.0, 0.0, 0.0, 0.0, 0.0, 0.0, 0.0], "macro_ner_f1": [0.6956044435501099, 0.7531192898750305, 0.7606102228164673, 0.7685449719429016, 0.7882537841796875, 0.7773422002792358, 0.7733855247497559, 0.7795657515525818, 0.7785354852676392, 0.7729605436325073, 0.7786306142807007, 0.7832996249198914, 0.785002589225769, 0.7776385545730591, 0.7801966667175293, 0.7776012420654297, 0.7757021188735962, 0.7795270681381226, 0.7837532162666321, 0.7812575697898865], "macro_ner_pr": [0.7114213705062866, 0.7810050249099731, 0.7508533596992493, 0.7456470131874084, 0.7962591052055359, 0.7950266599655151, 0.758034348487854, 0.783547043800354, 0.777094841003418, 0.7662099003791809, 0.7662122845649719, 0.7641355991363525, 0.7882197499275208, 0.7681358456611633, 0.7746121883392334, 0.7771174311637878, 0.7800740003585815, 0.7780413627624512, 0.7868857979774475, 0.7850476503372192], "macro_ner_rec": [0.688193678855896, 0.7350600957870483, 0.7800288200378418, 0.8005062341690063, 0.7832757830619812, 0.7668402791023254, 0.7921684384346008, 0.7768824696540833, 0.7825452089309692, 0.7813087701797485, 0.7927190065383911, 0.8041248321533203, 0.7828390002250671, 0.78922438621521, 0.7879675030708313, 0.7803582549095154, 0.7741082906723022, 0.7826877236366272, 0.7824020385742188, 0.7795590758323669], "samples_per_s": [377.445877598695, 390.1100329235498, 377.5561448646445, 376.92115489620085, 389.51967962993564, 385.695579799995, 384.5724350474155, 391.98855807752074, 390.0512907661513, 391.5885393381773, 389.0958067362237, 388.5903094579697, 383.7100189046364, 382.617612099791, 393.1122951636393, 394.8166485029188, 395.68231169860076, 394.7825937919913, 392.7450673653704, 393.8732720393695], "samples_total_num": [1854, 1854, 1854, 1854, 1854, 1854, 1854, 1854, 1854, 1854, 1854, 1854, 1854, 1854, 1854, 1854, 1854, 1854, 1854, 1854], "samples_total_s": [4.911962509155273, 4.752505302429199, 4.910527944564819, 4.918800592422485, 4.7597081661224365, 4.806899785995483, 4.820938348770142, 4.729729890823364, 4.753221035003662, 4.734561443328857, 4.764893293380737, 4.77109169960022, 4.83177375793457, 4.845568895339966, 4.716209650039673, 4.695850610733032, 4.685577154159546, 4.696255683898926, 4.720619440078735, 4.707097768783569], "dna_pr": [0.6946983337402344, 0.7512396574020386, 0.6790890097618103, 0.6932299137115479, 0.7885615229606628, 0.7681041359901428, 0.7324159145355225, 0.7501994967460632, 0.7494071125984192, 0.748981237411499, 0.7405986189842224, 0.7322239279747009, 0.7469040155410767, 0.7476340532302856, 0.7274758219718933, 0.7372093200683594, 0.7606557607650757, 0.7496025562286377, 0.7470261454582214, 0.7498001456260681], "dna_rec": [0.6153846383094788, 0.7360323667526245, 0.796761155128479, 0.7959514260292053, 0.7368420958518982, 0.7643724679946899, 0.7757084965705872, 0.76113361120224, 0.7676113247871399, 0.7441295385360718, 0.7813765406608582, 0.7838056683540344, 0.7813765406608582, 0.7676113247871399, 0.791093111038208, 0.7700405120849609, 0.7514169812202454, 0.7635627388954163, 0.7627530097961426, 0.7595141530036926], "dna_f1": [0.6526406407356262, 0.7435582876205444, 0.7332340478897095, 0.7410479187965393, 0.7618250250816345, 0.7662337422370911, 0.753440797328949, 0.7556270360946655, 0.7583999633789062, 0.746547520160675, 0.7604413628578186, 0.7571372985839844, 0.7637515068054199, 0.7574909329414368, 0.7579518556594849, 0.7532672882080078, 0.7560081481933594, 0.7565182447433472, 0.7548076510429382, 0.7546258568763733], "rna_pr": [0.7906976938247681, 0.7757009267807007, 0.8035714030265808, 0.7881355881690979, 0.8623853325843811, 0.875, 0.8333333134651184, 0.8834951519966125, 0.8584905862808228, 0.8125, 0.8454545736312866, 0.8703703880310059, 0.8761904835700989, 0.8440366983413696, 0.8666666746139526, 0.875, 0.8504672646522522, 0.8598130941390991, 0.8921568393707275, 0.8834951519966125], "rna_rec": [0.6538461446762085, 0.7980769276618958, 0.8653846383094788, 0.8942307829856873, 0.9038461446762085, 0.875, 0.8653846383094788, 0.875, 0.875, 0.875, 0.8942307829856873, 0.9038461446762085, 0.8846153616905212, 0.8846153616905212, 0.875, 0.875, 0.875, 0.8846153616905212, 0.875, 0.875], "rna_f1": [0.7157894968986511, 0.7867298722267151, 0.8333333134651184, 0.837837815284729, 0.8826290965080261, 0.875, 0.849056601524353, 0.8792270421981812, 0.8666666746139526, 0.8425925970077515, 0.869158923625946, 0.8867924809455872, 0.880382776260376, 0.8638498187065125, 0.8708133697509766, 0.875, 0.8625592589378357, 0.8720378875732422, 0.8834951519966125, 0.8792270421981812],