{"test_metrics": {"Eval_Ent_Precision": 79.85670982096626, "Eval_Ent_Recall": 52.92184075861145, "Eval_Ent_F1": 63.65733113073813, "Eval_Time": 51.347739934921265, "Eval_Examples": 2050, "Eval_Examples_Per_Second": 39.923860380187996, "seen_Eval_Ent_Precision": 2.7555800480817962e-08, "seen_Eval_Ent_Recall": 50.0, "seen_Eval_Ent_F1": 5.5111600931263044e-08, "seen_Eval_Time": 52.27557849884033, "seen_Eval_Examples": 2050, "seen_Eval_Examples_Per_Second": 39.21525230075601, "unseen_Eval_Ent_Precision": 79.85670982096626, "unseen_Eval_Ent_Recall": 52.92184075861145, "unseen_Eval_Ent_F1": 63.65733113073813, "unseen_Eval_Time": 52.04012846946716, "unseen_Eval_Examples": 2050, "unseen_Eval_Examples_Per_Second": 39.39267754119343}}