{"test_metrics": {"f1": 0.0, "pr": 0.0, "rec": 0.0, "ner_f1": 0.872055172920227, "ner_pr": 0.8659185767173767, "ner_rec": 0.8782793283462524, "macro_f1": 0.0, "macro_pr": 0.0, "macro_rec": 0.0, "macro_ner_f1": 0.7902547121047974, "macro_ner_pr": 0.8225699067115784, "macro_ner_rec": 0.7652804255485535, "samples_per_s": 247.20599017572815, "samples_total_num": 2050, "samples_total_s": 8.29267930984497, "per_pr": 0.8909774422645569, "per_rec": 0.9404761791229248, "per_f1": 0.9150579571723938, "org_pr": 0.8301886916160583, "org_rec": 0.760493814945221, "org_f1": 0.7938144207000732, "wea_pr": 0.8051947951316833, "wea_rec": 0.5904762148857117, "wea_f1": 0.6813187003135681, "gpe_pr": 0.8622350692749023, "gpe_rec": 0.9141981601715088, "gpe_f1": 0.8874566555023193, "veh_pr": 0.8586956262588501, "veh_rec": 0.7383177280426025, "veh_f1": 0.7939698696136475, "fac_pr": 0.7906976938247681, "fac_rec": 0.7311828136444092, "fac_f1": 0.7597765326499939, "loc_pr": 0.7200000286102295, "loc_rec": 0.6818181872367859, "loc_f1": 0.7003890872001648}, "test_metrics_bounds": {"f1": 0.0, "pr": 0.0, "rec": 0.0, "ner_f1": 0.9403858780860901, "ner_pr": 0.9345544576644897, "ner_rec": 0.9462905526161194, "macro_f1": 0.0, "macro_pr": 0.0, "macro_rec": 0.0, "macro_ner_f1": 0.9403858780860901, "macro_ner_pr": 0.9345544576644897, "macro_ner_rec": 0.9462905526161194, "samples_per_s": 247.20599017572815, "samples_total_num": 2050, "samples_total_s": 8.29267930984497}, "metrics": {"f1": [0.0, 0.0, 0.0, 0.0, 0.0, 0.0, 0.0, 0.0, 0.0, 0.0, 0.0, 0.0, 0.0, 0.0, 0.0, 0.0, 0.0, 0.0, 0.0], "pr": [0.0, 0.0, 0.0, 0.0, 0.0, 0.0, 0.0, 0.0, 0.0, 0.0, 0.0, 0.0, 0.0, 0.0, 0.0, 0.0, 0.0, 0.0, 0.0], "rec": [0.0, 0.0, 0.0, 0.0, 0.0, 0.0, 0.0, 0.0, 0.0, 0.0, 0.0, 0.0, 0.0, 0.0, 0.0, 0.0, 0.0, 0.0, 0.0], "ner_f1": [0.7912891507148743, 0.8458315134048462, 0.8508636951446533, 0.8461979031562805, 0.8516832590103149, 0.8520461916923523, 0.8569568991661072, 0.8524140119552612, 0.8678324818611145, 0.8644871115684509, 0.8599885106086731, 0.8662109375, 0.8603314757347107, 0.8599607944488525, 0.8647025227546692, 0.8596776723861694, 0.859217643737793, 0.8595988154411316, 0.8611977100372314], "ner_pr": [0.809386134147644, 0.8546057939529419, 0.8487299680709839, 0.8538321256637573, 0.8668125867843628, 0.8459689021110535, 0.8576547503471375, 0.8465362191200256, 0.8681855201721191, 0.8542625904083252, 0.8708118200302124, 0.8670576810836792, 0.8818507790565491, 0.8622098565101624, 0.8632312417030334, 0.8606584072113037, 0.8723190426826477, 0.8656224012374878, 0.8690397143363953], "ner_rec": [0.7739837169647217, 0.8372357487678528, 0.8530081510543823, 0.8386991620063782, 0.8370731472969055, 0.8582113981246948, 0.8562601804733276, 0.8583739995956421, 0.867479681968689, 0.8749593496322632, 0.8494309186935425, 0.8653658628463745, 0.839837372303009, 0.857723593711853, 0.8661788702011108, 0.8586992025375366, 0.8465040922164917, 0.8536585569381714, 0.8534959554672241], "macro_f1": [0.0, 0.0, 0.0, 0.0, 0.0, 0.0, 0.0, 0.0, 0.0, 0.0, 0.0, 0.0, 0.0, 0.0, 0.0, 0.0, 0.0, 0.0, 0.0], "macro_pr": [0.0, 0.0, 0.0, 0.0, 0.0, 0.0, 0.0, 0.0, 0.0, 0.0, 0.0, 0.0, 0.0, 0.0, 0.0, 0.0, 0.0, 0.0, 0.0], "macro_rec": [0.0, 0.0, 0.0, 0.0, 0.0, 0.0, 0.0, 0.0, 0.0, 0.0, 0.0, 0.0, 0.0, 0.0, 0.0, 0.0, 0.0, 0.0, 0.0], "macro_ner_f1": [0.6307224631309509, 0.7421888709068298, 0.7512944936752319, 0.7568688988685608, 0.7478042244911194, 0.7558934092521667, 0.7679374814033508, 0.7689915895462036, 0.7812577486038208, 0.7837546467781067, 0.7707207798957825, 0.7737278938293457, 0.7698341012001038, 0.7623173594474792, 0.7721514701843262, 0.7759866714477539, 0.774213433265686, 0.7761955261230469, 0.7825129628181458], "macro_ner_pr": [0.7085047960281372, 0.7823547720909119, 0.7512270212173462, 0.7985787987709045, 0.778549313545227, 0.7345177531242371, 0.772922158241272, 0.7631291747093201, 0.8387102484703064, 0.7644022703170776, 0.8017320036888123, 0.7965623736381531, 0.8398441672325134, 0.7765284776687622, 0.7697799801826477, 0.7807846665382385, 0.809749960899353, 0.793123722076416, 0.8133617639541626], "macro_ner_rec": [0.6244388818740845, 0.7146978378295898, 0.7555593848228455, 0.7252209782600403, 0.7358052134513855, 0.7854581475257874, 0.7662972807884216, 0.7793334126472473, 0.7394919395446777, 0.8067883253097534, 0.7457128167152405, 0.7560631632804871, 0.7207779288291931, 0.7580446600914001, 0.7785701751708984, 0.7737210988998413, 0.7452345490455627, 0.7611456513404846, 0.7587404847145081], "samples_per_s": [235.94930103538863, 243.79887159789808, 218.11683985026457, 225.42684065044057, 231.02119668895165, 238.81048273395726, 237.70579392633618, 230.17819881426956, 232.10263044668127, 241.8766887370285, 246.21134706497205, 246.6502372749164, 244.42103810223884, 241.23741373509625, 240.74753771496876, 237.57947285816357, 241.73566616551838, 241.55179092330485, 241.10655628670918], "samples_total_num": [2420, 2420, 2420, 2420, 2420, 2420, 2420, 2420, 2420, 2420, 2420, 2420, 2420, 2420, 2420, 2420, 2420, 2420, 2420], "samples_total_s": [10.25644063949585, 9.926214933395386, 11.094970941543579, 10.735190153121948, 10.475229263305664, 10.133558511734009, 10.180652141571045, 10.513593435287476, 10.426422119140625, 10.005098104476929, 9.828953981399536, 9.811464309692383, 9.90094804763794, 10.031611442565918, 10.052023887634277, 10.186065196990967, 10.010934829711914, 10.018555402755737, 10.037055969238281], "per_pr": [0.8980662226676941, 0.8844353556632996, 0.9047476053237915, 0.8958647847175598, 0.920412003993988, 0.923342764377594, 0.9129101634025574, 0.9166407585144043, 0.9038177132606506, 0.9117646813392639, 0.930537760257721, 0.9113656878471375, 0.9166666865348816, 0.9281455874443054, 0.9145299196243286, 0.9200743436813354, 0.9237315058708191, 0.910866916179657, 0.9120073318481445], "per_rec": [0.8298001289367676, 0.9155057668685913, 0.911871612071991, 0.8988491892814636, 0.893095076084137, 0.8900666236877441, 0.9015747904777527, 0.8924893736839294, 0.9248939752578735, 0.9106602072715759, 0.8803755044937134, 0.9155057668685913, 0.9027861952781677, 0.8958207368850708, 0.9073289036750793, 0.8994548916816711, 0.8876438736915588, 0.903694748878479, 0.9039976000785828], "per_f1": [0.8625845909118652, 0.8997024297714233, 0.9082956314086914, 0.8973544836044312, 0.9065477848052979, 0.9063994288444519, 0.9072070717811584, 0.904403805732727, 0.9142343401908875, 0.911212146282196, 0.9047618508338928, 0.9134310483932495, 0.9096735119819641, 0.9116967916488647, 0.910915195941925, 0.9096477627754211, 0.9053282141685486, 0.9072666764259338, 0.9079847931861877], "org_pr": [0.6545454263687134, 0.800000011920929, 0.767108142375946, 0.6973913311958313, 0.7492323517799377, 0.6962898969650269, 0.752312421798706, 0.686903715133667, 0.7735655903816223, 0.7707910537719727, 0.7638339996337891, 0.7832460999488831, 0.7973124384880066, 0.7595959305763245, 0.7940552234649658, 0.7922651767730713, 0.7570000290870667, 0.7901498675346375, 0.7485493421554565], "org_rec": [0.7022587060928345, 0.7022587060928345, 0.7135523557662964, 0.8234086036682129, 0.7515400648117065, 0.8285421133041382, 0.7515400648117065, 0.8131417036056519, 0.7751539945602417, 0.7802874445915222, 0.7936344742774963, 0.767967164516449, 0.7310061454772949, 0.7720739245414734, 0.767967164516449, 0.7361396551132202, 0.7772073745727539, 0.7577002048492432, 0.7946611642837524], "org_f1": [0.6775631308555603, 0.7479496598243713, 0.7393617033958435, 0.7551789283752441, 0.7503843903541565, 0.7566807270050049, 0.7519260048866272, 0.7447108626365662, 0.7743589282035828, 0.7755101323127747, 0.7784491777420044, 0.7755314111709595, 0.7627208828926086, 0.7657841444015503, 0.780793309211731, 0.763171911239624, 0.7669706344604492, 0.7735848426818848, 0.7709163427352905],