{"test_metrics": {"unseen__f1": 0.0, "unseen__pr": 0.0, "unseen__rec": 0.0, "unseen__ner_f1": 0.32683074474334717, "unseen__ner_pr": 0.2071523666381836, "unseen__ner_rec": 0.7739872336387634, "unseen__macro_f1": 0.0, "unseen__macro_pr": 0.0, "unseen__macro_rec": 0.0, "unseen__macro_ner_f1": 0.29693856835365295, "unseen__macro_ner_pr": 0.20152463018894196, "unseen__macro_ner_rec": 0.6116565465927124, "unseen__samples_per_s": 477.7507641613494, "unseen__samples_total_num": 2050, "unseen__samples_total_s": 4.290940284729004, "unseen__per_pr": 0.20779220759868622, "unseen__per_rec": 0.8811594247817993, "unseen__per_f1": 0.33628320693969727, "unseen__org_pr": 0.2830188572406769, "unseen__org_rec": 0.7046979665756226, "unseen__org_f1": 0.4038461744785309, "unseen__wea_pr": 0.09090909361839294, "unseen__wea_rec": 0.17073170840740204, "unseen__wea_f1": 0.11864407360553741, "unseen__gpe_pr": 0.148505300283432, "unseen__gpe_rec": 0.8415300250053406, "unseen__gpe_f1": 0.25245901942253113, "unseen__veh_pr": 0.22826087474822998, "unseen__veh_rec": 0.5249999761581421, "unseen__veh_f1": 0.3181818127632141, "unseen__fac_pr": 0.24418604373931885, "unseen__fac_rec": 0.5675675868988037, "unseen__fac_f1": 0.3414634168148041, "unseen__loc_pr": 0.20800000429153442, "unseen__loc_rec": 0.5909090638160706, "unseen__loc_f1": 0.3076923191547394, "seen__f1": 0.0, "seen__pr": 0.0, "seen__rec": 0.0, "seen__ner_f1": 0.7668806314468384, "seen__ner_pr": 0.6589309573173523, "seen__ner_rec": 0.9171299934387207, "seen__macro_f1": 0.0, "seen__macro_pr": 0.0, "seen__macro_rec": 0.0, "seen__macro_ner_f1": 0.7181391716003418, "seen__macro_ner_pr": 0.6211640238761902, "seen__macro_ner_rec": 0.8536589741706848, "seen__samples_per_s": 526.5713611186557, "seen__samples_total_num": 2050, "seen__samples_total_s": 3.8931095600128174, "seen__per_pr": 0.6831852197647095, "seen__per_rec": 0.9601345062255859, "seen__per_f1": 0.7983226776123047, "seen__org_pr": 0.5471698045730591, "seen__org_rec": 0.79296875, "seen__org_f1": 0.6475279331207275, "seen__wea_pr": 0.7142857313156128, "seen__wea_rec": 0.859375, "seen__wea_f1": 0.7801418900489807, "seen__gpe_pr": 0.7145612239837646, "seen__gpe_rec": 0.9309045076370239, "seen__gpe_f1": 0.8085106015205383, "seen__veh_pr": 0.6304348111152649, "seen__veh_rec": 0.8656716346740723, "seen__veh_f1": 0.7295598387718201, "seen__fac_pr": 0.5465116500854492, "seen__fac_rec": 0.8392857313156128, "seen__fac_f1": 0.6619718670845032, "seen__loc_pr": 0.5120000243186951, "seen__loc_rec": 0.7272727489471436, "seen__loc_f1": 0.6009389758110046}, "test_metrics_bounds": {"unseen__f1": 0.0, "unseen__pr": 0.0, "unseen__rec": 0.0, "unseen__ner_f1": 0.36648112535476685, "unseen__ner_pr": 0.23244275152683258, "unseen__ner_rec": 0.8656716346740723, "unseen__macro_f1": 0.0, "unseen__macro_pr": 0.0, "unseen__macro_rec": 0.0, "unseen__macro_ner_f1": 0.36648112535476685, "unseen__macro_ner_pr": 0.23244275152683258, "unseen__macro_ner_rec": 0.8656716346740723, "unseen__samples_per_s": 477.7507641613494, "unseen__samples_total_num": 2050, "unseen__samples_total_s": 4.290940284729004, "seen__f1": 0.0, "seen__pr": 0.0, "seen__rec": 0.0, "seen__ner_f1": 0.8172234296798706, "seen__ner_pr": 0.7026717662811279, "seen__ner_rec": 0.9763988256454468, "seen__macro_f1": 0.0, "seen__macro_pr": 0.0, "seen__macro_rec": 0.0, "seen__macro_ner_f1": 0.8172234296798706, "seen__macro_ner_pr": 0.7026717662811279, "seen__macro_ner_rec": 0.9763988256454468, "seen__samples_per_s": 526.5713611186557, "seen__samples_total_num": 2050, "seen__samples_total_s": 3.8931095600128174}}