{"test_metrics": {"Eval_Ent_Precision": 81.07162584587154, "Eval_Ent_Recall": 81.31868131289708, "Eval_Ent_F1": 81.19496564820524, "Eval_Time": 130.13689351081848, "Eval_Examples": 5000, "Eval_Examples_Per_Second": 38.42108002665933, "seen_Eval_Ent_Precision": 49.46602835583391, "seen_Eval_Ent_Recall": 84.48113206462857, "seen_Eval_Ent_F1": 62.39693415110976, "seen_Eval_Time": 129.27172660827637, "seen_Eval_Examples": 5000, "seen_Eval_Examples_Per_Second": 38.67821782214739, "unseen_Eval_Ent_Precision": 31.624010314560113, "unseen_Eval_Ent_Recall": 76.75977652435317, "unseen_Eval_Ent_F1": 44.79363630571985, "unseen_Eval_Time": 130.07463932037354, "unseen_Eval_Examples": 5000, "unseen_Eval_Examples_Per_Second": 38.439468493816165}}