{"test_metrics": {"Eval_Ent_Precision": 85.31531525168413, "Eval_Ent_Recall": 87.76645034705014, "Eval_Ent_F1": 86.52352665779162, "Eval_Time": 29.534749746322632, "Eval_Examples": 288, "Eval_Examples_Per_Second": 9.751225335364788, "seen_Eval_Ent_Precision": 28.018018057625195, "seen_Eval_Ent_Recall": 96.28482943476885, "seen_Eval_Ent_F1": 43.40544314471614, "seen_Eval_Time": 30.33231472969055, "seen_Eval_Examples": 288, "seen_Eval_Examples_Per_Second": 9.494824333933652, "unseen_Eval_Ent_Precision": 57.29729728414902, "unseen_Eval_Ent_Recall": 84.1269840367011, "unseen_Eval_Ent_F1": 68.16720253340365, "unseen_Eval_Time": 30.375441074371338, "unseen_Eval_Examples": 288, "unseen_Eval_Examples_Per_Second": 9.481343803201401}}