{"test_metrics": {"seen__f1": 0.0, "seen__pr": 0.0, "seen__rec": 0.0, "seen__ner_f1": 0.4407252371311188, "seen__ner_pr": 0.29839470982551575, "seen__ner_rec": 0.8426666855812073, "seen__macro_f1": 0.0, "seen__macro_pr": 0.0, "seen__macro_rec": 0.0, "seen__macro_ner_f1": 0.39965805411338806, "seen__macro_ner_pr": 0.2895088791847229, "seen__macro_ner_rec": 0.8086907863616943, "seen__samples_per_s": 234.3726994441583, "seen__samples_total_num": 275, "seen__samples_total_s": 1.1733448505401611, "seen__task_pr": 0.1428571492433548, "seen__task_rec": 0.7142857313156128, "seen__task_f1": 0.2380952388048172, "seen__method_pr": 0.13592232763767242, "seen__method_rec": 0.8235294222831726, "seen__method_f1": 0.23333333432674408, "seen__material_pr": 0.24786324799060822, "seen__material_rec": 0.90625, "seen__material_f1": 0.38926172256469727, "seen__otherscientificterm_pr": 0.15755626559257507, "seen__otherscientificterm_rec": 0.653333306312561, "seen__otherscientificterm_f1": 0.25388601422309875, "seen__metric_pr": 0.3255814015865326, "seen__metric_rec": 0.8235294222831726, "seen__metric_f1": 0.46666669845581055, "seen__generic_pr": 0.7272727489471436, "seen__generic_rec": 0.9312169551849365, "seen__generic_f1": 0.8167053461074829, "unseen__f1": 0.0, "unseen__pr": 0.0, "unseen__rec": 0.0, "unseen__ner_f1": 0.5399288535118103, "unseen__ner_pr": 0.46518105268478394, "unseen__ner_rec": 0.6432973742485046, "unseen__macro_f1": 0.0, "unseen__macro_pr": 0.0, "unseen__macro_rec": 0.0, "unseen__macro_ner_f1": 0.49080896377563477, "unseen__macro_ner_pr": 0.4420337378978729, "unseen__macro_ner_rec": 0.5945480465888977, "unseen__samples_per_s": 364.372931383648, "unseen__samples_total_num": 507, "unseen__samples_total_s": 1.3914315700531006, "unseen__task_pr": 0.5461847186088562, "unseen__task_rec": 0.5811966061592102, "unseen__task_f1": 0.5631470084190369, "unseen__method_pr": 0.6682027578353882, "unseen__method_rec": 0.7416879534721375, "unseen__method_f1": 0.7030302882194519, "unseen__material_pr": 0.44041451811790466, "unseen__material_rec": 0.6746031641960144, "unseen__material_f1": 0.5329153537750244, "unseen__otherscientificterm_pr": 0.49280574917793274, "unseen__otherscientificterm_rec": 0.6199095249176025, "unseen__otherscientificterm_f1": 0.5490981936454773, "unseen__metric_pr": 0.4307692348957062, "unseen__metric_rec": 0.5185185074806213, "unseen__metric_f1": 0.47058820724487305, "unseen__generic_pr": 0.07382550090551376, "unseen__generic_rec": 0.4313725531101227, "unseen__generic_f1": 0.12607449293136597}, "test_metrics_bounds": {"seen__f1": 0.0, "seen__pr": 0.0, "seen__rec": 0.0, "seen__ner_f1": 0.4650838077068329, "seen__ner_pr": 0.3150425851345062, "seen__ner_rec": 0.8880000114440918, "seen__macro_f1": 0.0, "seen__macro_pr": 0.0, "seen__macro_rec": 0.0, "seen__macro_ner_f1": 0.4650838077068329, "seen__macro_ner_pr": 0.3150425851345062, "seen__macro_ner_rec": 0.8880000114440918, "seen__samples_per_s": 234.3726994441583, "seen__samples_total_num": 275, "seen__samples_total_s": 1.1733448505401611, "unseen__f1": 0.0, "unseen__pr": 0.0, "unseen__rec": 0.0, "unseen__ner_f1": 0.6830689907073975, "unseen__ner_pr": 0.5890563726425171, "unseen__ner_rec": 0.8127889037132263, "unseen__macro_f1": 0.0, "unseen__macro_pr": 0.0, "unseen__macro_rec": 0.0, "unseen__macro_ner_f1": 0.6830689907073975, "unseen__macro_ner_pr": 0.5890563726425171, "unseen__macro_ner_rec": 0.8127889037132263, "unseen__samples_per_s": 364.372931383648, "unseen__samples_total_num": 507, "unseen__samples_total_s": 1.3914315700531006}}