{"test_metrics": {"Eval_Ent_Precision": 87.72378515245751, "Eval_Ent_Recall": 87.69174578608774, "Eval_Ent_F1": 87.70776254330309, "Eval_Time": 59.00296235084534, "Eval_Examples": 2050, "Eval_Examples_Per_Second": 34.74401823776615, "seen_Eval_Ent_Precision": 65.54621848171493, "seen_Eval_Ent_Recall": 91.62410620958933, "seen_Eval_Ent_F1": 76.42172522836135, "seen_Eval_Time": 58.98841643333435, "seen_Eval_Examples": 2050, "seen_Eval_Examples_Per_Second": 34.752585743962186, "unseen_Eval_Ent_Precision": 22.17756668901075, "unseen_Eval_Ent_Recall": 77.82051278484549, "unseen_Eval_Ent_F1": 34.51805516945234, "unseen_Eval_Time": 57.926875591278076, "unseen_Eval_Examples": 2050, "unseen_Eval_Examples_Per_Second": 35.38944538394306}}