{
  "ace05": {
    "unseen": {
      "ner_pr": 0.133872,
      "ner_rec": 0.769061,
      "ner_f1": 0.228947
    },
    "normal": {
      "ner_pr": 0.894018,
      "ner_rec": 0.896605,
      "ner_f1": 0.8953
    },
    "seen": {
      "ner_pr": 0.760146,
      "ner_rec": 0.923580,
      "ner_f1": 0.0833931
    }
  },
  "genia": {
    "unseen": {
      "ner_pr": 0.326942,
      "ner_rec": 0.730651,
      "ner_f1": 0.451744
    },
    "seen": {
      "ner_pr": 0.490119,
      "ner_rec": 0.853202,
      "ner_f1": 0.622592
    },
    "normal": {
      "ner_pr": 0.817061,
      "ner_rec": 0.799541,
      "ner_f1": 0.808206
    }
  },
  "conll04": {
    "seen": {
      "ner_pr": 0.726667,
      "ner_rec": 0.981982,
      "ner_f1": 0.835249
    },
    "normal": {
      "ner_pr": 0.910630,
      "ner_rec": 0.914070,
      "ner_f1": 0.912347
    },
    "unseen": {
      "ner_pr": 0.660338,
      "ner_rec": 0.874302,
      "ner_f1": 0.752404
    }
  },
  "scierc": {
    "seen": {
      "ner_pr": 0.307400,
      "ner_rec": 0.841558,
      "ner_f1": 0.450313
    },
    "unseen": {
      "ner_pr": 0.502606,
      "ner_rec": 0.673913,
      "ner_f1": 0.575788
    },
    "normal": {
      "ner_pr": 0.673446,
      "ner_rec": 0.712493,
      "ner_f1": 0.692419
    }
  },
  "nyt": {
    "normal": {
      "ner_pr": 0.944403,
      "ner_rec": 0.945275,
      "ner_f1": 0.944839
    },
    "unseen": {
      "ner_pr": 0.374449,
      "ner_rec": 0.726496,
      "ner_f1": 0.494186
    },
    "seen": {
      "ner_pr": 0.905311,
      "ner_rec": 0.960430,
      "ner_f1": 0.932056
    }
  }
}
