{"test_metrics": {"unseen__f1": 0.0, "unseen__pr": 0.0, "unseen__rec": 0.0, "unseen__ner_f1": 0.4828203320503235, "unseen__ner_pr": 0.3633916676044464, "unseen__ner_rec": 0.7191780805587769, "unseen__macro_f1": 0.0, "unseen__macro_pr": 0.0, "unseen__macro_rec": 0.0, "unseen__macro_ner_f1": 0.5137781500816345, "unseen__macro_ner_pr": 0.4167086184024811, "unseen__macro_ner_rec": 0.7090051174163818, "unseen__samples_per_s": 487.04858441774405, "unseen__samples_total_num": 1854, "unseen__samples_total_s": 3.8066017627716064, "unseen__dna_pr": 0.5023733973503113, "unseen__dna_rec": 0.7505910396575928, "unseen__dna_f1": 0.6018956899642944, "unseen__rna_pr": 0.5833333134651184, "unseen__rna_rec": 0.7887324094772339, "unseen__rna_f1": 0.6706586480140686, "unseen__cell_type_pr": 0.20614828169345856, "unseen__cell_type_rec": 0.6404494643211365, "unseen__cell_type_f1": 0.3119015097618103, "unseen__protein_pr": 0.3099173605442047, "unseen__protein_rec": 0.7228915691375732, "unseen__protein_f1": 0.43383949995040894, "unseen__cell_line_pr": 0.4817708432674408, "unseen__cell_line_rec": 0.6423611044883728, "unseen__cell_line_f1": 0.5505952835083008, "seen__f1": 0.0, "seen__pr": 0.0, "seen__rec": 0.0, "seen__ner_f1": 0.5692663192749023, "seen__ner_pr": 0.42664873600006104, "seen__ner_rec": 0.855105996131897, "seen__macro_f1": 0.0, "seen__macro_pr": 0.0, "seen__macro_rec": 0.0, "seen__macro_ner_f1": 0.5167146325111389, "seen__macro_ner_pr": 0.3878920376300812, "seen__macro_ner_rec": 0.8324102163314819, "seen__samples_per_s": 555.9574456858967, "seen__samples_total_num": 1854, "seen__samples_total_s": 3.334787607192993, "seen__dna_pr": 0.2460443079471588, "seen__dna_rec": 0.7994858622550964, "seen__dna_f1": 0.3762855529785156, "seen__rna_pr": 0.3020833432674408, "seen__rna_rec": 0.8787878751754761, "seen__rna_f1": 0.4496123790740967, "seen__cell_type_pr": 0.573236882686615, "seen__cell_type_rec": 0.7694174647331238, "seen__cell_type_f1": 0.6569948196411133, "seen__protein_pr": 0.49517905712127686, "seen__protein_rec": 0.8931676745414734, "seen__protein_f1": 0.6371289491653442, "seen__cell_line_pr": 0.3229166567325592, "seen__cell_line_rec": 0.8211920261383057, "seen__cell_line_f1": 0.46355143189430237}, "test_metrics_bounds": {"unseen__f1": 0.0, "unseen__pr": 0.0, "unseen__rec": 0.0, "unseen__ner_f1": 0.5269752144813538, "unseen__ner_pr": 0.39680400490760803, "unseen__ner_rec": 0.784246563911438, "unseen__macro_f1": 0.0, "unseen__macro_pr": 0.0, "unseen__macro_rec": 0.0, "unseen__macro_ner_f1": 0.5269752144813538, "unseen__macro_ner_pr": 0.39680400490760803, "unseen__macro_ner_rec": 0.784246563911438, "unseen__samples_per_s": 487.04858441774405, "unseen__samples_total_num": 1854, "unseen__samples_total_s": 3.8066017627716064, "seen__f1": 0.0, "seen__pr": 0.0, "seen__rec": 0.0, "seen__ner_f1": 0.5743997693061829, "seen__ner_pr": 0.4306892454624176, "seen__ner_rec": 0.8620423674583435, "seen__macro_f1": 0.0, "seen__macro_pr": 0.0, "seen__macro_rec": 0.0, "seen__macro_ner_f1": 0.5743997693061829, "seen__macro_ner_pr": 0.4306892454624176, "seen__macro_ner_rec": 0.8620423674583435, "seen__samples_per_s": 555.9574456858967, "seen__samples_total_num": 1854, "seen__samples_total_s": 3.334787607192993}}