{"test_metrics": {"f1": 0.0, "pr": 0.0, "rec": 0.0, "ner_f1": 0.7883729934692383, "ner_pr": 0.7900403738021851, "ner_rec": 0.786712646484375, "macro_f1": 0.0, "macro_pr": 0.0, "macro_rec": 0.0, "macro_ner_f1": 0.7848232984542847, "macro_ner_pr": 0.804600715637207, "macro_ner_rec": 0.7673189640045166, "samples_per_s": 384.6351697959107, "samples_total_num": 1854, "samples_total_s": 4.820152044296265, "dna_pr": 0.7484177350997925, "dna_rec": 0.7659919261932373, "dna_f1": 0.7571028470993042, "rna_pr": 0.8854166865348816, "rna_rec": 0.817307710647583, "rna_f1": 0.8500000238418579, "cell_type_pr": 0.7793851494789124, "cell_type_rec": 0.7305084466934204, "cell_type_f1": 0.754155695438385, "protein_pr": 0.805096447467804, "protein_rec": 0.8189141750335693, "protein_f1": 0.8119465708732605, "cell_line_pr": 0.8046875, "cell_line_rec": 0.7038724422454834, "cell_line_f1": 0.750911295413971}, "test_metrics_bounds": {"f1": 0.0, "pr": 0.0, "rec": 0.0, "ner_f1": 0.8251895308494568, "ner_pr": 0.8274932503700256, "ner_rec": 0.8228987455368042, "macro_f1": 0.0, "macro_pr": 0.0, "macro_rec": 0.0, "macro_ner_f1": 0.8251895308494568, "macro_ner_pr": 0.8274932503700256, "macro_ner_rec": 0.8228987455368042, "samples_per_s": 384.6351697959107, "samples_total_num": 1854, "samples_total_s": 4.820152044296265}, "metrics": {"f1": [0.0, 0.0, 0.0, 0.0, 0.0, 0.0, 0.0, 0.0, 0.0, 0.0, 0.0, 0.0, 0.0, 0.0, 0.0, 0.0, 0.0, 0.0, 0.0, 0.0], "pr": [0.0, 0.0, 0.0, 0.0, 0.0, 0.0, 0.0, 0.0, 0.0, 0.0, 0.0, 0.0, 0.0, 0.0, 0.0, 0.0, 0.0, 0.0, 0.0, 0.0], "rec": [0.0, 0.0, 0.0, 0.0, 0.0, 0.0, 0.0, 0.0, 0.0, 0.0, 0.0, 0.0, 0.0, 0.0, 0.0, 0.0, 0.0, 0.0, 0.0, 0.0], "ner_f1": [0.7026438117027283, 0.763566255569458, 0.7731516361236572, 0.7766615152359009, 0.7854710221290588, 0.7743943929672241, 0.777820348739624, 0.779215931892395, 0.7829582691192627, 0.7831850051879883, 0.7815150618553162, 0.7860572338104248, 0.7802229523658752, 0.7780110239982605, 0.780440628528595, 0.7832947969436646, 0.7849809527397156, 0.7883729934692383, 0.7860972881317139, 0.7856184244155884], "ner_pr": [0.7276456356048584, 0.7335920929908752, 0.7544179558753967, 0.7837784886360168, 0.7762198448181152, 0.7871835231781006, 0.7781184315681458, 0.7637433409690857, 0.7830333113670349, 0.7746769189834595, 0.7778831720352173, 0.7884800434112549, 0.776450514793396, 0.7756422162055969, 0.7879024147987366, 0.7873863577842712, 0.7794978022575378, 0.7900403738021851, 0.7862478494644165, 0.78682541847229], "ner_rec": [0.6793031096458435, 0.7960941791534424, 0.7928393483161926, 0.7696725726127625, 0.7949454188346863, 0.7620141506195068, 0.7775225043296814, 0.7953283786773682, 0.7828834056854248, 0.7918820381164551, 0.785180926322937, 0.7836492657661438, 0.7840321660041809, 0.780394434928894, 0.7731189131736755, 0.7792456150054932, 0.7905418276786804, 0.786712646484375, 0.785946786403656, 0.784415066242218], "macro_f1": [0.0, 0.0, 0.0, 0.0, 0.0, 0.0, 0.0, 0.0, 0.0, 0.0, 0.0, 0.0, 0.0, 0.0, 0.0, 0.0, 0.0, 0.0, 0.0, 0.0], "macro_pr": [0.0, 0.0, 0.0, 0.0, 0.0, 0.0, 0.0, 0.0, 0.0, 0.0, 0.0, 0.0, 0.0, 0.0, 0.0, 0.0, 0.0, 0.0, 0.0, 0.0], "macro_rec": [0.0, 0.0, 0.0, 0.0, 0.0, 0.0, 0.0, 0.0, 0.0, 0.0, 0.0, 0.0, 0.0, 0.0, 0.0, 0.0, 0.0, 0.0, 0.0, 0.0], "macro_ner_f1": [0.6763198375701904, 0.7539191246032715, 0.7711220979690552, 0.7658179402351379, 0.7854047417640686, 0.772971510887146, 0.7784072756767273, 0.774377167224884, 0.7814609408378601, 0.785920262336731, 0.7812494039535522, 0.7813347578048706, 0.7813068628311157, 0.7737908363342285, 0.7783327102661133, 0.7820861339569092, 0.783483624458313, 0.7848232984542847, 0.7836538553237915, 0.7838026285171509], "macro_ner_pr": [0.69981849193573, 0.7438183426856995, 0.7744717597961426, 0.7857034206390381, 0.7931041717529297, 0.8156046867370605, 0.78669273853302, 0.7729553580284119, 0.7961362600326538, 0.7930898070335388, 0.7938234806060791, 0.7952009439468384, 0.7900610566139221, 0.786659300327301, 0.8038010597229004, 0.8002902865409851, 0.7992337942123413, 0.804600715637207, 0.8014321327209473, 0.8045169711112976], "macro_ner_rec": [0.658349871635437, 0.7733656167984009, 0.7706101536750793, 0.7477315664291382, 0.7788007259368896, 0.7384920716285706, 0.7709560394287109, 0.7786778211593628, 0.7688581943511963, 0.7795568704605103, 0.7701888680458069, 0.7687209844589233, 0.7753132581710815, 0.7630655765533447, 0.7562330961227417, 0.7660374641418457, 0.7703391313552856, 0.7673189640045166, 0.7687742114067078, 0.7660292387008667], "samples_per_s": [374.2679470894994, 370.39658487343337, 374.9358849017017, 384.1244714622984, 379.9027855992164, 388.2465385412685, 378.2616947411278, 377.8589824749973, 378.6898842124153, 381.5853083583892, 386.46111849315025, 383.40954855607066, 384.2281011307006, 380.74720295790723, 392.5899920706939, 385.8548471298241, 383.7572076127662, 380.8818493007267, 386.10938882743295, 384.55372130555327], "samples_total_num": [1854, 1854, 1854, 1854, 1854, 1854, 1854, 1854, 1854, 1854, 1854, 1854, 1854, 1854, 1854, 1854, 1854, 1854, 1854, 1854], "samples_total_s": [4.953670263290405, 5.005445718765259, 4.94484543800354, 4.8265604972839355, 4.88019585609436, 4.77531623840332, 4.901368618011475, 4.90659236907959, 4.895826578140259, 4.858677625656128, 4.797377824783325, 4.835560321807861, 4.825258731842041, 4.869372606277466, 4.722484111785889, 4.8049156665802, 4.831179618835449, 4.8676512241363525, 4.801748037338257, 4.8211729526519775], "dna_pr": [0.7095088958740234, 0.6783216595649719, 0.7299444079399109, 0.7795698642730713, 0.7440000176429749, 0.713302731513977, 0.7319748997688293, 0.7135531306266785, 0.7307692170143127, 0.7655737996101379, 0.7425196766853333, 0.7574257254600525, 0.7169811129570007, 0.7252321839332581, 0.7399527430534363, 0.7658697366714478, 0.7423887848854065, 0.7484177350997925, 0.7331804037094116, 0.741001546382904], "dna_rec": [0.5497975945472717, 0.7854251265525818, 0.7441295385360718, 0.7044534683227539, 0.7530364394187927, 0.755465567111969, 0.7562752962112427, 0.7886639833450317, 0.7692307829856873, 0.7562752962112427, 0.7635627388954163, 0.7433198094367981, 0.7692307829856873, 0.758704423904419, 0.7603238821029663, 0.752226710319519, 0.7700405120849609, 0.7659919261932373, 0.7765182256698608, 0.7668015956878662], "dna_f1": [0.6195256114006042, 0.7279549837112427, 0.7369687557220459, 0.7401105761528015, 0.7484909296035767, 0.7337789535522461, 0.7439267039299011, 0.7492308616638184, 0.7495068907737732, 0.7608961462974548, 0.7528941631317139, 0.7503064870834351, 0.7421875, 0.7415908575057983, 0.7500000596046448, 0.7589869499206543, 0.7559619545936584, 0.7571028470993042, 0.7542272806167603, 0.7536808252334595], "rna_pr": [0.6930692791938782, 0.7876105904579163, 0.8269230723381042, 0.8556700944900513, 0.8775510191917419, 0.9404761791229248, 0.8725489974021912, 0.84112149477005, 0.8673469424247742, 0.8979591727256775, 0.8787878751754761, 0.844660222530365, 0.8584905862808228, 0.8600000143051147, 0.876288652420044, 0.8712871074676514, 0.8877550959587097, 0.8854166865348816, 0.8877550959587097, 0.8958333134651184], "rna_rec": [0.6730769276618958, 0.8557692170143127, 0.8269230723381042, 0.7980769276618958, 0.8269230723381042, 0.7596153616905212, 0.8557692170143127, 0.8653846383094788, 0.817307710647583, 0.8461538553237915, 0.8365384340286255, 0.8365384340286255, 0.875, 0.8269230723381042, 0.817307710647583, 0.8461538553237915, 0.8365384340286255, 0.817307710647583, 0.8365384340286255, 0.8269230723381042], "rna_f1": [0.6829267740249634, 0.8202764987945557, 0.8269230723381042, 0.8258705735206604, 0.8514851331710815, 0.8404254913330078, 0.8640776872634888, 0.8530805706977844, 0.8415841460227966, 0.8712871670722961, 0.8571428656578064, 0.8405796885490417, 0.8666666746139526, 0.8431373238563538, 0.8457711935043335, 0.8585365414619446, 0.8613861799240112, 0.8500000238418579, 0.8613861799240112, 0.8600000143051147],