{"test_metrics": {"Eval_Ent_Precision": 64.6270396099918, "Eval_Ent_Recall": 65.8942364635838, "Eval_Ent_F1": 65.25448659575818, "Eval_Time": 25.322786569595337, "Eval_Examples": 551, "Eval_Examples_Per_Second": 21.759058723086063, "seen_Eval_Ent_Precision": 11.480186525081368, "seen_Eval_Ent_Recall": 75.76923057100592, "seen_Eval_Ent_F1": 19.939271315912407, "seen_Eval_Time": 24.73837971687317, "seen_Eval_Examples": 551, "seen_Eval_Examples_Per_Second": 22.27308361768667, "unseen_Eval_Ent_Precision": 53.14685314318549, "unseen_Eval_Ent_Recall": 64.08995078834863, "unseen_Eval_Ent_F1": 58.10767759400104, "unseen_Eval_Time": 21.69377875328064, "unseen_Eval_Examples": 551, "unseen_Eval_Examples_Per_Second": 25.398986790933094}}