{"test_metrics": {"unseen__f1": 0.0, "unseen__pr": 0.0, "unseen__rec": 0.0, "unseen__ner_f1": 0.2875817120075226, "unseen__ner_pr": 0.1764705926179886, "unseen__ner_rec": 0.7764706015586853, "unseen__macro_f1": 0.0, "unseen__macro_pr": 0.0, "unseen__macro_rec": 0.0, "unseen__macro_ner_f1": 0.2724565267562866, "unseen__macro_ner_pr": 0.17564047873020172, "unseen__macro_ner_rec": 0.6527575254440308, "unseen__samples_per_s": 485.1049218583345, "unseen__samples_total_num": 2050, "unseen__samples_total_s": 4.2258899211883545, "unseen__per_pr": 0.17010128498077393, "unseen__per_rec": 0.8758992552757263, "unseen__per_f1": 0.28487861156463623, "unseen__org_pr": 0.2738419473171234, "unseen__org_rec": 0.7230215668678284, "unseen__org_f1": 0.39723318815231323, "unseen__wea_pr": 0.13333334028720856, "unseen__wea_rec": 0.42424243688583374, "unseen__wea_f1": 0.2028985619544983, "unseen__gpe_pr": 0.12068965286016464, "unseen__gpe_rec": 0.7677419185638428, "unseen__gpe_f1": 0.20858895778656006, "unseen__veh_pr": 0.17475728690624237, "unseen__veh_rec": 0.5142857432365417, "unseen__veh_f1": 0.260869562625885, "unseen__fac_pr": 0.21768707036972046, "unseen__fac_rec": 0.6464646458625793, "unseen__fac_f1": 0.32569974660873413, "unseen__loc_pr": 0.13907285034656525, "unseen__loc_rec": 0.6176470518112183, "unseen__loc_f1": 0.2270270437002182, "seen__f1": 0.0, "seen__pr": 0.0, "seen__rec": 0.0, "seen__ner_f1": 0.8030335903167725, "seen__ner_pr": 0.7077922224998474, "seen__ner_rec": 0.9278918504714966, "seen__macro_f1": 0.0, "seen__macro_pr": 0.0, "seen__macro_rec": 0.0, "seen__macro_ner_f1": 0.7491110563278198, "seen__macro_ner_pr": 0.6432203054428101, "seen__macro_ner_rec": 0.9017318487167358, "seen__samples_per_s": 525.9530583436674, "seen__samples_total_num": 2050, "seen__samples_total_s": 3.897686243057251, "seen__per_pr": 0.7432762980461121, "seen__per_rec": 0.9602888226509094, "seen__per_f1": 0.8379602432250977, "seen__org_pr": 0.5899182558059692, "seen__org_rec": 0.8139097690582275, "seen__org_f1": 0.6840442419052124, "seen__wea_pr": 0.6380952596664429, "seen__wea_rec": 0.9305555820465088, "seen__wea_f1": 0.7570621371269226, "seen__gpe_pr": 0.7809330821037292, "seen__gpe_rec": 0.9344660043716431, "seen__gpe_f1": 0.8508287668228149, "seen__veh_pr": 0.6601941585540771, "seen__veh_rec": 0.9444444179534912, "seen__veh_f1": 0.7771428227424622, "seen__fac_pr": 0.5272108912467957, "seen__fac_rec": 0.8611111044883728, "seen__fac_f1": 0.6540084481239319, "seen__loc_pr": 0.5629138946533203, "seen__loc_rec": 0.8673469424247742, "seen__loc_f1": 0.6827308535575867}, "test_metrics_bounds": {"unseen__f1": 0.0, "unseen__pr": 0.0, "unseen__rec": 0.0, "unseen__ner_f1": 0.3200872838497162, "unseen__ner_pr": 0.19647981226444244, "unseen__ner_rec": 0.8630251884460449, "unseen__macro_f1": 0.0, "unseen__macro_pr": 0.0, "unseen__macro_rec": 0.0, "unseen__macro_ner_f1": 0.3200872838497162, "unseen__macro_ner_pr": 0.19647981226444244, "unseen__macro_ner_rec": 0.8630251884460449, "unseen__samples_per_s": 485.1049218583345, "unseen__samples_total_num": 2050, "unseen__samples_total_s": 4.2258899211883545, "seen__f1": 0.0, "seen__pr": 0.0, "seen__rec": 0.0, "seen__ner_f1": 0.8461037874221802, "seen__ner_pr": 0.7457432746887207, "seen__ner_rec": 0.9776774644851685, "seen__macro_f1": 0.0, "seen__macro_pr": 0.0, "seen__macro_rec": 0.0, "seen__macro_ner_f1": 0.8461037874221802, "seen__macro_ner_pr": 0.7457432746887207, "seen__macro_ner_rec": 0.9776774644851685, "seen__samples_per_s": 525.9530583436674, "seen__samples_total_num": 2050, "seen__samples_total_s": 3.897686243057251}}