{"test_metrics": {"f1": 0.0, "pr": 0.0, "rec": 0.0, "ner_f1": 0.7763721942901611, "ner_pr": 0.7894320487976074, "ner_rec": 0.7637373208999634, "macro_f1": 0.0, "macro_pr": 0.0, "macro_rec": 0.0, "macro_ner_f1": 0.7693616151809692, "macro_ner_pr": 0.7973207235336304, "macro_ner_rec": 0.7446511387825012, "samples_per_s": 392.43858424472234, "samples_total_num": 1854, "samples_total_s": 4.724306106567383, "dna_pr": 0.7667813897132874, "dna_rec": 0.7214574813842773, "dna_f1": 0.7434293031692505, "rna_pr": 0.876288652420044, "rna_rec": 0.817307710647583, "rna_f1": 0.8457711935043335, "cell_type_pr": 0.7451669573783875, "cell_type_rec": 0.7186440825462341, "cell_type_f1": 0.7316652536392212, "protein_pr": 0.8038461804389954, "protein_rec": 0.8052539229393005, "protein_f1": 0.8045494556427002, "cell_line_pr": 0.7945205569267273, "cell_line_rec": 0.660592257976532, "cell_line_f1": 0.7213930487632751}, "test_metrics_bounds": {"f1": 0.0, "pr": 0.0, "rec": 0.0, "ner_f1": 0.8153411746025085, "ner_pr": 0.829306960105896, "ner_rec": 0.8018380403518677, "macro_f1": 0.0, "macro_pr": 0.0, "macro_rec": 0.0, "macro_ner_f1": 0.8153411746025085, "macro_ner_pr": 0.829306960105896, "macro_ner_rec": 0.8018380403518677, "samples_per_s": 392.43858424472234, "samples_total_num": 1854, "samples_total_s": 4.724306106567383}, "metrics": {"f1": [0.0, 0.0, 0.0, 0.0, 0.0, 0.0, 0.0, 0.0, 0.0, 0.0, 0.0, 0.0, 0.0, 0.0, 0.0, 0.0, 0.0, 0.0, 0.0, 0.0], "pr": [0.0, 0.0, 0.0, 0.0, 0.0, 0.0, 0.0, 0.0, 0.0, 0.0, 0.0, 0.0, 0.0, 0.0, 0.0, 0.0, 0.0, 0.0, 0.0, 0.0], "rec": [0.0, 0.0, 0.0, 0.0, 0.0, 0.0, 0.0, 0.0, 0.0, 0.0, 0.0, 0.0, 0.0, 0.0, 0.0, 0.0, 0.0, 0.0, 0.0, 0.0], "ner_f1": [0.7007208466529846, 0.7485461831092834, 0.7709529995918274, 0.7715983390808105, 0.7639132738113403, 0.7702866196632385, 0.7673138380050659, 0.7653674483299255, 0.7677508592605591, 0.7716337442398071, 0.7694524526596069, 0.7633170485496521, 0.7733567357063293, 0.7652225494384766, 0.7752569317817688, 0.7715007066726685, 0.7727140188217163, 0.7753115892410278, 0.7760846614837646, 0.7763721942901611], "ner_pr": [0.6546391844749451, 0.7857293486595154, 0.798809289932251, 0.785289466381073, 0.7794381380081177, 0.8145143985748291, 0.7742689847946167, 0.7752897143363953, 0.7963382005691528, 0.7821042537689209, 0.7721226215362549, 0.778197705745697, 0.7881137132644653, 0.7896130084991455, 0.7853074073791504, 0.7824375033378601, 0.7880175113677979, 0.7886710166931152, 0.7870078682899475, 0.7894320487976074], "ner_rec": [0.7537813782691956, 0.7147233486175537, 0.7449741363525391, 0.75837641954422, 0.7489948272705078, 0.7306146025657654, 0.7604824900627136, 0.7556959390640259, 0.7411449551582336, 0.7614398002624512, 0.7668007016181946, 0.7489948272705078, 0.759142279624939, 0.7422937154769897, 0.7654604911804199, 0.7608653903007507, 0.7579935193061829, 0.7623971104621887, 0.7654604911804199, 0.7637373208999634], "macro_f1": [0.0, 0.0, 0.0, 0.0, 0.0, 0.0, 0.0, 0.0, 0.0, 0.0, 0.0, 0.0, 0.0, 0.0, 0.0, 0.0, 0.0, 0.0, 0.0, 0.0], "macro_pr": [0.0, 0.0, 0.0, 0.0, 0.0, 0.0, 0.0, 0.0, 0.0, 0.0, 0.0, 0.0, 0.0, 0.0, 0.0, 0.0, 0.0, 0.0, 0.0, 0.0], "macro_rec": [0.0, 0.0, 0.0, 0.0, 0.0, 0.0, 0.0, 0.0, 0.0, 0.0, 0.0, 0.0, 0.0, 0.0, 0.0, 0.0, 0.0, 0.0, 0.0, 0.0], "macro_ner_f1": [0.6862283945083618, 0.746315062046051, 0.7730392217636108, 0.7597351670265198, 0.757798969745636, 0.7717667818069458, 0.7563027143478394, 0.7626786231994629, 0.7650840878486633, 0.7701883316040039, 0.7678831219673157, 0.7566307783126831, 0.7645071148872375, 0.7687935829162598, 0.7723557353019714, 0.7677532434463501, 0.7710720896720886, 0.7693778872489929, 0.7719312906265259, 0.7693616151809692], "macro_ner_pr": [0.6578430533409119, 0.7900211811065674, 0.8092747926712036, 0.7943724393844604, 0.8072341680526733, 0.8174748420715332, 0.7619189023971558, 0.7943657040596008, 0.8039305806159973, 0.7884172201156616, 0.7882339358329773, 0.7836479544639587, 0.7888493537902832, 0.8043442964553833, 0.8077823519706726, 0.7928684949874878, 0.7978941798210144, 0.7971547245979309, 0.7944082021713257, 0.7973207235336304], "macro_ner_rec": [0.723005473613739, 0.7083715200424194, 0.7413889169692993, 0.7293545007705688, 0.7219638824462891, 0.731095016002655, 0.7584966421127319, 0.7371105551719666, 0.7305690050125122, 0.7535086870193481, 0.7513219714164734, 0.7332537770271301, 0.7433754205703735, 0.7372616529464722, 0.7423144578933716, 0.7456952929496765, 0.746979832649231, 0.7443538904190063, 0.7517852783203125, 0.7446511387825012], "samples_per_s": [361.7028916269012, 387.4591092013571, 385.0927549724758, 382.7794531738704, 382.78520007811017, 388.18337604999346, 382.7006343697495, 383.8758176300496, 388.06954554893304, 384.9508849290729, 387.29396274830987, 389.3364559397965, 390.66498294711477, 391.1705435925915, 389.5313087913796, 389.9006809764565, 391.0360766934091, 390.97489300559624, 391.99717343258516, 392.3291528055286], "samples_total_num": [1854, 1854, 1854, 1854, 1854, 1854, 1854, 1854, 1854, 1854, 1854, 1854, 1854, 1854, 1854, 1854, 1854, 1854, 1854, 1854], "samples_total_s": [5.125753879547119, 4.785021066665649, 4.814424514770508, 4.843520164489746, 4.84344744682312, 4.776093244552612, 4.844517707824707, 4.829686880111694, 4.777494192123413, 4.816198825836182, 4.787061452865601, 4.761948108673096, 4.745754241943359, 4.739620685577393, 4.759566068649292, 4.755057096481323, 4.741250514984131, 4.741992473602295, 4.729625940322876, 4.725623846054077], "dna_pr": [0.5777184963226318, 0.7611940503120422, 0.7746114134788513, 0.7679033875465393, 0.7795801758766174, 0.7666378617286682, 0.7294761538505554, 0.7436762452125549, 0.7680642008781433, 0.7529411911964417, 0.7763975262641907, 0.7510841488838196, 0.7734242081642151, 0.7636203765869141, 0.7602040767669678, 0.746813952922821, 0.7523245811462402, 0.7645547986030579, 0.7537437677383423, 0.7667813897132874], "dna_rec": [0.7012145519256592, 0.7020242810249329, 0.7263157963752747, 0.7206477522850037, 0.6615384817123413, 0.7182186245918274, 0.755465567111969, 0.7141700387001038, 0.6971659660339355, 0.725506067276001, 0.7085019946098328, 0.7012145519256592, 0.7352226972579956, 0.7036437392234802, 0.7238866686820984, 0.7117409110069275, 0.7206477522850037, 0.7230769395828247, 0.7336032390594482, 0.7214574813842773], "dna_f1": [0.6335040330886841, 0.7304127812385559, 0.7496866583824158, 0.7435254454612732, 0.7157248854637146, 0.7416387796401978, 0.7422434091567993, 0.7286245822906494, 0.7308997511863708, 0.738969087600708, 0.7408974766731262, 0.7252930998802185, 0.7538397908210754, 0.7324061989784241, 0.7416009902954102, 0.7288557887077332, 0.736145555973053, 0.7432376146316528, 0.743537187576294, 0.7434293031692505], "rna_pr": [0.6190476417541504, 0.8924731016159058, 0.8787878751754761, 0.8876404762268066, 0.8958333134651184, 0.8924731016159058, 0.7666666507720947, 0.8787878751754761, 0.8775510191917419, 0.844660222530365, 0.8712871074676514, 0.8556700944900513, 0.8415841460227966, 0.8969072103500366, 0.9032257795333862, 0.8865979313850403, 0.8787878751754761, 0.876288652420044, 0.8775510191917419, 0.876288652420044], "rna_rec": [0.75, 0.7980769276618958, 0.8365384340286255, 0.7596153616905212, 0.8269230723381042, 0.7980769276618958, 0.8846153616905212, 0.8365384340286255, 0.8269230723381042, 0.8365384340286255, 0.8461538553237915, 0.7980769276618958, 0.817307710647583, 0.8365384340286255, 0.807692289352417, 0.8269230723381042, 0.8365384340286255, 0.817307710647583, 0.8269230723381042, 0.817307710647583], "rna_f1": [0.678260862827301, 0.8426395654678345, 0.8571428656578064, 0.8186528086662292, 0.8600000143051147, 0.8426395654678345, 0.8214284777641296, 0.8571428656578064, 0.8514851331710815, 0.8405796885490417, 0.8585365414619446, 0.8258705735206604, 0.829268217086792, 0.8656716346740723, 0.8527918457984924, 0.8557213544845581, 0.8571428656578064, 0.8457711935043335, 0.8514851331710815, 0.8457711935043335],