{"test_metrics": {"unseen__f1": 0.0, "unseen__pr": 0.0, "unseen__rec": 0.0, "unseen__ner_f1": 0.5054720640182495, "unseen__ner_pr": 0.39303383231163025, "unseen__ner_rec": 0.7080214023590088, "unseen__macro_f1": 0.0, "unseen__macro_pr": 0.0, "unseen__macro_rec": 0.0, "unseen__macro_ner_f1": 0.5397325754165649, "unseen__macro_ner_pr": 0.45099788904190063, "unseen__macro_ner_rec": 0.7095419764518738, "unseen__samples_per_s": 483.6336846452281, "unseen__samples_total_num": 1854, "unseen__samples_total_s": 3.833479881286621, "unseen__dna_pr": 0.5352839827537537, "unseen__dna_rec": 0.7352246046066284, "unseen__dna_f1": 0.6195219159126282, "unseen__rna_pr": 0.6494845151901245, "unseen__rna_rec": 0.8513513803482056, "unseen__rna_f1": 0.7368420958518982, "unseen__cell_type_pr": 0.21616871654987335, "unseen__cell_type_rec": 0.640625, "unseen__cell_type_f1": 0.3232588469982147, "unseen__protein_pr": 0.3472028076648712, "unseen__protein_rec": 0.7159336805343628, "unseen__protein_f1": 0.4676242172718048, "unseen__cell_line_pr": 0.5068492889404297, "unseen__cell_line_rec": 0.6045751571655273, "unseen__cell_line_f1": 0.5514158010482788, "seen__f1": 0.0, "seen__pr": 0.0, "seen__rec": 0.0, "seen__ner_f1": 0.5362066626548767, "seen__ner_pr": 0.3963981866836548, "seen__ner_rec": 0.8283705711364746, "seen__macro_f1": 0.0, "seen__macro_pr": 0.0, "seen__macro_rec": 0.0, "seen__macro_ner_f1": 0.4682144522666931, "seen__macro_ner_pr": 0.3463228642940521, "seen__macro_ner_rec": 0.7720502018928528, "seen__samples_per_s": 541.994203712309, "seen__samples_total_num": 1854, "seen__samples_total_s": 3.420700788497925, "seen__dna_pr": 0.23149742186069489, "seen__dna_rec": 0.6915166974067688, "seen__dna_f1": 0.346873015165329, "seen__rna_pr": 0.22680412232875824, "seen__rna_rec": 0.7333333492279053, "seen__rna_f1": 0.3464566767215729, "seen__cell_type_pr": 0.5289982557296753, "seen__cell_type_rec": 0.7562814354896545, "seen__cell_type_f1": 0.6225439310073853, "seen__protein_pr": 0.45664334297180176, "seen__protein_rec": 0.8896457552909851, "seen__protein_f1": 0.6035119891166687, "seen__cell_line_pr": 0.2876712381839752, "seen__cell_line_rec": 0.7894737124443054, "seen__cell_line_f1": 0.42168673872947693}, "test_metrics_bounds": {"unseen__f1": 0.0, "unseen__pr": 0.0, "unseen__rec": 0.0, "unseen__ner_f1": 0.5492043495178223, "unseen__ner_pr": 0.42712870240211487, "unseen__ner_rec": 0.7689839601516724, "unseen__macro_f1": 0.0, "unseen__macro_pr": 0.0, "unseen__macro_rec": 0.0, "unseen__macro_ner_f1": 0.5492043495178223, "unseen__macro_ner_pr": 0.42712870240211487, "unseen__macro_ner_rec": 0.7689839601516724, "unseen__samples_per_s": 483.6336846452281, "unseen__samples_total_num": 1854, "unseen__samples_total_s": 3.833479881286621, "seen__f1": 0.0, "seen__pr": 0.0, "seen__rec": 0.0, "seen__ner_f1": 0.5439207553863525, "seen__ner_pr": 0.40217822790145874, "seen__ner_rec": 0.8399503827095032, "seen__macro_f1": 0.0, "seen__macro_pr": 0.0, "seen__macro_rec": 0.0, "seen__macro_ner_f1": 0.5439207553863525, "seen__macro_ner_pr": 0.40217822790145874, "seen__macro_ner_rec": 0.8399503827095032, "seen__samples_per_s": 541.994203712309, "seen__samples_total_num": 1854, "seen__samples_total_s": 3.420700788497925}}