{"test_metrics": {"Eval_Ent_Precision": 63.46633414779759, "Eval_Ent_Recall": 60.48722518064501, "Eval_Ent_F1": 61.940979602140565, "Eval_Time": 24.73776125907898, "Eval_Examples": 551, "Eval_Examples_Per_Second": 22.273640457168614, "seen_Eval_Ent_Precision": 8.416458904717633, "seen_Eval_Ent_Recall": 63.084112027251294, "seen_Eval_Ent_F1": 14.851485225849318, "seen_Eval_Time": 21.71645188331604, "seen_Eval_Examples": 551, "seen_Eval_Examples_Per_Second": 25.372468898720662, "unseen_Eval_Ent_Precision": 55.0498753054241, "unseen_Eval_Ent_Recall": 60.108917617278536, "unseen_Eval_Ent_F1": 57.468272037138604, "unseen_Eval_Time": 24.265424966812134, "unseen_Eval_Examples": 551, "unseen_Eval_Examples_Per_Second": 22.707205859926365}}