{"test_metrics": {"Eval_Ent_Precision": 64.78873237770284, "Eval_Ent_Recall": 68.33036242622654, "Eval_Ent_F1": 66.51243491438701, "Eval_Time": 24.25782561302185, "Eval_Examples": 551, "Eval_Examples_Per_Second": 22.714319444370048, "seen_Eval_Ent_Precision": 14.760563419988099, "seen_Eval_Ent_Recall": 81.61993749769509, "seen_Eval_Ent_F1": 25.000000047709925, "seen_Eval_Time": 22.41438341140747, "seen_Eval_Examples": 551, "seen_Eval_Examples_Per_Second": 24.582429500138588, "unseen_Eval_Ent_Precision": 50.02816901405277, "unseen_Eval_Ent_Recall": 65.19823786314502, "unseen_Eval_Ent_F1": 56.61459992781052, "unseen_Eval_Time": 25.293869256973267, "unseen_Eval_Examples": 551, "unseen_Eval_Examples_Per_Second": 21.783934850066277}}